course_id,name,course_mode,live_status,class_id,classroom_name,publish_status,have_permission,price,start_time,learn_cnt,cover_url,is_target
9207488,,1,,,,,,,,,,0
9207489,,1,,,,,,,,,,0
9207490,,1,,,,,,,,,,0
9207491,,1,,,,,,,,,,0
9207492,,1,,,,,,,,,,0
9207493,,1,,,,,,,,,,0
9207494,,1,,,,,,,,,,0
9207495,,1,,,,,,,,,,0
9207496,,1,,,,,,,,,,0
9207497,,1,,,,,,,,,,0
9207498,,1,,,,,,,,,,0
9207499,,1,,,,,,,,,,0
9207500,,1,,,,,,,,,,0
9207501,,1,,,,,,,,,,0
9207502,,1,,,,,,,,,,0
9207503,,1,,,,,,,,,,0
9207504,,1,,,,,,,,,,0
9207505,,1,,,,,,,,,,0
9207506,,1,,,,,,,,,,0
9207507,,1,,,,,,,,,,0
9207508,,1,,,,,,,,,,0
9207509,,1,,,,,,,,,,0
9207510,,1,,,,,,,,,,0
9207511,,1,,,,,,,,,,0
9207512,,1,,,,,,,,,,0
9207513,,1,,,,,,,,,,0
9207514,,1,,,,,,,,,,0
9207515,,1,,,,,,,,,,0
9207516,,1,,,,,,,,,,0
9207517,,1,,,,,,,,,,0
9207518,,1,,,,,,,,,,0
9207519,,1,,,,,,,,,,0
9207520,,1,,,,,,,,,,0
9207521,,1,,,,,,,,,,0
9207522,,1,,,,,,,,,,0
9207523,,1,,,,,,,,,,0
9207524,,1,,,,,,,,,,0
9207525,,1,,,,,,,,,,0
9207526,,1,,,,,,,,,,0
9207527,,1,,,,,,,,,,0
9207528,,1,,,,,,,,,,0
9207529,,1,,,,,,,,,,0
9207530,,1,,,,,,,,,,0
9207531,,1,,,,,,,,,,0
9207532,,1,,,,,,,,,,0
9207533,,1,,,,,,,,,,0
9207534,,1,,,,,,,,,,0
9207535,,1,,,,,,,,,,0
9207536,,1,,,,,,,,,,0
9207537,,1,,,,,,,,,,0
9207538,,1,,,,,,,,,,0
9207539,,1,,,,,,,,,,0
9207540,,1,,,,,,,,,,0
9207541,,1,,,,,,,,,,0
9207542,,1,,,,,,,,,,0
9207543,,1,,,,,,,,,,0
9207544,,1,,,,,,,,,,0
9207545,,1,,,,,,,,,,0
9207546,,1,,,,,,,,,,0
9207547,,1,,,,,,,,,,0
9207548,,1,,,,,,,,,,0
9207549,,1,,,,,,,,,,0
9207550,,1,,,,,,,,,,0
9207551,,1,,,,,,,,,,0
9207552,,1,,,,,,,,,,0
9207553,,1,,,,,,,,,,0
9207554,,1,,,,,,,,,,0
9207555,,1,,,,,,,,,,0
9207556,,1,,,,,,,,,,0
9207557,,1,,,,,,,,,,0
9207558,,1,,,,,,,,,,0
9207559,,1,,,,,,,,,,0
9207560,,1,,,,,,,,,,0
9207561,,1,,,,,,,,,,0
9207562,,1,,,,,,,,,,0
9207563,,1,,,,,,,,,,0
9207564,,1,,,,,,,,,,0
9207565,,1,,,,,,,,,,0
9207566,,1,,,,,,,,,,0
9207567,,1,,,,,,,,,,0
9207568,,1,,,,,,,,,,0
9207569,,1,,,,,,,,,,0
9207570,,1,,,,,,,,,,0
9207571,,1,,,,,,,,,,0
9207572,,1,,,,,,,,,,0
9207573,,1,,,,,,,,,,0
9207574,,1,,,,,,,,,,0
9207575,,1,,,,,,,,,,0
9207576,,1,,,,,,,,,,0
9207577,,1,,,,,,,,,,0
9207578,,1,,,,,,,,,,0
9207579,,1,,,,,,,,,,0
9207580,,1,,,,,,,,,,0
9207581,,1,,,,,,,,,,0
9207582,,1,,,,,,,,,,0
9207583,,1,,,,,,,,,,0
9207584,,1,,,,,,,,,,0
9207585,,1,,,,,,,,,,0
9207586,,1,,,,,,,,,,0
9207587,,1,,,,,,,,,,0
9207588,,1,,,,,,,,,,0
9207589,,1,,,,,,,,,,0
9207590,,1,,,,,,,,,,0
9207591,,1,,,,,,,,,,0
9207592,,1,,,,,,,,,,0
9207593,,1,,,,,,,,,,0
9207594,,1,,,,,,,,,,0
9207595,,1,,,,,,,,,,0
9207596,,1,,,,,,,,,,0
9207597,,1,,,,,,,,,,0
9207598,,1,,,,,,,,,,0
9207599,,1,,,,,,,,,,0
9207600,,1,,,,,,,,,,0
9207601,,1,,,,,,,,,,0
9207602,,1,,,,,,,,,,0
9207603,,1,,,,,,,,,,0
9207604,,1,,,,,,,,,,0
9207605,,1,,,,,,,,,,0
9207606,,1,,,,,,,,,,0
9207607,,1,,,,,,,,,,0
9207608,,1,,,,,,,,,,0
9207609,,1,,,,,,,,,,0
9207610,,1,,,,,,,,,,0
9207611,,1,,,,,,,,,,0
9207612,,1,,,,,,,,,,0
9207613,,1,,,,,,,,,,0
9207614,,1,,,,,,,,,,0
9207615,,1,,,,,,,,,,0
9207616,,1,,,,,,,,,,0
9207617,,1,,,,,,,,,,0
9207618,,1,,,,,,,,,,0
9207619,,1,,,,,,,,,,0
9207620,,1,,,,,,,,,,0
9207621,,1,,,,,,,,,,0
9207622,,1,,,,,,,,,,0
9207623,,1,,,,,,,,,,0
9207624,,1,,,,,,,,,,0
9207625,,1,,,,,,,,,,0
9207626,,1,,,,,,,,,,0
9207627,,1,,,,,,,,,,0
9207628,,1,,,,,,,,,,0
9207629,,1,,,,,,,,,,0
9207630,,1,,,,,,,,,,0
9207631,,1,,,,,,,,,,0
9207632,,1,,,,,,,,,,0
9207633,,1,,,,,,,,,,0
9207634,,1,,,,,,,,,,0
9207635,,1,,,,,,,,,,0
9207636,,1,,,,,,,,,,0
9207637,,1,,,,,,,,,,0
9207638,,1,,,,,,,,,,0
9207639,,1,,,,,,,,,,0
9207640,,1,,,,,,,,,,0
9207641,,1,,,,,,,,,,0
9207642,,1,,,,,,,,,,0
9207643,,1,,,,,,,,,,0
9207644,,1,,,,,,,,,,0
9207645,,1,,,,,,,,,,0
9207646,,1,,,,,,,,,,0
9207647,,1,,,,,,,,,,0
9207648,,1,,,,,,,,,,0
9207649,,1,,,,,,,,,,0
9207650,,1,,,,,,,,,,0
9207651,,1,,,,,,,,,,0
9207652,,1,,,,,,,,,,0
9207653,,1,,,,,,,,,,0
9207654,,1,,,,,,,,,,0
9207655,,1,,,,,,,,,,0
9207656,,1,,,,,,,,,,0
9207657,,1,,,,,,,,,,0
9207658,,1,,,,,,,,,,0
9207659,,1,,,,,,,,,,0
9207660,,1,,,,,,,,,,0
9207661,,1,,,,,,,,,,0
9207662,,1,,,,,,,,,,0
9207663,,1,,,,,,,,,,0
9207664,,1,,,,,,,,,,0
9207665,,1,,,,,,,,,,0
9207666,,1,,,,,,,,,,0
9207667,,1,,,,,,,,,,0
9207668,,1,,,,,,,,,,0
9207669,,1,,,,,,,,,,0
9207670,,1,,,,,,,,,,0
9207671,,1,,,,,,,,,,0
9207672,,1,,,,,,,,,,0
9207673,,1,,,,,,,,,,0
9207674,,1,,,,,,,,,,0
9207675,,1,,,,,,,,,,0
9207676,,1,,,,,,,,,,0
9207677,,1,,,,,,,,,,0
9207678,,1,,,,,,,,,,0
9207679,,1,,,,,,,,,,0
9207680,,1,,,,,,,,,,0
9207681,,1,,,,,,,,,,0
9207682,,1,,,,,,,,,,0
9207683,,1,,,,,,,,,,0
9207684,,1,,,,,,,,,,0
9207685,,1,,,,,,,,,,0
9207686,,1,,,,,,,,,,0
9207687,,1,,,,,,,,,,0
9207688,,1,,,,,,,,,,0
9207689,,1,,,,,,,,,,0
9207690,,1,,,,,,,,,,0
9207691,,1,,,,,,,,,,0
9207692,,1,,,,,,,,,,0
9207693,,1,,,,,,,,,,0
9207694,,1,,,,,,,,,,0
9207695,,1,,,,,,,,,,0
9207696,,1,,,,,,,,,,0
9207697,,1,,,,,,,,,,0
9207698,,1,,,,,,,,,,0
9207699,,1,,,,,,,,,,0
9207700,,1,,,,,,,,,,0
9207701,,1,,,,,,,,,,0
9207702,,1,,,,,,,,,,0
9207703,,1,,,,,,,,,,0
9207704,,1,,,,,,,,,,0
9207705,,1,,,,,,,,,,0
9207706,,1,,,,,,,,,,0
9207707,,1,,,,,,,,,,0
9207708,,1,,,,,,,,,,0
9207709,,1,,,,,,,,,,0
9207710,,1,,,,,,,,,,0
9207711,,1,,,,,,,,,,0
9207712,,1,,,,,,,,,,0
9207713,,1,,,,,,,,,,0
9207714,,1,,,,,,,,,,0
9207715,,1,,,,,,,,,,0
9207716,,1,,,,,,,,,,0
9207717,,1,,,,,,,,,,0
9207718,,1,,,,,,,,,,0
9207719,,1,,,,,,,,,,0
9207720,,1,,,,,,,,,,0
9207721,,1,,,,,,,,,,0
9207722,,1,,,,,,,,,,0
9207723,,1,,,,,,,,,,0
9207724,,1,,,,,,,,,,0
9207725,,1,,,,,,,,,,0
9207726,,1,,,,,,,,,,0
9207727,,1,,,,,,,,,,0
9207728,,1,,,,,,,,,,0
9207729,,1,,,,,,,,,,0
9207730,,1,,,,,,,,,,0
9207731,,1,,,,,,,,,,0
9207732,,1,,,,,,,,,,0
9207733,,1,,,,,,,,,,0
9207734,,1,,,,,,,,,,0
9207735,,1,,,,,,,,,,0
9207736,,1,,,,,,,,,,0
9207737,,1,,,,,,,,,,0
9207738,,1,,,,,,,,,,0
9207739,,1,,,,,,,,,,0
9207740,,1,,,,,,,,,,0
9207741,,1,,,,,,,,,,0
9207742,,1,,,,,,,,,,0
9207743,,1,,,,,,,,,,0
9207744,,1,,,,,,,,,,0
9207745,,1,,,,,,,,,,0
9207746,,1,,,,,,,,,,0
9207747,,1,,,,,,,,,,0
9207748,,1,,,,,,,,,,0
9207749,,1,,,,,,,,,,0
9207750,,1,,,,,,,,,,0
9207751,,1,,,,,,,,,,0
9207752,,1,,,,,,,,,,0
9207753,,1,,,,,,,,,,0
9207754,,1,,,,,,,,,,0
9207755,,1,,,,,,,,,,0
9207756,,1,,,,,,,,,,0
9207757,,1,,,,,,,,,,0
9207758,,1,,,,,,,,,,0
9207759,,1,,,,,,,,,,0
9207760,,1,,,,,,,,,,0
9207761,,1,,,,,,,,,,0
9207762,,1,,,,,,,,,,0
9207763,,1,,,,,,,,,,0
9207764,,1,,,,,,,,,,0
9207765,,1,,,,,,,,,,0
9207766,,1,,,,,,,,,,0
9207767,,1,,,,,,,,,,0
9207768,,1,,,,,,,,,,0
9207769,,1,,,,,,,,,,0
9207770,,1,,,,,,,,,,0
9207771,,1,,,,,,,,,,0
9207772,,1,,,,,,,,,,0
9207773,,1,,,,,,,,,,0
9207774,,1,,,,,,,,,,0
9207775,,1,,,,,,,,,,0
9207776,,1,,,,,,,,,,0
9207777,,1,,,,,,,,,,0
9207778,,1,,,,,,,,,,0
9207779,,1,,,,,,,,,,0
9207780,,1,,,,,,,,,,0
9207781,,1,,,,,,,,,,0
9207782,,1,,,,,,,,,,0
9207783,,1,,,,,,,,,,0
9207784,,1,,,,,,,,,,0
9207785,,1,,,,,,,,,,0
9207786,,1,,,,,,,,,,0
9207787,,1,,,,,,,,,,0
9207788,,1,,,,,,,,,,0
9207789,,1,,,,,,,,,,0
9207790,,1,,,,,,,,,,0
9207791,,1,,,,,,,,,,0
9207792,,1,,,,,,,,,,0
9207793,,1,,,,,,,,,,0
9207794,,1,,,,,,,,,,0
9207795,,1,,,,,,,,,,0
9207796,,1,,,,,,,,,,0
9207797,,1,,,,,,,,,,0
9207798,,1,,,,,,,,,,0
9207799,,1,,,,,,,,,,0
9207800,,1,,,,,,,,,,0
9207801,,1,,,,,,,,,,0
9207802,,1,,,,,,,,,,0
9207803,,1,,,,,,,,,,0
9207804,,1,,,,,,,,,,0
9207805,,1,,,,,,,,,,0
9207806,,1,,,,,,,,,,0
9207807,,1,,,,,,,,,,0
9207808,,1,,,,,,,,,,0
9207809,,1,,,,,,,,,,0
9207810,,1,,,,,,,,,,0
9207811,,1,,,,,,,,,,0
9207812,,1,,,,,,,,,,0
9207813,,1,,,,,,,,,,0
9207814,,1,,,,,,,,,,0
9207815,,1,,,,,,,,,,0
9207816,,1,,,,,,,,,,0
9207817,,1,,,,,,,,,,0
9207818,,1,,,,,,,,,,0
9207819,,1,,,,,,,,,,0
9207820,,1,,,,,,,,,,0
9207821,,1,,,,,,,,,,0
9207822,,1,,,,,,,,,,0
9207823,,1,,,,,,,,,,0
9207824,,1,,,,,,,,,,0
9207825,,1,,,,,,,,,,0
9207826,,1,,,,,,,,,,0
9207827,,1,,,,,,,,,,0
9207828,,1,,,,,,,,,,0
9207829,,1,,,,,,,,,,0
9207830,,1,,,,,,,,,,0
9207831,,1,,,,,,,,,,0
9207832,,1,,,,,,,,,,0
9207833,,1,,,,,,,,,,0
9207834,,1,,,,,,,,,,0
9207835,,1,,,,,,,,,,0
9207836,,1,,,,,,,,,,0
9207837,,1,,,,,,,,,,0
9207838,,1,,,,,,,,,,0
9207839,,1,,,,,,,,,,0
9207840,,1,,,,,,,,,,0
9207841,,1,,,,,,,,,,0
9207842,,1,,,,,,,,,,0
9207843,,1,,,,,,,,,,0
9207844,,1,,,,,,,,,,0
9207845,,1,,,,,,,,,,0
9207846,,1,,,,,,,,,,0
9207847,,1,,,,,,,,,,0
9207848,,1,,,,,,,,,,0
9207849,,1,,,,,,,,,,0
9207850,,1,,,,,,,,,,0
9207851,,1,,,,,,,,,,0
9207852,,1,,,,,,,,,,0
9207853,,1,,,,,,,,,,0
9207854,,1,,,,,,,,,,0
9207855,,1,,,,,,,,,,0
9207856,,1,,,,,,,,,,0
9207857,,1,,,,,,,,,,0
9207858,,1,,,,,,,,,,0
9207859,,1,,,,,,,,,,0
9207860,,1,,,,,,,,,,0
9207861,,1,,,,,,,,,,0
9207862,,1,,,,,,,,,,0
9207863,,1,,,,,,,,,,0
9207864,,1,,,,,,,,,,0
9207865,,1,,,,,,,,,,0
9207866,,1,,,,,,,,,,0
9207867,,1,,,,,,,,,,0
9207868,,1,,,,,,,,,,0
9207869,,1,,,,,,,,,,0
9207870,,1,,,,,,,,,,0
9207871,,1,,,,,,,,,,0
9207872,,1,,,,,,,,,,0
9207873,,1,,,,,,,,,,0
9207874,,1,,,,,,,,,,0
9207875,,1,,,,,,,,,,0
9207876,,1,,,,,,,,,,0
9207877,,1,,,,,,,,,,0
9207878,,1,,,,,,,,,,0
9207879,,1,,,,,,,,,,0
9207880,,1,,,,,,,,,,0
9207881,,1,,,,,,,,,,0
9207882,,1,,,,,,,,,,0
9207883,,1,,,,,,,,,,0
9207884,,1,,,,,,,,,,0
9207885,,1,,,,,,,,,,0
9207886,,1,,,,,,,,,,0
9207887,,1,,,,,,,,,,0
9207888,,1,,,,,,,,,,0
9207889,,1,,,,,,,,,,0
9207890,,1,,,,,,,,,,0
9207891,,1,,,,,,,,,,0
9207892,,1,,,,,,,,,,0
9207893,,1,,,,,,,,,,0
9207894,,1,,,,,,,,,,0
9207895,,1,,,,,,,,,,0
9207896,,1,,,,,,,,,,0
9207897,,1,,,,,,,,,,0
9207898,,1,,,,,,,,,,0
9207899,,1,,,,,,,,,,0
9207900,,1,,,,,,,,,,0
9207901,,1,,,,,,,,,,0
9207902,,1,,,,,,,,,,0
9207903,,1,,,,,,,,,,0
9207904,,1,,,,,,,,,,0
9207905,,1,,,,,,,,,,0
9207906,,1,,,,,,,,,,0
9207907,,1,,,,,,,,,,0
9207908,,1,,,,,,,,,,0
9207909,,1,,,,,,,,,,0
9207910,,1,,,,,,,,,,0
9207911,,1,,,,,,,,,,0
9207912,,1,,,,,,,,,,0
9207913,,1,,,,,,,,,,0
9207914,,1,,,,,,,,,,0
9207915,,1,,,,,,,,,,0
9207916,,1,,,,,,,,,,0
9207917,,1,,,,,,,,,,0
9207918,,1,,,,,,,,,,0
9207919,,1,,,,,,,,,,0
9207920,,1,,,,,,,,,,0
9207921,,1,,,,,,,,,,0
9207922,,1,,,,,,,,,,0
9207923,,1,,,,,,,,,,0
9207924,,1,,,,,,,,,,0
9207925,,1,,,,,,,,,,0
9207926,,1,,,,,,,,,,0
9207927,,1,,,,,,,,,,0
9207928,,1,,,,,,,,,,0
9207929,,1,,,,,,,,,,0
9207930,,1,,,,,,,,,,0
9207931,,1,,,,,,,,,,0
9207932,,1,,,,,,,,,,0
9207933,,1,,,,,,,,,,0
9207934,,1,,,,,,,,,,0
9207935,,1,,,,,,,,,,0
9207936,,1,,,,,,,,,,0
9207937,,1,,,,,,,,,,0
9207938,,1,,,,,,,,,,0
9207939,,1,,,,,,,,,,0
9207940,,1,,,,,,,,,,0
9207941,,1,,,,,,,,,,0
9207942,,1,,,,,,,,,,0
9207943,,1,,,,,,,,,,0
9207944,,1,,,,,,,,,,0
9207945,,1,,,,,,,,,,0
9207946,,1,,,,,,,,,,0
9207947,,1,,,,,,,,,,0
9207948,,1,,,,,,,,,,0
9207949,,1,,,,,,,,,,0
9207950,,1,,,,,,,,,,0
9207951,,1,,,,,,,,,,0
9207952,,1,,,,,,,,,,0
9207953,,1,,,,,,,,,,0
9207954,,1,,,,,,,,,,0
9207955,,1,,,,,,,,,,0
9207956,,1,,,,,,,,,,0
9207957,,1,,,,,,,,,,0
9207958,,1,,,,,,,,,,0
9207959,,1,,,,,,,,,,0
9207960,,1,,,,,,,,,,0
9207961,,1,,,,,,,,,,0
9207962,,1,,,,,,,,,,0
9207963,,1,,,,,,,,,,0
9207964,,1,,,,,,,,,,0
9207965,,1,,,,,,,,,,0
9207966,,1,,,,,,,,,,0
9207967,,1,,,,,,,,,,0
9207968,,1,,,,,,,,,,0
9207969,,1,,,,,,,,,,0
9207970,,1,,,,,,,,,,0
9207971,,1,,,,,,,,,,0
9207972,,1,,,,,,,,,,0
9207973,,1,,,,,,,,,,0
9207974,,1,,,,,,,,,,0
9207975,,1,,,,,,,,,,0
9207976,,1,,,,,,,,,,0
9207977,,1,,,,,,,,,,0
9207978,,1,,,,,,,,,,0
9207979,,1,,,,,,,,,,0
9207980,,1,,,,,,,,,,0
9207981,,1,,,,,,,,,,0
9207982,,1,,,,,,,,,,0
9207983,,1,,,,,,,,,,0
9207984,,1,,,,,,,,,,0
9207985,,1,,,,,,,,,,0
9207986,,1,,,,,,,,,,0
9207987,,1,,,,,,,,,,0
1397474,,2,,,,,,,,,,0
1397475,,2,,,,,,,,,,0
1397476,,2,,,,,,,,,,0
1397477,,2,,,,,,,,,,0
1397478,,2,,,,,,,,,,0
1397479,,2,,,,,,,,,,0
1397480,,2,,,,,,,,,,0
1397481,,2,,,,,,,,,,0
1397482,,2,,,,,,,,,,0
1397483,,2,,,,,,,,,,0
1397484,,2,,,,,,,,,,0
1397485,,2,,,,,,,,,,0
1397486,,2,,,,,,,,,,0
1397487,,2,,,,,,,,,,0
1397488,,2,,,,,,,,,,0
1397489,,2,,,,,,,,,,0
1397490,,2,,,,,,,,,,0
1397491,,2,,,,,,,,,,0
1397492,,2,,,,,,,,,,0
1397493,,2,,,,,,,,,,0
1397494,,2,,,,,,,,,,0
1397495,,2,,,,,,,,,,0
1397496,,2,,,,,,,,,,0
1397497,,2,,,,,,,,,,0
1397498,,2,,,,,,,,,,0
1397499,,2,,,,,,,,,,0
1397500,,2,,,,,,,,,,0
1397501,,2,,,,,,,,,,0
1397502,,2,,,,,,,,,,0
1397503,,2,,,,,,,,,,0
1397504,,2,,,,,,,,,,0
1397505,,2,,,,,,,,,,0
1397506,,2,,,,,,,,,,0
1397507,,2,,,,,,,,,,0
1397508,,2,,,,,,,,,,0
1397509,,2,,,,,,,,,,0
1397510,,2,,,,,,,,,,0
1397511,,2,,,,,,,,,,0
1397512,,2,,,,,,,,,,0
1397513,,2,,,,,,,,,,0
1397514,,2,,,,,,,,,,0
1397515,,2,,,,,,,,,,0
1397516,,2,,,,,,,,,,0
1397517,,2,,,,,,,,,,0
1397518,,2,,,,,,,,,,0
1397519,,2,,,,,,,,,,0
1397520,,2,,,,,,,,,,0
1397521,,2,,,,,,,,,,0
1397522,,2,,,,,,,,,,0
1397523,,2,,,,,,,,,,0
1397524,,2,,,,,,,,,,0
1397525,,2,,,,,,,,,,0
1397526,,2,,,,,,,,,,0
1397527,,2,,,,,,,,,,0
1397528,,2,,,,,,,,,,0
1397529,,2,,,,,,,,,,0
1397530,,2,,,,,,,,,,0
1397531,,2,,,,,,,,,,0
1397532,,2,,,,,,,,,,0
1397533,,2,,,,,,,,,,0
1397534,,2,,,,,,,,,,0
1397535,,2,,,,,,,,,,0
1397536,,2,,,,,,,,,,0
1397537,,2,,,,,,,,,,0
1397538,,2,,,,,,,,,,0
1397539,,2,,,,,,,,,,0
1397540,,2,,,,,,,,,,0
1397541,,2,,,,,,,,,,0
1397542,,2,,,,,,,,,,0
1397543,,2,,,,,,,,,,0
1397544,,2,,,,,,,,,,0
1397545,,2,,,,,,,,,,0
1397546,,2,,,,,,,,,,0
1397547,,2,,,,,,,,,,0
1397548,,2,,,,,,,,,,0
1397549,,2,,,,,,,,,,0
1397550,,2,,,,,,,,,,0
1397551,,2,,,,,,,,,,0
1397552,,2,,,,,,,,,,0
1397553,,2,,,,,,,,,,0
1397554,,2,,,,,,,,,,0
1397555,,2,,,,,,,,,,0
1397556,,2,,,,,,,,,,0
1397557,,2,,,,,,,,,,0
1397558,,2,,,,,,,,,,0
1397559,,2,,,,,,,,,,0
1397560,,2,,,,,,,,,,0
1397561,,2,,,,,,,,,,0
1397562,,2,,,,,,,,,,0
1397563,,2,,,,,,,,,,0
1397564,,2,,,,,,,,,,0
1397565,,2,,,,,,,,,,0
1397566,,2,,,,,,,,,,0
1397567,,2,,,,,,,,,,0
1397568,,2,,,,,,,,,,0
1397569,,2,,,,,,,,,,0
1397570,,2,,,,,,,,,,0
1397571,,2,,,,,,,,,,0
1397572,,2,,,,,,,,,,0
1397573,,2,,,,,,,,,,0
1397574,,2,,,,,,,,,,0
1397575,,2,,,,,,,,,,0
1397576,,2,,,,,,,,,,0
1397577,,2,,,,,,,,,,0
1397578,,2,,,,,,,,,,0
1397579,,2,,,,,,,,,,0
1397580,,2,,,,,,,,,,0
1397581,,2,,,,,,,,,,0
1397582,,2,,,,,,,,,,0
1397583,,2,,,,,,,,,,0
1397584,,2,,,,,,,,,,0
1397585,,2,,,,,,,,,,0
1397586,,2,,,,,,,,,,0
1397587,,2,,,,,,,,,,0
1397588,,2,,,,,,,,,,0
1397589,,2,,,,,,,,,,0
1397590,,2,,,,,,,,,,0
1397591,,2,,,,,,,,,,0
1397592,,2,,,,,,,,,,0
1397593,,2,,,,,,,,,,0
1397594,,2,,,,,,,,,,0
1397595,,2,,,,,,,,,,0
1397596,,2,,,,,,,,,,0
1397597,,2,,,,,,,,,,0
1397598,,2,,,,,,,,,,0
1397599,,2,,,,,,,,,,0
1397600,,2,,,,,,,,,,0
1397601,,2,,,,,,,,,,0
1397602,,2,,,,,,,,,,0
1397603,,2,,,,,,,,,,0
1397604,,2,,,,,,,,,,0
1397605,,2,,,,,,,,,,0
1397606,,2,,,,,,,,,,0
1397607,,2,,,,,,,,,,0
1397608,,2,,,,,,,,,,0
1397609,,2,,,,,,,,,,0
1397610,,2,,,,,,,,,,0
1397611,,2,,,,,,,,,,0
1397612,,2,,,,,,,,,,0
1397613,,2,,,,,,,,,,0
1397614,,2,,,,,,,,,,0
1397615,,2,,,,,,,,,,0
1397616,,2,,,,,,,,,,0
1397617,,2,,,,,,,,,,0
1397618,,2,,,,,,,,,,0
1397619,,2,,,,,,,,,,0
1397620,,2,,,,,,,,,,0
1397621,,2,,,,,,,,,,0
1397622,,2,,,,,,,,,,0
1397623,,2,,,,,,,,,,0
1397624,,2,,,,,,,,,,0
1397625,,2,,,,,,,,,,0
1397626,,2,,,,,,,,,,0
1397627,,2,,,,,,,,,,0
1397628,,2,,,,,,,,,,0
1397629,,2,,,,,,,,,,0
1397630,,2,,,,,,,,,,0
1397631,,2,,,,,,,,,,0
1397632,,2,,,,,,,,,,0
1397633,,2,,,,,,,,,,0
1397634,,2,,,,,,,,,,0
1397635,,2,,,,,,,,,,0
1397636,,2,,,,,,,,,,0
1397637,,2,,,,,,,,,,0
1397638,,2,,,,,,,,,,0
1397639,,2,,,,,,,,,,0
1397640,,2,,,,,,,,,,0
1397641,,2,,,,,,,,,,0
1397642,,2,,,,,,,,,,0
1397643,,2,,,,,,,,,,0
1397644,,2,,,,,,,,,,0
1397645,,2,,,,,,,,,,0
1397646,,2,,,,,,,,,,0
1397647,,2,,,,,,,,,,0
1397648,,2,,,,,,,,,,0
1397649,,2,,,,,,,,,,0
1397650,,2,,,,,,,,,,0
1397651,,2,,,,,,,,,,0
1397652,,2,,,,,,,,,,0
1397653,,2,,,,,,,,,,0
1397654,,2,,,,,,,,,,0
1397655,,2,,,,,,,,,,0
1397656,,2,,,,,,,,,,0
1397657,,2,,,,,,,,,,0
1397658,,2,,,,,,,,,,0
1397659,,2,,,,,,,,,,0
1397660,,2,,,,,,,,,,0
1397661,,2,,,,,,,,,,0
1397662,,2,,,,,,,,,,0
1397663,,2,,,,,,,,,,0
1397664,,2,,,,,,,,,,0
1397665,,2,,,,,,,,,,0
1397666,,2,,,,,,,,,,0
1397667,,2,,,,,,,,,,0
1397668,,2,,,,,,,,,,0
1397669,,2,,,,,,,,,,0
1397670,,2,,,,,,,,,,0
1397671,,2,,,,,,,,,,0
1397672,,2,,,,,,,,,,0
1397673,,2,,,,,,,,,,0
1397674,,2,,,,,,,,,,0
1397675,,2,,,,,,,,,,0
1397676,,2,,,,,,,,,,0
1397677,,2,,,,,,,,,,0
1397678,,2,,,,,,,,,,0
1397679,,2,,,,,,,,,,0
1397680,,2,,,,,,,,,,0
1397681,,2,,,,,,,,,,0
1397682,,2,,,,,,,,,,0
1397683,,2,,,,,,,,,,0
1397684,,2,,,,,,,,,,0
1397685,,2,,,,,,,,,,0
1397686,,2,,,,,,,,,,0
1397687,,2,,,,,,,,,,0
1397688,,2,,,,,,,,,,0
1397689,,2,,,,,,,,,,0
1397690,,2,,,,,,,,,,0
1397691,,2,,,,,,,,,,0
1397692,,2,,,,,,,,,,0
1397693,,2,,,,,,,,,,0
1397694,,2,,,,,,,,,,0
1397695,,2,,,,,,,,,,0
1397696,,2,,,,,,,,,,0
1397697,,2,,,,,,,,,,0
1397698,,2,,,,,,,,,,0
1397699,,2,,,,,,,,,,0
1397700,,2,,,,,,,,,,0
1397701,,2,,,,,,,,,,0
1397702,,2,,,,,,,,,,0
1397703,,2,,,,,,,,,,0
1397704,,2,,,,,,,,,,0
1397705,,2,,,,,,,,,,0
1397706,,2,,,,,,,,,,0
1397707,,2,,,,,,,,,,0
1397708,,2,,,,,,,,,,0
1397709,,2,,,,,,,,,,0
1397710,,2,,,,,,,,,,0
1397711,,2,,,,,,,,,,0
1397712,,2,,,,,,,,,,0
1397713,,2,,,,,,,,,,0
1397714,,2,,,,,,,,,,0
1397715,,2,,,,,,,,,,0
1397716,,2,,,,,,,,,,0
1397717,,2,,,,,,,,,,0
1397718,,2,,,,,,,,,,0
1397719,,2,,,,,,,,,,0
1397720,,2,,,,,,,,,,0
1397721,,2,,,,,,,,,,0
1397722,,2,,,,,,,,,,0
1397723,,2,,,,,,,,,,0
1397724,,2,,,,,,,,,,0
1397725,,2,,,,,,,,,,0
1397726,,2,,,,,,,,,,0
1397727,,2,,,,,,,,,,0
1397728,,2,,,,,,,,,,0
1397729,,2,,,,,,,,,,0
1397730,,2,,,,,,,,,,0
1397731,,2,,,,,,,,,,0
1397732,,2,,,,,,,,,,0
1397733,,2,,,,,,,,,,0
1397734,,2,,,,,,,,,,0
1397735,,2,,,,,,,,,,0
1397736,,2,,,,,,,,,,0
1397737,,2,,,,,,,,,,0
1397738,,2,,,,,,,,,,0
1397739,,2,,,,,,,,,,0
1397740,,2,,,,,,,,,,0
1397741,,2,,,,,,,,,,0
1397742,,2,,,,,,,,,,0
1397743,,2,,,,,,,,,,0
1397744,,2,,,,,,,,,,0
1397745,,2,,,,,,,,,,0
1397746,,2,,,,,,,,,,0
1397747,,2,,,,,,,,,,0
1397748,,2,,,,,,,,,,0
1397749,,2,,,,,,,,,,0
1397750,,2,,,,,,,,,,0
1397751,,2,,,,,,,,,,0
1397752,,2,,,,,,,,,,0
1397753,,2,,,,,,,,,,0
1397754,,2,,,,,,,,,,0
1397755,,2,,,,,,,,,,0
1397756,,2,,,,,,,,,,0
1397757,,2,,,,,,,,,,0
1397758,,2,,,,,,,,,,0
1397759,,2,,,,,,,,,,0
1397760,,2,,,,,,,,,,0
1397761,,2,,,,,,,,,,0
1397762,,2,,,,,,,,,,0
1397763,,2,,,,,,,,,,0
1397764,,2,,,,,,,,,,0
1397765,,2,,,,,,,,,,0
1397766,,2,,,,,,,,,,0
1397767,,2,,,,,,,,,,0
1397768,,2,,,,,,,,,,0
1397769,,2,,,,,,,,,,0
1397770,,2,,,,,,,,,,0
1397771,,2,,,,,,,,,,0
1397772,,2,,,,,,,,,,0
1397773,,2,,,,,,,,,,0
1397774,,2,,,,,,,,,,0
1397775,,2,,,,,,,,,,0
1397776,,2,,,,,,,,,,0
1397777,,2,,,,,,,,,,0
1397778,,2,,,,,,,,,,0
1397779,,2,,,,,,,,,,0
1397780,,2,,,,,,,,,,0
1397781,,2,,,,,,,,,,0
1397782,,2,,,,,,,,,,0
1397783,,2,,,,,,,,,,0
1397784,,2,,,,,,,,,,0
1397785,,2,,,,,,,,,,0
1397786,,2,,,,,,,,,,0
1397787,,2,,,,,,,,,,0
1397788,,2,,,,,,,,,,0
1397789,,2,,,,,,,,,,0
1397790,,2,,,,,,,,,,0
1397791,,2,,,,,,,,,,0
1397792,,2,,,,,,,,,,0
1397793,,2,,,,,,,,,,0
1397794,,2,,,,,,,,,,0
1397795,,2,,,,,,,,,,0
1397796,,2,,,,,,,,,,0
1397797,,2,,,,,,,,,,0
1397798,,2,,,,,,,,,,0
1397799,,2,,,,,,,,,,0
1397800,,2,,,,,,,,,,0
1397801,,2,,,,,,,,,,0
1397802,,2,,,,,,,,,,0
1397803,,2,,,,,,,,,,0
1397804,,2,,,,,,,,,,0
1397805,,2,,,,,,,,,,0
1397806,,2,,,,,,,,,,0
1397807,,2,,,,,,,,,,0
1397808,,2,,,,,,,,,,0
1397809,,2,,,,,,,,,,0
1397810,,2,,,,,,,,,,0
1397811,,2,,,,,,,,,,0
1397812,,2,,,,,,,,,,0
1397813,,2,,,,,,,,,,0
1397814,,2,,,,,,,,,,0
1397815,,2,,,,,,,,,,0
1397816,,2,,,,,,,,,,0
1397817,,2,,,,,,,,,,0
1397818,,2,,,,,,,,,,0
1397819,,2,,,,,,,,,,0
1397820,,2,,,,,,,,,,0
1397821,,2,,,,,,,,,,0
1397822,,2,,,,,,,,,,0
1397823,,2,,,,,,,,,,0
1397824,,2,,,,,,,,,,0
1397825,,2,,,,,,,,,,0
1397826,,2,,,,,,,,,,0
1397827,,2,,,,,,,,,,0
1397828,,2,,,,,,,,,,0
1397829,,2,,,,,,,,,,0
1397830,,2,,,,,,,,,,0
1397831,,2,,,,,,,,,,0
1397832,,2,,,,,,,,,,0
1397833,,2,,,,,,,,,,0
1397834,,2,,,,,,,,,,0
1397835,,2,,,,,,,,,,0
1397836,,2,,,,,,,,,,0
1397837,,2,,,,,,,,,,0
1397838,,2,,,,,,,,,,0
1397839,,2,,,,,,,,,,0
1397840,,2,,,,,,,,,,0
1397841,,2,,,,,,,,,,0
1397842,,2,,,,,,,,,,0
1397843,,2,,,,,,,,,,0
1397844,,2,,,,,,,,,,0
1397845,,2,,,,,,,,,,0
1397846,,2,,,,,,,,,,0
1397847,,2,,,,,,,,,,0
1397848,,2,,,,,,,,,,0
1397849,,2,,,,,,,,,,0
1397850,,2,,,,,,,,,,0
1397851,,2,,,,,,,,,,0
1397852,,2,,,,,,,,,,0
1397853,,2,,,,,,,,,,0
1397854,,2,,,,,,,,,,0
1397855,,2,,,,,,,,,,0
1397856,,2,,,,,,,,,,0
1397857,,2,,,,,,,,,,0
1397858,,2,,,,,,,,,,0
1397859,,2,,,,,,,,,,0
1397860,,2,,,,,,,,,,0
1397861,,2,,,,,,,,,,0
1397862,,2,,,,,,,,,,0
1397863,,2,,,,,,,,,,0
1397864,,2,,,,,,,,,,0
1397865,,2,,,,,,,,,,0
1397866,,2,,,,,,,,,,0
1397867,,2,,,,,,,,,,0
1397868,,2,,,,,,,,,,0
1397869,,2,,,,,,,,,,0
1397870,,2,,,,,,,,,,0
1397871,,2,,,,,,,,,,0
1397872,,2,,,,,,,,,,0
1397873,,2,,,,,,,,,,0
1397874,,2,,,,,,,,,,0
1397875,,2,,,,,,,,,,0
1397876,,2,,,,,,,,,,0
1397877,,2,,,,,,,,,,0
1397878,,2,,,,,,,,,,0
1397879,,2,,,,,,,,,,0
1397880,,2,,,,,,,,,,0
1397881,,2,,,,,,,,,,0
1397882,,2,,,,,,,,,,0
1397883,,2,,,,,,,,,,0
1397884,,2,,,,,,,,,,0
1397885,,2,,,,,,,,,,0
1397886,,2,,,,,,,,,,0
1397887,,2,,,,,,,,,,0
1397888,,2,,,,,,,,,,0
1397889,,2,,,,,,,,,,0
1397890,,2,,,,,,,,,,0
1397891,,2,,,,,,,,,,0
1397892,,2,,,,,,,,,,0
1397893,,2,,,,,,,,,,0
1397894,,2,,,,,,,,,,0
1397895,,2,,,,,,,,,,0
1397896,,2,,,,,,,,,,0
1397897,,2,,,,,,,,,,0
1397898,,2,,,,,,,,,,0
1397899,,2,,,,,,,,,,0
1397900,,2,,,,,,,,,,0
1397901,,2,,,,,,,,,,0
1397902,,2,,,,,,,,,,0
1397903,,2,,,,,,,,,,0
1397904,,2,,,,,,,,,,0
1397905,,2,,,,,,,,,,0
1397906,,2,,,,,,,,,,0
1397907,,2,,,,,,,,,,0
1397908,,2,,,,,,,,,,0
1397909,,2,,,,,,,,,,0
1397910,,2,,,,,,,,,,0
1397911,,2,,,,,,,,,,0
1397912,,2,,,,,,,,,,0
1397913,,2,,,,,,,,,,0
1397914,,2,,,,,,,,,,0
1397915,,2,,,,,,,,,,0
1397916,,2,,,,,,,,,,0
1397917,,2,,,,,,,,,,0
1397918,,2,,,,,,,,,,0
1397919,,2,,,,,,,,,,0
1397920,,2,,,,,,,,,,0
1397921,,2,,,,,,,,,,0
1397922,,2,,,,,,,,,,0
1397923,,2,,,,,,,,,,0
1397924,,2,,,,,,,,,,0
1397925,,2,,,,,,,,,,0
1397926,,2,,,,,,,,,,0
1397927,,2,,,,,,,,,,0
1397928,,2,,,,,,,,,,0
1397929,,2,,,,,,,,,,0
1397930,,2,,,,,,,,,,0
1397931,,2,,,,,,,,,,0
1397932,,2,,,,,,,,,,0
1397933,,2,,,,,,,,,,0
1397934,,2,,,,,,,,,,0
1397935,,2,,,,,,,,,,0
1397936,,2,,,,,,,,,,0
1397937,,2,,,,,,,,,,0
1397938,,2,,,,,,,,,,0
1397939,,2,,,,,,,,,,0
1397940,,2,,,,,,,,,,0
1397941,,2,,,,,,,,,,0
1397942,,2,,,,,,,,,,0
1397943,,2,,,,,,,,,,0
1397944,,2,,,,,,,,,,0
1397945,,2,,,,,,,,,,0
1397946,,2,,,,,,,,,,0
1397947,,2,,,,,,,,,,0
1397948,,2,,,,,,,,,,0
1397949,,2,,,,,,,,,,0
1397950,,2,,,,,,,,,,0
1397951,,2,,,,,,,,,,0
1397952,,2,,,,,,,,,,0
1397953,,2,,,,,,,,,,0
1397954,,2,,,,,,,,,,0
1397955,,2,,,,,,,,,,0
1397956,,2,,,,,,,,,,0
1397957,,2,,,,,,,,,,0
1397958,,2,,,,,,,,,,0
1397959,,2,,,,,,,,,,0
1397960,,2,,,,,,,,,,0
1397961,,2,,,,,,,,,,0
1397962,,2,,,,,,,,,,0
1397963,,2,,,,,,,,,,0
1397964,,2,,,,,,,,,,0
1397965,,2,,,,,,,,,,0
1397966,,2,,,,,,,,,,0
1397967,,2,,,,,,,,,,0
1397968,,2,,,,,,,,,,0
1397969,,2,,,,,,,,,,0
1397970,,2,,,,,,,,,,0
1397971,,2,,,,,,,,,,0
1397972,,2,,,,,,,,,,0
1397973,,2,,,,,,,,,,0
9207988,,1,,,,,,,,,,0
9207989,,1,,,,,,,,,,0
9207990,,1,,,,,,,,,,0
9207991,,1,,,,,,,,,,0
9207992,,1,,,,,,,,,,0
9207993,,1,,,,,,,,,,0
9207994,,1,,,,,,,,,,0
9207995,,1,,,,,,,,,,0
9207996,,1,,,,,,,,,,0
9207997,,1,,,,,,,,,,0
9207998,,1,,,,,,,,,,0
9207999,,1,,,,,,,,,,0
9208000,,1,,,,,,,,,,0
9208001,,1,,,,,,,,,,0
9208002,,1,,,,,,,,,,0
9208003,,1,,,,,,,,,,0
9208004,,1,,,,,,,,,,0
9208005,,1,,,,,,,,,,0
9208006,,1,,,,,,,,,,0
9208007,,1,,,,,,,,,,0
9208008,,1,,,,,,,,,,0
9208009,,1,,,,,,,,,,0
9208010,,1,,,,,,,,,,0
9208011,,1,,,,,,,,,,0
9208012,,1,,,,,,,,,,0
9208013,,1,,,,,,,,,,0
9208014,,1,,,,,,,,,,0
9208015,,1,,,,,,,,,,0
9208016,,1,,,,,,,,,,0
9208017,,1,,,,,,,,,,0
9208018,,1,,,,,,,,,,0
9208019,,1,,,,,,,,,,0
9208020,,1,,,,,,,,,,0
9208021,,1,,,,,,,,,,0
9208022,,1,,,,,,,,,,0
9208023,,1,,,,,,,,,,0
9208024,,1,,,,,,,,,,0
9208025,,1,,,,,,,,,,0
9208026,,1,,,,,,,,,,0
9208027,,1,,,,,,,,,,0
9208028,,1,,,,,,,,,,0
9208029,,1,,,,,,,,,,0
9208030,,1,,,,,,,,,,0
9208031,,1,,,,,,,,,,0
9208032,,1,,,,,,,,,,0
9208033,,1,,,,,,,,,,0
9208034,,1,,,,,,,,,,0
9208035,,1,,,,,,,,,,0
9208036,,1,,,,,,,,,,0
9208037,,1,,,,,,,,,,0
9208038,,1,,,,,,,,,,0
9208039,,1,,,,,,,,,,0
9208040,,1,,,,,,,,,,0
9208041,,1,,,,,,,,,,0
9208042,,1,,,,,,,,,,0
9208043,,1,,,,,,,,,,0
9208044,,1,,,,,,,,,,0
9208045,,1,,,,,,,,,,0
9208046,,1,,,,,,,,,,0
9208047,,1,,,,,,,,,,0
9208048,,1,,,,,,,,,,0
9208049,,1,,,,,,,,,,0
9208050,,1,,,,,,,,,,0
9208051,,1,,,,,,,,,,0
9208052,,1,,,,,,,,,,0
9208053,,1,,,,,,,,,,0
9208054,,1,,,,,,,,,,0
9208055,,1,,,,,,,,,,0
9208056,,1,,,,,,,,,,0
9208057,,1,,,,,,,,,,0
9208058,,1,,,,,,,,,,0
9208059,,1,,,,,,,,,,0
9208060,,1,,,,,,,,,,0
9208061,,1,,,,,,,,,,0
9208062,,1,,,,,,,,,,0
9208063,,1,,,,,,,,,,0
9208064,,1,,,,,,,,,,0
9208065,,1,,,,,,,,,,0
9208066,,1,,,,,,,,,,0
9208067,,1,,,,,,,,,,0
9208068,,1,,,,,,,,,,0
9208069,,1,,,,,,,,,,0
9208070,,1,,,,,,,,,,0
9208071,,1,,,,,,,,,,0
9208072,,1,,,,,,,,,,0
9208073,,1,,,,,,,,,,0
9208074,,1,,,,,,,,,,0
9208075,,1,,,,,,,,,,0
9208076,,1,,,,,,,,,,0
9208077,,1,,,,,,,,,,0
9208078,,1,,,,,,,,,,0
9208079,,1,,,,,,,,,,0
9208080,,1,,,,,,,,,,0
9208081,,1,,,,,,,,,,0
9208082,,1,,,,,,,,,,0
9208083,,1,,,,,,,,,,0
9208084,,1,,,,,,,,,,0
9208085,,1,,,,,,,,,,0
9208086,,1,,,,,,,,,,0
9208087,,1,,,,,,,,,,0
9208088,,1,,,,,,,,,,0
9208089,,1,,,,,,,,,,0
9208090,,1,,,,,,,,,,0
9208091,,1,,,,,,,,,,0
9208092,,1,,,,,,,,,,0
9208093,,1,,,,,,,,,,0
9208094,,1,,,,,,,,,,0
9208095,,1,,,,,,,,,,0
9208096,,1,,,,,,,,,,0
9208097,,1,,,,,,,,,,0
9208098,,1,,,,,,,,,,0
9208099,,1,,,,,,,,,,0
9208100,,1,,,,,,,,,,0
9208101,,1,,,,,,,,,,0
9208102,,1,,,,,,,,,,0
9208103,,1,,,,,,,,,,0
9208104,,1,,,,,,,,,,0
9208105,,1,,,,,,,,,,0
9208106,,1,,,,,,,,,,0
9208107,,1,,,,,,,,,,0
9208108,,1,,,,,,,,,,0
9208109,,1,,,,,,,,,,0
9208110,,1,,,,,,,,,,0
9208111,,1,,,,,,,,,,0
9208112,,1,,,,,,,,,,0
9208113,,1,,,,,,,,,,0
9208114,,1,,,,,,,,,,0
9208115,,1,,,,,,,,,,0
9208116,,1,,,,,,,,,,0
9208117,,1,,,,,,,,,,0
9208118,,1,,,,,,,,,,0
9208119,,1,,,,,,,,,,0
9208120,,1,,,,,,,,,,0
9208121,,1,,,,,,,,,,0
9208122,,1,,,,,,,,,,0
9208123,,1,,,,,,,,,,0
9208124,,1,,,,,,,,,,0
9208125,,1,,,,,,,,,,0
9208126,,1,,,,,,,,,,0
9208127,,1,,,,,,,,,,0
9208128,,1,,,,,,,,,,0
9208129,,1,,,,,,,,,,0
9208130,,1,,,,,,,,,,0
9208131,,1,,,,,,,,,,0
9208132,,1,,,,,,,,,,0
9208133,,1,,,,,,,,,,0
9208134,,1,,,,,,,,,,0
9208135,,1,,,,,,,,,,0
9208136,,1,,,,,,,,,,0
9208137,,1,,,,,,,,,,0
9208138,,1,,,,,,,,,,0
9208139,,1,,,,,,,,,,0
9208140,,1,,,,,,,,,,0
9208141,,1,,,,,,,,,,0
9208142,,1,,,,,,,,,,0
9208143,,1,,,,,,,,,,0
9208144,,1,,,,,,,,,,0
9208145,,1,,,,,,,,,,0
9208146,,1,,,,,,,,,,0
9208147,,1,,,,,,,,,,0
9208148,,1,,,,,,,,,,0
9208149,,1,,,,,,,,,,0
9208150,,1,,,,,,,,,,0
9208151,,1,,,,,,,,,,0
9208152,,1,,,,,,,,,,0
9208153,,1,,,,,,,,,,0
9208154,,1,,,,,,,,,,0
9208155,,1,,,,,,,,,,0
9208156,,1,,,,,,,,,,0
9208157,,1,,,,,,,,,,0
9208158,,1,,,,,,,,,,0
9208159,,1,,,,,,,,,,0
9208160,,1,,,,,,,,,,0
9208161,,1,,,,,,,,,,0
9208162,,1,,,,,,,,,,0
9208163,,1,,,,,,,,,,0
9208164,,1,,,,,,,,,,0
9208165,,1,,,,,,,,,,0
9208166,,1,,,,,,,,,,0
9208167,,1,,,,,,,,,,0
9208168,,1,,,,,,,,,,0
9208169,,1,,,,,,,,,,0
9208170,,1,,,,,,,,,,0
9208171,,1,,,,,,,,,,0
9208172,,1,,,,,,,,,,0
9208173,,1,,,,,,,,,,0
9208174,,1,,,,,,,,,,0
9208175,,1,,,,,,,,,,0
9208176,,1,,,,,,,,,,0
9208177,,1,,,,,,,,,,0
9208178,,1,,,,,,,,,,0
9208179,,1,,,,,,,,,,0
9208180,,1,,,,,,,,,,0
9208181,,1,,,,,,,,,,0
9208182,,1,,,,,,,,,,0
9208183,,1,,,,,,,,,,0
9208184,,1,,,,,,,,,,0
9208185,,1,,,,,,,,,,0
9208186,,1,,,,,,,,,,0
9208187,,1,,,,,,,,,,0
9208188,,1,,,,,,,,,,0
9208189,,1,,,,,,,,,,0
9208190,,1,,,,,,,,,,0
9208191,,1,,,,,,,,,,0
9208192,,1,,,,,,,,,,0
9208193,,1,,,,,,,,,,0
9208194,,1,,,,,,,,,,0
9208195,,1,,,,,,,,,,0
9208196,,1,,,,,,,,,,0
9208197,,1,,,,,,,,,,0
9208198,,1,,,,,,,,,,0
9208199,,1,,,,,,,,,,0
9208200,,1,,,,,,,,,,0
9208201,,1,,,,,,,,,,0
9208202,,1,,,,,,,,,,0
9208203,,1,,,,,,,,,,0
9208204,,1,,,,,,,,,,0
9208205,,1,,,,,,,,,,0
9208206,,1,,,,,,,,,,0
9208207,,1,,,,,,,,,,0
9208208,,1,,,,,,,,,,0
9208209,,1,,,,,,,,,,0
9208210,,1,,,,,,,,,,0
9208211,,1,,,,,,,,,,0
9208212,,1,,,,,,,,,,0
9208213,,1,,,,,,,,,,0
9208214,,1,,,,,,,,,,0
9208215,,1,,,,,,,,,,0
9208216,,1,,,,,,,,,,0
9208217,,1,,,,,,,,,,0
9208218,,1,,,,,,,,,,0
9208219,,1,,,,,,,,,,0
9208220,,1,,,,,,,,,,0
9208221,,1,,,,,,,,,,0
9208222,,1,,,,,,,,,,0
9208223,,1,,,,,,,,,,0
9208224,,1,,,,,,,,,,0
9208225,,1,,,,,,,,,,0
9208226,,1,,,,,,,,,,0
9208227,,1,,,,,,,,,,0
9208228,,1,,,,,,,,,,0
9208229,,1,,,,,,,,,,0
9208230,,1,,,,,,,,,,0
9208231,,1,,,,,,,,,,0
9208232,,1,,,,,,,,,,0
9208233,,1,,,,,,,,,,0
9208234,,1,,,,,,,,,,0
9208235,,1,,,,,,,,,,0
9208236,,1,,,,,,,,,,0
9208237,,1,,,,,,,,,,0
9208238,,1,,,,,,,,,,0
9208239,,1,,,,,,,,,,0
9208240,,1,,,,,,,,,,0
9208241,,1,,,,,,,,,,0
9208242,,1,,,,,,,,,,0
9208243,,1,,,,,,,,,,0
9208244,,1,,,,,,,,,,0
9208245,,1,,,,,,,,,,0
9208246,,1,,,,,,,,,,0
9208247,,1,,,,,,,,,,0
9208248,,1,,,,,,,,,,0
9208249,,1,,,,,,,,,,0
9208250,,1,,,,,,,,,,0
9208251,,1,,,,,,,,,,0
9208252,,1,,,,,,,,,,0
9208253,,1,,,,,,,,,,0
9208254,,1,,,,,,,,,,0
9208255,,1,,,,,,,,,,0
9208256,,1,,,,,,,,,,0
9208257,,1,,,,,,,,,,0
9208258,,1,,,,,,,,,,0
9208259,,1,,,,,,,,,,0
9208260,,1,,,,,,,,,,0
9208261,,1,,,,,,,,,,0
9208262,,1,,,,,,,,,,0
9208263,,1,,,,,,,,,,0
9208264,,1,,,,,,,,,,0
9208265,,1,,,,,,,,,,0
9208266,,1,,,,,,,,,,0
9208267,,1,,,,,,,,,,0
9208268,,1,,,,,,,,,,0
9208269,,1,,,,,,,,,,0
9208270,,1,,,,,,,,,,0
9208271,,1,,,,,,,,,,0
9208272,,1,,,,,,,,,,0
9208273,,1,,,,,,,,,,0
9208274,,1,,,,,,,,,,0
9208275,,1,,,,,,,,,,0
9208276,,1,,,,,,,,,,0
9208277,,1,,,,,,,,,,0
9208278,,1,,,,,,,,,,0
9208279,,1,,,,,,,,,,0
9208280,,1,,,,,,,,,,0
9208281,,1,,,,,,,,,,0
9208282,,1,,,,,,,,,,0
9208283,,1,,,,,,,,,,0
9208284,,1,,,,,,,,,,0
9208285,,1,,,,,,,,,,0
9208286,,1,,,,,,,,,,0
9208287,,1,,,,,,,,,,0
9208288,,1,,,,,,,,,,0
9208289,,1,,,,,,,,,,0
9208290,,1,,,,,,,,,,0
9208291,,1,,,,,,,,,,0
9208292,,1,,,,,,,,,,0
9208293,,1,,,,,,,,,,0
9208294,,1,,,,,,,,,,0
9208295,,1,,,,,,,,,,0
9208296,,1,,,,,,,,,,0
9208297,,1,,,,,,,,,,0
9208298,,1,,,,,,,,,,0
9208299,,1,,,,,,,,,,0
9208300,,1,,,,,,,,,,0
9208301,,1,,,,,,,,,,0
9208302,,1,,,,,,,,,,0
9208303,,1,,,,,,,,,,0
9208304,,1,,,,,,,,,,0
9208305,,1,,,,,,,,,,0
9208306,,1,,,,,,,,,,0
9208307,,1,,,,,,,,,,0
9208308,,1,,,,,,,,,,0
9208309,,1,,,,,,,,,,0
9208310,,1,,,,,,,,,,0
9208311,,1,,,,,,,,,,0
9208312,,1,,,,,,,,,,0
9208313,,1,,,,,,,,,,0
9208314,,1,,,,,,,,,,0
9208315,,1,,,,,,,,,,0
9208316,,1,,,,,,,,,,0
9208317,,1,,,,,,,,,,0
9208318,,1,,,,,,,,,,0
9208319,,1,,,,,,,,,,0
9208320,,1,,,,,,,,,,0
9208321,,1,,,,,,,,,,0
9208322,,1,,,,,,,,,,0
9208323,,1,,,,,,,,,,0
9208324,,1,,,,,,,,,,0
9208325,,1,,,,,,,,,,0
9208326,,1,,,,,,,,,,0
9208327,,1,,,,,,,,,,0
9208328,,1,,,,,,,,,,0
9208329,,1,,,,,,,,,,0
9208330,,1,,,,,,,,,,0
9208331,,1,,,,,,,,,,0
9208332,,1,,,,,,,,,,0
9208333,,1,,,,,,,,,,0
9208334,,1,,,,,,,,,,0
9208335,,1,,,,,,,,,,0
9208336,,1,,,,,,,,,,0
9208337,,1,,,,,,,,,,0
9208338,,1,,,,,,,,,,0
9208339,,1,,,,,,,,,,0
9208340,,1,,,,,,,,,,0
9208341,,1,,,,,,,,,,0
9208342,,1,,,,,,,,,,0
9208343,,1,,,,,,,,,,0
9208344,,1,,,,,,,,,,0
9208345,,1,,,,,,,,,,0
9208346,,1,,,,,,,,,,0
9208347,,1,,,,,,,,,,0
9208348,,1,,,,,,,,,,0
9208349,,1,,,,,,,,,,0
9208350,,1,,,,,,,,,,0
9208351,,1,,,,,,,,,,0
9208352,,1,,,,,,,,,,0
9208353,,1,,,,,,,,,,0
9208354,,1,,,,,,,,,,0
9208355,,1,,,,,,,,,,0
9208356,,1,,,,,,,,,,0
9208357,,1,,,,,,,,,,0
9208358,,1,,,,,,,,,,0
9208359,,1,,,,,,,,,,0
9208360,,1,,,,,,,,,,0
9208361,,1,,,,,,,,,,0
9208362,,1,,,,,,,,,,0
9208363,,1,,,,,,,,,,0
9208364,,1,,,,,,,,,,0
9208365,,1,,,,,,,,,,0
9208366,,1,,,,,,,,,,0
9208367,,1,,,,,,,,,,0
9208368,,1,,,,,,,,,,0
9208369,,1,,,,,,,,,,0
9208370,,1,,,,,,,,,,0
9208371,,1,,,,,,,,,,0
9208372,,1,,,,,,,,,,0
9208373,,1,,,,,,,,,,0
9208374,,1,,,,,,,,,,0
9208375,,1,,,,,,,,,,0
9208376,,1,,,,,,,,,,0
9208377,,1,,,,,,,,,,0
9208378,,1,,,,,,,,,,0
9208379,,1,,,,,,,,,,0
9208380,,1,,,,,,,,,,0
9208381,,1,,,,,,,,,,0
9208382,,1,,,,,,,,,,0
9208383,,1,,,,,,,,,,0
9208384,,1,,,,,,,,,,0
9208385,,1,,,,,,,,,,0
9208386,,1,,,,,,,,,,0
9208387,,1,,,,,,,,,,0
9208388,,1,,,,,,,,,,0
9208389,,1,,,,,,,,,,0
9208390,,1,,,,,,,,,,0
9208391,,1,,,,,,,,,,0
9208392,,1,,,,,,,,,,0
9208393,,1,,,,,,,,,,0
9208394,,1,,,,,,,,,,0
9208395,,1,,,,,,,,,,0
9208396,,1,,,,,,,,,,0
9208397,,1,,,,,,,,,,0
9208398,,1,,,,,,,,,,0
9208399,,1,,,,,,,,,,0
9208400,,1,,,,,,,,,,0
9208401,,1,,,,,,,,,,0
9208402,,1,,,,,,,,,,0
9208403,,1,,,,,,,,,,0
9208404,,1,,,,,,,,,,0
9208405,,1,,,,,,,,,,0
9208406,,1,,,,,,,,,,0
9208407,,1,,,,,,,,,,0
9208408,,1,,,,,,,,,,0
9208409,,1,,,,,,,,,,0
9208410,,1,,,,,,,,,,0
9208411,,1,,,,,,,,,,0
9208412,,1,,,,,,,,,,0
9208413,,1,,,,,,,,,,0
9208414,,1,,,,,,,,,,0
9208415,,1,,,,,,,,,,0
9208416,,1,,,,,,,,,,0
9208417,,1,,,,,,,,,,0
9208418,,1,,,,,,,,,,0
9208419,,1,,,,,,,,,,0
9208420,,1,,,,,,,,,,0
9208421,,1,,,,,,,,,,0
9208422,,1,,,,,,,,,,0
9208423,,1,,,,,,,,,,0
9208424,,1,,,,,,,,,,0
9208425,,1,,,,,,,,,,0
9208426,,1,,,,,,,,,,0
9208427,,1,,,,,,,,,,0
9208428,,1,,,,,,,,,,0
9208429,,1,,,,,,,,,,0
9208430,,1,,,,,,,,,,0
9208431,,1,,,,,,,,,,0
9208432,,1,,,,,,,,,,0
9208433,,1,,,,,,,,,,0
9208434,,1,,,,,,,,,,0
9208435,,1,,,,,,,,,,0
9208436,,1,,,,,,,,,,0
9208437,,1,,,,,,,,,,0
9208438,,1,,,,,,,,,,0
9208439,,1,,,,,,,,,,0
9208440,,1,,,,,,,,,,0
9208441,,1,,,,,,,,,,0
9208442,,1,,,,,,,,,,0
9208443,,1,,,,,,,,,,0
9208444,,1,,,,,,,,,,0
9208445,,1,,,,,,,,,,0
9208446,,1,,,,,,,,,,0
9208447,,1,,,,,,,,,,0
9208448,,1,,,,,,,,,,0
9208449,,1,,,,,,,,,,0
9208450,,1,,,,,,,,,,0
9208451,,1,,,,,,,,,,0
9208452,,1,,,,,,,,,,0
9208453,,1,,,,,,,,,,0
9208454,,1,,,,,,,,,,0
9208455,,1,,,,,,,,,,0
9208456,,1,,,,,,,,,,0
9208457,,1,,,,,,,,,,0
9208458,,1,,,,,,,,,,0
9208459,,1,,,,,,,,,,0
9208460,,1,,,,,,,,,,0
9208461,,1,,,,,,,,,,0
9208462,,1,,,,,,,,,,0
9208463,,1,,,,,,,,,,0
9208464,,1,,,,,,,,,,0
9208465,,1,,,,,,,,,,0
9208466,,1,,,,,,,,,,0
9208467,,1,,,,,,,,,,0
9208468,,1,,,,,,,,,,0
9208469,,1,,,,,,,,,,0
9208470,,1,,,,,,,,,,0
9208471,,1,,,,,,,,,,0
9208472,,1,,,,,,,,,,0
9208473,,1,,,,,,,,,,0
9208474,,1,,,,,,,,,,0
9208475,,1,,,,,,,,,,0
9208476,,1,,,,,,,,,,0
9208477,,1,,,,,,,,,,0
9208478,,1,,,,,,,,,,0
9208479,,1,,,,,,,,,,0
9208480,,1,,,,,,,,,,0
9208481,,1,,,,,,,,,,0
9208482,,1,,,,,,,,,,0
9208483,,1,,,,,,,,,,0
9208484,,1,,,,,,,,,,0
9208485,,1,,,,,,,,,,0
9208486,,1,,,,,,,,,,0
9208487,,1,,,,,,,,,,0
1397974,,2,,,,,,,,,,0
1397975,,2,,,,,,,,,,0
1397976,,2,,,,,,,,,,0
1397977,,2,,,,,,,,,,0
1397978,,2,,,,,,,,,,0
1397979,,2,,,,,,,,,,0
1397980,,2,,,,,,,,,,0
1397981,,2,,,,,,,,,,0
1397982,,2,,,,,,,,,,0
1397983,,2,,,,,,,,,,0
1397984,,2,,,,,,,,,,0
1397985,,2,,,,,,,,,,0
1397986,,2,,,,,,,,,,0
1397987,,2,,,,,,,,,,0
1397988,,2,,,,,,,,,,0
1397989,,2,,,,,,,,,,0
1397990,,2,,,,,,,,,,0
1397991,,2,,,,,,,,,,0
1397992,,2,,,,,,,,,,0
1397993,,2,,,,,,,,,,0
1397994,,2,,,,,,,,,,0
1397995,,2,,,,,,,,,,0
1397996,,2,,,,,,,,,,0
1397997,,2,,,,,,,,,,0
1397998,,2,,,,,,,,,,0
1397999,,2,,,,,,,,,,0
1398000,,2,,,,,,,,,,0
1398001,,2,,,,,,,,,,0
1398002,,2,,,,,,,,,,0
1398003,,2,,,,,,,,,,0
1398004,,2,,,,,,,,,,0
1398005,,2,,,,,,,,,,0
1398006,,2,,,,,,,,,,0
1398007,,2,,,,,,,,,,0
1398008,,2,,,,,,,,,,0
1398009,,2,,,,,,,,,,0
1398010,,2,,,,,,,,,,0
1398011,,2,,,,,,,,,,0
1398012,,2,,,,,,,,,,0
1398013,,2,,,,,,,,,,0
1398014,,2,,,,,,,,,,0
1398015,,2,,,,,,,,,,0
1398016,,2,,,,,,,,,,0
1398017,,2,,,,,,,,,,0
1398018,,2,,,,,,,,,,0
1398019,,2,,,,,,,,,,0
1398020,,2,,,,,,,,,,0
1398021,,2,,,,,,,,,,0
1398022,,2,,,,,,,,,,0
1398023,,2,,,,,,,,,,0
1398024,,2,,,,,,,,,,0
1398025,,2,,,,,,,,,,0
1398026,,2,,,,,,,,,,0
1398027,,2,,,,,,,,,,0
1398028,,2,,,,,,,,,,0
1398029,,2,,,,,,,,,,0
1398030,,2,,,,,,,,,,0
1398031,,2,,,,,,,,,,0
1398032,,2,,,,,,,,,,0
1398033,,2,,,,,,,,,,0
1398034,,2,,,,,,,,,,0
1398035,,2,,,,,,,,,,0
1398036,,2,,,,,,,,,,0
1398037,,2,,,,,,,,,,0
1398038,,2,,,,,,,,,,0
1398039,,2,,,,,,,,,,0
1398040,,2,,,,,,,,,,0
1398041,,2,,,,,,,,,,0
1398042,,2,,,,,,,,,,0
1398043,,2,,,,,,,,,,0
1398044,,2,,,,,,,,,,0
1398045,,2,,,,,,,,,,0
1398046,,2,,,,,,,,,,0
1398047,,2,,,,,,,,,,0
1398048,,2,,,,,,,,,,0
1398049,,2,,,,,,,,,,0
1398050,,2,,,,,,,,,,0
1398051,,2,,,,,,,,,,0
1398052,,2,,,,,,,,,,0
1398053,,2,,,,,,,,,,0
1398054,,2,,,,,,,,,,0
1398055,,2,,,,,,,,,,0
1398056,,2,,,,,,,,,,0
1398057,,2,,,,,,,,,,0
1398058,,2,,,,,,,,,,0
1398059,,2,,,,,,,,,,0
1398060,,2,,,,,,,,,,0
1398061,,2,,,,,,,,,,0
1398062,,2,,,,,,,,,,0
1398063,,2,,,,,,,,,,0
1398064,,2,,,,,,,,,,0
1398065,,2,,,,,,,,,,0
1398066,,2,,,,,,,,,,0
1398067,,2,,,,,,,,,,0
1398068,,2,,,,,,,,,,0
1398069,,2,,,,,,,,,,0
1398070,,2,,,,,,,,,,0
1398071,,2,,,,,,,,,,0
1398072,,2,,,,,,,,,,0
1398073,,2,,,,,,,,,,0
1398074,,2,,,,,,,,,,0
1398075,,2,,,,,,,,,,0
1398076,,2,,,,,,,,,,0
1398077,,2,,,,,,,,,,0
1398078,,2,,,,,,,,,,0
1398079,,2,,,,,,,,,,0
1398080,,2,,,,,,,,,,0
1398081,,2,,,,,,,,,,0
1398082,,2,,,,,,,,,,0
1398083,,2,,,,,,,,,,0
1398084,,2,,,,,,,,,,0
1398085,,2,,,,,,,,,,0
1398086,,2,,,,,,,,,,0
1398087,,2,,,,,,,,,,0
1398088,,2,,,,,,,,,,0
1398089,,2,,,,,,,,,,0
1398090,,2,,,,,,,,,,0
1398091,,2,,,,,,,,,,0
1398092,,2,,,,,,,,,,0
1398093,,2,,,,,,,,,,0
1398094,,2,,,,,,,,,,0
1398095,,2,,,,,,,,,,0
1398096,,2,,,,,,,,,,0
1398097,,2,,,,,,,,,,0
1398098,,2,,,,,,,,,,0
1398099,,2,,,,,,,,,,0
1398100,,2,,,,,,,,,,0
1398101,,2,,,,,,,,,,0
1398102,,2,,,,,,,,,,0
1398103,,2,,,,,,,,,,0
1398104,,2,,,,,,,,,,0
1398105,,2,,,,,,,,,,0
1398106,,2,,,,,,,,,,0
1398107,,2,,,,,,,,,,0
1398108,,2,,,,,,,,,,0
1398109,,2,,,,,,,,,,0
1398110,,2,,,,,,,,,,0
1398111,,2,,,,,,,,,,0
1398112,,2,,,,,,,,,,0
1398113,,2,,,,,,,,,,0
1398114,,2,,,,,,,,,,0
1398115,,2,,,,,,,,,,0
1398116,,2,,,,,,,,,,0
1398117,,2,,,,,,,,,,0
1398118,,2,,,,,,,,,,0
1398119,,2,,,,,,,,,,0
1398120,,2,,,,,,,,,,0
1398121,,2,,,,,,,,,,0
1398122,,2,,,,,,,,,,0
1398123,,2,,,,,,,,,,0
1398124,,2,,,,,,,,,,0
1398125,,2,,,,,,,,,,0
1398126,,2,,,,,,,,,,0
1398127,,2,,,,,,,,,,0
1398128,,2,,,,,,,,,,0
1398129,,2,,,,,,,,,,0
1398130,,2,,,,,,,,,,0
1398131,,2,,,,,,,,,,0
1398132,,2,,,,,,,,,,0
1398133,,2,,,,,,,,,,0
1398134,,2,,,,,,,,,,0
1398135,,2,,,,,,,,,,0
1398136,,2,,,,,,,,,,0
1398137,,2,,,,,,,,,,0
1398138,,2,,,,,,,,,,0
1398139,,2,,,,,,,,,,0
1398140,,2,,,,,,,,,,0
1398141,,2,,,,,,,,,,0
1398142,,2,,,,,,,,,,0
1398143,,2,,,,,,,,,,0
1398144,,2,,,,,,,,,,0
1398145,,2,,,,,,,,,,0
1398146,,2,,,,,,,,,,0
1398147,,2,,,,,,,,,,0
1398148,,2,,,,,,,,,,0
1398149,,2,,,,,,,,,,0
1398150,,2,,,,,,,,,,0
1398151,,2,,,,,,,,,,0
1398152,,2,,,,,,,,,,0
1398153,,2,,,,,,,,,,0
1398154,,2,,,,,,,,,,0
1398155,,2,,,,,,,,,,0
1398156,,2,,,,,,,,,,0
1398157,,2,,,,,,,,,,0
1398158,,2,,,,,,,,,,0
1398159,,2,,,,,,,,,,0
1398160,,2,,,,,,,,,,0
1398161,,2,,,,,,,,,,0
1398162,,2,,,,,,,,,,0
1398163,,2,,,,,,,,,,0
1398164,,2,,,,,,,,,,0
1398165,,2,,,,,,,,,,0
1398166,,2,,,,,,,,,,0
1398167,,2,,,,,,,,,,0
1398168,,2,,,,,,,,,,0
1398169,,2,,,,,,,,,,0
1398170,,2,,,,,,,,,,0
1398171,,2,,,,,,,,,,0
1398172,,2,,,,,,,,,,0
1398173,,2,,,,,,,,,,0
1398174,,2,,,,,,,,,,0
1398175,,2,,,,,,,,,,0
1398176,,2,,,,,,,,,,0
1398177,,2,,,,,,,,,,0
1398178,,2,,,,,,,,,,0
1398179,,2,,,,,,,,,,0
1398180,,2,,,,,,,,,,0
1398181,,2,,,,,,,,,,0
1398182,,2,,,,,,,,,,0
1398183,,2,,,,,,,,,,0
1398184,,2,,,,,,,,,,0
1398185,,2,,,,,,,,,,0
1398186,,2,,,,,,,,,,0
1398187,,2,,,,,,,,,,0
1398188,,2,,,,,,,,,,0
1398189,,2,,,,,,,,,,0
1398190,,2,,,,,,,,,,0
1398191,,2,,,,,,,,,,0
1398192,,2,,,,,,,,,,0
1398193,,2,,,,,,,,,,0
1398194,,2,,,,,,,,,,0
1398195,,2,,,,,,,,,,0
1398196,,2,,,,,,,,,,0
1398197,,2,,,,,,,,,,0
1398198,,2,,,,,,,,,,0
1398199,,2,,,,,,,,,,0
1398200,,2,,,,,,,,,,0
1398201,,2,,,,,,,,,,0
1398202,,2,,,,,,,,,,0
1398203,,2,,,,,,,,,,0
1398204,,2,,,,,,,,,,0
1398205,,2,,,,,,,,,,0
1398206,,2,,,,,,,,,,0
1398207,,2,,,,,,,,,,0
1398208,,2,,,,,,,,,,0
1398209,,2,,,,,,,,,,0
1398210,,2,,,,,,,,,,0
1398211,,2,,,,,,,,,,0
1398212,,2,,,,,,,,,,0
1398213,,2,,,,,,,,,,0
1398214,,2,,,,,,,,,,0
1398215,,2,,,,,,,,,,0
1398216,,2,,,,,,,,,,0
1398217,,2,,,,,,,,,,0
1398218,,2,,,,,,,,,,0
1398219,,2,,,,,,,,,,0
1398220,,2,,,,,,,,,,0
1398221,,2,,,,,,,,,,0
1398222,,2,,,,,,,,,,0
1398223,,2,,,,,,,,,,0
1398224,,2,,,,,,,,,,0
1398225,,2,,,,,,,,,,0
1398226,,2,,,,,,,,,,0
1398227,,2,,,,,,,,,,0
1398228,,2,,,,,,,,,,0
1398229,,2,,,,,,,,,,0
1398230,,2,,,,,,,,,,0
1398231,,2,,,,,,,,,,0
1398232,,2,,,,,,,,,,0
1398233,,2,,,,,,,,,,0
1398234,,2,,,,,,,,,,0
1398235,,2,,,,,,,,,,0
1398236,,2,,,,,,,,,,0
1398237,,2,,,,,,,,,,0
1398238,,2,,,,,,,,,,0
1398239,,2,,,,,,,,,,0
1398240,,2,,,,,,,,,,0
1398241,,2,,,,,,,,,,0
1398242,,2,,,,,,,,,,0
1398243,,2,,,,,,,,,,0
1398244,,2,,,,,,,,,,0
1398245,,2,,,,,,,,,,0
1398246,,2,,,,,,,,,,0
1398247,,2,,,,,,,,,,0
1398248,,2,,,,,,,,,,0
1398249,,2,,,,,,,,,,0
1398250,,2,,,,,,,,,,0
1398251,,2,,,,,,,,,,0
1398252,,2,,,,,,,,,,0
1398253,,2,,,,,,,,,,0
1398254,,2,,,,,,,,,,0
1398255,,2,,,,,,,,,,0
1398256,,2,,,,,,,,,,0
1398257,,2,,,,,,,,,,0
1398258,,2,,,,,,,,,,0
1398259,,2,,,,,,,,,,0
1398260,,2,,,,,,,,,,0
1398261,,2,,,,,,,,,,0
1398262,,2,,,,,,,,,,0
1398263,,2,,,,,,,,,,0
1398264,,2,,,,,,,,,,0
1398265,,2,,,,,,,,,,0
1398266,,2,,,,,,,,,,0
1398267,,2,,,,,,,,,,0
1398268,,2,,,,,,,,,,0
1398269,,2,,,,,,,,,,0
1398270,,2,,,,,,,,,,0
1398271,,2,,,,,,,,,,0
1398272,,2,,,,,,,,,,0
1398273,,2,,,,,,,,,,0
1398274,,2,,,,,,,,,,0
1398275,,2,,,,,,,,,,0
1398276,,2,,,,,,,,,,0
1398277,,2,,,,,,,,,,0
1398278,,2,,,,,,,,,,0
1398279,,2,,,,,,,,,,0
1398280,,2,,,,,,,,,,0
1398281,,2,,,,,,,,,,0
1398282,,2,,,,,,,,,,0
1398283,,2,,,,,,,,,,0
1398284,,2,,,,,,,,,,0
1398285,,2,,,,,,,,,,0
1398286,,2,,,,,,,,,,0
1398287,,2,,,,,,,,,,0
1398288,,2,,,,,,,,,,0
1398289,,2,,,,,,,,,,0
1398290,,2,,,,,,,,,,0
1398291,,2,,,,,,,,,,0
1398292,,2,,,,,,,,,,0
1398293,,2,,,,,,,,,,0
1398294,,2,,,,,,,,,,0
1398295,,2,,,,,,,,,,0
1398296,,2,,,,,,,,,,0
1398297,,2,,,,,,,,,,0
1398298,,2,,,,,,,,,,0
1398299,,2,,,,,,,,,,0
1398300,,2,,,,,,,,,,0
1398301,,2,,,,,,,,,,0
1398302,,2,,,,,,,,,,0
1398303,,2,,,,,,,,,,0
1398304,,2,,,,,,,,,,0
1398305,,2,,,,,,,,,,0
1398306,,2,,,,,,,,,,0
1398307,,2,,,,,,,,,,0
1398308,,2,,,,,,,,,,0
1398309,,2,,,,,,,,,,0
1398310,,2,,,,,,,,,,0
1398311,,2,,,,,,,,,,0
1398312,,2,,,,,,,,,,0
1398313,,2,,,,,,,,,,0
1398314,,2,,,,,,,,,,0
1398315,,2,,,,,,,,,,0
1398316,,2,,,,,,,,,,0
1398317,,2,,,,,,,,,,0
1398318,,2,,,,,,,,,,0
1398319,,2,,,,,,,,,,0
1398320,,2,,,,,,,,,,0
1398321,,2,,,,,,,,,,0
1398322,,2,,,,,,,,,,0
1398323,,2,,,,,,,,,,0
1398324,,2,,,,,,,,,,0
1398325,,2,,,,,,,,,,0
1398326,,2,,,,,,,,,,0
1398327,,2,,,,,,,,,,0
1398328,,2,,,,,,,,,,0
1398329,,2,,,,,,,,,,0
1398330,,2,,,,,,,,,,0
1398331,,2,,,,,,,,,,0
1398332,,2,,,,,,,,,,0
1398333,,2,,,,,,,,,,0
1398334,,2,,,,,,,,,,0
1398335,,2,,,,,,,,,,0
1398336,,2,,,,,,,,,,0
1398337,,2,,,,,,,,,,0
1398338,,2,,,,,,,,,,0
1398339,,2,,,,,,,,,,0
1398340,,2,,,,,,,,,,0
1398341,,2,,,,,,,,,,0
1398342,,2,,,,,,,,,,0
1398343,,2,,,,,,,,,,0
1398344,,2,,,,,,,,,,0
1398345,,2,,,,,,,,,,0
1398346,,2,,,,,,,,,,0
1398347,,2,,,,,,,,,,0
1398348,,2,,,,,,,,,,0
1398349,,2,,,,,,,,,,0
1398350,,2,,,,,,,,,,0
1398351,,2,,,,,,,,,,0
1398352,,2,,,,,,,,,,0
1398353,,2,,,,,,,,,,0
1398354,,2,,,,,,,,,,0
1398355,,2,,,,,,,,,,0
1398356,,2,,,,,,,,,,0
1398357,,2,,,,,,,,,,0
1398358,,2,,,,,,,,,,0
1398359,,2,,,,,,,,,,0
1398360,,2,,,,,,,,,,0
1398361,,2,,,,,,,,,,0
1398362,,2,,,,,,,,,,0
1398363,,2,,,,,,,,,,0
1398364,,2,,,,,,,,,,0
1398365,,2,,,,,,,,,,0
1398366,,2,,,,,,,,,,0
1398367,,2,,,,,,,,,,0
1398368,,2,,,,,,,,,,0
1398369,,2,,,,,,,,,,0
1398370,,2,,,,,,,,,,0
1398371,,2,,,,,,,,,,0
1398372,,2,,,,,,,,,,0
1398373,,2,,,,,,,,,,0
1398374,,2,,,,,,,,,,0
1398375,,2,,,,,,,,,,0
1398376,,2,,,,,,,,,,0
1398377,,2,,,,,,,,,,0
1398378,,2,,,,,,,,,,0
1398379,,2,,,,,,,,,,0
1398380,,2,,,,,,,,,,0
1398381,,2,,,,,,,,,,0
1398382,,2,,,,,,,,,,0
1398383,,2,,,,,,,,,,0
1398384,,2,,,,,,,,,,0
1398385,,2,,,,,,,,,,0
1398386,,2,,,,,,,,,,0
1398387,,2,,,,,,,,,,0
1398388,,2,,,,,,,,,,0
1398389,,2,,,,,,,,,,0
1398390,,2,,,,,,,,,,0
1398391,,2,,,,,,,,,,0
1398392,,2,,,,,,,,,,0
1398393,,2,,,,,,,,,,0
1398394,,2,,,,,,,,,,0
1398395,,2,,,,,,,,,,0
1398396,,2,,,,,,,,,,0
1398397,,2,,,,,,,,,,0
1398398,,2,,,,,,,,,,0
1398399,,2,,,,,,,,,,0
1398400,,2,,,,,,,,,,0
1398401,,2,,,,,,,,,,0
1398402,,2,,,,,,,,,,0
1398403,,2,,,,,,,,,,0
1398404,,2,,,,,,,,,,0
1398405,,2,,,,,,,,,,0
1398406,,2,,,,,,,,,,0
1398407,,2,,,,,,,,,,0
1398408,,2,,,,,,,,,,0
1398409,,2,,,,,,,,,,0
1398410,,2,,,,,,,,,,0
1398411,,2,,,,,,,,,,0
1398412,,2,,,,,,,,,,0
1398413,,2,,,,,,,,,,0
1398414,,2,,,,,,,,,,0
1398415,,2,,,,,,,,,,0
1398416,,2,,,,,,,,,,0
1398417,,2,,,,,,,,,,0
1398418,,2,,,,,,,,,,0
1398419,,2,,,,,,,,,,0
1398420,,2,,,,,,,,,,0
1398421,,2,,,,,,,,,,0
1398422,,2,,,,,,,,,,0
1398423,,2,,,,,,,,,,0
1398424,,2,,,,,,,,,,0
1398425,,2,,,,,,,,,,0
1398426,,2,,,,,,,,,,0
1398427,,2,,,,,,,,,,0
1398428,,2,,,,,,,,,,0
1398429,,2,,,,,,,,,,0
1398430,,2,,,,,,,,,,0
1398431,,2,,,,,,,,,,0
1398432,,2,,,,,,,,,,0
1398433,,2,,,,,,,,,,0
1398434,,2,,,,,,,,,,0
1398435,,2,,,,,,,,,,0
1398436,,2,,,,,,,,,,0
1398437,,2,,,,,,,,,,0
1398438,,2,,,,,,,,,,0
1398439,,2,,,,,,,,,,0
1398440,,2,,,,,,,,,,0
1398441,,2,,,,,,,,,,0
1398442,,2,,,,,,,,,,0
1398443,,2,,,,,,,,,,0
1398444,,2,,,,,,,,,,0
1398445,,2,,,,,,,,,,0
1398446,,2,,,,,,,,,,0
1398447,,2,,,,,,,,,,0
1398448,,2,,,,,,,,,,0
1398449,,2,,,,,,,,,,0
1398450,,2,,,,,,,,,,0
1398451,,2,,,,,,,,,,0
1398452,,2,,,,,,,,,,0
1398453,,2,,,,,,,,,,0
1398454,,2,,,,,,,,,,0
1398455,,2,,,,,,,,,,0
1398456,,2,,,,,,,,,,0
1398457,,2,,,,,,,,,,0
1398458,,2,,,,,,,,,,0
1398459,,2,,,,,,,,,,0
1398460,,2,,,,,,,,,,0
1398461,,2,,,,,,,,,,0
1398462,,2,,,,,,,,,,0
1398463,,2,,,,,,,,,,0
1398464,,2,,,,,,,,,,0
1398465,,2,,,,,,,,,,0
1398466,,2,,,,,,,,,,0
1398467,,2,,,,,,,,,,0
1398468,,2,,,,,,,,,,0
1398469,,2,,,,,,,,,,0
1398470,,2,,,,,,,,,,0
1398471,,2,,,,,,,,,,0
1398472,,2,,,,,,,,,,0
1398473,,2,,,,,,,,,,0
9208488,,1,,,,,,,,,,0
9208489,,1,,,,,,,,,,0
9208490,,1,,,,,,,,,,0
9208491,,1,,,,,,,,,,0
9208492,,1,,,,,,,,,,0
9208493,,1,,,,,,,,,,0
9208494,,1,,,,,,,,,,0
9208495,,1,,,,,,,,,,0
9208496,,1,,,,,,,,,,0
9208497,,1,,,,,,,,,,0
9208498,,1,,,,,,,,,,0
9208499,,1,,,,,,,,,,0
9208500,,1,,,,,,,,,,0
9208501,,1,,,,,,,,,,0
9208502,,1,,,,,,,,,,0
9208503,,1,,,,,,,,,,0
9208504,,1,,,,,,,,,,0
9208505,,1,,,,,,,,,,0
9208506,,1,,,,,,,,,,0
9208507,,1,,,,,,,,,,0
9208508,,1,,,,,,,,,,0
9208509,,1,,,,,,,,,,0
9208510,,1,,,,,,,,,,0
9208511,,1,,,,,,,,,,0
9208512,,1,,,,,,,,,,0
9208513,,1,,,,,,,,,,0
9208514,,1,,,,,,,,,,0
9208515,,1,,,,,,,,,,0
9208516,,1,,,,,,,,,,0
9208517,,1,,,,,,,,,,0
9208518,,1,,,,,,,,,,0
9208519,,1,,,,,,,,,,0
9208520,,1,,,,,,,,,,0
9208521,,1,,,,,,,,,,0
9208522,,1,,,,,,,,,,0
9208523,,1,,,,,,,,,,0
9208524,,1,,,,,,,,,,0
9208525,,1,,,,,,,,,,0
9208526,,1,,,,,,,,,,0
9208527,,1,,,,,,,,,,0
9208528,,1,,,,,,,,,,0
9208529,,1,,,,,,,,,,0
9208530,,1,,,,,,,,,,0
9208531,,1,,,,,,,,,,0
9208532,,1,,,,,,,,,,0
9208533,,1,,,,,,,,,,0
9208534,,1,,,,,,,,,,0
9208535,,1,,,,,,,,,,0
9208536,,1,,,,,,,,,,0
9208537,,1,,,,,,,,,,0
9208538,,1,,,,,,,,,,0
9208539,,1,,,,,,,,,,0
9208540,,1,,,,,,,,,,0
9208541,,1,,,,,,,,,,0
9208542,,1,,,,,,,,,,0
9208543,,1,,,,,,,,,,0
9208544,,1,,,,,,,,,,0
9208545,,1,,,,,,,,,,0
9208546,,1,,,,,,,,,,0
9208547,,1,,,,,,,,,,0
9208548,,1,,,,,,,,,,0
9208549,,1,,,,,,,,,,0
9208550,,1,,,,,,,,,,0
9208551,,1,,,,,,,,,,0
9208552,,1,,,,,,,,,,0
9208553,,1,,,,,,,,,,0
9208554,,1,,,,,,,,,,0
9208555,,1,,,,,,,,,,0
9208556,,1,,,,,,,,,,0
9208557,,1,,,,,,,,,,0
9208558,,1,,,,,,,,,,0
9208559,,1,,,,,,,,,,0
9208560,,1,,,,,,,,,,0
9208561,,1,,,,,,,,,,0
9208562,,1,,,,,,,,,,0
9208563,,1,,,,,,,,,,0
9208564,,1,,,,,,,,,,0
9208565,,1,,,,,,,,,,0
9208566,,1,,,,,,,,,,0
9208567,,1,,,,,,,,,,0
9208568,,1,,,,,,,,,,0
9208569,,1,,,,,,,,,,0
9208570,,1,,,,,,,,,,0
9208571,,1,,,,,,,,,,0
9208572,,1,,,,,,,,,,0
9208573,,1,,,,,,,,,,0
9208574,,1,,,,,,,,,,0
9208575,,1,,,,,,,,,,0
9208576,,1,,,,,,,,,,0
9208577,,1,,,,,,,,,,0
9208578,,1,,,,,,,,,,0
9208579,,1,,,,,,,,,,0
9208580,,1,,,,,,,,,,0
9208581,,1,,,,,,,,,,0
9208582,,1,,,,,,,,,,0
9208583,,1,,,,,,,,,,0
9208584,,1,,,,,,,,,,0
9208585,,1,,,,,,,,,,0
9208586,,1,,,,,,,,,,0
9208587,,1,,,,,,,,,,0
9208588,,1,,,,,,,,,,0
9208589,,1,,,,,,,,,,0
9208590,,1,,,,,,,,,,0
9208591,,1,,,,,,,,,,0
9208592,,1,,,,,,,,,,0
9208593,,1,,,,,,,,,,0
9208594,,1,,,,,,,,,,0
9208595,,1,,,,,,,,,,0
9208596,,1,,,,,,,,,,0
9208597,,1,,,,,,,,,,0
9208598,,1,,,,,,,,,,0
9208599,,1,,,,,,,,,,0
9208600,,1,,,,,,,,,,0
9208601,,1,,,,,,,,,,0
9208602,,1,,,,,,,,,,0
9208603,,1,,,,,,,,,,0
9208604,,1,,,,,,,,,,0
9208605,,1,,,,,,,,,,0
9208606,,1,,,,,,,,,,0
9208607,,1,,,,,,,,,,0
9208608,,1,,,,,,,,,,0
9208609,,1,,,,,,,,,,0
9208610,,1,,,,,,,,,,0
9208611,,1,,,,,,,,,,0
9208612,,1,,,,,,,,,,0
9208613,,1,,,,,,,,,,0
9208614,,1,,,,,,,,,,0
9208615,,1,,,,,,,,,,0
9208616,,1,,,,,,,,,,0
9208617,,1,,,,,,,,,,0
9208618,,1,,,,,,,,,,0
9208619,,1,,,,,,,,,,0
9208620,,1,,,,,,,,,,0
9208621,,1,,,,,,,,,,0
9208622,,1,,,,,,,,,,0
9208623,,1,,,,,,,,,,0
9208624,,1,,,,,,,,,,0
9208625,,1,,,,,,,,,,0
9208626,,1,,,,,,,,,,0
9208627,,1,,,,,,,,,,0
9208628,,1,,,,,,,,,,0
9208629,,1,,,,,,,,,,0
9208630,,1,,,,,,,,,,0
9208631,,1,,,,,,,,,,0
9208632,,1,,,,,,,,,,0
9208633,,1,,,,,,,,,,0
9208634,,1,,,,,,,,,,0
9208635,,1,,,,,,,,,,0
9208636,,1,,,,,,,,,,0
9208637,,1,,,,,,,,,,0
9208638,,1,,,,,,,,,,0
9208639,,1,,,,,,,,,,0
9208640,,1,,,,,,,,,,0
9208641,,1,,,,,,,,,,0
9208642,,1,,,,,,,,,,0
9208643,,1,,,,,,,,,,0
9208644,,1,,,,,,,,,,0
9208645,,1,,,,,,,,,,0
9208646,,1,,,,,,,,,,0
9208647,,1,,,,,,,,,,0
9208648,,1,,,,,,,,,,0
9208649,,1,,,,,,,,,,0
9208650,,1,,,,,,,,,,0
9208651,,1,,,,,,,,,,0
9208652,,1,,,,,,,,,,0
9208653,,1,,,,,,,,,,0
9208654,,1,,,,,,,,,,0
9208655,,1,,,,,,,,,,0
9208656,,1,,,,,,,,,,0
9208657,,1,,,,,,,,,,0
9208658,,1,,,,,,,,,,0
9208659,,1,,,,,,,,,,0
9208660,,1,,,,,,,,,,0
9208661,,1,,,,,,,,,,0
9208662,,1,,,,,,,,,,0
9208663,,1,,,,,,,,,,0
9208664,,1,,,,,,,,,,0
9208665,,1,,,,,,,,,,0
9208666,,1,,,,,,,,,,0
9208667,,1,,,,,,,,,,0
9208668,,1,,,,,,,,,,0
9208669,,1,,,,,,,,,,0
9208670,,1,,,,,,,,,,0
9208671,,1,,,,,,,,,,0
9208672,,1,,,,,,,,,,0
9208673,,1,,,,,,,,,,0
9208674,,1,,,,,,,,,,0
9208675,,1,,,,,,,,,,0
9208676,,1,,,,,,,,,,0
9208677,,1,,,,,,,,,,0
9208678,,1,,,,,,,,,,0
9208679,,1,,,,,,,,,,0
9208680,,1,,,,,,,,,,0
9208681,,1,,,,,,,,,,0
9208682,,1,,,,,,,,,,0
9208683,,1,,,,,,,,,,0
9208684,,1,,,,,,,,,,0
9208685,,1,,,,,,,,,,0
9208686,,1,,,,,,,,,,0
9208687,,1,,,,,,,,,,0
9208688,,1,,,,,,,,,,0
9208689,,1,,,,,,,,,,0
9208690,,1,,,,,,,,,,0
9208691,,1,,,,,,,,,,0
9208692,,1,,,,,,,,,,0
9208693,,1,,,,,,,,,,0
9208694,,1,,,,,,,,,,0
9208695,,1,,,,,,,,,,0
9208696,,1,,,,,,,,,,0
9208697,,1,,,,,,,,,,0
9208698,,1,,,,,,,,,,0
9208699,,1,,,,,,,,,,0
9208700,,1,,,,,,,,,,0
9208701,,1,,,,,,,,,,0
9208702,,1,,,,,,,,,,0
9208703,,1,,,,,,,,,,0
9208704,,1,,,,,,,,,,0
9208705,,1,,,,,,,,,,0
9208706,,1,,,,,,,,,,0
9208707,,1,,,,,,,,,,0
9208708,,1,,,,,,,,,,0
9208709,,1,,,,,,,,,,0
9208710,,1,,,,,,,,,,0
9208711,,1,,,,,,,,,,0
9208712,,1,,,,,,,,,,0
9208713,,1,,,,,,,,,,0
9208714,,1,,,,,,,,,,0
9208715,,1,,,,,,,,,,0
9208716,,1,,,,,,,,,,0
9208717,,1,,,,,,,,,,0
9208718,,1,,,,,,,,,,0
9208719,,1,,,,,,,,,,0
9208720,,1,,,,,,,,,,0
9208721,,1,,,,,,,,,,0
9208722,,1,,,,,,,,,,0
9208723,,1,,,,,,,,,,0
9208724,,1,,,,,,,,,,0
9208725,,1,,,,,,,,,,0
9208726,,1,,,,,,,,,,0
9208727,,1,,,,,,,,,,0
9208728,,1,,,,,,,,,,0
9208729,,1,,,,,,,,,,0
9208730,,1,,,,,,,,,,0
9208731,,1,,,,,,,,,,0
9208732,,1,,,,,,,,,,0
9208733,,1,,,,,,,,,,0
9208734,,1,,,,,,,,,,0
9208735,,1,,,,,,,,,,0
9208736,,1,,,,,,,,,,0
9208737,,1,,,,,,,,,,0
9208738,,1,,,,,,,,,,0
9208739,,1,,,,,,,,,,0
9208740,,1,,,,,,,,,,0
9208741,,1,,,,,,,,,,0
9208742,,1,,,,,,,,,,0
9208743,,1,,,,,,,,,,0
9208744,,1,,,,,,,,,,0
9208745,,1,,,,,,,,,,0
9208746,,1,,,,,,,,,,0
9208747,,1,,,,,,,,,,0
9208748,,1,,,,,,,,,,0
9208749,,1,,,,,,,,,,0
9208750,,1,,,,,,,,,,0
9208751,,1,,,,,,,,,,0
9208752,,1,,,,,,,,,,0
9208753,,1,,,,,,,,,,0
9208754,,1,,,,,,,,,,0
9208755,,1,,,,,,,,,,0
9208756,,1,,,,,,,,,,0
9208757,,1,,,,,,,,,,0
9208758,,1,,,,,,,,,,0
9208759,,1,,,,,,,,,,0
9208760,,1,,,,,,,,,,0
9208761,,1,,,,,,,,,,0
9208762,,1,,,,,,,,,,0
9208763,,1,,,,,,,,,,0
9208764,,1,,,,,,,,,,0
9208765,,1,,,,,,,,,,0
9208766,,1,,,,,,,,,,0
9208767,,1,,,,,,,,,,0
9208768,,1,,,,,,,,,,0
9208769,,1,,,,,,,,,,0
9208770,,1,,,,,,,,,,0
9208771,,1,,,,,,,,,,0
9208772,,1,,,,,,,,,,0
9208773,,1,,,,,,,,,,0
9208774,,1,,,,,,,,,,0
9208775,,1,,,,,,,,,,0
9208776,,1,,,,,,,,,,0
9208777,,1,,,,,,,,,,0
9208778,,1,,,,,,,,,,0
9208779,,1,,,,,,,,,,0
9208780,,1,,,,,,,,,,0
9208781,,1,,,,,,,,,,0
9208782,,1,,,,,,,,,,0
9208783,,1,,,,,,,,,,0
9208784,,1,,,,,,,,,,0
9208785,,1,,,,,,,,,,0
9208786,,1,,,,,,,,,,0
9208787,,1,,,,,,,,,,0
9208788,,1,,,,,,,,,,0
9208789,,1,,,,,,,,,,0
9208790,,1,,,,,,,,,,0
9208791,,1,,,,,,,,,,0
9208792,,1,,,,,,,,,,0
9208793,,1,,,,,,,,,,0
9208794,,1,,,,,,,,,,0
9208795,,1,,,,,,,,,,0
9208796,,1,,,,,,,,,,0
9208797,,1,,,,,,,,,,0
9208798,,1,,,,,,,,,,0
9208799,,1,,,,,,,,,,0
9208800,,1,,,,,,,,,,0
9208801,,1,,,,,,,,,,0
9208802,,1,,,,,,,,,,0
9208803,,1,,,,,,,,,,0
9208804,,1,,,,,,,,,,0
9208805,,1,,,,,,,,,,0
9208806,,1,,,,,,,,,,0
9208807,,1,,,,,,,,,,0
9208808,,1,,,,,,,,,,0
9208809,,1,,,,,,,,,,0
9208810,,1,,,,,,,,,,0
9208811,,1,,,,,,,,,,0
9208812,,1,,,,,,,,,,0
9208813,,1,,,,,,,,,,0
9208814,,1,,,,,,,,,,0
9208815,,1,,,,,,,,,,0
9208816,,1,,,,,,,,,,0
9208817,,1,,,,,,,,,,0
9208818,,1,,,,,,,,,,0
9208819,,1,,,,,,,,,,0
9208820,,1,,,,,,,,,,0
9208821,,1,,,,,,,,,,0
9208822,,1,,,,,,,,,,0
9208823,,1,,,,,,,,,,0
9208824,,1,,,,,,,,,,0
9208825,,1,,,,,,,,,,0
9208826,,1,,,,,,,,,,0
9208827,,1,,,,,,,,,,0
9208828,,1,,,,,,,,,,0
9208829,,1,,,,,,,,,,0
9208830,,1,,,,,,,,,,0
9208831,,1,,,,,,,,,,0
9208832,,1,,,,,,,,,,0
9208833,,1,,,,,,,,,,0
9208834,,1,,,,,,,,,,0
9208835,,1,,,,,,,,,,0
9208836,,1,,,,,,,,,,0
9208837,,1,,,,,,,,,,0
9208838,,1,,,,,,,,,,0
9208839,,1,,,,,,,,,,0
9208840,,1,,,,,,,,,,0
9208841,,1,,,,,,,,,,0
9208842,,1,,,,,,,,,,0
9208843,,1,,,,,,,,,,0
9208844,,1,,,,,,,,,,0
9208845,,1,,,,,,,,,,0
9208846,,1,,,,,,,,,,0
9208847,,1,,,,,,,,,,0
9208848,,1,,,,,,,,,,0
9208849,,1,,,,,,,,,,0
9208850,,1,,,,,,,,,,0
9208851,,1,,,,,,,,,,0
9208852,,1,,,,,,,,,,0
9208853,,1,,,,,,,,,,0
9208854,,1,,,,,,,,,,0
9208855,,1,,,,,,,,,,0
9208856,,1,,,,,,,,,,0
9208857,,1,,,,,,,,,,0
9208858,,1,,,,,,,,,,0
9208859,,1,,,,,,,,,,0
9208860,,1,,,,,,,,,,0
9208861,,1,,,,,,,,,,0
9208862,,1,,,,,,,,,,0
9208863,,1,,,,,,,,,,0
9208864,,1,,,,,,,,,,0
9208865,,1,,,,,,,,,,0
9208866,,1,,,,,,,,,,0
9208867,,1,,,,,,,,,,0
9208868,,1,,,,,,,,,,0
9208869,,1,,,,,,,,,,0
9208870,,1,,,,,,,,,,0
9208871,,1,,,,,,,,,,0
9208872,,1,,,,,,,,,,0
9208873,,1,,,,,,,,,,0
9208874,,1,,,,,,,,,,0
9208875,,1,,,,,,,,,,0
9208876,,1,,,,,,,,,,0
9208877,,1,,,,,,,,,,0
9208878,,1,,,,,,,,,,0
9208879,,1,,,,,,,,,,0
9208880,,1,,,,,,,,,,0
9208881,,1,,,,,,,,,,0
9208882,,1,,,,,,,,,,0
9208883,,1,,,,,,,,,,0
9208884,,1,,,,,,,,,,0
9208885,,1,,,,,,,,,,0
9208886,,1,,,,,,,,,,0
9208887,,1,,,,,,,,,,0
9208888,,1,,,,,,,,,,0
9208889,,1,,,,,,,,,,0
9208890,,1,,,,,,,,,,0
9208891,,1,,,,,,,,,,0
9208892,,1,,,,,,,,,,0
9208893,,1,,,,,,,,,,0
9208894,,1,,,,,,,,,,0
9208895,,1,,,,,,,,,,0
9208896,,1,,,,,,,,,,0
9208897,,1,,,,,,,,,,0
9208898,,1,,,,,,,,,,0
9208899,,1,,,,,,,,,,0
9208900,,1,,,,,,,,,,0
9208901,,1,,,,,,,,,,0
9208902,,1,,,,,,,,,,0
9208903,,1,,,,,,,,,,0
9208904,,1,,,,,,,,,,0
9208905,,1,,,,,,,,,,0
9208906,,1,,,,,,,,,,0
9208907,,1,,,,,,,,,,0
9208908,,1,,,,,,,,,,0
9208909,,1,,,,,,,,,,0
9208910,,1,,,,,,,,,,0
9208911,,1,,,,,,,,,,0
9208912,,1,,,,,,,,,,0
9208913,,1,,,,,,,,,,0
9208914,,1,,,,,,,,,,0
9208915,,1,,,,,,,,,,0
9208916,,1,,,,,,,,,,0
9208917,,1,,,,,,,,,,0
9208918,,1,,,,,,,,,,0
9208919,,1,,,,,,,,,,0
9208920,,1,,,,,,,,,,0
9208921,,1,,,,,,,,,,0
9208922,,1,,,,,,,,,,0
9208923,,1,,,,,,,,,,0
9208924,,1,,,,,,,,,,0
9208925,,1,,,,,,,,,,0
9208926,,1,,,,,,,,,,0
9208927,,1,,,,,,,,,,0
9208928,,1,,,,,,,,,,0
9208929,,1,,,,,,,,,,0
9208930,,1,,,,,,,,,,0
9208931,,1,,,,,,,,,,0
9208932,,1,,,,,,,,,,0
9208933,,1,,,,,,,,,,0
9208934,,1,,,,,,,,,,0
9208935,,1,,,,,,,,,,0
9208936,,1,,,,,,,,,,0
9208937,,1,,,,,,,,,,0
9208938,,1,,,,,,,,,,0
9208939,,1,,,,,,,,,,0
9208940,,1,,,,,,,,,,0
9208941,,1,,,,,,,,,,0
9208942,,1,,,,,,,,,,0
9208943,,1,,,,,,,,,,0
9208944,,1,,,,,,,,,,0
9208945,,1,,,,,,,,,,0
9208946,,1,,,,,,,,,,0
9208947,,1,,,,,,,,,,0
9208948,,1,,,,,,,,,,0
9208949,,1,,,,,,,,,,0
9208950,,1,,,,,,,,,,0
9208951,,1,,,,,,,,,,0
9208952,,1,,,,,,,,,,0
9208953,,1,,,,,,,,,,0
9208954,,1,,,,,,,,,,0
9208955,,1,,,,,,,,,,0
9208956,,1,,,,,,,,,,0
9208957,,1,,,,,,,,,,0
9208958,,1,,,,,,,,,,0
9208959,,1,,,,,,,,,,0
9208960,,1,,,,,,,,,,0
9208961,,1,,,,,,,,,,0
9208962,,1,,,,,,,,,,0
9208963,,1,,,,,,,,,,0
9208964,,1,,,,,,,,,,0
9208965,,1,,,,,,,,,,0
9208966,,1,,,,,,,,,,0
9208967,,1,,,,,,,,,,0
9208968,,1,,,,,,,,,,0
9208969,,1,,,,,,,,,,0
9208970,,1,,,,,,,,,,0
9208971,,1,,,,,,,,,,0
9208972,,1,,,,,,,,,,0
9208973,,1,,,,,,,,,,0
9208974,,1,,,,,,,,,,0
9208975,,1,,,,,,,,,,0
9208976,,1,,,,,,,,,,0
9208977,,1,,,,,,,,,,0
9208978,,1,,,,,,,,,,0
9208979,,1,,,,,,,,,,0
9208980,,1,,,,,,,,,,0
9208981,,1,,,,,,,,,,0
9208982,,1,,,,,,,,,,0
9208983,,1,,,,,,,,,,0
9208984,,1,,,,,,,,,,0
9208985,,1,,,,,,,,,,0
9208986,,1,,,,,,,,,,0
9208987,,1,,,,,,,,,,0
1398474,,2,,,,,,,,,,0
1398475,,2,,,,,,,,,,0
1398476,,2,,,,,,,,,,0
1398477,,2,,,,,,,,,,0
1398478,,2,,,,,,,,,,0
1398479,,2,,,,,,,,,,0
1398480,,2,,,,,,,,,,0
1398481,,2,,,,,,,,,,0
1398482,,2,,,,,,,,,,0
1398483,,2,,,,,,,,,,0
1398484,,2,,,,,,,,,,0
1398485,,2,,,,,,,,,,0
1398486,,2,,,,,,,,,,0
1398487,,2,,,,,,,,,,0
1398488,,2,,,,,,,,,,0
1398489,,2,,,,,,,,,,0
1398490,,2,,,,,,,,,,0
1398491,,2,,,,,,,,,,0
1398492,,2,,,,,,,,,,0
1398493,,2,,,,,,,,,,0
1398494,,2,,,,,,,,,,0
1398495,,2,,,,,,,,,,0
1398496,,2,,,,,,,,,,0
1398497,,2,,,,,,,,,,0
1398498,,2,,,,,,,,,,0
1398499,,2,,,,,,,,,,0
1398500,,2,,,,,,,,,,0
1398501,,2,,,,,,,,,,0
1398502,,2,,,,,,,,,,0
1398503,,2,,,,,,,,,,0
1398504,,2,,,,,,,,,,0
1398505,,2,,,,,,,,,,0
1398506,,2,,,,,,,,,,0
1398507,,2,,,,,,,,,,0
1398508,,2,,,,,,,,,,0
1398509,,2,,,,,,,,,,0
1398510,,2,,,,,,,,,,0
1398511,,2,,,,,,,,,,0
1398512,,2,,,,,,,,,,0
1398513,,2,,,,,,,,,,0
1398514,,2,,,,,,,,,,0
1398515,,2,,,,,,,,,,0
1398516,,2,,,,,,,,,,0
1398517,,2,,,,,,,,,,0
1398518,,2,,,,,,,,,,0
1398519,,2,,,,,,,,,,0
1398520,,2,,,,,,,,,,0
1398521,,2,,,,,,,,,,0
1398522,,2,,,,,,,,,,0
1398523,,2,,,,,,,,,,0
1398524,,2,,,,,,,,,,0
1398525,,2,,,,,,,,,,0
1398526,,2,,,,,,,,,,0
1398527,,2,,,,,,,,,,0
1398528,,2,,,,,,,,,,0
1398529,,2,,,,,,,,,,0
1398530,,2,,,,,,,,,,0
1398531,,2,,,,,,,,,,0
1398532,,2,,,,,,,,,,0
1398533,,2,,,,,,,,,,0
1398534,,2,,,,,,,,,,0
1398535,,2,,,,,,,,,,0
1398536,,2,,,,,,,,,,0
1398537,,2,,,,,,,,,,0
1398538,,2,,,,,,,,,,0
1398539,,2,,,,,,,,,,0
1398540,,2,,,,,,,,,,0
1398541,,2,,,,,,,,,,0
1398542,,2,,,,,,,,,,0
1398543,,2,,,,,,,,,,0
1398544,,2,,,,,,,,,,0
1398545,,2,,,,,,,,,,0
1398546,,2,,,,,,,,,,0
1398547,,2,,,,,,,,,,0
1398548,,2,,,,,,,,,,0
1398549,,2,,,,,,,,,,0
1398550,,2,,,,,,,,,,0
1398551,,2,,,,,,,,,,0
1398552,,2,,,,,,,,,,0
1398553,,2,,,,,,,,,,0
1398554,,2,,,,,,,,,,0
1398555,,2,,,,,,,,,,0
1398556,,2,,,,,,,,,,0
1398557,,2,,,,,,,,,,0
1398558,,2,,,,,,,,,,0
1398559,,2,,,,,,,,,,0
1398560,,2,,,,,,,,,,0
1398561,,2,,,,,,,,,,0
1398562,,2,,,,,,,,,,0
1398563,,2,,,,,,,,,,0
1398564,,2,,,,,,,,,,0
1398565,,2,,,,,,,,,,0
1398566,,2,,,,,,,,,,0
1398567,,2,,,,,,,,,,0
1398568,,2,,,,,,,,,,0
1398569,,2,,,,,,,,,,0
1398570,,2,,,,,,,,,,0
1398571,,2,,,,,,,,,,0
1398572,,2,,,,,,,,,,0
1398573,,2,,,,,,,,,,0
1398574,,2,,,,,,,,,,0
1398575,,2,,,,,,,,,,0
1398576,,2,,,,,,,,,,0
1398577,,2,,,,,,,,,,0
1398578,,2,,,,,,,,,,0
1398579,,2,,,,,,,,,,0
1398580,,2,,,,,,,,,,0
1398581,,2,,,,,,,,,,0
1398582,,2,,,,,,,,,,0
1398583,,2,,,,,,,,,,0
1398584,,2,,,,,,,,,,0
1398585,,2,,,,,,,,,,0
1398586,,2,,,,,,,,,,0
1398587,,2,,,,,,,,,,0
1398588,,2,,,,,,,,,,0
1398589,,2,,,,,,,,,,0
1398590,,2,,,,,,,,,,0
1398591,,2,,,,,,,,,,0
1398592,,2,,,,,,,,,,0
1398593,,2,,,,,,,,,,0
1398594,,2,,,,,,,,,,0
1398595,,2,,,,,,,,,,0
1398596,,2,,,,,,,,,,0
1398597,,2,,,,,,,,,,0
1398598,,2,,,,,,,,,,0
1398599,,2,,,,,,,,,,0
1398600,,2,,,,,,,,,,0
1398601,,2,,,,,,,,,,0
1398602,,2,,,,,,,,,,0
1398603,,2,,,,,,,,,,0
1398604,,2,,,,,,,,,,0
1398605,,2,,,,,,,,,,0
1398606,,2,,,,,,,,,,0
1398607,,2,,,,,,,,,,0
1398608,,2,,,,,,,,,,0
1398609,,2,,,,,,,,,,0
1398610,,2,,,,,,,,,,0
1398611,,2,,,,,,,,,,0
1398612,,2,,,,,,,,,,0
1398613,,2,,,,,,,,,,0
1398614,,2,,,,,,,,,,0
1398615,,2,,,,,,,,,,0
1398616,,2,,,,,,,,,,0
1398617,,2,,,,,,,,,,0
1398618,,2,,,,,,,,,,0
1398619,,2,,,,,,,,,,0
1398620,,2,,,,,,,,,,0
1398621,,2,,,,,,,,,,0
1398622,,2,,,,,,,,,,0
1398623,,2,,,,,,,,,,0
1398624,,2,,,,,,,,,,0
1398625,,2,,,,,,,,,,0
1398626,,2,,,,,,,,,,0
1398627,,2,,,,,,,,,,0
1398628,,2,,,,,,,,,,0
1398629,,2,,,,,,,,,,0
1398630,,2,,,,,,,,,,0
1398631,,2,,,,,,,,,,0
1398632,,2,,,,,,,,,,0
1398633,,2,,,,,,,,,,0
1398634,,2,,,,,,,,,,0
1398635,,2,,,,,,,,,,0
1398636,,2,,,,,,,,,,0
1398637,,2,,,,,,,,,,0
1398638,,2,,,,,,,,,,0
1398639,,2,,,,,,,,,,0
1398640,,2,,,,,,,,,,0
1398641,,2,,,,,,,,,,0
1398642,,2,,,,,,,,,,0
1398643,,2,,,,,,,,,,0
1398644,,2,,,,,,,,,,0
1398645,,2,,,,,,,,,,0
1398646,,2,,,,,,,,,,0
1398647,,2,,,,,,,,,,0
1398648,,2,,,,,,,,,,0
1398649,,2,,,,,,,,,,0
1398650,,2,,,,,,,,,,0
1398651,,2,,,,,,,,,,0
1398652,,2,,,,,,,,,,0
1398653,,2,,,,,,,,,,0
1398654,,2,,,,,,,,,,0
1398655,,2,,,,,,,,,,0
1398656,,2,,,,,,,,,,0
1398657,,2,,,,,,,,,,0
1398658,,2,,,,,,,,,,0
1398659,,2,,,,,,,,,,0
1398660,,2,,,,,,,,,,0
1398661,,2,,,,,,,,,,0
1398662,,2,,,,,,,,,,0
1398663,,2,,,,,,,,,,0
1398664,,2,,,,,,,,,,0
1398665,,2,,,,,,,,,,0
1398666,,2,,,,,,,,,,0
1398667,,2,,,,,,,,,,0
1398668,,2,,,,,,,,,,0
1398669,,2,,,,,,,,,,0
1398670,,2,,,,,,,,,,0
1398671,,2,,,,,,,,,,0
1398672,,2,,,,,,,,,,0
1398673,,2,,,,,,,,,,0
1398674,,2,,,,,,,,,,0
1398675,,2,,,,,,,,,,0
1398676,,2,,,,,,,,,,0
1398677,,2,,,,,,,,,,0
1398678,,2,,,,,,,,,,0
1398679,,2,,,,,,,,,,0
1398680,,2,,,,,,,,,,0
1398681,,2,,,,,,,,,,0
1398682,,2,,,,,,,,,,0
1398683,,2,,,,,,,,,,0
1398684,,2,,,,,,,,,,0
1398685,,2,,,,,,,,,,0
1398686,,2,,,,,,,,,,0
1398687,,2,,,,,,,,,,0
1398688,,2,,,,,,,,,,0
1398689,,2,,,,,,,,,,0
1398690,,2,,,,,,,,,,0
1398691,,2,,,,,,,,,,0
1398692,,2,,,,,,,,,,0
1398693,,2,,,,,,,,,,0
1398694,,2,,,,,,,,,,0
1398695,,2,,,,,,,,,,0
1398696,,2,,,,,,,,,,0
1398697,,2,,,,,,,,,,0
1398698,,2,,,,,,,,,,0
1398699,,2,,,,,,,,,,0
1398700,,2,,,,,,,,,,0
1398701,,2,,,,,,,,,,0
1398702,,2,,,,,,,,,,0
1398703,,2,,,,,,,,,,0
1398704,,2,,,,,,,,,,0
1398705,,2,,,,,,,,,,0
1398706,,2,,,,,,,,,,0
1398707,,2,,,,,,,,,,0
1398708,,2,,,,,,,,,,0
1398709,,2,,,,,,,,,,0
1398710,,2,,,,,,,,,,0
1398711,,2,,,,,,,,,,0
1398712,,2,,,,,,,,,,0
1398713,,2,,,,,,,,,,0
1398714,,2,,,,,,,,,,0
1398715,,2,,,,,,,,,,0
1398716,,2,,,,,,,,,,0
1398717,,2,,,,,,,,,,0
1398718,,2,,,,,,,,,,0
1398719,,2,,,,,,,,,,0
1398720,,2,,,,,,,,,,0
1398721,,2,,,,,,,,,,0
1398722,,2,,,,,,,,,,0
1398723,,2,,,,,,,,,,0
1398724,,2,,,,,,,,,,0
1398725,,2,,,,,,,,,,0
1398726,,2,,,,,,,,,,0
1398727,,2,,,,,,,,,,0
1398728,,2,,,,,,,,,,0
1398729,,2,,,,,,,,,,0
1398730,,2,,,,,,,,,,0
1398731,,2,,,,,,,,,,0
1398732,,2,,,,,,,,,,0
1398733,,2,,,,,,,,,,0
1398734,,2,,,,,,,,,,0
1398735,,2,,,,,,,,,,0
1398736,,2,,,,,,,,,,0
1398737,,2,,,,,,,,,,0
1398738,,2,,,,,,,,,,0
1398739,,2,,,,,,,,,,0
1398740,,2,,,,,,,,,,0
1398741,,2,,,,,,,,,,0
1398742,,2,,,,,,,,,,0
1398743,,2,,,,,,,,,,0
1398744,,2,,,,,,,,,,0
1398745,,2,,,,,,,,,,0
1398746,,2,,,,,,,,,,0
1398747,,2,,,,,,,,,,0
1398748,,2,,,,,,,,,,0
1398749,,2,,,,,,,,,,0
1398750,,2,,,,,,,,,,0
1398751,,2,,,,,,,,,,0
1398752,,2,,,,,,,,,,0
1398753,,2,,,,,,,,,,0
1398754,,2,,,,,,,,,,0
1398755,,2,,,,,,,,,,0
1398756,,2,,,,,,,,,,0
1398757,,2,,,,,,,,,,0
1398758,,2,,,,,,,,,,0
1398759,,2,,,,,,,,,,0
1398760,,2,,,,,,,,,,0
1398761,,2,,,,,,,,,,0
1398762,,2,,,,,,,,,,0
1398763,,2,,,,,,,,,,0
1398764,,2,,,,,,,,,,0
1398765,,2,,,,,,,,,,0
1398766,,2,,,,,,,,,,0
1398767,,2,,,,,,,,,,0
1398768,,2,,,,,,,,,,0
1398769,,2,,,,,,,,,,0
1398770,,2,,,,,,,,,,0
1398771,,2,,,,,,,,,,0
1398772,,2,,,,,,,,,,0
1398773,,2,,,,,,,,,,0
1398774,,2,,,,,,,,,,0
1398775,,2,,,,,,,,,,0
1398776,,2,,,,,,,,,,0
1398777,,2,,,,,,,,,,0
1398778,,2,,,,,,,,,,0
1398779,,2,,,,,,,,,,0
1398780,,2,,,,,,,,,,0
1398781,,2,,,,,,,,,,0
1398782,,2,,,,,,,,,,0
1398783,,2,,,,,,,,,,0
1398784,,2,,,,,,,,,,0
1398785,,2,,,,,,,,,,0
1398786,,2,,,,,,,,,,0
1398787,,2,,,,,,,,,,0
1398788,,2,,,,,,,,,,0
1398789,,2,,,,,,,,,,0
1398790,,2,,,,,,,,,,0
1398791,,2,,,,,,,,,,0
1398792,,2,,,,,,,,,,0
1398793,,2,,,,,,,,,,0
1398794,,2,,,,,,,,,,0
1398795,,2,,,,,,,,,,0
1398796,,2,,,,,,,,,,0
1398797,,2,,,,,,,,,,0
1398798,,2,,,,,,,,,,0
1398799,,2,,,,,,,,,,0
1398800,,2,,,,,,,,,,0
1398801,,2,,,,,,,,,,0
1398802,,2,,,,,,,,,,0
1398803,,2,,,,,,,,,,0
1398804,,2,,,,,,,,,,0
1398805,,2,,,,,,,,,,0
1398806,,2,,,,,,,,,,0
1398807,,2,,,,,,,,,,0
1398808,,2,,,,,,,,,,0
1398809,,2,,,,,,,,,,0
1398810,,2,,,,,,,,,,0
1398811,,2,,,,,,,,,,0
1398812,,2,,,,,,,,,,0
1398813,,2,,,,,,,,,,0
1398814,,2,,,,,,,,,,0
1398815,,2,,,,,,,,,,0
1398816,,2,,,,,,,,,,0
1398817,,2,,,,,,,,,,0
1398818,,2,,,,,,,,,,0
1398819,,2,,,,,,,,,,0
1398820,,2,,,,,,,,,,0
1398821,,2,,,,,,,,,,0
1398822,,2,,,,,,,,,,0
1398823,,2,,,,,,,,,,0
1398824,,2,,,,,,,,,,0
1398825,,2,,,,,,,,,,0
1398826,,2,,,,,,,,,,0
1398827,,2,,,,,,,,,,0
1398828,,2,,,,,,,,,,0
1398829,,2,,,,,,,,,,0
1398830,,2,,,,,,,,,,0
1398831,,2,,,,,,,,,,0
1398832,,2,,,,,,,,,,0
1398833,,2,,,,,,,,,,0
1398834,,2,,,,,,,,,,0
1398835,,2,,,,,,,,,,0
1398836,,2,,,,,,,,,,0
1398837,,2,,,,,,,,,,0
1398838,,2,,,,,,,,,,0
1398839,,2,,,,,,,,,,0
1398840,,2,,,,,,,,,,0
1398841,,2,,,,,,,,,,0
1398842,,2,,,,,,,,,,0
1398843,,2,,,,,,,,,,0
1398844,,2,,,,,,,,,,0
1398845,,2,,,,,,,,,,0
1398846,,2,,,,,,,,,,0
1398847,,2,,,,,,,,,,0
1398848,,2,,,,,,,,,,0
1398849,,2,,,,,,,,,,0
1398850,,2,,,,,,,,,,0
1398851,,2,,,,,,,,,,0
1398852,,2,,,,,,,,,,0
1398853,,2,,,,,,,,,,0
1398854,,2,,,,,,,,,,0
1398855,,2,,,,,,,,,,0
1398856,,2,,,,,,,,,,0
1398857,,2,,,,,,,,,,0
1398858,,2,,,,,,,,,,0
1398859,,2,,,,,,,,,,0
1398860,,2,,,,,,,,,,0
1398861,,2,,,,,,,,,,0
1398862,,2,,,,,,,,,,0
1398863,,2,,,,,,,,,,0
1398864,,2,,,,,,,,,,0
1398865,,2,,,,,,,,,,0
1398866,,2,,,,,,,,,,0
1398867,,2,,,,,,,,,,0
1398868,,2,,,,,,,,,,0
1398869,,2,,,,,,,,,,0
1398870,,2,,,,,,,,,,0
1398871,,2,,,,,,,,,,0
1398872,,2,,,,,,,,,,0
1398873,,2,,,,,,,,,,0
1398874,,2,,,,,,,,,,0
1398875,,2,,,,,,,,,,0
1398876,,2,,,,,,,,,,0
1398877,,2,,,,,,,,,,0
1398878,,2,,,,,,,,,,0
1398879,,2,,,,,,,,,,0
1398880,,2,,,,,,,,,,0
1398881,,2,,,,,,,,,,0
1398882,,2,,,,,,,,,,0
1398883,,2,,,,,,,,,,0
1398884,,2,,,,,,,,,,0
1398885,,2,,,,,,,,,,0
1398886,,2,,,,,,,,,,0
1398887,,2,,,,,,,,,,0
1398888,,2,,,,,,,,,,0
1398889,,2,,,,,,,,,,0
1398890,,2,,,,,,,,,,0
1398891,,2,,,,,,,,,,0
1398892,,2,,,,,,,,,,0
1398893,,2,,,,,,,,,,0
1398894,,2,,,,,,,,,,0
1398895,,2,,,,,,,,,,0
1398896,,2,,,,,,,,,,0
1398897,,2,,,,,,,,,,0
1398898,,2,,,,,,,,,,0
1398899,,2,,,,,,,,,,0
1398900,,2,,,,,,,,,,0
1398901,,2,,,,,,,,,,0
1398902,,2,,,,,,,,,,0
1398903,,2,,,,,,,,,,0
1398904,,2,,,,,,,,,,0
1398905,,2,,,,,,,,,,0
1398906,,2,,,,,,,,,,0
1398907,,2,,,,,,,,,,0
1398908,,2,,,,,,,,,,0
1398909,,2,,,,,,,,,,0
1398910,,2,,,,,,,,,,0
1398911,,2,,,,,,,,,,0
1398912,,2,,,,,,,,,,0
1398913,,2,,,,,,,,,,0
1398914,,2,,,,,,,,,,0
1398915,,2,,,,,,,,,,0
1398916,,2,,,,,,,,,,0
1398917,,2,,,,,,,,,,0
1398918,,2,,,,,,,,,,0
1398919,,2,,,,,,,,,,0
1398920,,2,,,,,,,,,,0
1398921,,2,,,,,,,,,,0
1398922,,2,,,,,,,,,,0
1398923,,2,,,,,,,,,,0
1398924,,2,,,,,,,,,,0
1398925,,2,,,,,,,,,,0
1398926,,2,,,,,,,,,,0
1398927,,2,,,,,,,,,,0
1398928,,2,,,,,,,,,,0
1398929,,2,,,,,,,,,,0
1398930,,2,,,,,,,,,,0
1398931,,2,,,,,,,,,,0
1398932,,2,,,,,,,,,,0
1398933,,2,,,,,,,,,,0
1398934,,2,,,,,,,,,,0
1398935,,2,,,,,,,,,,0
1398936,,2,,,,,,,,,,0
1398937,,2,,,,,,,,,,0
1398938,,2,,,,,,,,,,0
1398939,,2,,,,,,,,,,0
1398940,,2,,,,,,,,,,0
1398941,,2,,,,,,,,,,0
1398942,,2,,,,,,,,,,0
1398943,,2,,,,,,,,,,0
1398944,,2,,,,,,,,,,0
1398945,,2,,,,,,,,,,0
1398946,,2,,,,,,,,,,0
1398947,,2,,,,,,,,,,0
1398948,,2,,,,,,,,,,0
1398949,,2,,,,,,,,,,0
1398950,,2,,,,,,,,,,0
1398951,,2,,,,,,,,,,0
1398952,,2,,,,,,,,,,0
1398953,,2,,,,,,,,,,0
1398954,,2,,,,,,,,,,0
1398955,,2,,,,,,,,,,0
1398956,,2,,,,,,,,,,0
1398957,,2,,,,,,,,,,0
1398958,,2,,,,,,,,,,0
1398959,,2,,,,,,,,,,0
1398960,,2,,,,,,,,,,0
1398961,,2,,,,,,,,,,0
1398962,,2,,,,,,,,,,0
1398963,,2,,,,,,,,,,0
1398964,,2,,,,,,,,,,0
1398965,,2,,,,,,,,,,0
1398966,,2,,,,,,,,,,0
1398967,,2,,,,,,,,,,0
1398968,,2,,,,,,,,,,0
1398969,,2,,,,,,,,,,0
1398970,,2,,,,,,,,,,0
1398971,,2,,,,,,,,,,0
1398972,,2,,,,,,,,,,0
1398973,,2,,,,,,,,,,0
9208988,,1,,,,,,,,,,0
9208989,,1,,,,,,,,,,0
9208990,,1,,,,,,,,,,0
9208991,,1,,,,,,,,,,0
9208992,,1,,,,,,,,,,0
9208993,,1,,,,,,,,,,0
9208994,,1,,,,,,,,,,0
9208995,,1,,,,,,,,,,0
9208996,,1,,,,,,,,,,0
9208997,,1,,,,,,,,,,0
9208998,,1,,,,,,,,,,0
9208999,,1,,,,,,,,,,0
9209000,,1,,,,,,,,,,0
9209001,,1,,,,,,,,,,0
9209002,,1,,,,,,,,,,0
9209003,,1,,,,,,,,,,0
9209004,,1,,,,,,,,,,0
9209005,,1,,,,,,,,,,0
9209006,,1,,,,,,,,,,0
9209007,,1,,,,,,,,,,0
9209008,,1,,,,,,,,,,0
9209009,,1,,,,,,,,,,0
9209010,,1,,,,,,,,,,0
9209011,,1,,,,,,,,,,0
9209012,,1,,,,,,,,,,0
9209013,,1,,,,,,,,,,0
9209014,,1,,,,,,,,,,0
9209015,,1,,,,,,,,,,0
9209016,,1,,,,,,,,,,0
9209017,,1,,,,,,,,,,0
9209018,,1,,,,,,,,,,0
9209019,,1,,,,,,,,,,0
9209020,,1,,,,,,,,,,0
9209021,,1,,,,,,,,,,0
9209022,,1,,,,,,,,,,0
9209023,,1,,,,,,,,,,0
9209024,,1,,,,,,,,,,0
9209025,,1,,,,,,,,,,0
9209026,,1,,,,,,,,,,0
9209027,,1,,,,,,,,,,0
9209028,,1,,,,,,,,,,0
9209029,,1,,,,,,,,,,0
9209030,,1,,,,,,,,,,0
9209031,,1,,,,,,,,,,0
9209032,,1,,,,,,,,,,0
9209033,,1,,,,,,,,,,0
9209034,,1,,,,,,,,,,0
9209035,,1,,,,,,,,,,0
9209036,,1,,,,,,,,,,0
9209037,,1,,,,,,,,,,0
9209038,,1,,,,,,,,,,0
9209039,,1,,,,,,,,,,0
9209040,,1,,,,,,,,,,0
9209041,,1,,,,,,,,,,0
9209042,,1,,,,,,,,,,0
9209043,,1,,,,,,,,,,0
9209044,,1,,,,,,,,,,0
9209045,,1,,,,,,,,,,0
9209046,,1,,,,,,,,,,0
9209047,,1,,,,,,,,,,0
9209048,,1,,,,,,,,,,0
9209049,,1,,,,,,,,,,0
9209050,,1,,,,,,,,,,0
9209051,,1,,,,,,,,,,0
9209052,,1,,,,,,,,,,0
9209053,,1,,,,,,,,,,0
9209054,,1,,,,,,,,,,0
9209055,,1,,,,,,,,,,0
9209056,,1,,,,,,,,,,0
9209057,,1,,,,,,,,,,0
9209058,,1,,,,,,,,,,0
9209059,,1,,,,,,,,,,0
9209060,,1,,,,,,,,,,0
9209061,,1,,,,,,,,,,0
9209062,,1,,,,,,,,,,0
9209063,,1,,,,,,,,,,0
9209064,,1,,,,,,,,,,0
9209065,,1,,,,,,,,,,0
9209066,,1,,,,,,,,,,0
9209067,,1,,,,,,,,,,0
9209068,,1,,,,,,,,,,0
9209069,,1,,,,,,,,,,0
9209070,,1,,,,,,,,,,0
9209071,,1,,,,,,,,,,0
9209072,,1,,,,,,,,,,0
9209073,,1,,,,,,,,,,0
9209074,,1,,,,,,,,,,0
9209075,,1,,,,,,,,,,0
9209076,,1,,,,,,,,,,0
9209077,,1,,,,,,,,,,0
9209078,,1,,,,,,,,,,0
9209079,,1,,,,,,,,,,0
9209080,,1,,,,,,,,,,0
9209081,,1,,,,,,,,,,0
9209082,,1,,,,,,,,,,0
9209083,,1,,,,,,,,,,0
9209084,,1,,,,,,,,,,0
9209085,,1,,,,,,,,,,0
9209086,,1,,,,,,,,,,0
9209087,,1,,,,,,,,,,0
9209088,,1,,,,,,,,,,0
9209089,,1,,,,,,,,,,0
9209090,,1,,,,,,,,,,0
9209091,,1,,,,,,,,,,0
9209092,,1,,,,,,,,,,0
9209093,,1,,,,,,,,,,0
9209094,,1,,,,,,,,,,0
9209095,,1,,,,,,,,,,0
9209096,,1,,,,,,,,,,0
9209097,,1,,,,,,,,,,0
9209098,,1,,,,,,,,,,0
9209099,,1,,,,,,,,,,0
9209100,,1,,,,,,,,,,0
9209101,,1,,,,,,,,,,0
9209102,,1,,,,,,,,,,0
9209103,,1,,,,,,,,,,0
9209104,,1,,,,,,,,,,0
9209105,,1,,,,,,,,,,0
9209106,,1,,,,,,,,,,0
9209107,,1,,,,,,,,,,0
9209108,,1,,,,,,,,,,0
9209109,,1,,,,,,,,,,0
9209110,,1,,,,,,,,,,0
9209111,,1,,,,,,,,,,0
9209112,,1,,,,,,,,,,0
9209113,,1,,,,,,,,,,0
9209114,,1,,,,,,,,,,0
9209115,,1,,,,,,,,,,0
9209116,,1,,,,,,,,,,0
9209117,,1,,,,,,,,,,0
9209118,,1,,,,,,,,,,0
9209119,,1,,,,,,,,,,0
9209120,,1,,,,,,,,,,0
9209121,,1,,,,,,,,,,0
9209122,,1,,,,,,,,,,0
9209123,,1,,,,,,,,,,0
9209124,,1,,,,,,,,,,0
9209125,,1,,,,,,,,,,0
9209126,,1,,,,,,,,,,0
9209127,,1,,,,,,,,,,0
9209128,,1,,,,,,,,,,0
9209129,,1,,,,,,,,,,0
9209130,,1,,,,,,,,,,0
9209131,,1,,,,,,,,,,0
9209132,,1,,,,,,,,,,0
9209133,,1,,,,,,,,,,0
9209134,,1,,,,,,,,,,0
9209135,,1,,,,,,,,,,0
9209136,,1,,,,,,,,,,0
9209137,,1,,,,,,,,,,0
9209138,,1,,,,,,,,,,0
9209139,,1,,,,,,,,,,0
9209140,,1,,,,,,,,,,0
9209141,,1,,,,,,,,,,0
9209142,,1,,,,,,,,,,0
9209143,,1,,,,,,,,,,0
9209144,,1,,,,,,,,,,0
9209145,,1,,,,,,,,,,0
9209146,,1,,,,,,,,,,0
9209147,,1,,,,,,,,,,0
9209148,,1,,,,,,,,,,0
9209149,,1,,,,,,,,,,0
9209150,,1,,,,,,,,,,0
9209151,,1,,,,,,,,,,0
9209152,,1,,,,,,,,,,0
9209153,,1,,,,,,,,,,0
9209154,,1,,,,,,,,,,0
9209155,,1,,,,,,,,,,0
9209156,,1,,,,,,,,,,0
9209157,,1,,,,,,,,,,0
9209158,,1,,,,,,,,,,0
9209159,,1,,,,,,,,,,0
9209160,,1,,,,,,,,,,0
9209161,,1,,,,,,,,,,0
9209162,,1,,,,,,,,,,0
9209163,,1,,,,,,,,,,0
9209164,,1,,,,,,,,,,0
9209165,,1,,,,,,,,,,0
9209166,,1,,,,,,,,,,0
9209167,,1,,,,,,,,,,0
9209168,,1,,,,,,,,,,0
9209169,,1,,,,,,,,,,0
9209170,,1,,,,,,,,,,0
9209171,,1,,,,,,,,,,0
9209172,,1,,,,,,,,,,0
9209173,,1,,,,,,,,,,0
9209174,,1,,,,,,,,,,0
9209175,,1,,,,,,,,,,0
9209176,,1,,,,,,,,,,0
9209177,,1,,,,,,,,,,0
9209178,,1,,,,,,,,,,0
9209179,,1,,,,,,,,,,0
9209180,,1,,,,,,,,,,0
9209181,,1,,,,,,,,,,0
9209182,,1,,,,,,,,,,0
9209183,,1,,,,,,,,,,0
9209184,,1,,,,,,,,,,0
9209185,,1,,,,,,,,,,0
9209186,,1,,,,,,,,,,0
9209187,,1,,,,,,,,,,0
9209188,,1,,,,,,,,,,0
9209189,,1,,,,,,,,,,0
9209190,,1,,,,,,,,,,0
9209191,,1,,,,,,,,,,0
9209192,,1,,,,,,,,,,0
9209193,,1,,,,,,,,,,0
9209194,,1,,,,,,,,,,0
9209195,,1,,,,,,,,,,0
9209196,,1,,,,,,,,,,0
9209197,,1,,,,,,,,,,0
9209198,,1,,,,,,,,,,0
9209199,,1,,,,,,,,,,0
9209200,,1,,,,,,,,,,0
9209201,,1,,,,,,,,,,0
9209202,,1,,,,,,,,,,0
9209203,,1,,,,,,,,,,0
9209204,,1,,,,,,,,,,0
9209205,,1,,,,,,,,,,0
9209206,,1,,,,,,,,,,0
9209207,,1,,,,,,,,,,0
9209208,,1,,,,,,,,,,0
9209209,,1,,,,,,,,,,0
9209210,,1,,,,,,,,,,0
9209211,,1,,,,,,,,,,0
9209212,,1,,,,,,,,,,0
9209213,,1,,,,,,,,,,0
9209214,,1,,,,,,,,,,0
9209215,,1,,,,,,,,,,0
9209216,,1,,,,,,,,,,0
9209217,,1,,,,,,,,,,0
9209218,,1,,,,,,,,,,0
9209219,,1,,,,,,,,,,0
9209220,,1,,,,,,,,,,0
9209221,,1,,,,,,,,,,0
9209222,,1,,,,,,,,,,0
9209223,,1,,,,,,,,,,0
9209224,,1,,,,,,,,,,0
9209225,,1,,,,,,,,,,0
9209226,,1,,,,,,,,,,0
9209227,,1,,,,,,,,,,0
9209228,,1,,,,,,,,,,0
9209229,,1,,,,,,,,,,0
9209230,,1,,,,,,,,,,0
9209231,,1,,,,,,,,,,0
9209232,,1,,,,,,,,,,0
9209233,,1,,,,,,,,,,0
9209234,,1,,,,,,,,,,0
9209235,,1,,,,,,,,,,0
9209236,,1,,,,,,,,,,0
9209237,,1,,,,,,,,,,0
9209238,,1,,,,,,,,,,0
9209239,,1,,,,,,,,,,0
9209240,,1,,,,,,,,,,0
9209241,,1,,,,,,,,,,0
9209242,,1,,,,,,,,,,0
9209243,,1,,,,,,,,,,0
9209244,,1,,,,,,,,,,0
9209245,,1,,,,,,,,,,0
9209246,,1,,,,,,,,,,0
9209247,,1,,,,,,,,,,0
9209248,,1,,,,,,,,,,0
9209249,,1,,,,,,,,,,0
9209250,,1,,,,,,,,,,0
9209251,,1,,,,,,,,,,0
9209252,,1,,,,,,,,,,0
9209253,,1,,,,,,,,,,0
9209254,,1,,,,,,,,,,0
9209255,,1,,,,,,,,,,0
9209256,,1,,,,,,,,,,0
9209257,,1,,,,,,,,,,0
9209258,,1,,,,,,,,,,0
9209259,,1,,,,,,,,,,0
9209260,,1,,,,,,,,,,0
9209261,,1,,,,,,,,,,0
9209262,,1,,,,,,,,,,0
9209263,,1,,,,,,,,,,0
9209264,,1,,,,,,,,,,0
9209265,,1,,,,,,,,,,0
9209266,,1,,,,,,,,,,0
9209267,,1,,,,,,,,,,0
9209268,,1,,,,,,,,,,0
9209269,,1,,,,,,,,,,0
9209270,,1,,,,,,,,,,0
9209271,,1,,,,,,,,,,0
9209272,,1,,,,,,,,,,0
9209273,,1,,,,,,,,,,0
9209274,,1,,,,,,,,,,0
9209275,,1,,,,,,,,,,0
9209276,,1,,,,,,,,,,0
9209277,,1,,,,,,,,,,0
9209278,,1,,,,,,,,,,0
9209279,,1,,,,,,,,,,0
9209280,,1,,,,,,,,,,0
9209281,,1,,,,,,,,,,0
9209282,,1,,,,,,,,,,0
9209283,,1,,,,,,,,,,0
9209284,,1,,,,,,,,,,0
9209285,,1,,,,,,,,,,0
9209286,,1,,,,,,,,,,0
9209287,,1,,,,,,,,,,0
9209288,,1,,,,,,,,,,0
9209289,,1,,,,,,,,,,0
9209290,,1,,,,,,,,,,0
9209291,,1,,,,,,,,,,0
9209292,,1,,,,,,,,,,0
9209293,,1,,,,,,,,,,0
9209294,,1,,,,,,,,,,0
9209295,,1,,,,,,,,,,0
9209296,,1,,,,,,,,,,0
9209297,,1,,,,,,,,,,0
9209298,,1,,,,,,,,,,0
9209299,,1,,,,,,,,,,0
9209300,,1,,,,,,,,,,0
9209301,,1,,,,,,,,,,0
9209302,,1,,,,,,,,,,0
9209303,,1,,,,,,,,,,0
9209304,,1,,,,,,,,,,0
9209305,,1,,,,,,,,,,0
9209306,,1,,,,,,,,,,0
9209307,,1,,,,,,,,,,0
9209308,,1,,,,,,,,,,0
9209309,,1,,,,,,,,,,0
9209310,,1,,,,,,,,,,0
9209311,,1,,,,,,,,,,0
9209312,,1,,,,,,,,,,0
9209313,,1,,,,,,,,,,0
9209314,,1,,,,,,,,,,0
9209315,,1,,,,,,,,,,0
9209316,,1,,,,,,,,,,0
9209317,,1,,,,,,,,,,0
9209318,,1,,,,,,,,,,0
9209319,,1,,,,,,,,,,0
9209320,,1,,,,,,,,,,0
9209321,,1,,,,,,,,,,0
9209322,,1,,,,,,,,,,0
9209323,,1,,,,,,,,,,0
9209324,,1,,,,,,,,,,0
9209325,,1,,,,,,,,,,0
9209326,,1,,,,,,,,,,0
9209327,,1,,,,,,,,,,0
9209328,,1,,,,,,,,,,0
9209329,,1,,,,,,,,,,0
9209330,,1,,,,,,,,,,0
9209331,,1,,,,,,,,,,0
9209332,,1,,,,,,,,,,0
9209333,,1,,,,,,,,,,0
9209334,,1,,,,,,,,,,0
9209335,,1,,,,,,,,,,0
9209336,,1,,,,,,,,,,0
9209337,,1,,,,,,,,,,0
9209338,,1,,,,,,,,,,0
9209339,,1,,,,,,,,,,0
9209340,,1,,,,,,,,,,0
9209341,,1,,,,,,,,,,0
9209342,,1,,,,,,,,,,0
9209343,,1,,,,,,,,,,0
9209344,,1,,,,,,,,,,0
9209345,,1,,,,,,,,,,0
9209346,,1,,,,,,,,,,0
9209347,,1,,,,,,,,,,0
9209348,,1,,,,,,,,,,0
9209349,,1,,,,,,,,,,0
9209350,,1,,,,,,,,,,0
9209351,,1,,,,,,,,,,0
9209352,,1,,,,,,,,,,0
9209353,,1,,,,,,,,,,0
9209354,,1,,,,,,,,,,0
9209355,,1,,,,,,,,,,0
9209356,,1,,,,,,,,,,0
9209357,,1,,,,,,,,,,0
9209358,,1,,,,,,,,,,0
9209359,,1,,,,,,,,,,0
9209360,,1,,,,,,,,,,0
9209361,,1,,,,,,,,,,0
9209362,,1,,,,,,,,,,0
9209363,,1,,,,,,,,,,0
9209364,,1,,,,,,,,,,0
9209365,,1,,,,,,,,,,0
9209366,,1,,,,,,,,,,0
9209367,,1,,,,,,,,,,0
9209368,,1,,,,,,,,,,0
9209369,,1,,,,,,,,,,0
9209370,,1,,,,,,,,,,0
9209371,,1,,,,,,,,,,0
9209372,,1,,,,,,,,,,0
9209373,,1,,,,,,,,,,0
9209374,,1,,,,,,,,,,0
9209375,,1,,,,,,,,,,0
9209376,,1,,,,,,,,,,0
9209377,,1,,,,,,,,,,0
9209378,,1,,,,,,,,,,0
9209379,,1,,,,,,,,,,0
9209380,,1,,,,,,,,,,0
9209381,,1,,,,,,,,,,0
9209382,,1,,,,,,,,,,0
9209383,,1,,,,,,,,,,0
9209384,,1,,,,,,,,,,0
9209385,,1,,,,,,,,,,0
9209386,,1,,,,,,,,,,0
9209387,,1,,,,,,,,,,0
9209388,,1,,,,,,,,,,0
9209389,,1,,,,,,,,,,0
9209390,,1,,,,,,,,,,0
9209391,,1,,,,,,,,,,0
9209392,,1,,,,,,,,,,0
9209393,,1,,,,,,,,,,0
9209394,,1,,,,,,,,,,0
9209395,,1,,,,,,,,,,0
9209396,,1,,,,,,,,,,0
9209397,,1,,,,,,,,,,0
9209398,,1,,,,,,,,,,0
9209399,,1,,,,,,,,,,0
9209400,,1,,,,,,,,,,0
9209401,,1,,,,,,,,,,0
9209402,,1,,,,,,,,,,0
9209403,,1,,,,,,,,,,0
9209404,,1,,,,,,,,,,0
9209405,,1,,,,,,,,,,0
9209406,,1,,,,,,,,,,0
9209407,,1,,,,,,,,,,0
9209408,,1,,,,,,,,,,0
9209409,,1,,,,,,,,,,0
9209410,,1,,,,,,,,,,0
9209411,,1,,,,,,,,,,0
9209412,,1,,,,,,,,,,0
9209413,,1,,,,,,,,,,0
9209414,,1,,,,,,,,,,0
9209415,,1,,,,,,,,,,0
9209416,,1,,,,,,,,,,0
9209417,,1,,,,,,,,,,0
9209418,,1,,,,,,,,,,0
9209419,,1,,,,,,,,,,0
9209420,,1,,,,,,,,,,0
9209421,,1,,,,,,,,,,0
9209422,,1,,,,,,,,,,0
9209423,,1,,,,,,,,,,0
9209424,,1,,,,,,,,,,0
9209425,,1,,,,,,,,,,0
9209426,,1,,,,,,,,,,0
9209427,,1,,,,,,,,,,0
9209428,,1,,,,,,,,,,0
9209429,,1,,,,,,,,,,0
9209430,,1,,,,,,,,,,0
9209431,,1,,,,,,,,,,0
9209432,,1,,,,,,,,,,0
9209433,,1,,,,,,,,,,0
9209434,,1,,,,,,,,,,0
9209435,,1,,,,,,,,,,0
9209436,,1,,,,,,,,,,0
9209437,,1,,,,,,,,,,0
9209438,,1,,,,,,,,,,0
9209439,,1,,,,,,,,,,0
9209440,,1,,,,,,,,,,0
9209441,,1,,,,,,,,,,0
9209442,,1,,,,,,,,,,0
9209443,,1,,,,,,,,,,0
9209444,,1,,,,,,,,,,0
9209445,,1,,,,,,,,,,0
9209446,,1,,,,,,,,,,0
9209447,,1,,,,,,,,,,0
9209448,,1,,,,,,,,,,0
9209449,,1,,,,,,,,,,0
9209450,,1,,,,,,,,,,0
9209451,,1,,,,,,,,,,0
9209452,,1,,,,,,,,,,0
9209453,,1,,,,,,,,,,0
9209454,,1,,,,,,,,,,0
9209455,,1,,,,,,,,,,0
9209456,,1,,,,,,,,,,0
9209457,,1,,,,,,,,,,0
9209458,,1,,,,,,,,,,0
9209459,,1,,,,,,,,,,0
9209460,,1,,,,,,,,,,0
9209461,,1,,,,,,,,,,0
9209462,,1,,,,,,,,,,0
9209463,,1,,,,,,,,,,0
9209464,,1,,,,,,,,,,0
9209465,,1,,,,,,,,,,0
9209466,,1,,,,,,,,,,0
9209467,,1,,,,,,,,,,0
9209468,,1,,,,,,,,,,0
9209469,,1,,,,,,,,,,0
9209470,,1,,,,,,,,,,0
9209471,,1,,,,,,,,,,0
9209472,,1,,,,,,,,,,0
9209473,,1,,,,,,,,,,0
9209474,,1,,,,,,,,,,0
9209475,,1,,,,,,,,,,0
9209476,,1,,,,,,,,,,0
9209477,,1,,,,,,,,,,0
9209478,,1,,,,,,,,,,0
9209479,,1,,,,,,,,,,0
9209480,,1,,,,,,,,,,0
9209481,,1,,,,,,,,,,0
9209482,,1,,,,,,,,,,0
9209483,,1,,,,,,,,,,0
9209484,,1,,,,,,,,,,0
9209485,,1,,,,,,,,,,0
9209486,,1,,,,,,,,,,0
9209487,,1,,,,,,,,,,0
1398974,,2,,,,,,,,,,0
1398975,,2,,,,,,,,,,0
1398976,,2,,,,,,,,,,0
1398977,,2,,,,,,,,,,0
1398978,,2,,,,,,,,,,0
1398979,,2,,,,,,,,,,0
1398980,,2,,,,,,,,,,0
1398981,,2,,,,,,,,,,0
1398982,,2,,,,,,,,,,0
1398983,,2,,,,,,,,,,0
1398984,,2,,,,,,,,,,0
1398985,,2,,,,,,,,,,0
1398986,,2,,,,,,,,,,0
1398987,,2,,,,,,,,,,0
1398988,,2,,,,,,,,,,0
1398989,,2,,,,,,,,,,0
1398990,,2,,,,,,,,,,0
1398991,,2,,,,,,,,,,0
1398992,,2,,,,,,,,,,0
1398993,,2,,,,,,,,,,0
1398994,,2,,,,,,,,,,0
1398995,,2,,,,,,,,,,0
1398996,,2,,,,,,,,,,0
1398997,,2,,,,,,,,,,0
1398998,,2,,,,,,,,,,0
1398999,,2,,,,,,,,,,0
1399000,,2,,,,,,,,,,0
1399001,,2,,,,,,,,,,0
1399002,,2,,,,,,,,,,0
1399003,,2,,,,,,,,,,0
1399004,,2,,,,,,,,,,0
1399005,,2,,,,,,,,,,0
1399006,,2,,,,,,,,,,0
1399007,,2,,,,,,,,,,0
1399008,,2,,,,,,,,,,0
1399009,,2,,,,,,,,,,0
1399010,,2,,,,,,,,,,0
1399011,,2,,,,,,,,,,0
1399012,,2,,,,,,,,,,0
1399013,,2,,,,,,,,,,0
1399014,,2,,,,,,,,,,0
1399015,,2,,,,,,,,,,0
1399016,,2,,,,,,,,,,0
1399017,,2,,,,,,,,,,0
1399018,,2,,,,,,,,,,0
1399019,,2,,,,,,,,,,0
1399020,,2,,,,,,,,,,0
1399021,,2,,,,,,,,,,0
1399022,,2,,,,,,,,,,0
1399023,,2,,,,,,,,,,0
1399024,,2,,,,,,,,,,0
1399025,,2,,,,,,,,,,0
1399026,,2,,,,,,,,,,0
1399027,,2,,,,,,,,,,0
1399028,,2,,,,,,,,,,0
1399029,,2,,,,,,,,,,0
1399030,,2,,,,,,,,,,0
1399031,,2,,,,,,,,,,0
1399032,,2,,,,,,,,,,0
1399033,,2,,,,,,,,,,0
1399034,,2,,,,,,,,,,0
1399035,,2,,,,,,,,,,0
1399036,,2,,,,,,,,,,0
1399037,,2,,,,,,,,,,0
1399038,,2,,,,,,,,,,0
1399039,,2,,,,,,,,,,0
1399040,,2,,,,,,,,,,0
1399041,,2,,,,,,,,,,0
1399042,,2,,,,,,,,,,0
1399043,,2,,,,,,,,,,0
1399044,,2,,,,,,,,,,0
1399045,,2,,,,,,,,,,0
1399046,,2,,,,,,,,,,0
1399047,,2,,,,,,,,,,0
1399048,,2,,,,,,,,,,0
1399049,,2,,,,,,,,,,0
1399050,,2,,,,,,,,,,0
1399051,,2,,,,,,,,,,0
1399052,,2,,,,,,,,,,0
1399053,,2,,,,,,,,,,0
1399054,,2,,,,,,,,,,0
1399055,,2,,,,,,,,,,0
1399056,,2,,,,,,,,,,0
1399057,,2,,,,,,,,,,0
1399058,,2,,,,,,,,,,0
1399059,,2,,,,,,,,,,0
1399060,,2,,,,,,,,,,0
1399061,,2,,,,,,,,,,0
1399062,,2,,,,,,,,,,0
1399063,,2,,,,,,,,,,0
1399064,,2,,,,,,,,,,0
1399065,,2,,,,,,,,,,0
1399066,,2,,,,,,,,,,0
1399067,,2,,,,,,,,,,0
1399068,,2,,,,,,,,,,0
1399069,,2,,,,,,,,,,0
1399070,,2,,,,,,,,,,0
1399071,,2,,,,,,,,,,0
1399072,,2,,,,,,,,,,0
1399073,,2,,,,,,,,,,0
1399074,,2,,,,,,,,,,0
1399075,,2,,,,,,,,,,0
1399076,,2,,,,,,,,,,0
1399077,,2,,,,,,,,,,0
1399078,,2,,,,,,,,,,0
1399079,,2,,,,,,,,,,0
1399080,,2,,,,,,,,,,0
1399081,,2,,,,,,,,,,0
1399082,,2,,,,,,,,,,0
1399083,,2,,,,,,,,,,0
1399084,,2,,,,,,,,,,0
1399085,,2,,,,,,,,,,0
1399086,,2,,,,,,,,,,0
1399087,,2,,,,,,,,,,0
1399088,,2,,,,,,,,,,0
1399089,,2,,,,,,,,,,0
1399090,,2,,,,,,,,,,0
1399091,,2,,,,,,,,,,0
1399092,,2,,,,,,,,,,0
1399093,,2,,,,,,,,,,0
1399094,,2,,,,,,,,,,0
1399095,,2,,,,,,,,,,0
1399096,,2,,,,,,,,,,0
1399097,,2,,,,,,,,,,0
1399098,,2,,,,,,,,,,0
1399099,,2,,,,,,,,,,0
1399100,,2,,,,,,,,,,0
1399101,,2,,,,,,,,,,0
1399102,,2,,,,,,,,,,0
1399103,,2,,,,,,,,,,0
1399104,,2,,,,,,,,,,0
1399105,,2,,,,,,,,,,0
1399106,,2,,,,,,,,,,0
1399107,,2,,,,,,,,,,0
1399108,,2,,,,,,,,,,0
1399109,,2,,,,,,,,,,0
1399110,,2,,,,,,,,,,0
1399111,,2,,,,,,,,,,0
1399112,,2,,,,,,,,,,0
1399113,,2,,,,,,,,,,0
1399114,,2,,,,,,,,,,0
1399115,,2,,,,,,,,,,0
1399116,,2,,,,,,,,,,0
1399117,,2,,,,,,,,,,0
1399118,,2,,,,,,,,,,0
1399119,,2,,,,,,,,,,0
1399120,,2,,,,,,,,,,0
1399121,,2,,,,,,,,,,0
1399122,,2,,,,,,,,,,0
1399123,,2,,,,,,,,,,0
1399124,,2,,,,,,,,,,0
1399125,,2,,,,,,,,,,0
1399126,,2,,,,,,,,,,0
1399127,,2,,,,,,,,,,0
1399128,,2,,,,,,,,,,0
1399129,,2,,,,,,,,,,0
1399130,,2,,,,,,,,,,0
1399131,,2,,,,,,,,,,0
1399132,,2,,,,,,,,,,0
1399133,,2,,,,,,,,,,0
1399134,,2,,,,,,,,,,0
1399135,,2,,,,,,,,,,0
1399136,,2,,,,,,,,,,0
1399137,,2,,,,,,,,,,0
1399138,,2,,,,,,,,,,0
1399139,,2,,,,,,,,,,0
1399140,,2,,,,,,,,,,0
1399141,,2,,,,,,,,,,0
1399142,,2,,,,,,,,,,0
1399143,,2,,,,,,,,,,0
1399144,,2,,,,,,,,,,0
1399145,,2,,,,,,,,,,0
1399146,,2,,,,,,,,,,0
1399147,,2,,,,,,,,,,0
1399148,,2,,,,,,,,,,0
1399149,,2,,,,,,,,,,0
1399150,,2,,,,,,,,,,0
1399151,,2,,,,,,,,,,0
1399152,,2,,,,,,,,,,0
1399153,,2,,,,,,,,,,0
1399154,,2,,,,,,,,,,0
1399155,,2,,,,,,,,,,0
1399156,,2,,,,,,,,,,0
1399157,,2,,,,,,,,,,0
1399158,,2,,,,,,,,,,0
1399159,,2,,,,,,,,,,0
1399160,,2,,,,,,,,,,0
1399161,,2,,,,,,,,,,0
1399162,,2,,,,,,,,,,0
1399163,,2,,,,,,,,,,0
1399164,,2,,,,,,,,,,0
1399165,,2,,,,,,,,,,0
1399166,,2,,,,,,,,,,0
1399167,,2,,,,,,,,,,0
1399168,,2,,,,,,,,,,0
1399169,,2,,,,,,,,,,0
1399170,,2,,,,,,,,,,0
1399171,,2,,,,,,,,,,0
1399172,,2,,,,,,,,,,0
1399173,,2,,,,,,,,,,0
1399174,,2,,,,,,,,,,0
1399175,,2,,,,,,,,,,0
1399176,,2,,,,,,,,,,0
1399177,,2,,,,,,,,,,0
1399178,,2,,,,,,,,,,0
1399179,,2,,,,,,,,,,0
1399180,,2,,,,,,,,,,0
1399181,,2,,,,,,,,,,0
1399182,,2,,,,,,,,,,0
1399183,,2,,,,,,,,,,0
1399184,,2,,,,,,,,,,0
1399185,,2,,,,,,,,,,0
1399186,,2,,,,,,,,,,0
1399187,,2,,,,,,,,,,0
1399188,,2,,,,,,,,,,0
1399189,,2,,,,,,,,,,0
1399190,,2,,,,,,,,,,0
1399191,,2,,,,,,,,,,0
1399192,,2,,,,,,,,,,0
1399193,,2,,,,,,,,,,0
1399194,,2,,,,,,,,,,0
1399195,,2,,,,,,,,,,0
1399196,,2,,,,,,,,,,0
1399197,,2,,,,,,,,,,0
1399198,,2,,,,,,,,,,0
1399199,,2,,,,,,,,,,0
1399200,,2,,,,,,,,,,0
1399201,,2,,,,,,,,,,0
1399202,,2,,,,,,,,,,0
1399203,,2,,,,,,,,,,0
1399204,,2,,,,,,,,,,0
1399205,,2,,,,,,,,,,0
1399206,,2,,,,,,,,,,0
1399207,,2,,,,,,,,,,0
1399208,,2,,,,,,,,,,0
1399209,,2,,,,,,,,,,0
1399210,,2,,,,,,,,,,0
1399211,,2,,,,,,,,,,0
1399212,,2,,,,,,,,,,0
1399213,,2,,,,,,,,,,0
1399214,,2,,,,,,,,,,0
1399215,,2,,,,,,,,,,0
1399216,,2,,,,,,,,,,0
1399217,,2,,,,,,,,,,0
1399218,,2,,,,,,,,,,0
1399219,,2,,,,,,,,,,0
1399220,,2,,,,,,,,,,0
1399221,,2,,,,,,,,,,0
1399222,,2,,,,,,,,,,0
1399223,,2,,,,,,,,,,0
1399224,,2,,,,,,,,,,0
1399225,,2,,,,,,,,,,0
1399226,,2,,,,,,,,,,0
1399227,,2,,,,,,,,,,0
1399228,,2,,,,,,,,,,0
1399229,,2,,,,,,,,,,0
1399230,,2,,,,,,,,,,0
1399231,,2,,,,,,,,,,0
1399232,,2,,,,,,,,,,0
1399233,,2,,,,,,,,,,0
1399234,,2,,,,,,,,,,0
1399235,,2,,,,,,,,,,0
1399236,,2,,,,,,,,,,0
1399237,,2,,,,,,,,,,0
1399238,,2,,,,,,,,,,0
1399239,,2,,,,,,,,,,0
1399240,,2,,,,,,,,,,0
1399241,,2,,,,,,,,,,0
1399242,,2,,,,,,,,,,0
1399243,,2,,,,,,,,,,0
1399244,,2,,,,,,,,,,0
1399245,,2,,,,,,,,,,0
1399246,,2,,,,,,,,,,0
1399247,,2,,,,,,,,,,0
1399248,,2,,,,,,,,,,0
1399249,,2,,,,,,,,,,0
1399250,,2,,,,,,,,,,0
1399251,,2,,,,,,,,,,0
1399252,,2,,,,,,,,,,0
1399253,,2,,,,,,,,,,0
1399254,,2,,,,,,,,,,0
1399255,,2,,,,,,,,,,0
1399256,,2,,,,,,,,,,0
1399257,,2,,,,,,,,,,0
1399258,,2,,,,,,,,,,0
1399259,,2,,,,,,,,,,0
1399260,,2,,,,,,,,,,0
1399261,,2,,,,,,,,,,0
1399262,,2,,,,,,,,,,0
1399263,,2,,,,,,,,,,0
1399264,,2,,,,,,,,,,0
1399265,,2,,,,,,,,,,0
1399266,,2,,,,,,,,,,0
1399267,,2,,,,,,,,,,0
1399268,,2,,,,,,,,,,0
1399269,,2,,,,,,,,,,0
1399270,,2,,,,,,,,,,0
1399271,,2,,,,,,,,,,0
1399272,,2,,,,,,,,,,0
1399273,,2,,,,,,,,,,0
1399274,,2,,,,,,,,,,0
1399275,,2,,,,,,,,,,0
1399276,,2,,,,,,,,,,0
1399277,,2,,,,,,,,,,0
1399278,,2,,,,,,,,,,0
1399279,,2,,,,,,,,,,0
1399280,,2,,,,,,,,,,0
1399281,,2,,,,,,,,,,0
1399282,,2,,,,,,,,,,0
1399283,,2,,,,,,,,,,0
1399284,,2,,,,,,,,,,0
1399285,,2,,,,,,,,,,0
1399286,,2,,,,,,,,,,0
1399287,,2,,,,,,,,,,0
1399288,,2,,,,,,,,,,0
1399289,,2,,,,,,,,,,0
1399290,,2,,,,,,,,,,0
1399291,,2,,,,,,,,,,0
1399292,,2,,,,,,,,,,0
1399293,,2,,,,,,,,,,0
1399294,,2,,,,,,,,,,0
1399295,,2,,,,,,,,,,0
1399296,,2,,,,,,,,,,0
1399297,,2,,,,,,,,,,0
1399298,,2,,,,,,,,,,0
1399299,,2,,,,,,,,,,0
1399300,,2,,,,,,,,,,0
1399301,,2,,,,,,,,,,0
1399302,,2,,,,,,,,,,0
1399303,,2,,,,,,,,,,0
1399304,,2,,,,,,,,,,0
1399305,,2,,,,,,,,,,0
1399306,,2,,,,,,,,,,0
1399307,,2,,,,,,,,,,0
1399308,,2,,,,,,,,,,0
1399309,,2,,,,,,,,,,0
1399310,,2,,,,,,,,,,0
1399311,,2,,,,,,,,,,0
1399312,,2,,,,,,,,,,0
1399313,,2,,,,,,,,,,0
1399314,,2,,,,,,,,,,0
1399315,,2,,,,,,,,,,0
1399316,,2,,,,,,,,,,0
1399317,,2,,,,,,,,,,0
1399318,,2,,,,,,,,,,0
1399319,,2,,,,,,,,,,0
1399320,,2,,,,,,,,,,0
1399321,,2,,,,,,,,,,0
1399322,,2,,,,,,,,,,0
1399323,,2,,,,,,,,,,0
1399324,,2,,,,,,,,,,0
1399325,,2,,,,,,,,,,0
1399326,,2,,,,,,,,,,0
1399327,,2,,,,,,,,,,0
1399328,,2,,,,,,,,,,0
1399329,,2,,,,,,,,,,0
1399330,,2,,,,,,,,,,0
1399331,,2,,,,,,,,,,0
1399332,,2,,,,,,,,,,0
1399333,,2,,,,,,,,,,0
1399334,,2,,,,,,,,,,0
1399335,,2,,,,,,,,,,0
1399336,,2,,,,,,,,,,0
1399337,,2,,,,,,,,,,0
1399338,,2,,,,,,,,,,0
1399339,,2,,,,,,,,,,0
1399340,,2,,,,,,,,,,0
1399341,,2,,,,,,,,,,0
1399342,,2,,,,,,,,,,0
1399343,,2,,,,,,,,,,0
1399344,,2,,,,,,,,,,0
1399345,,2,,,,,,,,,,0
1399346,,2,,,,,,,,,,0
1399347,,2,,,,,,,,,,0
1399348,,2,,,,,,,,,,0
1399349,,2,,,,,,,,,,0
1399350,,2,,,,,,,,,,0
1399351,,2,,,,,,,,,,0
1399352,,2,,,,,,,,,,0
1399353,,2,,,,,,,,,,0
1399354,,2,,,,,,,,,,0
1399355,,2,,,,,,,,,,0
1399356,,2,,,,,,,,,,0
1399357,,2,,,,,,,,,,0
1399358,,2,,,,,,,,,,0
1399359,,2,,,,,,,,,,0
1399360,,2,,,,,,,,,,0
1399361,,2,,,,,,,,,,0
1399362,,2,,,,,,,,,,0
1399363,,2,,,,,,,,,,0
1399364,,2,,,,,,,,,,0
1399365,,2,,,,,,,,,,0
1399366,,2,,,,,,,,,,0
1399367,,2,,,,,,,,,,0
1399368,,2,,,,,,,,,,0
1399369,,2,,,,,,,,,,0
1399370,,2,,,,,,,,,,0
1399371,,2,,,,,,,,,,0
1399372,,2,,,,,,,,,,0
1399373,,2,,,,,,,,,,0
1399374,,2,,,,,,,,,,0
1399375,,2,,,,,,,,,,0
1399376,,2,,,,,,,,,,0
1399377,,2,,,,,,,,,,0
1399378,,2,,,,,,,,,,0
1399379,,2,,,,,,,,,,0
1399380,,2,,,,,,,,,,0
1399381,,2,,,,,,,,,,0
1399382,,2,,,,,,,,,,0
1399383,,2,,,,,,,,,,0
1399384,,2,,,,,,,,,,0
1399385,,2,,,,,,,,,,0
1399386,,2,,,,,,,,,,0
1399387,,2,,,,,,,,,,0
1399388,,2,,,,,,,,,,0
1399389,,2,,,,,,,,,,0
1399390,,2,,,,,,,,,,0
1399391,,2,,,,,,,,,,0
1399392,,2,,,,,,,,,,0
1399393,,2,,,,,,,,,,0
1399394,,2,,,,,,,,,,0
1399395,,2,,,,,,,,,,0
1399396,,2,,,,,,,,,,0
1399397,,2,,,,,,,,,,0
1399398,,2,,,,,,,,,,0
1399399,,2,,,,,,,,,,0
1399400,,2,,,,,,,,,,0
1399401,,2,,,,,,,,,,0
1399402,,2,,,,,,,,,,0
1399403,,2,,,,,,,,,,0
1399404,,2,,,,,,,,,,0
1399405,,2,,,,,,,,,,0
1399406,,2,,,,,,,,,,0
1399407,,2,,,,,,,,,,0
1399408,,2,,,,,,,,,,0
1399409,,2,,,,,,,,,,0
1399410,,2,,,,,,,,,,0
1399411,,2,,,,,,,,,,0
1399412,,2,,,,,,,,,,0
1399413,,2,,,,,,,,,,0
1399414,,2,,,,,,,,,,0
1399415,,2,,,,,,,,,,0
1399416,,2,,,,,,,,,,0
1399417,,2,,,,,,,,,,0
1399418,,2,,,,,,,,,,0
1399419,,2,,,,,,,,,,0
1399420,,2,,,,,,,,,,0
1399421,,2,,,,,,,,,,0
1399422,,2,,,,,,,,,,0
1399423,,2,,,,,,,,,,0
1399424,,2,,,,,,,,,,0
1399425,,2,,,,,,,,,,0
1399426,,2,,,,,,,,,,0
1399427,,2,,,,,,,,,,0
1399428,,2,,,,,,,,,,0
1399429,,2,,,,,,,,,,0
1399430,,2,,,,,,,,,,0
1399431,,2,,,,,,,,,,0
1399432,,2,,,,,,,,,,0
1399433,,2,,,,,,,,,,0
1399434,,2,,,,,,,,,,0
1399435,,2,,,,,,,,,,0
1399436,,2,,,,,,,,,,0
1399437,,2,,,,,,,,,,0
1399438,,2,,,,,,,,,,0
1399439,,2,,,,,,,,,,0
1399440,,2,,,,,,,,,,0
1399441,,2,,,,,,,,,,0
1399442,,2,,,,,,,,,,0
1399443,,2,,,,,,,,,,0
1399444,,2,,,,,,,,,,0
1399445,,2,,,,,,,,,,0
1399446,,2,,,,,,,,,,0
1399447,,2,,,,,,,,,,0
1399448,,2,,,,,,,,,,0
1399449,,2,,,,,,,,,,0
1399450,,2,,,,,,,,,,0
1399451,,2,,,,,,,,,,0
1399452,,2,,,,,,,,,,0
1399453,,2,,,,,,,,,,0
1399454,,2,,,,,,,,,,0
1399455,,2,,,,,,,,,,0
1399456,,2,,,,,,,,,,0
1399457,,2,,,,,,,,,,0
1399458,,2,,,,,,,,,,0
1399459,,2,,,,,,,,,,0
1399460,,2,,,,,,,,,,0
1399461,,2,,,,,,,,,,0
1399462,,2,,,,,,,,,,0
1399463,,2,,,,,,,,,,0
1399464,,2,,,,,,,,,,0
1399465,,2,,,,,,,,,,0
1399466,,2,,,,,,,,,,0
1399467,,2,,,,,,,,,,0
1399468,,2,,,,,,,,,,0
1399469,,2,,,,,,,,,,0
1399470,,2,,,,,,,,,,0
1399471,,2,,,,,,,,,,0
1399472,,2,,,,,,,,,,0
1399473,,2,,,,,,,,,,0
9209488,,1,,,,,,,,,,0
9209489,,1,,,,,,,,,,0
9209490,,1,,,,,,,,,,0
9209491,,1,,,,,,,,,,0
9209492,,1,,,,,,,,,,0
9209493,,1,,,,,,,,,,0
9209494,,1,,,,,,,,,,0
9209495,,1,,,,,,,,,,0
9209496,,1,,,,,,,,,,0
9209497,,1,,,,,,,,,,0
9209498,,1,,,,,,,,,,0
9209499,,1,,,,,,,,,,0
9209500,,1,,,,,,,,,,0
9209501,,1,,,,,,,,,,0
9209502,,1,,,,,,,,,,0
9209503,,1,,,,,,,,,,0
9209504,,1,,,,,,,,,,0
9209505,,1,,,,,,,,,,0
9209506,,1,,,,,,,,,,0
9209507,,1,,,,,,,,,,0
9209508,,1,,,,,,,,,,0
9209509,,1,,,,,,,,,,0
9209510,,1,,,,,,,,,,0
9209511,,1,,,,,,,,,,0
9209512,,1,,,,,,,,,,0
9209513,,1,,,,,,,,,,0
9209514,,1,,,,,,,,,,0
9209515,,1,,,,,,,,,,0
9209516,,1,,,,,,,,,,0
9209517,,1,,,,,,,,,,0
9209518,,1,,,,,,,,,,0
9209519,,1,,,,,,,,,,0
9209520,,1,,,,,,,,,,0
9209521,,1,,,,,,,,,,0
9209522,,1,,,,,,,,,,0
9209523,,1,,,,,,,,,,0
9209524,,1,,,,,,,,,,0
9209525,,1,,,,,,,,,,0
9209526,,1,,,,,,,,,,0
9209527,,1,,,,,,,,,,0
9209528,,1,,,,,,,,,,0
9209529,,1,,,,,,,,,,0
9209530,,1,,,,,,,,,,0
9209531,,1,,,,,,,,,,0
9209532,,1,,,,,,,,,,0
9209533,,1,,,,,,,,,,0
9209534,,1,,,,,,,,,,0
9209535,,1,,,,,,,,,,0
9209536,,1,,,,,,,,,,0
9209537,,1,,,,,,,,,,0
9209538,,1,,,,,,,,,,0
9209539,,1,,,,,,,,,,0
9209540,,1,,,,,,,,,,0
9209541,,1,,,,,,,,,,0
9209542,,1,,,,,,,,,,0
9209543,,1,,,,,,,,,,0
9209544,,1,,,,,,,,,,0
9209545,,1,,,,,,,,,,0
9209546,,1,,,,,,,,,,0
9209547,,1,,,,,,,,,,0
9209548,,1,,,,,,,,,,0
9209549,,1,,,,,,,,,,0
9209550,,1,,,,,,,,,,0
9209551,,1,,,,,,,,,,0
9209552,,1,,,,,,,,,,0
9209553,,1,,,,,,,,,,0
9209554,,1,,,,,,,,,,0
9209555,,1,,,,,,,,,,0
9209556,,1,,,,,,,,,,0
9209557,,1,,,,,,,,,,0
9209558,,1,,,,,,,,,,0
9209559,,1,,,,,,,,,,0
9209560,,1,,,,,,,,,,0
9209561,,1,,,,,,,,,,0
9209562,,1,,,,,,,,,,0
9209563,,1,,,,,,,,,,0
9209564,,1,,,,,,,,,,0
9209565,,1,,,,,,,,,,0
9209566,,1,,,,,,,,,,0
9209567,,1,,,,,,,,,,0
9209568,,1,,,,,,,,,,0
9209569,,1,,,,,,,,,,0
9209570,,1,,,,,,,,,,0
9209571,,1,,,,,,,,,,0
9209572,,1,,,,,,,,,,0
9209573,,1,,,,,,,,,,0
9209574,,1,,,,,,,,,,0
9209575,,1,,,,,,,,,,0
9209576,,1,,,,,,,,,,0
9209577,,1,,,,,,,,,,0
9209578,,1,,,,,,,,,,0
9209579,,1,,,,,,,,,,0
9209580,,1,,,,,,,,,,0
9209581,,1,,,,,,,,,,0
9209582,,1,,,,,,,,,,0
9209583,,1,,,,,,,,,,0
9209584,,1,,,,,,,,,,0
9209585,,1,,,,,,,,,,0
9209586,,1,,,,,,,,,,0
9209587,,1,,,,,,,,,,0
9209588,,1,,,,,,,,,,0
9209589,,1,,,,,,,,,,0
9209590,,1,,,,,,,,,,0
9209591,,1,,,,,,,,,,0
9209592,,1,,,,,,,,,,0
9209593,,1,,,,,,,,,,0
9209594,,1,,,,,,,,,,0
9209595,,1,,,,,,,,,,0
9209596,,1,,,,,,,,,,0
9209597,,1,,,,,,,,,,0
9209598,,1,,,,,,,,,,0
9209599,,1,,,,,,,,,,0
9209600,,1,,,,,,,,,,0
9209601,,1,,,,,,,,,,0
9209602,,1,,,,,,,,,,0
9209603,,1,,,,,,,,,,0
9209604,,1,,,,,,,,,,0
9209605,,1,,,,,,,,,,0
9209606,,1,,,,,,,,,,0
9209607,,1,,,,,,,,,,0
9209608,,1,,,,,,,,,,0
9209609,,1,,,,,,,,,,0
9209610,,1,,,,,,,,,,0
9209611,,1,,,,,,,,,,0
9209612,,1,,,,,,,,,,0
9209613,,1,,,,,,,,,,0
9209614,,1,,,,,,,,,,0
9209615,,1,,,,,,,,,,0
9209616,,1,,,,,,,,,,0
9209617,,1,,,,,,,,,,0
9209618,,1,,,,,,,,,,0
9209619,,1,,,,,,,,,,0
9209620,,1,,,,,,,,,,0
9209621,,1,,,,,,,,,,0
9209622,,1,,,,,,,,,,0
9209623,,1,,,,,,,,,,0
9209624,,1,,,,,,,,,,0
9209625,,1,,,,,,,,,,0
9209626,,1,,,,,,,,,,0
9209627,,1,,,,,,,,,,0
9209628,,1,,,,,,,,,,0
9209629,,1,,,,,,,,,,0
9209630,,1,,,,,,,,,,0
9209631,,1,,,,,,,,,,0
9209632,,1,,,,,,,,,,0
9209633,,1,,,,,,,,,,0
9209634,,1,,,,,,,,,,0
9209635,,1,,,,,,,,,,0
9209636,,1,,,,,,,,,,0
9209637,,1,,,,,,,,,,0
9209638,,1,,,,,,,,,,0
9209639,,1,,,,,,,,,,0
9209640,,1,,,,,,,,,,0
9209641,,1,,,,,,,,,,0
9209642,,1,,,,,,,,,,0
9209643,,1,,,,,,,,,,0
9209644,,1,,,,,,,,,,0
9209645,,1,,,,,,,,,,0
9209646,,1,,,,,,,,,,0
9209647,,1,,,,,,,,,,0
9209648,,1,,,,,,,,,,0
9209649,,1,,,,,,,,,,0
9209650,,1,,,,,,,,,,0
9209651,,1,,,,,,,,,,0
9209652,,1,,,,,,,,,,0
9209653,,1,,,,,,,,,,0
9209654,,1,,,,,,,,,,0
9209655,,1,,,,,,,,,,0
9209656,,1,,,,,,,,,,0
9209657,,1,,,,,,,,,,0
9209658,,1,,,,,,,,,,0
9209659,,1,,,,,,,,,,0
9209660,,1,,,,,,,,,,0
9209661,,1,,,,,,,,,,0
9209662,,1,,,,,,,,,,0
9209663,,1,,,,,,,,,,0
9209664,,1,,,,,,,,,,0
9209665,,1,,,,,,,,,,0
9209666,,1,,,,,,,,,,0
9209667,,1,,,,,,,,,,0
9209668,,1,,,,,,,,,,0
9209669,,1,,,,,,,,,,0
9209670,,1,,,,,,,,,,0
9209671,,1,,,,,,,,,,0
9209672,,1,,,,,,,,,,0
9209673,,1,,,,,,,,,,0
9209674,,1,,,,,,,,,,0
9209675,,1,,,,,,,,,,0
9209676,,1,,,,,,,,,,0
9209677,,1,,,,,,,,,,0
9209678,,1,,,,,,,,,,0
9209679,,1,,,,,,,,,,0
9209680,,1,,,,,,,,,,0
9209681,,1,,,,,,,,,,0
9209682,,1,,,,,,,,,,0
9209683,,1,,,,,,,,,,0
9209684,,1,,,,,,,,,,0
9209685,,1,,,,,,,,,,0
9209686,,1,,,,,,,,,,0
9209687,,1,,,,,,,,,,0
9209688,,1,,,,,,,,,,0
9209689,,1,,,,,,,,,,0
9209690,,1,,,,,,,,,,0
9209691,,1,,,,,,,,,,0
9209692,,1,,,,,,,,,,0
9209693,,1,,,,,,,,,,0
9209694,,1,,,,,,,,,,0
9209695,,1,,,,,,,,,,0
9209696,,1,,,,,,,,,,0
9209697,,1,,,,,,,,,,0
9209698,,1,,,,,,,,,,0
9209699,,1,,,,,,,,,,0
9209700,,1,,,,,,,,,,0
9209701,,1,,,,,,,,,,0
9209702,,1,,,,,,,,,,0
9209703,,1,,,,,,,,,,0
9209704,,1,,,,,,,,,,0
9209705,,1,,,,,,,,,,0
9209706,,1,,,,,,,,,,0
9209707,,1,,,,,,,,,,0
9209708,,1,,,,,,,,,,0
9209709,,1,,,,,,,,,,0
9209710,,1,,,,,,,,,,0
9209711,,1,,,,,,,,,,0
9209712,,1,,,,,,,,,,0
9209713,,1,,,,,,,,,,0
9209714,,1,,,,,,,,,,0
9209715,,1,,,,,,,,,,0
9209716,,1,,,,,,,,,,0
9209717,,1,,,,,,,,,,0
9209718,,1,,,,,,,,,,0
9209719,,1,,,,,,,,,,0
9209720,,1,,,,,,,,,,0
9209721,,1,,,,,,,,,,0
9209722,,1,,,,,,,,,,0
9209723,,1,,,,,,,,,,0
9209724,,1,,,,,,,,,,0
9209725,,1,,,,,,,,,,0
9209726,,1,,,,,,,,,,0
9209727,,1,,,,,,,,,,0
9209728,,1,,,,,,,,,,0
9209729,,1,,,,,,,,,,0
9209730,,1,,,,,,,,,,0
9209731,,1,,,,,,,,,,0
9209732,,1,,,,,,,,,,0
9209733,,1,,,,,,,,,,0
9209734,,1,,,,,,,,,,0
9209735,,1,,,,,,,,,,0
9209736,,1,,,,,,,,,,0
9209737,,1,,,,,,,,,,0
9209738,,1,,,,,,,,,,0
9209739,,1,,,,,,,,,,0
9209740,,1,,,,,,,,,,0
9209741,,1,,,,,,,,,,0
9209742,,1,,,,,,,,,,0
9209743,,1,,,,,,,,,,0
9209744,,1,,,,,,,,,,0
9209745,,1,,,,,,,,,,0
9209746,,1,,,,,,,,,,0
9209747,,1,,,,,,,,,,0
9209748,,1,,,,,,,,,,0
9209749,,1,,,,,,,,,,0
9209750,,1,,,,,,,,,,0
9209751,,1,,,,,,,,,,0
9209752,,1,,,,,,,,,,0
9209753,,1,,,,,,,,,,0
9209754,,1,,,,,,,,,,0
9209755,,1,,,,,,,,,,0
9209756,,1,,,,,,,,,,0
9209757,,1,,,,,,,,,,0
9209758,,1,,,,,,,,,,0
9209759,,1,,,,,,,,,,0
9209760,,1,,,,,,,,,,0
9209761,,1,,,,,,,,,,0
9209762,,1,,,,,,,,,,0
9209763,,1,,,,,,,,,,0
9209764,,1,,,,,,,,,,0
9209765,,1,,,,,,,,,,0
9209766,,1,,,,,,,,,,0
9209767,,1,,,,,,,,,,0
9209768,,1,,,,,,,,,,0
9209769,,1,,,,,,,,,,0
9209770,,1,,,,,,,,,,0
9209771,,1,,,,,,,,,,0
9209772,,1,,,,,,,,,,0
9209773,,1,,,,,,,,,,0
9209774,,1,,,,,,,,,,0
9209775,,1,,,,,,,,,,0
9209776,,1,,,,,,,,,,0
9209777,,1,,,,,,,,,,0
9209778,,1,,,,,,,,,,0
9209779,,1,,,,,,,,,,0
9209780,,1,,,,,,,,,,0
9209781,,1,,,,,,,,,,0
9209782,,1,,,,,,,,,,0
9209783,,1,,,,,,,,,,0
9209784,,1,,,,,,,,,,0
9209785,,1,,,,,,,,,,0
9209786,,1,,,,,,,,,,0
9209787,,1,,,,,,,,,,0
9209788,,1,,,,,,,,,,0
9209789,,1,,,,,,,,,,0
9209790,,1,,,,,,,,,,0
9209791,,1,,,,,,,,,,0
9209792,,1,,,,,,,,,,0
9209793,,1,,,,,,,,,,0
9209794,,1,,,,,,,,,,0
9209795,,1,,,,,,,,,,0
9209796,,1,,,,,,,,,,0
9209797,,1,,,,,,,,,,0
9209798,,1,,,,,,,,,,0
9209799,,1,,,,,,,,,,0
9209800,,1,,,,,,,,,,0
9209801,,1,,,,,,,,,,0
9209802,,1,,,,,,,,,,0
9209803,,1,,,,,,,,,,0
9209804,,1,,,,,,,,,,0
9209805,,1,,,,,,,,,,0
9209806,,1,,,,,,,,,,0
9209807,,1,,,,,,,,,,0
9209808,,1,,,,,,,,,,0
9209809,,1,,,,,,,,,,0
9209810,,1,,,,,,,,,,0
9209811,,1,,,,,,,,,,0
9209812,,1,,,,,,,,,,0
9209813,,1,,,,,,,,,,0
9209814,,1,,,,,,,,,,0
9209815,,1,,,,,,,,,,0
9209816,,1,,,,,,,,,,0
9209817,,1,,,,,,,,,,0
9209818,,1,,,,,,,,,,0
9209819,,1,,,,,,,,,,0
9209820,,1,,,,,,,,,,0
9209821,,1,,,,,,,,,,0
9209822,,1,,,,,,,,,,0
9209823,,1,,,,,,,,,,0
9209824,,1,,,,,,,,,,0
9209825,,1,,,,,,,,,,0
9209826,,1,,,,,,,,,,0
9209827,,1,,,,,,,,,,0
9209828,,1,,,,,,,,,,0
9209829,,1,,,,,,,,,,0
9209830,,1,,,,,,,,,,0
9209831,,1,,,,,,,,,,0
9209832,,1,,,,,,,,,,0
9209833,,1,,,,,,,,,,0
9209834,,1,,,,,,,,,,0
9209835,,1,,,,,,,,,,0
9209836,,1,,,,,,,,,,0
9209837,,1,,,,,,,,,,0
9209838,,1,,,,,,,,,,0
9209839,,1,,,,,,,,,,0
9209840,,1,,,,,,,,,,0
9209841,,1,,,,,,,,,,0
9209842,,1,,,,,,,,,,0
9209843,,1,,,,,,,,,,0
9209844,,1,,,,,,,,,,0
9209845,,1,,,,,,,,,,0
9209846,,1,,,,,,,,,,0
9209847,,1,,,,,,,,,,0
9209848,,1,,,,,,,,,,0
9209849,,1,,,,,,,,,,0
9209850,,1,,,,,,,,,,0
9209851,,1,,,,,,,,,,0
9209852,,1,,,,,,,,,,0
9209853,,1,,,,,,,,,,0
9209854,,1,,,,,,,,,,0
9209855,,1,,,,,,,,,,0
9209856,,1,,,,,,,,,,0
9209857,,1,,,,,,,,,,0
9209858,,1,,,,,,,,,,0
9209859,,1,,,,,,,,,,0
9209860,,1,,,,,,,,,,0
9209861,,1,,,,,,,,,,0
9209862,,1,,,,,,,,,,0
9209863,,1,,,,,,,,,,0
9209864,,1,,,,,,,,,,0
9209865,,1,,,,,,,,,,0
9209866,,1,,,,,,,,,,0
9209867,,1,,,,,,,,,,0
9209868,,1,,,,,,,,,,0
9209869,,1,,,,,,,,,,0
9209870,,1,,,,,,,,,,0
9209871,,1,,,,,,,,,,0
9209872,,1,,,,,,,,,,0
9209873,,1,,,,,,,,,,0
9209874,,1,,,,,,,,,,0
9209875,,1,,,,,,,,,,0
9209876,,1,,,,,,,,,,0
9209877,,1,,,,,,,,,,0
9209878,,1,,,,,,,,,,0
9209879,,1,,,,,,,,,,0
9209880,,1,,,,,,,,,,0
9209881,,1,,,,,,,,,,0
9209882,,1,,,,,,,,,,0
9209883,,1,,,,,,,,,,0
9209884,,1,,,,,,,,,,0
9209885,,1,,,,,,,,,,0
9209886,,1,,,,,,,,,,0
9209887,,1,,,,,,,,,,0
9209888,,1,,,,,,,,,,0
9209889,,1,,,,,,,,,,0
9209890,,1,,,,,,,,,,0
9209891,,1,,,,,,,,,,0
9209892,,1,,,,,,,,,,0
9209893,,1,,,,,,,,,,0
9209894,,1,,,,,,,,,,0
9209895,,1,,,,,,,,,,0
9209896,,1,,,,,,,,,,0
9209897,,1,,,,,,,,,,0
9209898,,1,,,,,,,,,,0
9209899,,1,,,,,,,,,,0
9209900,,1,,,,,,,,,,0
9209901,,1,,,,,,,,,,0
9209902,,1,,,,,,,,,,0
9209903,,1,,,,,,,,,,0
9209904,,1,,,,,,,,,,0
9209905,,1,,,,,,,,,,0
9209906,,1,,,,,,,,,,0
9209907,,1,,,,,,,,,,0
9209908,,1,,,,,,,,,,0
9209909,,1,,,,,,,,,,0
9209910,,1,,,,,,,,,,0
9209911,,1,,,,,,,,,,0
9209912,,1,,,,,,,,,,0
9209913,,1,,,,,,,,,,0
9209914,,1,,,,,,,,,,0
9209915,,1,,,,,,,,,,0
9209916,,1,,,,,,,,,,0
9209917,,1,,,,,,,,,,0
9209918,,1,,,,,,,,,,0
9209919,,1,,,,,,,,,,0
9209920,,1,,,,,,,,,,0
9209921,,1,,,,,,,,,,0
9209922,,1,,,,,,,,,,0
9209923,,1,,,,,,,,,,0
9209924,,1,,,,,,,,,,0
9209925,,1,,,,,,,,,,0
9209926,,1,,,,,,,,,,0
9209927,,1,,,,,,,,,,0
9209928,,1,,,,,,,,,,0
9209929,,1,,,,,,,,,,0
9209930,,1,,,,,,,,,,0
9209931,,1,,,,,,,,,,0
9209932,,1,,,,,,,,,,0
9209933,,1,,,,,,,,,,0
9209934,,1,,,,,,,,,,0
9209935,,1,,,,,,,,,,0
9209936,,1,,,,,,,,,,0
9209937,,1,,,,,,,,,,0
9209938,,1,,,,,,,,,,0
9209939,,1,,,,,,,,,,0
9209940,,1,,,,,,,,,,0
9209941,,1,,,,,,,,,,0
9209942,,1,,,,,,,,,,0
9209943,,1,,,,,,,,,,0
9209944,,1,,,,,,,,,,0
9209945,,1,,,,,,,,,,0
9209946,,1,,,,,,,,,,0
9209947,,1,,,,,,,,,,0
9209948,,1,,,,,,,,,,0
9209949,,1,,,,,,,,,,0
9209950,,1,,,,,,,,,,0
9209951,,1,,,,,,,,,,0
9209952,,1,,,,,,,,,,0
9209953,,1,,,,,,,,,,0
9209954,,1,,,,,,,,,,0
9209955,,1,,,,,,,,,,0
9209956,,1,,,,,,,,,,0
9209957,,1,,,,,,,,,,0
9209958,,1,,,,,,,,,,0
9209959,,1,,,,,,,,,,0
9209960,,1,,,,,,,,,,0
9209961,,1,,,,,,,,,,0
9209962,,1,,,,,,,,,,0
9209963,,1,,,,,,,,,,0
9209964,,1,,,,,,,,,,0
9209965,,1,,,,,,,,,,0
9209966,,1,,,,,,,,,,0
9209967,,1,,,,,,,,,,0
9209968,,1,,,,,,,,,,0
9209969,,1,,,,,,,,,,0
9209970,,1,,,,,,,,,,0
9209971,,1,,,,,,,,,,0
9209972,,1,,,,,,,,,,0
9209973,,1,,,,,,,,,,0
9209974,,1,,,,,,,,,,0
9209975,,1,,,,,,,,,,0
9209976,,1,,,,,,,,,,0
9209977,,1,,,,,,,,,,0
9209978,,1,,,,,,,,,,0
9209979,,1,,,,,,,,,,0
9209980,,1,,,,,,,,,,0
9209981,,1,,,,,,,,,,0
9209982,,1,,,,,,,,,,0
9209983,,1,,,,,,,,,,0
9209984,,1,,,,,,,,,,0
9209985,,1,,,,,,,,,,0
9209986,,1,,,,,,,,,,0
9209987,,1,,,,,,,,,,0
1399474,,2,,,,,,,,,,0
1399475,,2,,,,,,,,,,0
1399476,,2,,,,,,,,,,0
1399477,,2,,,,,,,,,,0
1399478,,2,,,,,,,,,,0
1399479,,2,,,,,,,,,,0
1399480,,2,,,,,,,,,,0
1399481,,2,,,,,,,,,,0
1399482,,2,,,,,,,,,,0
1399483,,2,,,,,,,,,,0
1399484,,2,,,,,,,,,,0
1399485,,2,,,,,,,,,,0
1399486,,2,,,,,,,,,,0
1399487,,2,,,,,,,,,,0
1399488,,2,,,,,,,,,,0
1399489,,2,,,,,,,,,,0
1399490,,2,,,,,,,,,,0
1399491,,2,,,,,,,,,,0
1399492,,2,,,,,,,,,,0
1399493,,2,,,,,,,,,,0
1399494,,2,,,,,,,,,,0
1399495,,2,,,,,,,,,,0
1399496,,2,,,,,,,,,,0
1399497,,2,,,,,,,,,,0
1399498,,2,,,,,,,,,,0
1399499,,2,,,,,,,,,,0
1399500,,2,,,,,,,,,,0
1399501,,2,,,,,,,,,,0
1399502,,2,,,,,,,,,,0
1399503,,2,,,,,,,,,,0
1399504,,2,,,,,,,,,,0
1399505,,2,,,,,,,,,,0
1399506,,2,,,,,,,,,,0
1399507,,2,,,,,,,,,,0
1399508,,2,,,,,,,,,,0
1399509,,2,,,,,,,,,,0
1399510,,2,,,,,,,,,,0
1399511,,2,,,,,,,,,,0
1399512,,2,,,,,,,,,,0
1399513,,2,,,,,,,,,,0
1399514,,2,,,,,,,,,,0
1399515,,2,,,,,,,,,,0
1399516,,2,,,,,,,,,,0
1399517,,2,,,,,,,,,,0
1399518,,2,,,,,,,,,,0
1399519,,2,,,,,,,,,,0
1399520,,2,,,,,,,,,,0
1399521,,2,,,,,,,,,,0
1399522,,2,,,,,,,,,,0
1399523,,2,,,,,,,,,,0
1399524,,2,,,,,,,,,,0
1399525,,2,,,,,,,,,,0
1399526,,2,,,,,,,,,,0
1399527,,2,,,,,,,,,,0
1399528,,2,,,,,,,,,,0
1399529,,2,,,,,,,,,,0
1399530,,2,,,,,,,,,,0
1399531,,2,,,,,,,,,,0
1399532,,2,,,,,,,,,,0
1399533,,2,,,,,,,,,,0
1399534,,2,,,,,,,,,,0
1399535,,2,,,,,,,,,,0
1399536,,2,,,,,,,,,,0
1399537,,2,,,,,,,,,,0
1399538,,2,,,,,,,,,,0
1399539,,2,,,,,,,,,,0
1399540,,2,,,,,,,,,,0
1399541,,2,,,,,,,,,,0
1399542,,2,,,,,,,,,,0
1399543,,2,,,,,,,,,,0
1399544,,2,,,,,,,,,,0
1399545,,2,,,,,,,,,,0
1399546,,2,,,,,,,,,,0
1399547,,2,,,,,,,,,,0
1399548,,2,,,,,,,,,,0
1399549,,2,,,,,,,,,,0
1399550,,2,,,,,,,,,,0
1399551,,2,,,,,,,,,,0
1399552,,2,,,,,,,,,,0
1399553,,2,,,,,,,,,,0
1399554,,2,,,,,,,,,,0
1399555,,2,,,,,,,,,,0
1399556,,2,,,,,,,,,,0
1399557,,2,,,,,,,,,,0
1399558,,2,,,,,,,,,,0
1399559,,2,,,,,,,,,,0
1399560,,2,,,,,,,,,,0
1399561,,2,,,,,,,,,,0
1399562,,2,,,,,,,,,,0
1399563,,2,,,,,,,,,,0
1399564,,2,,,,,,,,,,0
1399565,,2,,,,,,,,,,0
1399566,,2,,,,,,,,,,0
1399567,,2,,,,,,,,,,0
1399568,,2,,,,,,,,,,0
1399569,,2,,,,,,,,,,0
1399570,,2,,,,,,,,,,0
1399571,,2,,,,,,,,,,0
1399572,,2,,,,,,,,,,0
1399573,,2,,,,,,,,,,0
1399574,,2,,,,,,,,,,0
1399575,,2,,,,,,,,,,0
1399576,,2,,,,,,,,,,0
1399577,,2,,,,,,,,,,0
1399578,,2,,,,,,,,,,0
1399579,,2,,,,,,,,,,0
1399580,,2,,,,,,,,,,0
1399581,,2,,,,,,,,,,0
1399582,,2,,,,,,,,,,0
1399583,,2,,,,,,,,,,0
1399584,,2,,,,,,,,,,0
1399585,,2,,,,,,,,,,0
1399586,,2,,,,,,,,,,0
1399587,,2,,,,,,,,,,0
1399588,,2,,,,,,,,,,0
1399589,,2,,,,,,,,,,0
1399590,,2,,,,,,,,,,0
1399591,,2,,,,,,,,,,0
1399592,,2,,,,,,,,,,0
1399593,,2,,,,,,,,,,0
1399594,,2,,,,,,,,,,0
1399595,,2,,,,,,,,,,0
1399596,,2,,,,,,,,,,0
1399597,,2,,,,,,,,,,0
1399598,,2,,,,,,,,,,0
1399599,,2,,,,,,,,,,0
1399600,,2,,,,,,,,,,0
1399601,,2,,,,,,,,,,0
1399602,,2,,,,,,,,,,0
1399603,,2,,,,,,,,,,0
1399604,,2,,,,,,,,,,0
1399605,,2,,,,,,,,,,0
1399606,,2,,,,,,,,,,0
1399607,,2,,,,,,,,,,0
1399608,,2,,,,,,,,,,0
1399609,,2,,,,,,,,,,0
1399610,,2,,,,,,,,,,0
1399611,,2,,,,,,,,,,0
1399612,,2,,,,,,,,,,0
1399613,,2,,,,,,,,,,0
1399614,,2,,,,,,,,,,0
1399615,,2,,,,,,,,,,0
1399616,,2,,,,,,,,,,0
1399617,,2,,,,,,,,,,0
1399618,,2,,,,,,,,,,0
1399619,,2,,,,,,,,,,0
1399620,,2,,,,,,,,,,0
1399621,,2,,,,,,,,,,0
1399622,,2,,,,,,,,,,0
1399623,,2,,,,,,,,,,0
1399624,,2,,,,,,,,,,0
1399625,,2,,,,,,,,,,0
1399626,,2,,,,,,,,,,0
1399627,,2,,,,,,,,,,0
1399628,,2,,,,,,,,,,0
1399629,,2,,,,,,,,,,0
1399630,,2,,,,,,,,,,0
1399631,,2,,,,,,,,,,0
1399632,,2,,,,,,,,,,0
1399633,,2,,,,,,,,,,0
1399634,,2,,,,,,,,,,0
1399635,,2,,,,,,,,,,0
1399636,,2,,,,,,,,,,0
1399637,,2,,,,,,,,,,0
1399638,,2,,,,,,,,,,0
1399639,,2,,,,,,,,,,0
1399640,,2,,,,,,,,,,0
1399641,,2,,,,,,,,,,0
1399642,,2,,,,,,,,,,0
1399643,,2,,,,,,,,,,0
1399644,,2,,,,,,,,,,0
1399645,,2,,,,,,,,,,0
1399646,,2,,,,,,,,,,0
1399647,,2,,,,,,,,,,0
1399648,,2,,,,,,,,,,0
1399649,,2,,,,,,,,,,0
1399650,,2,,,,,,,,,,0
1399651,,2,,,,,,,,,,0
1399652,,2,,,,,,,,,,0
1399653,,2,,,,,,,,,,0
1399654,,2,,,,,,,,,,0
1399655,,2,,,,,,,,,,0
1399656,,2,,,,,,,,,,0
1399657,,2,,,,,,,,,,0
1399658,,2,,,,,,,,,,0
1399659,,2,,,,,,,,,,0
1399660,,2,,,,,,,,,,0
1399661,,2,,,,,,,,,,0
1399662,,2,,,,,,,,,,0
1399663,,2,,,,,,,,,,0
1399664,,2,,,,,,,,,,0
1399665,,2,,,,,,,,,,0
1399666,,2,,,,,,,,,,0
1399667,,2,,,,,,,,,,0
1399668,,2,,,,,,,,,,0
1399669,,2,,,,,,,,,,0
1399670,,2,,,,,,,,,,0
1399671,,2,,,,,,,,,,0
1399672,,2,,,,,,,,,,0
1399673,,2,,,,,,,,,,0
1399674,,2,,,,,,,,,,0
1399675,,2,,,,,,,,,,0
1399676,,2,,,,,,,,,,0
1399677,,2,,,,,,,,,,0
1399678,,2,,,,,,,,,,0
1399679,,2,,,,,,,,,,0
1399680,,2,,,,,,,,,,0
1399681,,2,,,,,,,,,,0
1399682,,2,,,,,,,,,,0
1399683,,2,,,,,,,,,,0
1399684,,2,,,,,,,,,,0
1399685,,2,,,,,,,,,,0
1399686,,2,,,,,,,,,,0
1399687,,2,,,,,,,,,,0
1399688,,2,,,,,,,,,,0
1399689,,2,,,,,,,,,,0
1399690,,2,,,,,,,,,,0
1399691,,2,,,,,,,,,,0
1399692,,2,,,,,,,,,,0
1399693,,2,,,,,,,,,,0
1399694,,2,,,,,,,,,,0
1399695,,2,,,,,,,,,,0
1399696,,2,,,,,,,,,,0
1399697,,2,,,,,,,,,,0
1399698,,2,,,,,,,,,,0
1399699,,2,,,,,,,,,,0
1399700,,2,,,,,,,,,,0
1399701,,2,,,,,,,,,,0
1399702,,2,,,,,,,,,,0
1399703,,2,,,,,,,,,,0
1399704,,2,,,,,,,,,,0
1399705,,2,,,,,,,,,,0
1399706,,2,,,,,,,,,,0
1399707,,2,,,,,,,,,,0
1399708,,2,,,,,,,,,,0
1399709,,2,,,,,,,,,,0
1399710,,2,,,,,,,,,,0
1399711,,2,,,,,,,,,,0
1399712,,2,,,,,,,,,,0
1399713,,2,,,,,,,,,,0
1399714,,2,,,,,,,,,,0
1399715,,2,,,,,,,,,,0
1399716,,2,,,,,,,,,,0
1399717,,2,,,,,,,,,,0
1399718,,2,,,,,,,,,,0
1399719,,2,,,,,,,,,,0
1399720,,2,,,,,,,,,,0
1399721,,2,,,,,,,,,,0
1399722,,2,,,,,,,,,,0
1399723,,2,,,,,,,,,,0
1399724,,2,,,,,,,,,,0
1399725,,2,,,,,,,,,,0
1399726,,2,,,,,,,,,,0
1399727,,2,,,,,,,,,,0
1399728,,2,,,,,,,,,,0
1399729,,2,,,,,,,,,,0
1399730,,2,,,,,,,,,,0
1399731,,2,,,,,,,,,,0
1399732,,2,,,,,,,,,,0
1399733,,2,,,,,,,,,,0
1399734,,2,,,,,,,,,,0
1399735,,2,,,,,,,,,,0
1399736,,2,,,,,,,,,,0
1399737,,2,,,,,,,,,,0
1399738,,2,,,,,,,,,,0
1399739,,2,,,,,,,,,,0
1399740,,2,,,,,,,,,,0
1399741,,2,,,,,,,,,,0
1399742,,2,,,,,,,,,,0
1399743,,2,,,,,,,,,,0
1399744,,2,,,,,,,,,,0
1399745,,2,,,,,,,,,,0
1399746,,2,,,,,,,,,,0
1399747,,2,,,,,,,,,,0
1399748,,2,,,,,,,,,,0
1399749,,2,,,,,,,,,,0
1399750,,2,,,,,,,,,,0
1399751,,2,,,,,,,,,,0
1399752,,2,,,,,,,,,,0
1399753,,2,,,,,,,,,,0
1399754,,2,,,,,,,,,,0
1399755,,2,,,,,,,,,,0
1399756,,2,,,,,,,,,,0
1399757,,2,,,,,,,,,,0
1399758,,2,,,,,,,,,,0
1399759,,2,,,,,,,,,,0
1399760,,2,,,,,,,,,,0
1399761,,2,,,,,,,,,,0
1399762,,2,,,,,,,,,,0
1399763,,2,,,,,,,,,,0
1399764,,2,,,,,,,,,,0
1399765,,2,,,,,,,,,,0
1399766,,2,,,,,,,,,,0
1399767,,2,,,,,,,,,,0
1399768,,2,,,,,,,,,,0
1399769,,2,,,,,,,,,,0
1399770,,2,,,,,,,,,,0
1399771,,2,,,,,,,,,,0
1399772,,2,,,,,,,,,,0
1399773,,2,,,,,,,,,,0
1399774,,2,,,,,,,,,,0
1399775,,2,,,,,,,,,,0
1399776,,2,,,,,,,,,,0
1399777,,2,,,,,,,,,,0
1399778,,2,,,,,,,,,,0
1399779,,2,,,,,,,,,,0
1399780,,2,,,,,,,,,,0
1399781,,2,,,,,,,,,,0
1399782,,2,,,,,,,,,,0
1399783,,2,,,,,,,,,,0
1399784,,2,,,,,,,,,,0
1399785,,2,,,,,,,,,,0
1399786,,2,,,,,,,,,,0
1399787,,2,,,,,,,,,,0
1399788,,2,,,,,,,,,,0
1399789,,2,,,,,,,,,,0
1399790,,2,,,,,,,,,,0
1399791,,2,,,,,,,,,,0
1399792,,2,,,,,,,,,,0
1399793,,2,,,,,,,,,,0
1399794,,2,,,,,,,,,,0
1399795,,2,,,,,,,,,,0
1399796,,2,,,,,,,,,,0
1399797,,2,,,,,,,,,,0
1399798,,2,,,,,,,,,,0
1399799,,2,,,,,,,,,,0
1399800,,2,,,,,,,,,,0
1399801,,2,,,,,,,,,,0
1399802,,2,,,,,,,,,,0
1399803,,2,,,,,,,,,,0
1399804,,2,,,,,,,,,,0
1399805,,2,,,,,,,,,,0
1399806,,2,,,,,,,,,,0
1399807,,2,,,,,,,,,,0
1399808,,2,,,,,,,,,,0
1399809,,2,,,,,,,,,,0
1399810,,2,,,,,,,,,,0
1399811,,2,,,,,,,,,,0
1399812,,2,,,,,,,,,,0
1399813,,2,,,,,,,,,,0
1399814,,2,,,,,,,,,,0
1399815,,2,,,,,,,,,,0
1399816,,2,,,,,,,,,,0
1399817,,2,,,,,,,,,,0
1399818,,2,,,,,,,,,,0
1399819,,2,,,,,,,,,,0
1399820,,2,,,,,,,,,,0
1399821,,2,,,,,,,,,,0
1399822,,2,,,,,,,,,,0
1399823,,2,,,,,,,,,,0
1399824,,2,,,,,,,,,,0
1399825,,2,,,,,,,,,,0
1399826,,2,,,,,,,,,,0
1399827,,2,,,,,,,,,,0
1399828,,2,,,,,,,,,,0
1399829,,2,,,,,,,,,,0
1399830,,2,,,,,,,,,,0
1399831,,2,,,,,,,,,,0
1399832,,2,,,,,,,,,,0
1399833,,2,,,,,,,,,,0
1399834,,2,,,,,,,,,,0
1399835,,2,,,,,,,,,,0
1399836,,2,,,,,,,,,,0
1399837,,2,,,,,,,,,,0
1399838,,2,,,,,,,,,,0
1399839,,2,,,,,,,,,,0
1399840,,2,,,,,,,,,,0
1399841,,2,,,,,,,,,,0
1399842,,2,,,,,,,,,,0
1399843,,2,,,,,,,,,,0
1399844,,2,,,,,,,,,,0
1399845,,2,,,,,,,,,,0
1399846,,2,,,,,,,,,,0
1399847,,2,,,,,,,,,,0
1399848,,2,,,,,,,,,,0
1399849,,2,,,,,,,,,,0
1399850,,2,,,,,,,,,,0
1399851,,2,,,,,,,,,,0
1399852,,2,,,,,,,,,,0
1399853,,2,,,,,,,,,,0
1399854,,2,,,,,,,,,,0
1399855,,2,,,,,,,,,,0
1399856,,2,,,,,,,,,,0
1399857,,2,,,,,,,,,,0
1399858,,2,,,,,,,,,,0
1399859,,2,,,,,,,,,,0
1399860,,2,,,,,,,,,,0
1399861,,2,,,,,,,,,,0
1399862,,2,,,,,,,,,,0
1399863,,2,,,,,,,,,,0
1399864,,2,,,,,,,,,,0
1399865,,2,,,,,,,,,,0
1399866,,2,,,,,,,,,,0
1399867,,2,,,,,,,,,,0
1399868,,2,,,,,,,,,,0
1399869,,2,,,,,,,,,,0
1399870,,2,,,,,,,,,,0
1399871,,2,,,,,,,,,,0
1399872,,2,,,,,,,,,,0
1399873,,2,,,,,,,,,,0
1399874,,2,,,,,,,,,,0
1399875,,2,,,,,,,,,,0
1399876,,2,,,,,,,,,,0
1399877,,2,,,,,,,,,,0
1399878,,2,,,,,,,,,,0
1399879,,2,,,,,,,,,,0
1399880,,2,,,,,,,,,,0
1399881,,2,,,,,,,,,,0
1399882,,2,,,,,,,,,,0
1399883,,2,,,,,,,,,,0
1399884,,2,,,,,,,,,,0
1399885,,2,,,,,,,,,,0
1399886,,2,,,,,,,,,,0
1399887,,2,,,,,,,,,,0
1399888,,2,,,,,,,,,,0
1399889,,2,,,,,,,,,,0
1399890,,2,,,,,,,,,,0
1399891,,2,,,,,,,,,,0
1399892,,2,,,,,,,,,,0
1399893,,2,,,,,,,,,,0
1399894,,2,,,,,,,,,,0
1399895,,2,,,,,,,,,,0
1399896,,2,,,,,,,,,,0
1399897,,2,,,,,,,,,,0
1399898,,2,,,,,,,,,,0
1399899,,2,,,,,,,,,,0
1399900,,2,,,,,,,,,,0
1399901,,2,,,,,,,,,,0
1399902,,2,,,,,,,,,,0
1399903,,2,,,,,,,,,,0
1399904,,2,,,,,,,,,,0
1399905,,2,,,,,,,,,,0
1399906,,2,,,,,,,,,,0
1399907,,2,,,,,,,,,,0
1399908,,2,,,,,,,,,,0
1399909,,2,,,,,,,,,,0
1399910,,2,,,,,,,,,,0
1399911,,2,,,,,,,,,,0
1399912,,2,,,,,,,,,,0
1399913,,2,,,,,,,,,,0
1399914,,2,,,,,,,,,,0
1399915,,2,,,,,,,,,,0
1399916,,2,,,,,,,,,,0
1399917,,2,,,,,,,,,,0
1399918,,2,,,,,,,,,,0
1399919,,2,,,,,,,,,,0
1399920,,2,,,,,,,,,,0
1399921,,2,,,,,,,,,,0
1399922,,2,,,,,,,,,,0
1399923,,2,,,,,,,,,,0
1399924,,2,,,,,,,,,,0
1399925,,2,,,,,,,,,,0
1399926,,2,,,,,,,,,,0
1399927,,2,,,,,,,,,,0
1399928,,2,,,,,,,,,,0
1399929,,2,,,,,,,,,,0
1399930,,2,,,,,,,,,,0
1399931,,2,,,,,,,,,,0
1399932,,2,,,,,,,,,,0
1399933,,2,,,,,,,,,,0
1399934,,2,,,,,,,,,,0
1399935,,2,,,,,,,,,,0
1399936,,2,,,,,,,,,,0
1399937,,2,,,,,,,,,,0
1399938,,2,,,,,,,,,,0
1399939,,2,,,,,,,,,,0
1399940,,2,,,,,,,,,,0
1399941,,2,,,,,,,,,,0
1399942,,2,,,,,,,,,,0
1399943,,2,,,,,,,,,,0
1399944,,2,,,,,,,,,,0
1399945,,2,,,,,,,,,,0
1399946,,2,,,,,,,,,,0
1399947,,2,,,,,,,,,,0
1399948,,2,,,,,,,,,,0
1399949,,2,,,,,,,,,,0
1399950,,2,,,,,,,,,,0
1399951,,2,,,,,,,,,,0
1399952,,2,,,,,,,,,,0
1399953,,2,,,,,,,,,,0
1399954,,2,,,,,,,,,,0
1399955,,2,,,,,,,,,,0
1399956,,2,,,,,,,,,,0
1399957,,2,,,,,,,,,,0
1399958,,2,,,,,,,,,,0
1399959,,2,,,,,,,,,,0
1399960,,2,,,,,,,,,,0
1399961,,2,,,,,,,,,,0
1399962,,2,,,,,,,,,,0
1399963,,2,,,,,,,,,,0
1399964,,2,,,,,,,,,,0
1399965,,2,,,,,,,,,,0
1399966,,2,,,,,,,,,,0
1399967,,2,,,,,,,,,,0
1399968,,2,,,,,,,,,,0
1399969,,2,,,,,,,,,,0
1399970,,2,,,,,,,,,,0
1399971,,2,,,,,,,,,,0
1399972,,2,,,,,,,,,,0
1399973,,2,,,,,,,,,,0
9209988,,1,,,,,,,,,,0
9209989,,1,,,,,,,,,,0
9209990,,1,,,,,,,,,,0
9209991,,1,,,,,,,,,,0
9209992,,1,,,,,,,,,,0
9209993,,1,,,,,,,,,,0
9209994,,1,,,,,,,,,,0
9209995,,1,,,,,,,,,,0
9209996,,1,,,,,,,,,,0
9209997,,1,,,,,,,,,,0
9209998,,1,,,,,,,,,,0
9209999,,1,,,,,,,,,,0
9210000,,1,,,,,,,,,,0
9210001,,1,,,,,,,,,,0
9210002,,1,,,,,,,,,,0
9210003,,1,,,,,,,,,,0
9210004,,1,,,,,,,,,,0
9210005,,1,,,,,,,,,,0
9210006,,1,,,,,,,,,,0
9210007,,1,,,,,,,,,,0
9210008,,1,,,,,,,,,,0
9210009,,1,,,,,,,,,,0
9210010,,1,,,,,,,,,,0
9210011,,1,,,,,,,,,,0
9210012,,1,,,,,,,,,,0
9210013,,1,,,,,,,,,,0
9210014,,1,,,,,,,,,,0
9210015,,1,,,,,,,,,,0
9210016,,1,,,,,,,,,,0
9210017,,1,,,,,,,,,,0
9210018,,1,,,,,,,,,,0
9210019,,1,,,,,,,,,,0
9210020,,1,,,,,,,,,,0
9210021,,1,,,,,,,,,,0
9210022,,1,,,,,,,,,,0
9210023,,1,,,,,,,,,,0
9210024,,1,,,,,,,,,,0
9210025,,1,,,,,,,,,,0
9210026,,1,,,,,,,,,,0
9210027,,1,,,,,,,,,,0
9210028,,1,,,,,,,,,,0
9210029,,1,,,,,,,,,,0
9210030,,1,,,,,,,,,,0
9210031,,1,,,,,,,,,,0
9210032,,1,,,,,,,,,,0
9210033,,1,,,,,,,,,,0
9210034,,1,,,,,,,,,,0
9210035,,1,,,,,,,,,,0
9210036,,1,,,,,,,,,,0
9210037,,1,,,,,,,,,,0
9210038,,1,,,,,,,,,,0
9210039,,1,,,,,,,,,,0
9210040,,1,,,,,,,,,,0
9210041,,1,,,,,,,,,,0
9210042,,1,,,,,,,,,,0
9210043,,1,,,,,,,,,,0
9210044,,1,,,,,,,,,,0
9210045,,1,,,,,,,,,,0
9210046,,1,,,,,,,,,,0
9210047,,1,,,,,,,,,,0
9210048,,1,,,,,,,,,,0
9210049,,1,,,,,,,,,,0
9210050,,1,,,,,,,,,,0
9210051,,1,,,,,,,,,,0
9210052,,1,,,,,,,,,,0
9210053,,1,,,,,,,,,,0
9210054,,1,,,,,,,,,,0
9210055,,1,,,,,,,,,,0
9210056,,1,,,,,,,,,,0
9210057,,1,,,,,,,,,,0
9210058,,1,,,,,,,,,,0
9210059,,1,,,,,,,,,,0
9210060,,1,,,,,,,,,,0
9210061,,1,,,,,,,,,,0
9210062,,1,,,,,,,,,,0
9210063,,1,,,,,,,,,,0
9210064,,1,,,,,,,,,,0
9210065,,1,,,,,,,,,,0
9210066,,1,,,,,,,,,,0
9210067,,1,,,,,,,,,,0
9210068,,1,,,,,,,,,,0
9210069,,1,,,,,,,,,,0
9210070,,1,,,,,,,,,,0
9210071,,1,,,,,,,,,,0
9210072,,1,,,,,,,,,,0
9210073,,1,,,,,,,,,,0
9210074,,1,,,,,,,,,,0
9210075,,1,,,,,,,,,,0
9210076,,1,,,,,,,,,,0
9210077,,1,,,,,,,,,,0
9210078,,1,,,,,,,,,,0
9210079,,1,,,,,,,,,,0
9210080,,1,,,,,,,,,,0
9210081,,1,,,,,,,,,,0
9210082,,1,,,,,,,,,,0
9210083,,1,,,,,,,,,,0
9210084,,1,,,,,,,,,,0
9210085,,1,,,,,,,,,,0
9210086,,1,,,,,,,,,,0
9210087,,1,,,,,,,,,,0
9210088,,1,,,,,,,,,,0
9210089,,1,,,,,,,,,,0
9210090,,1,,,,,,,,,,0
9210091,,1,,,,,,,,,,0
9210092,,1,,,,,,,,,,0
9210093,,1,,,,,,,,,,0
9210094,,1,,,,,,,,,,0
9210095,,1,,,,,,,,,,0
9210096,,1,,,,,,,,,,0
9210097,,1,,,,,,,,,,0
9210098,,1,,,,,,,,,,0
9210099,,1,,,,,,,,,,0
9210100,,1,,,,,,,,,,0
9210101,,1,,,,,,,,,,0
9210102,,1,,,,,,,,,,0
9210103,,1,,,,,,,,,,0
9210104,,1,,,,,,,,,,0
9210105,,1,,,,,,,,,,0
9210106,,1,,,,,,,,,,0
9210107,,1,,,,,,,,,,0
9210108,,1,,,,,,,,,,0
9210109,,1,,,,,,,,,,0
9210110,,1,,,,,,,,,,0
9210111,,1,,,,,,,,,,0
9210112,,1,,,,,,,,,,0
9210113,,1,,,,,,,,,,0
9210114,,1,,,,,,,,,,0
9210115,,1,,,,,,,,,,0
9210116,,1,,,,,,,,,,0
9210117,,1,,,,,,,,,,0
9210118,,1,,,,,,,,,,0
9210119,,1,,,,,,,,,,0
9210120,,1,,,,,,,,,,0
9210121,,1,,,,,,,,,,0
9210122,,1,,,,,,,,,,0
9210123,,1,,,,,,,,,,0
9210124,,1,,,,,,,,,,0
9210125,,1,,,,,,,,,,0
9210126,,1,,,,,,,,,,0
9210127,,1,,,,,,,,,,0
9210128,,1,,,,,,,,,,0
9210129,,1,,,,,,,,,,0
9210130,,1,,,,,,,,,,0
9210131,,1,,,,,,,,,,0
9210132,,1,,,,,,,,,,0
9210133,,1,,,,,,,,,,0
9210134,,1,,,,,,,,,,0
9210135,,1,,,,,,,,,,0
9210136,,1,,,,,,,,,,0
9210137,,1,,,,,,,,,,0
9210138,,1,,,,,,,,,,0
9210139,,1,,,,,,,,,,0
9210140,,1,,,,,,,,,,0
9210141,,1,,,,,,,,,,0
9210142,,1,,,,,,,,,,0
9210143,,1,,,,,,,,,,0
9210144,,1,,,,,,,,,,0
9210145,,1,,,,,,,,,,0
9210146,,1,,,,,,,,,,0
9210147,,1,,,,,,,,,,0
9210148,,1,,,,,,,,,,0
9210149,,1,,,,,,,,,,0
9210150,,1,,,,,,,,,,0
9210151,,1,,,,,,,,,,0
9210152,,1,,,,,,,,,,0
9210153,,1,,,,,,,,,,0
9210154,,1,,,,,,,,,,0
9210155,,1,,,,,,,,,,0
9210156,,1,,,,,,,,,,0
9210157,,1,,,,,,,,,,0
9210158,,1,,,,,,,,,,0
9210159,,1,,,,,,,,,,0
9210160,,1,,,,,,,,,,0
9210161,,1,,,,,,,,,,0
9210162,,1,,,,,,,,,,0
9210163,,1,,,,,,,,,,0
9210164,,1,,,,,,,,,,0
9210165,,1,,,,,,,,,,0
9210166,,1,,,,,,,,,,0
9210167,,1,,,,,,,,,,0
9210168,,1,,,,,,,,,,0
9210169,,1,,,,,,,,,,0
9210170,,1,,,,,,,,,,0
9210171,,1,,,,,,,,,,0
9210172,,1,,,,,,,,,,0
9210173,,1,,,,,,,,,,0
9210174,,1,,,,,,,,,,0
9210175,,1,,,,,,,,,,0
9210176,,1,,,,,,,,,,0
9210177,,1,,,,,,,,,,0
9210178,,1,,,,,,,,,,0
9210179,,1,,,,,,,,,,0
9210180,,1,,,,,,,,,,0
9210181,,1,,,,,,,,,,0
9210182,,1,,,,,,,,,,0
9210183,,1,,,,,,,,,,0
9210184,,1,,,,,,,,,,0
9210185,,1,,,,,,,,,,0
9210186,,1,,,,,,,,,,0
9210187,,1,,,,,,,,,,0
9210188,,1,,,,,,,,,,0
9210189,,1,,,,,,,,,,0
9210190,,1,,,,,,,,,,0
9210191,,1,,,,,,,,,,0
9210192,,1,,,,,,,,,,0
9210193,,1,,,,,,,,,,0
9210194,,1,,,,,,,,,,0
9210195,,1,,,,,,,,,,0
9210196,,1,,,,,,,,,,0
9210197,,1,,,,,,,,,,0
9210198,,1,,,,,,,,,,0
9210199,,1,,,,,,,,,,0
9210200,,1,,,,,,,,,,0
9210201,,1,,,,,,,,,,0
9210202,,1,,,,,,,,,,0
9210203,,1,,,,,,,,,,0
9210204,,1,,,,,,,,,,0
9210205,,1,,,,,,,,,,0
9210206,,1,,,,,,,,,,0
9210207,,1,,,,,,,,,,0
9210208,,1,,,,,,,,,,0
9210209,,1,,,,,,,,,,0
9210210,,1,,,,,,,,,,0
9210211,,1,,,,,,,,,,0
9210212,,1,,,,,,,,,,0
9210213,,1,,,,,,,,,,0
9210214,,1,,,,,,,,,,0
9210215,,1,,,,,,,,,,0
9210216,,1,,,,,,,,,,0
9210217,,1,,,,,,,,,,0
9210218,,1,,,,,,,,,,0
9210219,,1,,,,,,,,,,0
9210220,,1,,,,,,,,,,0
9210221,,1,,,,,,,,,,0
9210222,,1,,,,,,,,,,0
9210223,,1,,,,,,,,,,0
9210224,,1,,,,,,,,,,0
9210225,,1,,,,,,,,,,0
9210226,,1,,,,,,,,,,0
9210227,,1,,,,,,,,,,0
9210228,,1,,,,,,,,,,0
9210229,,1,,,,,,,,,,0
9210230,,1,,,,,,,,,,0
9210231,,1,,,,,,,,,,0
9210232,,1,,,,,,,,,,0
9210233,,1,,,,,,,,,,0
9210234,,1,,,,,,,,,,0
9210235,,1,,,,,,,,,,0
9210236,,1,,,,,,,,,,0
9210237,,1,,,,,,,,,,0
9210238,,1,,,,,,,,,,0
9210239,,1,,,,,,,,,,0
9210240,,1,,,,,,,,,,0
9210241,,1,,,,,,,,,,0
9210242,,1,,,,,,,,,,0
9210243,,1,,,,,,,,,,0
9210244,,1,,,,,,,,,,0
9210245,,1,,,,,,,,,,0
9210246,,1,,,,,,,,,,0
9210247,,1,,,,,,,,,,0
9210248,,1,,,,,,,,,,0
9210249,,1,,,,,,,,,,0
9210250,,1,,,,,,,,,,0
9210251,,1,,,,,,,,,,0
9210252,,1,,,,,,,,,,0
9210253,,1,,,,,,,,,,0
9210254,,1,,,,,,,,,,0
9210255,,1,,,,,,,,,,0
9210256,,1,,,,,,,,,,0
9210257,,1,,,,,,,,,,0
9210258,,1,,,,,,,,,,0
9210259,,1,,,,,,,,,,0
9210260,,1,,,,,,,,,,0
9210261,,1,,,,,,,,,,0
9210262,,1,,,,,,,,,,0
9210263,,1,,,,,,,,,,0
9210264,,1,,,,,,,,,,0
9210265,,1,,,,,,,,,,0
9210266,,1,,,,,,,,,,0
9210267,,1,,,,,,,,,,0
9210268,,1,,,,,,,,,,0
9210269,,1,,,,,,,,,,0
9210270,,1,,,,,,,,,,0
9210271,,1,,,,,,,,,,0
9210272,,1,,,,,,,,,,0
9210273,,1,,,,,,,,,,0
9210274,,1,,,,,,,,,,0
9210275,,1,,,,,,,,,,0
9210276,,1,,,,,,,,,,0
9210277,,1,,,,,,,,,,0
9210278,,1,,,,,,,,,,0
9210279,,1,,,,,,,,,,0
9210280,,1,,,,,,,,,,0
9210281,,1,,,,,,,,,,0
9210282,,1,,,,,,,,,,0
9210283,,1,,,,,,,,,,0
9210284,,1,,,,,,,,,,0
9210285,,1,,,,,,,,,,0
9210286,,1,,,,,,,,,,0
9210287,,1,,,,,,,,,,0
9210288,,1,,,,,,,,,,0
9210289,,1,,,,,,,,,,0
9210290,,1,,,,,,,,,,0
9210291,,1,,,,,,,,,,0
9210292,,1,,,,,,,,,,0
9210293,,1,,,,,,,,,,0
9210294,,1,,,,,,,,,,0
9210295,,1,,,,,,,,,,0
9210296,,1,,,,,,,,,,0
9210297,,1,,,,,,,,,,0
9210298,,1,,,,,,,,,,0
9210299,,1,,,,,,,,,,0
9210300,,1,,,,,,,,,,0
9210301,,1,,,,,,,,,,0
9210302,,1,,,,,,,,,,0
9210303,,1,,,,,,,,,,0
9210304,,1,,,,,,,,,,0
9210305,,1,,,,,,,,,,0
9210306,,1,,,,,,,,,,0
9210307,,1,,,,,,,,,,0
9210308,,1,,,,,,,,,,0
9210309,,1,,,,,,,,,,0
9210310,,1,,,,,,,,,,0
9210311,,1,,,,,,,,,,0
9210312,,1,,,,,,,,,,0
9210313,,1,,,,,,,,,,0
9210314,,1,,,,,,,,,,0
9210315,,1,,,,,,,,,,0
9210316,,1,,,,,,,,,,0
9210317,,1,,,,,,,,,,0
9210318,,1,,,,,,,,,,0
9210319,,1,,,,,,,,,,0
9210320,,1,,,,,,,,,,0
9210321,,1,,,,,,,,,,0
9210322,,1,,,,,,,,,,0
9210323,,1,,,,,,,,,,0
9210324,,1,,,,,,,,,,0
9210325,,1,,,,,,,,,,0
9210326,,1,,,,,,,,,,0
9210327,,1,,,,,,,,,,0
9210328,,1,,,,,,,,,,0
9210329,,1,,,,,,,,,,0
9210330,,1,,,,,,,,,,0
9210331,,1,,,,,,,,,,0
9210332,,1,,,,,,,,,,0
9210333,,1,,,,,,,,,,0
9210334,,1,,,,,,,,,,0
9210335,,1,,,,,,,,,,0
9210336,,1,,,,,,,,,,0
9210337,,1,,,,,,,,,,0
9210338,,1,,,,,,,,,,0
9210339,,1,,,,,,,,,,0
9210340,,1,,,,,,,,,,0
9210341,,1,,,,,,,,,,0
9210342,,1,,,,,,,,,,0
9210343,,1,,,,,,,,,,0
9210344,,1,,,,,,,,,,0
9210345,,1,,,,,,,,,,0
9210346,,1,,,,,,,,,,0
9210347,,1,,,,,,,,,,0
9210348,,1,,,,,,,,,,0
9210349,,1,,,,,,,,,,0
9210350,,1,,,,,,,,,,0
9210351,,1,,,,,,,,,,0
9210352,,1,,,,,,,,,,0
9210353,,1,,,,,,,,,,0
9210354,,1,,,,,,,,,,0
9210355,,1,,,,,,,,,,0
9210356,,1,,,,,,,,,,0
9210357,,1,,,,,,,,,,0
9210358,,1,,,,,,,,,,0
9210359,,1,,,,,,,,,,0
9210360,,1,,,,,,,,,,0
9210361,,1,,,,,,,,,,0
9210362,,1,,,,,,,,,,0
9210363,,1,,,,,,,,,,0
9210364,,1,,,,,,,,,,0
9210365,,1,,,,,,,,,,0
9210366,,1,,,,,,,,,,0
9210367,,1,,,,,,,,,,0
9210368,,1,,,,,,,,,,0
9210369,,1,,,,,,,,,,0
9210370,,1,,,,,,,,,,0
9210371,,1,,,,,,,,,,0
9210372,,1,,,,,,,,,,0
9210373,,1,,,,,,,,,,0
9210374,,1,,,,,,,,,,0
9210375,,1,,,,,,,,,,0
9210376,,1,,,,,,,,,,0
9210377,,1,,,,,,,,,,0
9210378,,1,,,,,,,,,,0
9210379,,1,,,,,,,,,,0
9210380,,1,,,,,,,,,,0
9210381,,1,,,,,,,,,,0
9210382,,1,,,,,,,,,,0
9210383,,1,,,,,,,,,,0
9210384,,1,,,,,,,,,,0
9210385,,1,,,,,,,,,,0
9210386,,1,,,,,,,,,,0
9210387,,1,,,,,,,,,,0
9210388,,1,,,,,,,,,,0
9210389,,1,,,,,,,,,,0
9210390,,1,,,,,,,,,,0
9210391,,1,,,,,,,,,,0
9210392,,1,,,,,,,,,,0
9210393,,1,,,,,,,,,,0
9210394,,1,,,,,,,,,,0
9210395,,1,,,,,,,,,,0
9210396,,1,,,,,,,,,,0
9210397,,1,,,,,,,,,,0
9210398,,1,,,,,,,,,,0
9210399,,1,,,,,,,,,,0
9210400,,1,,,,,,,,,,0
9210401,,1,,,,,,,,,,0
9210402,,1,,,,,,,,,,0
9210403,,1,,,,,,,,,,0
9210404,,1,,,,,,,,,,0
9210405,,1,,,,,,,,,,0
9210406,,1,,,,,,,,,,0
9210407,,1,,,,,,,,,,0
9210408,,1,,,,,,,,,,0
9210409,,1,,,,,,,,,,0
9210410,,1,,,,,,,,,,0
9210411,,1,,,,,,,,,,0
9210412,,1,,,,,,,,,,0
9210413,,1,,,,,,,,,,0
9210414,,1,,,,,,,,,,0
9210415,,1,,,,,,,,,,0
9210416,,1,,,,,,,,,,0
9210417,,1,,,,,,,,,,0
9210418,,1,,,,,,,,,,0
9210419,,1,,,,,,,,,,0
9210420,,1,,,,,,,,,,0
9210421,,1,,,,,,,,,,0
9210422,,1,,,,,,,,,,0
9210423,,1,,,,,,,,,,0
9210424,,1,,,,,,,,,,0
9210425,,1,,,,,,,,,,0
9210426,,1,,,,,,,,,,0
9210427,,1,,,,,,,,,,0
9210428,,1,,,,,,,,,,0
9210429,,1,,,,,,,,,,0
9210430,,1,,,,,,,,,,0
9210431,,1,,,,,,,,,,0
9210432,,1,,,,,,,,,,0
9210433,,1,,,,,,,,,,0
9210434,,1,,,,,,,,,,0
9210435,,1,,,,,,,,,,0
9210436,,1,,,,,,,,,,0
9210437,,1,,,,,,,,,,0
9210438,,1,,,,,,,,,,0
9210439,,1,,,,,,,,,,0
9210440,,1,,,,,,,,,,0
9210441,,1,,,,,,,,,,0
9210442,,1,,,,,,,,,,0
9210443,,1,,,,,,,,,,0
9210444,,1,,,,,,,,,,0
9210445,,1,,,,,,,,,,0
9210446,,1,,,,,,,,,,0
9210447,,1,,,,,,,,,,0
9210448,,1,,,,,,,,,,0
9210449,,1,,,,,,,,,,0
9210450,,1,,,,,,,,,,0
9210451,,1,,,,,,,,,,0
9210452,,1,,,,,,,,,,0
9210453,,1,,,,,,,,,,0
9210454,,1,,,,,,,,,,0
9210455,,1,,,,,,,,,,0
9210456,,1,,,,,,,,,,0
9210457,,1,,,,,,,,,,0
9210458,,1,,,,,,,,,,0
9210459,,1,,,,,,,,,,0
9210460,,1,,,,,,,,,,0
9210461,,1,,,,,,,,,,0
9210462,,1,,,,,,,,,,0
9210463,,1,,,,,,,,,,0
9210464,,1,,,,,,,,,,0
9210465,,1,,,,,,,,,,0
9210466,,1,,,,,,,,,,0
9210467,,1,,,,,,,,,,0
9210468,,1,,,,,,,,,,0
9210469,,1,,,,,,,,,,0
9210470,,1,,,,,,,,,,0
9210471,,1,,,,,,,,,,0
9210472,,1,,,,,,,,,,0
9210473,,1,,,,,,,,,,0
9210474,,1,,,,,,,,,,0
9210475,,1,,,,,,,,,,0
9210476,,1,,,,,,,,,,0
9210477,,1,,,,,,,,,,0
9210478,,1,,,,,,,,,,0
9210479,,1,,,,,,,,,,0
9210480,,1,,,,,,,,,,0
9210481,,1,,,,,,,,,,0
9210482,,1,,,,,,,,,,0
9210483,,1,,,,,,,,,,0
9210484,,1,,,,,,,,,,0
9210485,,1,,,,,,,,,,0
9210486,,1,,,,,,,,,,0
9210487,,1,,,,,,,,,,0
1399974,,2,,,,,,,,,,0
1399975,,2,,,,,,,,,,0
1399976,,2,,,,,,,,,,0
1399977,,2,,,,,,,,,,0
1399978,,2,,,,,,,,,,0
1399979,,2,,,,,,,,,,0
1399980,,2,,,,,,,,,,0
1399981,,2,,,,,,,,,,0
1399982,,2,,,,,,,,,,0
1399983,,2,,,,,,,,,,0
1399984,,2,,,,,,,,,,0
1399985,,2,,,,,,,,,,0
1399986,,2,,,,,,,,,,0
1399987,,2,,,,,,,,,,0
1399988,,2,,,,,,,,,,0
1399989,,2,,,,,,,,,,0
1399990,,2,,,,,,,,,,0
1399991,,2,,,,,,,,,,0
1399992,,2,,,,,,,,,,0
1399993,,2,,,,,,,,,,0
1399994,,2,,,,,,,,,,0
1399995,,2,,,,,,,,,,0
1399996,,2,,,,,,,,,,0
1399997,,2,,,,,,,,,,0
1399998,,2,,,,,,,,,,0
1399999,,2,,,,,,,,,,0
1400000,,2,,,,,,,,,,0
1400001,,2,,,,,,,,,,0
1400002,,2,,,,,,,,,,0
1400003,,2,,,,,,,,,,0
1400004,,2,,,,,,,,,,0
1400005,,2,,,,,,,,,,0
1400006,,2,,,,,,,,,,0
1400007,,2,,,,,,,,,,0
1400008,,2,,,,,,,,,,0
1400009,,2,,,,,,,,,,0
1400010,,2,,,,,,,,,,0
1400011,,2,,,,,,,,,,0
1400012,,2,,,,,,,,,,0
1400013,,2,,,,,,,,,,0
1400014,,2,,,,,,,,,,0
1400015,,2,,,,,,,,,,0
1400016,,2,,,,,,,,,,0
1400017,,2,,,,,,,,,,0
1400018,,2,,,,,,,,,,0
1400019,,2,,,,,,,,,,0
1400020,,2,,,,,,,,,,0
1400021,,2,,,,,,,,,,0
1400022,,2,,,,,,,,,,0
1400023,,2,,,,,,,,,,0
1400024,,2,,,,,,,,,,0
1400025,,2,,,,,,,,,,0
1400026,,2,,,,,,,,,,0
1400027,,2,,,,,,,,,,0
1400028,,2,,,,,,,,,,0
1400029,,2,,,,,,,,,,0
1400030,,2,,,,,,,,,,0
1400031,,2,,,,,,,,,,0
1400032,,2,,,,,,,,,,0
1400033,,2,,,,,,,,,,0
1400034,,2,,,,,,,,,,0
1400035,,2,,,,,,,,,,0
1400036,,2,,,,,,,,,,0
1400037,,2,,,,,,,,,,0
1400038,,2,,,,,,,,,,0
1400039,,2,,,,,,,,,,0
1400040,,2,,,,,,,,,,0
1400041,,2,,,,,,,,,,0
1400042,,2,,,,,,,,,,0
1400043,,2,,,,,,,,,,0
1400044,,2,,,,,,,,,,0
1400045,,2,,,,,,,,,,0
1400046,,2,,,,,,,,,,0
1400047,,2,,,,,,,,,,0
1400048,,2,,,,,,,,,,0
1400049,,2,,,,,,,,,,0
1400050,,2,,,,,,,,,,0
1400051,,2,,,,,,,,,,0
1400052,,2,,,,,,,,,,0
1400053,,2,,,,,,,,,,0
1400054,,2,,,,,,,,,,0
1400055,,2,,,,,,,,,,0
1400056,,2,,,,,,,,,,0
1400057,,2,,,,,,,,,,0
1400058,,2,,,,,,,,,,0
1400059,,2,,,,,,,,,,0
1400060,,2,,,,,,,,,,0
1400061,,2,,,,,,,,,,0
1400062,,2,,,,,,,,,,0
1400063,,2,,,,,,,,,,0
1400064,,2,,,,,,,,,,0
1400065,,2,,,,,,,,,,0
1400066,,2,,,,,,,,,,0
1400067,,2,,,,,,,,,,0
1400068,,2,,,,,,,,,,0
1400069,,2,,,,,,,,,,0
1400070,,2,,,,,,,,,,0
1400071,,2,,,,,,,,,,0
1400072,,2,,,,,,,,,,0
1400073,,2,,,,,,,,,,0
1400074,,2,,,,,,,,,,0
1400075,,2,,,,,,,,,,0
1400076,,2,,,,,,,,,,0
1400077,,2,,,,,,,,,,0
1400078,,2,,,,,,,,,,0
1400079,,2,,,,,,,,,,0
1400080,,2,,,,,,,,,,0
1400081,,2,,,,,,,,,,0
1400082,,2,,,,,,,,,,0
1400083,,2,,,,,,,,,,0
1400084,,2,,,,,,,,,,0
1400085,,2,,,,,,,,,,0
1400086,,2,,,,,,,,,,0
1400087,,2,,,,,,,,,,0
1400088,,2,,,,,,,,,,0
1400089,,2,,,,,,,,,,0
1400090,,2,,,,,,,,,,0
1400091,,2,,,,,,,,,,0
1400092,,2,,,,,,,,,,0
1400093,,2,,,,,,,,,,0
1400094,,2,,,,,,,,,,0
1400095,,2,,,,,,,,,,0
1400096,,2,,,,,,,,,,0
1400097,,2,,,,,,,,,,0
1400098,,2,,,,,,,,,,0
1400099,,2,,,,,,,,,,0
1400100,,2,,,,,,,,,,0
1400101,,2,,,,,,,,,,0
1400102,,2,,,,,,,,,,0
1400103,,2,,,,,,,,,,0
1400104,,2,,,,,,,,,,0
1400105,,2,,,,,,,,,,0
1400106,,2,,,,,,,,,,0
1400107,,2,,,,,,,,,,0
1400108,,2,,,,,,,,,,0
1400109,,2,,,,,,,,,,0
1400110,,2,,,,,,,,,,0
1400111,,2,,,,,,,,,,0
1400112,,2,,,,,,,,,,0
1400113,,2,,,,,,,,,,0
1400114,,2,,,,,,,,,,0
1400115,,2,,,,,,,,,,0
1400116,,2,,,,,,,,,,0
1400117,,2,,,,,,,,,,0
1400118,,2,,,,,,,,,,0
1400119,,2,,,,,,,,,,0
1400120,,2,,,,,,,,,,0
1400121,,2,,,,,,,,,,0
1400122,,2,,,,,,,,,,0
1400123,,2,,,,,,,,,,0
1400124,,2,,,,,,,,,,0
1400125,,2,,,,,,,,,,0
1400126,,2,,,,,,,,,,0
1400127,,2,,,,,,,,,,0
1400128,,2,,,,,,,,,,0
1400129,,2,,,,,,,,,,0
1400130,,2,,,,,,,,,,0
1400131,,2,,,,,,,,,,0
1400132,,2,,,,,,,,,,0
1400133,,2,,,,,,,,,,0
1400134,,2,,,,,,,,,,0
1400135,,2,,,,,,,,,,0
1400136,,2,,,,,,,,,,0
1400137,,2,,,,,,,,,,0
1400138,,2,,,,,,,,,,0
1400139,,2,,,,,,,,,,0
1400140,,2,,,,,,,,,,0
1400141,,2,,,,,,,,,,0
1400142,,2,,,,,,,,,,0
1400143,,2,,,,,,,,,,0
1400144,,2,,,,,,,,,,0
1400145,,2,,,,,,,,,,0
1400146,,2,,,,,,,,,,0
1400147,,2,,,,,,,,,,0
1400148,,2,,,,,,,,,,0
1400149,,2,,,,,,,,,,0
1400150,,2,,,,,,,,,,0
1400151,,2,,,,,,,,,,0
1400152,,2,,,,,,,,,,0
1400153,,2,,,,,,,,,,0
1400154,,2,,,,,,,,,,0
1400155,,2,,,,,,,,,,0
1400156,,2,,,,,,,,,,0
1400157,,2,,,,,,,,,,0
1400158,,2,,,,,,,,,,0
1400159,,2,,,,,,,,,,0
1400160,,2,,,,,,,,,,0
1400161,,2,,,,,,,,,,0
1400162,,2,,,,,,,,,,0
1400163,,2,,,,,,,,,,0
1400164,,2,,,,,,,,,,0
1400165,,2,,,,,,,,,,0
1400166,,2,,,,,,,,,,0
1400167,,2,,,,,,,,,,0
1400168,,2,,,,,,,,,,0
1400169,,2,,,,,,,,,,0
1400170,,2,,,,,,,,,,0
1400171,,2,,,,,,,,,,0
1400172,,2,,,,,,,,,,0
1400173,,2,,,,,,,,,,0
1400174,,2,,,,,,,,,,0
1400175,,2,,,,,,,,,,0
1400176,,2,,,,,,,,,,0
1400177,,2,,,,,,,,,,0
1400178,,2,,,,,,,,,,0
1400179,,2,,,,,,,,,,0
1400180,,2,,,,,,,,,,0
1400181,,2,,,,,,,,,,0
1400182,,2,,,,,,,,,,0
1400183,,2,,,,,,,,,,0
1400184,,2,,,,,,,,,,0
1400185,,2,,,,,,,,,,0
1400186,,2,,,,,,,,,,0
1400187,,2,,,,,,,,,,0
1400188,,2,,,,,,,,,,0
1400189,,2,,,,,,,,,,0
1400190,,2,,,,,,,,,,0
1400191,,2,,,,,,,,,,0
1400192,,2,,,,,,,,,,0
1400193,,2,,,,,,,,,,0
1400194,,2,,,,,,,,,,0
1400195,,2,,,,,,,,,,0
1400196,,2,,,,,,,,,,0
1400197,,2,,,,,,,,,,0
1400198,,2,,,,,,,,,,0
1400199,,2,,,,,,,,,,0
1400200,,2,,,,,,,,,,0
1400201,,2,,,,,,,,,,0
1400202,,2,,,,,,,,,,0
1400203,,2,,,,,,,,,,0
1400204,,2,,,,,,,,,,0
1400205,,2,,,,,,,,,,0
1400206,,2,,,,,,,,,,0
1400207,,2,,,,,,,,,,0
1400208,,2,,,,,,,,,,0
1400209,,2,,,,,,,,,,0
1400210,,2,,,,,,,,,,0
1400211,,2,,,,,,,,,,0
1400212,,2,,,,,,,,,,0
1400213,,2,,,,,,,,,,0
1400214,,2,,,,,,,,,,0
1400215,,2,,,,,,,,,,0
1400216,,2,,,,,,,,,,0
1400217,,2,,,,,,,,,,0
1400218,,2,,,,,,,,,,0
1400219,,2,,,,,,,,,,0
1400220,,2,,,,,,,,,,0
1400221,,2,,,,,,,,,,0
1400222,,2,,,,,,,,,,0
1400223,,2,,,,,,,,,,0
1400224,,2,,,,,,,,,,0
1400225,,2,,,,,,,,,,0
1400226,,2,,,,,,,,,,0
1400227,,2,,,,,,,,,,0
1400228,,2,,,,,,,,,,0
1400229,,2,,,,,,,,,,0
1400230,,2,,,,,,,,,,0
1400231,,2,,,,,,,,,,0
1400232,,2,,,,,,,,,,0
1400233,,2,,,,,,,,,,0
1400234,,2,,,,,,,,,,0
1400235,,2,,,,,,,,,,0
1400236,,2,,,,,,,,,,0
1400237,,2,,,,,,,,,,0
1400238,,2,,,,,,,,,,0
1400239,,2,,,,,,,,,,0
1400240,,2,,,,,,,,,,0
1400241,,2,,,,,,,,,,0
1400242,,2,,,,,,,,,,0
1400243,,2,,,,,,,,,,0
1400244,,2,,,,,,,,,,0
1400245,,2,,,,,,,,,,0
1400246,,2,,,,,,,,,,0
1400247,,2,,,,,,,,,,0
1400248,,2,,,,,,,,,,0
1400249,,2,,,,,,,,,,0
1400250,,2,,,,,,,,,,0
1400251,,2,,,,,,,,,,0
1400252,,2,,,,,,,,,,0
1400253,,2,,,,,,,,,,0
1400254,,2,,,,,,,,,,0
1400255,,2,,,,,,,,,,0
1400256,,2,,,,,,,,,,0
1400257,,2,,,,,,,,,,0
1400258,,2,,,,,,,,,,0
1400259,,2,,,,,,,,,,0
1400260,,2,,,,,,,,,,0
1400261,,2,,,,,,,,,,0
1400262,,2,,,,,,,,,,0
1400263,,2,,,,,,,,,,0
1400264,,2,,,,,,,,,,0
1400265,,2,,,,,,,,,,0
1400266,,2,,,,,,,,,,0
1400267,,2,,,,,,,,,,0
1400268,,2,,,,,,,,,,0
1400269,,2,,,,,,,,,,0
1400270,,2,,,,,,,,,,0
1400271,,2,,,,,,,,,,0
1400272,,2,,,,,,,,,,0
1400273,,2,,,,,,,,,,0
1400274,,2,,,,,,,,,,0
1400275,,2,,,,,,,,,,0
1400276,,2,,,,,,,,,,0
1400277,,2,,,,,,,,,,0
1400278,,2,,,,,,,,,,0
1400279,,2,,,,,,,,,,0
1400280,,2,,,,,,,,,,0
1400281,,2,,,,,,,,,,0
1400282,,2,,,,,,,,,,0
1400283,,2,,,,,,,,,,0
1400284,,2,,,,,,,,,,0
1400285,,2,,,,,,,,,,0
1400286,,2,,,,,,,,,,0
1400287,,2,,,,,,,,,,0
1400288,,2,,,,,,,,,,0
1400289,,2,,,,,,,,,,0
1400290,,2,,,,,,,,,,0
1400291,,2,,,,,,,,,,0
1400292,,2,,,,,,,,,,0
1400293,,2,,,,,,,,,,0
1400294,,2,,,,,,,,,,0
1400295,,2,,,,,,,,,,0
1400296,,2,,,,,,,,,,0
1400297,,2,,,,,,,,,,0
1400298,,2,,,,,,,,,,0
1400299,,2,,,,,,,,,,0
1400300,,2,,,,,,,,,,0
1400301,,2,,,,,,,,,,0
1400302,,2,,,,,,,,,,0
1400303,,2,,,,,,,,,,0
1400304,,2,,,,,,,,,,0
1400305,,2,,,,,,,,,,0
1400306,,2,,,,,,,,,,0
1400307,,2,,,,,,,,,,0
1400308,,2,,,,,,,,,,0
1400309,,2,,,,,,,,,,0
1400310,,2,,,,,,,,,,0
1400311,,2,,,,,,,,,,0
1400312,,2,,,,,,,,,,0
1400313,,2,,,,,,,,,,0
1400314,,2,,,,,,,,,,0
1400315,,2,,,,,,,,,,0
1400316,,2,,,,,,,,,,0
1400317,,2,,,,,,,,,,0
1400318,,2,,,,,,,,,,0
1400319,,2,,,,,,,,,,0
1400320,,2,,,,,,,,,,0
1400321,,2,,,,,,,,,,0
1400322,,2,,,,,,,,,,0
1400323,,2,,,,,,,,,,0
1400324,,2,,,,,,,,,,0
1400325,,2,,,,,,,,,,0
1400326,,2,,,,,,,,,,0
1400327,,2,,,,,,,,,,0
1400328,,2,,,,,,,,,,0
1400329,,2,,,,,,,,,,0
1400330,,2,,,,,,,,,,0
1400331,,2,,,,,,,,,,0
1400332,,2,,,,,,,,,,0
1400333,,2,,,,,,,,,,0
1400334,,2,,,,,,,,,,0
1400335,,2,,,,,,,,,,0
1400336,,2,,,,,,,,,,0
1400337,,2,,,,,,,,,,0
1400338,,2,,,,,,,,,,0
1400339,,2,,,,,,,,,,0
1400340,,2,,,,,,,,,,0
1400341,,2,,,,,,,,,,0
1400342,,2,,,,,,,,,,0
1400343,,2,,,,,,,,,,0
1400344,,2,,,,,,,,,,0
1400345,,2,,,,,,,,,,0
1400346,,2,,,,,,,,,,0
1400347,,2,,,,,,,,,,0
1400348,,2,,,,,,,,,,0
1400349,,2,,,,,,,,,,0
1400350,,2,,,,,,,,,,0
1400351,,2,,,,,,,,,,0
1400352,,2,,,,,,,,,,0
1400353,,2,,,,,,,,,,0
1400354,,2,,,,,,,,,,0
1400355,,2,,,,,,,,,,0
1400356,,2,,,,,,,,,,0
1400357,,2,,,,,,,,,,0
1400358,,2,,,,,,,,,,0
1400359,,2,,,,,,,,,,0
1400360,,2,,,,,,,,,,0
1400361,,2,,,,,,,,,,0
1400362,,2,,,,,,,,,,0
1400363,,2,,,,,,,,,,0
1400364,,2,,,,,,,,,,0
1400365,,2,,,,,,,,,,0
1400366,,2,,,,,,,,,,0
1400367,,2,,,,,,,,,,0
1400368,,2,,,,,,,,,,0
1400369,,2,,,,,,,,,,0
1400370,,2,,,,,,,,,,0
1400371,,2,,,,,,,,,,0
1400372,,2,,,,,,,,,,0
1400373,,2,,,,,,,,,,0
1400374,,2,,,,,,,,,,0
1400375,,2,,,,,,,,,,0
1400376,,2,,,,,,,,,,0
1400377,,2,,,,,,,,,,0
1400378,,2,,,,,,,,,,0
1400379,,2,,,,,,,,,,0
1400380,,2,,,,,,,,,,0
1400381,,2,,,,,,,,,,0
1400382,,2,,,,,,,,,,0
1400383,,2,,,,,,,,,,0
1400384,,2,,,,,,,,,,0
1400385,,2,,,,,,,,,,0
1400386,,2,,,,,,,,,,0
1400387,,2,,,,,,,,,,0
1400388,,2,,,,,,,,,,0
1400389,,2,,,,,,,,,,0
1400390,,2,,,,,,,,,,0
1400391,,2,,,,,,,,,,0
1400392,,2,,,,,,,,,,0
1400393,,2,,,,,,,,,,0
1400394,,2,,,,,,,,,,0
1400395,,2,,,,,,,,,,0
1400396,,2,,,,,,,,,,0
1400397,,2,,,,,,,,,,0
1400398,,2,,,,,,,,,,0
1400399,,2,,,,,,,,,,0
1400400,,2,,,,,,,,,,0
1400401,,2,,,,,,,,,,0
1400402,,2,,,,,,,,,,0
1400403,,2,,,,,,,,,,0
1400404,,2,,,,,,,,,,0
1400405,,2,,,,,,,,,,0
1400406,,2,,,,,,,,,,0
1400407,,2,,,,,,,,,,0
1400408,,2,,,,,,,,,,0
1400409,,2,,,,,,,,,,0
1400410,,2,,,,,,,,,,0
1400411,,2,,,,,,,,,,0
1400412,,2,,,,,,,,,,0
1400413,,2,,,,,,,,,,0
1400414,,2,,,,,,,,,,0
1400415,,2,,,,,,,,,,0
1400416,,2,,,,,,,,,,0
1400417,,2,,,,,,,,,,0
1400418,,2,,,,,,,,,,0
1400419,,2,,,,,,,,,,0
1400420,,2,,,,,,,,,,0
1400421,,2,,,,,,,,,,0
1400422,,2,,,,,,,,,,0
1400423,,2,,,,,,,,,,0
1400424,,2,,,,,,,,,,0
1400425,,2,,,,,,,,,,0
1400426,,2,,,,,,,,,,0
1400427,,2,,,,,,,,,,0
1400428,,2,,,,,,,,,,0
1400429,,2,,,,,,,,,,0
1400430,,2,,,,,,,,,,0
1400431,,2,,,,,,,,,,0
1400432,,2,,,,,,,,,,0
1400433,,2,,,,,,,,,,0
1400434,,2,,,,,,,,,,0
1400435,,2,,,,,,,,,,0
1400436,,2,,,,,,,,,,0
1400437,,2,,,,,,,,,,0
1400438,,2,,,,,,,,,,0
1400439,,2,,,,,,,,,,0
1400440,,2,,,,,,,,,,0
1400441,,2,,,,,,,,,,0
1400442,,2,,,,,,,,,,0
1400443,,2,,,,,,,,,,0
1400444,,2,,,,,,,,,,0
1400445,,2,,,,,,,,,,0
1400446,,2,,,,,,,,,,0
1400447,,2,,,,,,,,,,0
1400448,,2,,,,,,,,,,0
1400449,,2,,,,,,,,,,0
1400450,,2,,,,,,,,,,0
1400451,,2,,,,,,,,,,0
1400452,,2,,,,,,,,,,0
1400453,,2,,,,,,,,,,0
1400454,,2,,,,,,,,,,0
1400455,,2,,,,,,,,,,0
1400456,,2,,,,,,,,,,0
1400457,,2,,,,,,,,,,0
1400458,,2,,,,,,,,,,0
1400459,,2,,,,,,,,,,0
1400460,,2,,,,,,,,,,0
1400461,,2,,,,,,,,,,0
1400462,,2,,,,,,,,,,0
1400463,,2,,,,,,,,,,0
1400464,,2,,,,,,,,,,0
1400465,,2,,,,,,,,,,0
1400466,,2,,,,,,,,,,0
1400467,,2,,,,,,,,,,0
1400468,,2,,,,,,,,,,0
1400469,,2,,,,,,,,,,0
1400470,,2,,,,,,,,,,0
1400471,,2,,,,,,,,,,0
1400472,,2,,,,,,,,,,0
1400473,,2,,,,,,,,,,0
9210488,,1,,,,,,,,,,0
9210489,,1,,,,,,,,,,0
9210490,,1,,,,,,,,,,0
9210491,,1,,,,,,,,,,0
9210492,,1,,,,,,,,,,0
9210493,,1,,,,,,,,,,0
9210494,,1,,,,,,,,,,0
9210495,,1,,,,,,,,,,0
9210496,,1,,,,,,,,,,0
9210497,,1,,,,,,,,,,0
9210498,,1,,,,,,,,,,0
9210499,,1,,,,,,,,,,0
9210500,,1,,,,,,,,,,0
9210501,,1,,,,,,,,,,0
9210502,,1,,,,,,,,,,0
9210503,,1,,,,,,,,,,0
9210504,,1,,,,,,,,,,0
9210505,,1,,,,,,,,,,0
9210506,,1,,,,,,,,,,0
9210507,,1,,,,,,,,,,0
9210508,,1,,,,,,,,,,0
9210509,,1,,,,,,,,,,0
9210510,,1,,,,,,,,,,0
9210511,,1,,,,,,,,,,0
9210512,,1,,,,,,,,,,0
9210513,,1,,,,,,,,,,0
9210514,,1,,,,,,,,,,0
9210515,,1,,,,,,,,,,0
9210516,,1,,,,,,,,,,0
9210517,,1,,,,,,,,,,0
9210518,,1,,,,,,,,,,0
9210519,,1,,,,,,,,,,0
9210520,,1,,,,,,,,,,0
9210521,,1,,,,,,,,,,0
9210522,,1,,,,,,,,,,0
9210523,,1,,,,,,,,,,0
9210524,,1,,,,,,,,,,0
9210525,,1,,,,,,,,,,0
9210526,,1,,,,,,,,,,0
9210527,,1,,,,,,,,,,0
9210528,,1,,,,,,,,,,0
9210529,,1,,,,,,,,,,0
9210530,,1,,,,,,,,,,0
9210531,,1,,,,,,,,,,0
9210532,,1,,,,,,,,,,0
9210533,,1,,,,,,,,,,0
9210534,,1,,,,,,,,,,0
9210535,,1,,,,,,,,,,0
9210536,,1,,,,,,,,,,0
9210537,,1,,,,,,,,,,0
9210538,,1,,,,,,,,,,0
9210539,,1,,,,,,,,,,0
9210540,,1,,,,,,,,,,0
9210541,,1,,,,,,,,,,0
9210542,,1,,,,,,,,,,0
9210543,,1,,,,,,,,,,0
9210544,,1,,,,,,,,,,0
9210545,,1,,,,,,,,,,0
9210546,,1,,,,,,,,,,0
9210547,,1,,,,,,,,,,0
9210548,,1,,,,,,,,,,0
9210549,,1,,,,,,,,,,0
9210550,,1,,,,,,,,,,0
9210551,,1,,,,,,,,,,0
9210552,,1,,,,,,,,,,0
9210553,,1,,,,,,,,,,0
9210554,,1,,,,,,,,,,0
9210555,,1,,,,,,,,,,0
9210556,,1,,,,,,,,,,0
9210557,,1,,,,,,,,,,0
9210558,,1,,,,,,,,,,0
9210559,,1,,,,,,,,,,0
9210560,,1,,,,,,,,,,0
9210561,,1,,,,,,,,,,0
9210562,,1,,,,,,,,,,0
9210563,,1,,,,,,,,,,0
9210564,,1,,,,,,,,,,0
9210565,,1,,,,,,,,,,0
9210566,,1,,,,,,,,,,0
9210567,,1,,,,,,,,,,0
9210568,,1,,,,,,,,,,0
9210569,,1,,,,,,,,,,0
9210570,,1,,,,,,,,,,0
9210571,,1,,,,,,,,,,0
9210572,,1,,,,,,,,,,0
9210573,,1,,,,,,,,,,0
9210574,,1,,,,,,,,,,0
9210575,,1,,,,,,,,,,0
9210576,,1,,,,,,,,,,0
9210577,,1,,,,,,,,,,0
9210578,,1,,,,,,,,,,0
9210579,,1,,,,,,,,,,0
9210580,,1,,,,,,,,,,0
9210581,,1,,,,,,,,,,0
9210582,,1,,,,,,,,,,0
9210583,,1,,,,,,,,,,0
9210584,,1,,,,,,,,,,0
9210585,,1,,,,,,,,,,0
9210586,,1,,,,,,,,,,0
9210587,,1,,,,,,,,,,0
9210588,,1,,,,,,,,,,0
9210589,,1,,,,,,,,,,0
9210590,,1,,,,,,,,,,0
9210591,,1,,,,,,,,,,0
9210592,,1,,,,,,,,,,0
9210593,,1,,,,,,,,,,0
9210594,,1,,,,,,,,,,0
9210595,,1,,,,,,,,,,0
9210596,,1,,,,,,,,,,0
9210597,,1,,,,,,,,,,0
9210598,,1,,,,,,,,,,0
9210599,,1,,,,,,,,,,0
9210600,,1,,,,,,,,,,0
9210601,,1,,,,,,,,,,0
9210602,,1,,,,,,,,,,0
9210603,,1,,,,,,,,,,0
9210604,,1,,,,,,,,,,0
9210605,,1,,,,,,,,,,0
9210606,,1,,,,,,,,,,0
9210607,,1,,,,,,,,,,0
9210608,,1,,,,,,,,,,0
9210609,,1,,,,,,,,,,0
9210610,,1,,,,,,,,,,0
9210611,,1,,,,,,,,,,0
9210612,,1,,,,,,,,,,0
9210613,,1,,,,,,,,,,0
9210614,,1,,,,,,,,,,0
9210615,,1,,,,,,,,,,0
9210616,,1,,,,,,,,,,0
9210617,,1,,,,,,,,,,0
9210618,,1,,,,,,,,,,0
9210619,,1,,,,,,,,,,0
9210620,,1,,,,,,,,,,0
9210621,,1,,,,,,,,,,0
9210622,,1,,,,,,,,,,0
9210623,,1,,,,,,,,,,0
9210624,,1,,,,,,,,,,0
9210625,,1,,,,,,,,,,0
9210626,,1,,,,,,,,,,0
9210627,,1,,,,,,,,,,0
9210628,,1,,,,,,,,,,0
9210629,,1,,,,,,,,,,0
9210630,,1,,,,,,,,,,0
9210631,,1,,,,,,,,,,0
9210632,,1,,,,,,,,,,0
9210633,,1,,,,,,,,,,0
9210634,,1,,,,,,,,,,0
9210635,,1,,,,,,,,,,0
9210636,,1,,,,,,,,,,0
9210637,,1,,,,,,,,,,0
9210638,,1,,,,,,,,,,0
9210639,,1,,,,,,,,,,0
9210640,,1,,,,,,,,,,0
9210641,,1,,,,,,,,,,0
9210642,,1,,,,,,,,,,0
9210643,,1,,,,,,,,,,0
9210644,,1,,,,,,,,,,0
9210645,,1,,,,,,,,,,0
9210646,,1,,,,,,,,,,0
9210647,,1,,,,,,,,,,0
9210648,,1,,,,,,,,,,0
9210649,,1,,,,,,,,,,0
9210650,,1,,,,,,,,,,0
9210651,,1,,,,,,,,,,0
9210652,,1,,,,,,,,,,0
9210653,,1,,,,,,,,,,0
9210654,,1,,,,,,,,,,0
9210655,,1,,,,,,,,,,0
9210656,,1,,,,,,,,,,0
9210657,,1,,,,,,,,,,0
9210658,,1,,,,,,,,,,0
9210659,,1,,,,,,,,,,0
9210660,,1,,,,,,,,,,0
9210661,,1,,,,,,,,,,0
9210662,,1,,,,,,,,,,0
9210663,,1,,,,,,,,,,0
9210664,,1,,,,,,,,,,0
9210665,,1,,,,,,,,,,0
9210666,,1,,,,,,,,,,0
9210667,,1,,,,,,,,,,0
9210668,,1,,,,,,,,,,0
9210669,,1,,,,,,,,,,0
9210670,,1,,,,,,,,,,0
9210671,,1,,,,,,,,,,0
9210672,,1,,,,,,,,,,0
9210673,,1,,,,,,,,,,0
9210674,,1,,,,,,,,,,0
9210675,,1,,,,,,,,,,0
9210676,,1,,,,,,,,,,0
9210677,,1,,,,,,,,,,0
9210678,,1,,,,,,,,,,0
9210679,,1,,,,,,,,,,0
9210680,,1,,,,,,,,,,0
9210681,,1,,,,,,,,,,0
9210682,,1,,,,,,,,,,0
9210683,,1,,,,,,,,,,0
9210684,,1,,,,,,,,,,0
9210685,,1,,,,,,,,,,0
9210686,,1,,,,,,,,,,0
9210687,,1,,,,,,,,,,0
9210688,,1,,,,,,,,,,0
9210689,,1,,,,,,,,,,0
9210690,,1,,,,,,,,,,0
9210691,,1,,,,,,,,,,0
9210692,,1,,,,,,,,,,0
9210693,,1,,,,,,,,,,0
9210694,,1,,,,,,,,,,0
9210695,,1,,,,,,,,,,0
9210696,,1,,,,,,,,,,0
9210697,,1,,,,,,,,,,0
9210698,,1,,,,,,,,,,0
9210699,,1,,,,,,,,,,0
9210700,,1,,,,,,,,,,0
9210701,,1,,,,,,,,,,0
9210702,,1,,,,,,,,,,0
9210703,,1,,,,,,,,,,0
9210704,,1,,,,,,,,,,0
9210705,,1,,,,,,,,,,0
9210706,,1,,,,,,,,,,0
9210707,,1,,,,,,,,,,0
9210708,,1,,,,,,,,,,0
9210709,,1,,,,,,,,,,0
9210710,,1,,,,,,,,,,0
9210711,,1,,,,,,,,,,0
9210712,,1,,,,,,,,,,0
9210713,,1,,,,,,,,,,0
9210714,,1,,,,,,,,,,0
9210715,,1,,,,,,,,,,0
9210716,,1,,,,,,,,,,0
9210717,,1,,,,,,,,,,0
9210718,,1,,,,,,,,,,0
9210719,,1,,,,,,,,,,0
9210720,,1,,,,,,,,,,0
9210721,,1,,,,,,,,,,0
9210722,,1,,,,,,,,,,0
9210723,,1,,,,,,,,,,0
9210724,,1,,,,,,,,,,0
9210725,,1,,,,,,,,,,0
9210726,,1,,,,,,,,,,0
9210727,,1,,,,,,,,,,0
9210728,,1,,,,,,,,,,0
9210729,,1,,,,,,,,,,0
9210730,,1,,,,,,,,,,0
9210731,,1,,,,,,,,,,0
9210732,,1,,,,,,,,,,0
9210733,,1,,,,,,,,,,0
9210734,,1,,,,,,,,,,0
9210735,,1,,,,,,,,,,0
9210736,,1,,,,,,,,,,0
9210737,,1,,,,,,,,,,0
9210738,,1,,,,,,,,,,0
9210739,,1,,,,,,,,,,0
9210740,,1,,,,,,,,,,0
9210741,,1,,,,,,,,,,0
9210742,,1,,,,,,,,,,0
9210743,,1,,,,,,,,,,0
9210744,,1,,,,,,,,,,0
9210745,,1,,,,,,,,,,0
9210746,,1,,,,,,,,,,0
9210747,,1,,,,,,,,,,0
9210748,,1,,,,,,,,,,0
9210749,,1,,,,,,,,,,0
9210750,,1,,,,,,,,,,0
9210751,,1,,,,,,,,,,0
9210752,,1,,,,,,,,,,0
9210753,,1,,,,,,,,,,0
9210754,,1,,,,,,,,,,0
9210755,,1,,,,,,,,,,0
9210756,,1,,,,,,,,,,0
9210757,,1,,,,,,,,,,0
9210758,,1,,,,,,,,,,0
9210759,,1,,,,,,,,,,0
9210760,,1,,,,,,,,,,0
9210761,,1,,,,,,,,,,0
9210762,,1,,,,,,,,,,0
9210763,,1,,,,,,,,,,0
9210764,,1,,,,,,,,,,0
9210765,,1,,,,,,,,,,0
9210766,,1,,,,,,,,,,0
9210767,,1,,,,,,,,,,0
9210768,,1,,,,,,,,,,0
9210769,,1,,,,,,,,,,0
9210770,,1,,,,,,,,,,0
9210771,,1,,,,,,,,,,0
9210772,,1,,,,,,,,,,0
9210773,,1,,,,,,,,,,0
9210774,,1,,,,,,,,,,0
9210775,,1,,,,,,,,,,0
9210776,,1,,,,,,,,,,0
9210777,,1,,,,,,,,,,0
9210778,,1,,,,,,,,,,0
9210779,,1,,,,,,,,,,0
9210780,,1,,,,,,,,,,0
9210781,,1,,,,,,,,,,0
9210782,,1,,,,,,,,,,0
9210783,,1,,,,,,,,,,0
9210784,,1,,,,,,,,,,0
9210785,,1,,,,,,,,,,0
9210786,,1,,,,,,,,,,0
9210787,,1,,,,,,,,,,0
9210788,,1,,,,,,,,,,0
9210789,,1,,,,,,,,,,0
9210790,,1,,,,,,,,,,0
9210791,,1,,,,,,,,,,0
9210792,,1,,,,,,,,,,0
9210793,,1,,,,,,,,,,0
9210794,,1,,,,,,,,,,0
9210795,,1,,,,,,,,,,0
9210796,,1,,,,,,,,,,0
9210797,,1,,,,,,,,,,0
9210798,,1,,,,,,,,,,0
9210799,,1,,,,,,,,,,0
9210800,,1,,,,,,,,,,0
9210801,,1,,,,,,,,,,0
9210802,,1,,,,,,,,,,0
9210803,,1,,,,,,,,,,0
9210804,,1,,,,,,,,,,0
9210805,,1,,,,,,,,,,0
9210806,,1,,,,,,,,,,0
9210807,,1,,,,,,,,,,0
9210808,,1,,,,,,,,,,0
9210809,,1,,,,,,,,,,0
9210810,,1,,,,,,,,,,0
9210811,,1,,,,,,,,,,0
9210812,,1,,,,,,,,,,0
9210813,,1,,,,,,,,,,0
9210814,,1,,,,,,,,,,0
9210815,,1,,,,,,,,,,0
9210816,,1,,,,,,,,,,0
9210817,,1,,,,,,,,,,0
9210818,,1,,,,,,,,,,0
9210819,,1,,,,,,,,,,0
9210820,,1,,,,,,,,,,0
9210821,,1,,,,,,,,,,0
9210822,,1,,,,,,,,,,0
9210823,,1,,,,,,,,,,0
9210824,,1,,,,,,,,,,0
9210825,,1,,,,,,,,,,0
9210826,,1,,,,,,,,,,0
9210827,,1,,,,,,,,,,0
9210828,,1,,,,,,,,,,0
9210829,,1,,,,,,,,,,0
9210830,,1,,,,,,,,,,0
9210831,,1,,,,,,,,,,0
9210832,,1,,,,,,,,,,0
9210833,,1,,,,,,,,,,0
9210834,,1,,,,,,,,,,0
9210835,,1,,,,,,,,,,0
9210836,,1,,,,,,,,,,0
9210837,,1,,,,,,,,,,0
9210838,,1,,,,,,,,,,0
9210839,,1,,,,,,,,,,0
9210840,,1,,,,,,,,,,0
9210841,,1,,,,,,,,,,0
9210842,,1,,,,,,,,,,0
9210843,,1,,,,,,,,,,0
9210844,,1,,,,,,,,,,0
9210845,,1,,,,,,,,,,0
9210846,,1,,,,,,,,,,0
9210847,,1,,,,,,,,,,0
9210848,,1,,,,,,,,,,0
9210849,,1,,,,,,,,,,0
9210850,,1,,,,,,,,,,0
9210851,,1,,,,,,,,,,0
9210852,,1,,,,,,,,,,0
9210853,,1,,,,,,,,,,0
9210854,,1,,,,,,,,,,0
9210855,,1,,,,,,,,,,0
9210856,,1,,,,,,,,,,0
9210857,,1,,,,,,,,,,0
9210858,,1,,,,,,,,,,0
9210859,,1,,,,,,,,,,0
9210860,,1,,,,,,,,,,0
9210861,,1,,,,,,,,,,0
9210862,,1,,,,,,,,,,0
9210863,,1,,,,,,,,,,0
9210864,,1,,,,,,,,,,0
9210865,,1,,,,,,,,,,0
9210866,,1,,,,,,,,,,0
9210867,,1,,,,,,,,,,0
9210868,,1,,,,,,,,,,0
9210869,,1,,,,,,,,,,0
9210870,,1,,,,,,,,,,0
9210871,,1,,,,,,,,,,0
9210872,,1,,,,,,,,,,0
9210873,,1,,,,,,,,,,0
9210874,,1,,,,,,,,,,0
9210875,,1,,,,,,,,,,0
9210876,,1,,,,,,,,,,0
9210877,,1,,,,,,,,,,0
9210878,,1,,,,,,,,,,0
9210879,,1,,,,,,,,,,0
9210880,,1,,,,,,,,,,0
9210881,,1,,,,,,,,,,0
9210882,,1,,,,,,,,,,0
9210883,,1,,,,,,,,,,0
9210884,,1,,,,,,,,,,0
9210885,,1,,,,,,,,,,0
9210886,,1,,,,,,,,,,0
9210887,,1,,,,,,,,,,0
9210888,,1,,,,,,,,,,0
9210889,,1,,,,,,,,,,0
9210890,,1,,,,,,,,,,0
9210891,,1,,,,,,,,,,0
9210892,,1,,,,,,,,,,0
9210893,,1,,,,,,,,,,0
9210894,,1,,,,,,,,,,0
9210895,,1,,,,,,,,,,0
9210896,,1,,,,,,,,,,0
9210897,,1,,,,,,,,,,0
9210898,,1,,,,,,,,,,0
9210899,,1,,,,,,,,,,0
9210900,,1,,,,,,,,,,0
9210901,,1,,,,,,,,,,0
9210902,,1,,,,,,,,,,0
9210903,,1,,,,,,,,,,0
9210904,,1,,,,,,,,,,0
9210905,,1,,,,,,,,,,0
9210906,,1,,,,,,,,,,0
9210907,,1,,,,,,,,,,0
9210908,,1,,,,,,,,,,0
9210909,,1,,,,,,,,,,0
9210910,,1,,,,,,,,,,0
9210911,,1,,,,,,,,,,0
9210912,,1,,,,,,,,,,0
9210913,,1,,,,,,,,,,0
9210914,,1,,,,,,,,,,0
9210915,,1,,,,,,,,,,0
9210916,,1,,,,,,,,,,0
9210917,,1,,,,,,,,,,0
9210918,,1,,,,,,,,,,0
9210919,,1,,,,,,,,,,0
9210920,,1,,,,,,,,,,0
9210921,,1,,,,,,,,,,0
9210922,,1,,,,,,,,,,0
9210923,,1,,,,,,,,,,0
9210924,,1,,,,,,,,,,0
9210925,,1,,,,,,,,,,0
9210926,,1,,,,,,,,,,0
9210927,,1,,,,,,,,,,0
9210928,,1,,,,,,,,,,0
9210929,,1,,,,,,,,,,0
9210930,,1,,,,,,,,,,0
9210931,,1,,,,,,,,,,0
9210932,,1,,,,,,,,,,0
9210933,,1,,,,,,,,,,0
9210934,,1,,,,,,,,,,0
9210935,,1,,,,,,,,,,0
9210936,,1,,,,,,,,,,0
9210937,,1,,,,,,,,,,0
9210938,,1,,,,,,,,,,0
9210939,,1,,,,,,,,,,0
9210940,,1,,,,,,,,,,0
9210941,,1,,,,,,,,,,0
9210942,,1,,,,,,,,,,0
9210943,,1,,,,,,,,,,0
9210944,,1,,,,,,,,,,0
9210945,,1,,,,,,,,,,0
9210946,,1,,,,,,,,,,0
9210947,,1,,,,,,,,,,0
9210948,,1,,,,,,,,,,0
9210949,,1,,,,,,,,,,0
9210950,,1,,,,,,,,,,0
9210951,,1,,,,,,,,,,0
9210952,,1,,,,,,,,,,0
9210953,,1,,,,,,,,,,0
9210954,,1,,,,,,,,,,0
9210955,,1,,,,,,,,,,0
9210956,,1,,,,,,,,,,0
9210957,,1,,,,,,,,,,0
9210958,,1,,,,,,,,,,0
9210959,,1,,,,,,,,,,0
9210960,,1,,,,,,,,,,0
9210961,,1,,,,,,,,,,0
9210962,,1,,,,,,,,,,0
9210963,,1,,,,,,,,,,0
9210964,,1,,,,,,,,,,0
9210965,,1,,,,,,,,,,0
9210966,,1,,,,,,,,,,0
9210967,,1,,,,,,,,,,0
9210968,,1,,,,,,,,,,0
9210969,,1,,,,,,,,,,0
9210970,,1,,,,,,,,,,0
9210971,,1,,,,,,,,,,0
9210972,,1,,,,,,,,,,0
9210973,,1,,,,,,,,,,0
9210974,,1,,,,,,,,,,0
9210975,,1,,,,,,,,,,0
9210976,,1,,,,,,,,,,0
9210977,,1,,,,,,,,,,0
9210978,,1,,,,,,,,,,0
9210979,,1,,,,,,,,,,0
9210980,,1,,,,,,,,,,0
9210981,,1,,,,,,,,,,0
9210982,,1,,,,,,,,,,0
9210983,,1,,,,,,,,,,0
9210984,,1,,,,,,,,,,0
9210985,,1,,,,,,,,,,0
9210986,,1,,,,,,,,,,0
9210987,,1,,,,,,,,,,0
1400474,,2,,,,,,,,,,0
1400475,,2,,,,,,,,,,0
1400476,,2,,,,,,,,,,0
1400477,,2,,,,,,,,,,0
1400478,,2,,,,,,,,,,0
1400479,,2,,,,,,,,,,0
1400480,,2,,,,,,,,,,0
1400481,,2,,,,,,,,,,0
1400482,,2,,,,,,,,,,0
1400483,,2,,,,,,,,,,0
1400484,,2,,,,,,,,,,0
1400485,,2,,,,,,,,,,0
1400486,,2,,,,,,,,,,0
1400487,,2,,,,,,,,,,0
1400488,,2,,,,,,,,,,0
1400489,,2,,,,,,,,,,0
1400490,,2,,,,,,,,,,0
1400491,,2,,,,,,,,,,0
1400492,,2,,,,,,,,,,0
1400493,,2,,,,,,,,,,0
1400494,,2,,,,,,,,,,0
1400495,,2,,,,,,,,,,0
1400496,,2,,,,,,,,,,0
1400497,,2,,,,,,,,,,0
1400498,,2,,,,,,,,,,0
1400499,,2,,,,,,,,,,0
1400500,,2,,,,,,,,,,0
1400501,,2,,,,,,,,,,0
1400502,,2,,,,,,,,,,0
1400503,,2,,,,,,,,,,0
1400504,,2,,,,,,,,,,0
1400505,,2,,,,,,,,,,0
1400506,,2,,,,,,,,,,0
1400507,,2,,,,,,,,,,0
1400508,,2,,,,,,,,,,0
1400509,,2,,,,,,,,,,0
1400510,,2,,,,,,,,,,0
1400511,,2,,,,,,,,,,0
1400512,,2,,,,,,,,,,0
1400513,,2,,,,,,,,,,0
1400514,,2,,,,,,,,,,0
1400515,,2,,,,,,,,,,0
1400516,,2,,,,,,,,,,0
1400517,,2,,,,,,,,,,0
1400518,,2,,,,,,,,,,0
1400519,,2,,,,,,,,,,0
1400520,,2,,,,,,,,,,0
1400521,,2,,,,,,,,,,0
1400522,,2,,,,,,,,,,0
1400523,,2,,,,,,,,,,0
1400524,,2,,,,,,,,,,0
1400525,,2,,,,,,,,,,0
1400526,,2,,,,,,,,,,0
1400527,,2,,,,,,,,,,0
1400528,,2,,,,,,,,,,0
1400529,,2,,,,,,,,,,0
1400530,,2,,,,,,,,,,0
1400531,,2,,,,,,,,,,0
1400532,,2,,,,,,,,,,0
1400533,,2,,,,,,,,,,0
1400534,,2,,,,,,,,,,0
1400535,,2,,,,,,,,,,0
1400536,,2,,,,,,,,,,0
1400537,,2,,,,,,,,,,0
1400538,,2,,,,,,,,,,0
1400539,,2,,,,,,,,,,0
1400540,,2,,,,,,,,,,0
1400541,,2,,,,,,,,,,0
1400542,,2,,,,,,,,,,0
1400543,,2,,,,,,,,,,0
1400544,,2,,,,,,,,,,0
1400545,,2,,,,,,,,,,0
1400546,,2,,,,,,,,,,0
1400547,,2,,,,,,,,,,0
1400548,,2,,,,,,,,,,0
1400549,,2,,,,,,,,,,0
1400550,,2,,,,,,,,,,0
1400551,,2,,,,,,,,,,0
1400552,,2,,,,,,,,,,0
1400553,,2,,,,,,,,,,0
1400554,,2,,,,,,,,,,0
1400555,,2,,,,,,,,,,0
1400556,,2,,,,,,,,,,0
1400557,,2,,,,,,,,,,0
1400558,,2,,,,,,,,,,0
1400559,,2,,,,,,,,,,0
1400560,,2,,,,,,,,,,0
1400561,,2,,,,,,,,,,0
1400562,,2,,,,,,,,,,0
1400563,,2,,,,,,,,,,0
1400564,,2,,,,,,,,,,0
1400565,,2,,,,,,,,,,0
1400566,,2,,,,,,,,,,0
1400567,,2,,,,,,,,,,0
1400568,,2,,,,,,,,,,0
1400569,,2,,,,,,,,,,0
1400570,,2,,,,,,,,,,0
1400571,,2,,,,,,,,,,0
1400572,,2,,,,,,,,,,0
1400573,,2,,,,,,,,,,0
1400574,,2,,,,,,,,,,0
1400575,,2,,,,,,,,,,0
1400576,,2,,,,,,,,,,0
1400577,,2,,,,,,,,,,0
1400578,,2,,,,,,,,,,0
1400579,,2,,,,,,,,,,0
1400580,,2,,,,,,,,,,0
1400581,,2,,,,,,,,,,0
1400582,,2,,,,,,,,,,0
1400583,,2,,,,,,,,,,0
1400584,,2,,,,,,,,,,0
1400585,,2,,,,,,,,,,0
1400586,,2,,,,,,,,,,0
1400587,,2,,,,,,,,,,0
1400588,,2,,,,,,,,,,0
1400589,,2,,,,,,,,,,0
1400590,,2,,,,,,,,,,0
1400591,,2,,,,,,,,,,0
1400592,,2,,,,,,,,,,0
1400593,,2,,,,,,,,,,0
1400594,,2,,,,,,,,,,0
1400595,,2,,,,,,,,,,0
1400596,,2,,,,,,,,,,0
1400597,,2,,,,,,,,,,0
1400598,,2,,,,,,,,,,0
1400599,,2,,,,,,,,,,0
1400600,,2,,,,,,,,,,0
1400601,,2,,,,,,,,,,0
1400602,,2,,,,,,,,,,0
1400603,,2,,,,,,,,,,0
1400604,,2,,,,,,,,,,0
1400605,,2,,,,,,,,,,0
1400606,,2,,,,,,,,,,0
1400607,,2,,,,,,,,,,0
1400608,,2,,,,,,,,,,0
1400609,,2,,,,,,,,,,0
1400610,,2,,,,,,,,,,0
1400611,,2,,,,,,,,,,0
1400612,,2,,,,,,,,,,0
1400613,,2,,,,,,,,,,0
1400614,,2,,,,,,,,,,0
1400615,,2,,,,,,,,,,0
1400616,,2,,,,,,,,,,0
1400617,,2,,,,,,,,,,0
1400618,,2,,,,,,,,,,0
1400619,,2,,,,,,,,,,0
1400620,,2,,,,,,,,,,0
1400621,,2,,,,,,,,,,0
1400622,,2,,,,,,,,,,0
1400623,,2,,,,,,,,,,0
1400624,,2,,,,,,,,,,0
1400625,,2,,,,,,,,,,0
1400626,,2,,,,,,,,,,0
1400627,,2,,,,,,,,,,0
1400628,,2,,,,,,,,,,0
1400629,,2,,,,,,,,,,0
1400630,,2,,,,,,,,,,0
1400631,,2,,,,,,,,,,0
1400632,,2,,,,,,,,,,0
1400633,,2,,,,,,,,,,0
1400634,,2,,,,,,,,,,0
1400635,,2,,,,,,,,,,0
1400636,,2,,,,,,,,,,0
1400637,,2,,,,,,,,,,0
1400638,,2,,,,,,,,,,0
1400639,,2,,,,,,,,,,0
1400640,,2,,,,,,,,,,0
1400641,,2,,,,,,,,,,0
1400642,,2,,,,,,,,,,0
1400643,,2,,,,,,,,,,0
1400644,,2,,,,,,,,,,0
1400645,,2,,,,,,,,,,0
1400646,,2,,,,,,,,,,0
1400647,,2,,,,,,,,,,0
1400648,,2,,,,,,,,,,0
1400649,,2,,,,,,,,,,0
1400650,,2,,,,,,,,,,0
1400651,,2,,,,,,,,,,0
1400652,,2,,,,,,,,,,0
1400653,,2,,,,,,,,,,0
1400654,,2,,,,,,,,,,0
1400655,,2,,,,,,,,,,0
1400656,,2,,,,,,,,,,0
1400657,,2,,,,,,,,,,0
1400658,,2,,,,,,,,,,0
1400659,,2,,,,,,,,,,0
1400660,,2,,,,,,,,,,0
1400661,,2,,,,,,,,,,0
1400662,,2,,,,,,,,,,0
1400663,,2,,,,,,,,,,0
1400664,,2,,,,,,,,,,0
1400665,,2,,,,,,,,,,0
1400666,,2,,,,,,,,,,0
1400667,,2,,,,,,,,,,0
1400668,,2,,,,,,,,,,0
1400669,,2,,,,,,,,,,0
1400670,,2,,,,,,,,,,0
1400671,,2,,,,,,,,,,0
1400672,,2,,,,,,,,,,0
1400673,,2,,,,,,,,,,0
1400674,,2,,,,,,,,,,0
1400675,,2,,,,,,,,,,0
1400676,,2,,,,,,,,,,0
1400677,,2,,,,,,,,,,0
1400678,,2,,,,,,,,,,0
1400679,,2,,,,,,,,,,0
1400680,,2,,,,,,,,,,0
1400681,,2,,,,,,,,,,0
1400682,,2,,,,,,,,,,0
1400683,,2,,,,,,,,,,0
1400684,,2,,,,,,,,,,0
1400685,,2,,,,,,,,,,0
1400686,,2,,,,,,,,,,0
1400687,,2,,,,,,,,,,0
1400688,,2,,,,,,,,,,0
1400689,,2,,,,,,,,,,0
1400690,,2,,,,,,,,,,0
1400691,,2,,,,,,,,,,0
1400692,,2,,,,,,,,,,0
1400693,,2,,,,,,,,,,0
1400694,,2,,,,,,,,,,0
1400695,,2,,,,,,,,,,0
1400696,,2,,,,,,,,,,0
1400697,,2,,,,,,,,,,0
1400698,,2,,,,,,,,,,0
1400699,,2,,,,,,,,,,0
1400700,,2,,,,,,,,,,0
1400701,,2,,,,,,,,,,0
1400702,,2,,,,,,,,,,0
1400703,,2,,,,,,,,,,0
1400704,,2,,,,,,,,,,0
1400705,,2,,,,,,,,,,0
1400706,,2,,,,,,,,,,0
1400707,,2,,,,,,,,,,0
1400708,,2,,,,,,,,,,0
1400709,,2,,,,,,,,,,0
1400710,,2,,,,,,,,,,0
1400711,,2,,,,,,,,,,0
1400712,,2,,,,,,,,,,0
1400713,,2,,,,,,,,,,0
1400714,,2,,,,,,,,,,0
1400715,,2,,,,,,,,,,0
1400716,,2,,,,,,,,,,0
1400717,,2,,,,,,,,,,0
1400718,,2,,,,,,,,,,0
1400719,,2,,,,,,,,,,0
1400720,,2,,,,,,,,,,0
1400721,,2,,,,,,,,,,0
1400722,,2,,,,,,,,,,0
1400723,,2,,,,,,,,,,0
1400724,,2,,,,,,,,,,0
1400725,,2,,,,,,,,,,0
1400726,,2,,,,,,,,,,0
1400727,,2,,,,,,,,,,0
1400728,,2,,,,,,,,,,0
1400729,,2,,,,,,,,,,0
1400730,,2,,,,,,,,,,0
1400731,,2,,,,,,,,,,0
1400732,,2,,,,,,,,,,0
1400733,,2,,,,,,,,,,0
1400734,,2,,,,,,,,,,0
1400735,,2,,,,,,,,,,0
1400736,,2,,,,,,,,,,0
1400737,,2,,,,,,,,,,0
1400738,,2,,,,,,,,,,0
1400739,,2,,,,,,,,,,0
1400740,,2,,,,,,,,,,0
1400741,,2,,,,,,,,,,0
1400742,,2,,,,,,,,,,0
1400743,,2,,,,,,,,,,0
1400744,,2,,,,,,,,,,0
1400745,,2,,,,,,,,,,0
1400746,,2,,,,,,,,,,0
1400747,,2,,,,,,,,,,0
1400748,,2,,,,,,,,,,0
1400749,,2,,,,,,,,,,0
1400750,,2,,,,,,,,,,0
1400751,,2,,,,,,,,,,0
1400752,,2,,,,,,,,,,0
1400753,,2,,,,,,,,,,0
1400754,,2,,,,,,,,,,0
1400755,,2,,,,,,,,,,0
1400756,,2,,,,,,,,,,0
1400757,,2,,,,,,,,,,0
1400758,,2,,,,,,,,,,0
1400759,,2,,,,,,,,,,0
1400760,,2,,,,,,,,,,0
1400761,,2,,,,,,,,,,0
1400762,,2,,,,,,,,,,0
1400763,,2,,,,,,,,,,0
1400764,,2,,,,,,,,,,0
1400765,,2,,,,,,,,,,0
1400766,,2,,,,,,,,,,0
1400767,,2,,,,,,,,,,0
1400768,,2,,,,,,,,,,0
1400769,,2,,,,,,,,,,0
1400770,,2,,,,,,,,,,0
1400771,,2,,,,,,,,,,0
1400772,,2,,,,,,,,,,0
1400773,,2,,,,,,,,,,0
1400774,,2,,,,,,,,,,0
1400775,,2,,,,,,,,,,0
1400776,,2,,,,,,,,,,0
1400777,,2,,,,,,,,,,0
1400778,,2,,,,,,,,,,0
1400779,,2,,,,,,,,,,0
1400780,,2,,,,,,,,,,0
1400781,,2,,,,,,,,,,0
1400782,,2,,,,,,,,,,0
1400783,,2,,,,,,,,,,0
1400784,,2,,,,,,,,,,0
1400785,,2,,,,,,,,,,0
1400786,,2,,,,,,,,,,0
1400787,,2,,,,,,,,,,0
1400788,,2,,,,,,,,,,0
1400789,,2,,,,,,,,,,0
1400790,,2,,,,,,,,,,0
1400791,,2,,,,,,,,,,0
1400792,,2,,,,,,,,,,0
1400793,,2,,,,,,,,,,0
1400794,,2,,,,,,,,,,0
1400795,,2,,,,,,,,,,0
1400796,,2,,,,,,,,,,0
1400797,,2,,,,,,,,,,0
1400798,,2,,,,,,,,,,0
1400799,,2,,,,,,,,,,0
1400800,,2,,,,,,,,,,0
1400801,,2,,,,,,,,,,0
1400802,,2,,,,,,,,,,0
1400803,,2,,,,,,,,,,0
1400804,,2,,,,,,,,,,0
1400805,,2,,,,,,,,,,0
1400806,,2,,,,,,,,,,0
1400807,,2,,,,,,,,,,0
1400808,,2,,,,,,,,,,0
1400809,,2,,,,,,,,,,0
1400810,,2,,,,,,,,,,0
1400811,,2,,,,,,,,,,0
1400812,,2,,,,,,,,,,0
1400813,,2,,,,,,,,,,0
1400814,,2,,,,,,,,,,0
1400815,,2,,,,,,,,,,0
1400816,,2,,,,,,,,,,0
1400817,,2,,,,,,,,,,0
1400818,,2,,,,,,,,,,0
1400819,,2,,,,,,,,,,0
1400820,,2,,,,,,,,,,0
1400821,,2,,,,,,,,,,0
1400822,,2,,,,,,,,,,0
1400823,,2,,,,,,,,,,0
1400824,,2,,,,,,,,,,0
1400825,,2,,,,,,,,,,0
1400826,,2,,,,,,,,,,0
1400827,,2,,,,,,,,,,0
1400828,,2,,,,,,,,,,0
1400829,,2,,,,,,,,,,0
1400830,,2,,,,,,,,,,0
1400831,,2,,,,,,,,,,0
1400832,,2,,,,,,,,,,0
1400833,,2,,,,,,,,,,0
1400834,,2,,,,,,,,,,0
1400835,,2,,,,,,,,,,0
1400836,,2,,,,,,,,,,0
1400837,,2,,,,,,,,,,0
1400838,,2,,,,,,,,,,0
1400839,,2,,,,,,,,,,0
1400840,,2,,,,,,,,,,0
1400841,,2,,,,,,,,,,0
1400842,,2,,,,,,,,,,0
1400843,,2,,,,,,,,,,0
1400844,,2,,,,,,,,,,0
1400845,,2,,,,,,,,,,0
1400846,,2,,,,,,,,,,0
1400847,,2,,,,,,,,,,0
1400848,,2,,,,,,,,,,0
1400849,,2,,,,,,,,,,0
1400850,,2,,,,,,,,,,0
1400851,,2,,,,,,,,,,0
1400852,,2,,,,,,,,,,0
1400853,,2,,,,,,,,,,0
1400854,,2,,,,,,,,,,0
1400855,,2,,,,,,,,,,0
1400856,,2,,,,,,,,,,0
1400857,,2,,,,,,,,,,0
1400858,,2,,,,,,,,,,0
1400859,,2,,,,,,,,,,0
1400860,,2,,,,,,,,,,0
1400861,,2,,,,,,,,,,0
1400862,,2,,,,,,,,,,0
1400863,,2,,,,,,,,,,0
1400864,,2,,,,,,,,,,0
1400865,,2,,,,,,,,,,0
1400866,,2,,,,,,,,,,0
1400867,,2,,,,,,,,,,0
1400868,,2,,,,,,,,,,0
1400869,,2,,,,,,,,,,0
1400870,,2,,,,,,,,,,0
1400871,,2,,,,,,,,,,0
1400872,,2,,,,,,,,,,0
1400873,,2,,,,,,,,,,0
1400874,,2,,,,,,,,,,0
1400875,,2,,,,,,,,,,0
1400876,,2,,,,,,,,,,0
1400877,,2,,,,,,,,,,0
1400878,,2,,,,,,,,,,0
1400879,,2,,,,,,,,,,0
1400880,,2,,,,,,,,,,0
1400881,,2,,,,,,,,,,0
1400882,,2,,,,,,,,,,0
1400883,,2,,,,,,,,,,0
1400884,,2,,,,,,,,,,0
1400885,,2,,,,,,,,,,0
1400886,,2,,,,,,,,,,0
1400887,,2,,,,,,,,,,0
1400888,,2,,,,,,,,,,0
1400889,,2,,,,,,,,,,0
1400890,,2,,,,,,,,,,0
1400891,,2,,,,,,,,,,0
1400892,,2,,,,,,,,,,0
1400893,,2,,,,,,,,,,0
1400894,,2,,,,,,,,,,0
1400895,,2,,,,,,,,,,0
1400896,,2,,,,,,,,,,0
1400897,,2,,,,,,,,,,0
1400898,,2,,,,,,,,,,0
1400899,,2,,,,,,,,,,0
1400900,,2,,,,,,,,,,0
1400901,,2,,,,,,,,,,0
1400902,,2,,,,,,,,,,0
1400903,,2,,,,,,,,,,0
1400904,,2,,,,,,,,,,0
1400905,,2,,,,,,,,,,0
1400906,,2,,,,,,,,,,0
1400907,,2,,,,,,,,,,0
1400908,,2,,,,,,,,,,0
1400909,,2,,,,,,,,,,0
1400910,,2,,,,,,,,,,0
1400911,,2,,,,,,,,,,0
1400912,,2,,,,,,,,,,0
1400913,,2,,,,,,,,,,0
1400914,,2,,,,,,,,,,0
1400915,,2,,,,,,,,,,0
1400916,,2,,,,,,,,,,0
1400917,,2,,,,,,,,,,0
1400918,,2,,,,,,,,,,0
1400919,,2,,,,,,,,,,0
1400920,,2,,,,,,,,,,0
1400921,,2,,,,,,,,,,0
1400922,,2,,,,,,,,,,0
1400923,,2,,,,,,,,,,0
1400924,,2,,,,,,,,,,0
1400925,,2,,,,,,,,,,0
1400926,,2,,,,,,,,,,0
1400927,,2,,,,,,,,,,0
1400928,,2,,,,,,,,,,0
1400929,,2,,,,,,,,,,0
1400930,,2,,,,,,,,,,0
1400931,,2,,,,,,,,,,0
1400932,,2,,,,,,,,,,0
1400933,,2,,,,,,,,,,0
1400934,,2,,,,,,,,,,0
1400935,,2,,,,,,,,,,0
1400936,,2,,,,,,,,,,0
1400937,,2,,,,,,,,,,0
1400938,,2,,,,,,,,,,0
1400939,,2,,,,,,,,,,0
1400940,,2,,,,,,,,,,0
1400941,,2,,,,,,,,,,0
1400942,,2,,,,,,,,,,0
1400943,,2,,,,,,,,,,0
1400944,,2,,,,,,,,,,0
1400945,,2,,,,,,,,,,0
1400946,,2,,,,,,,,,,0
1400947,,2,,,,,,,,,,0
1400948,,2,,,,,,,,,,0
1400949,,2,,,,,,,,,,0
1400950,,2,,,,,,,,,,0
1400951,,2,,,,,,,,,,0
1400952,,2,,,,,,,,,,0
1400953,,2,,,,,,,,,,0
1400954,,2,,,,,,,,,,0
1400955,,2,,,,,,,,,,0
1400956,,2,,,,,,,,,,0
1400957,,2,,,,,,,,,,0
1400958,,2,,,,,,,,,,0
1400959,,2,,,,,,,,,,0
1400960,,2,,,,,,,,,,0
1400961,,2,,,,,,,,,,0
1400962,,2,,,,,,,,,,0
1400963,,2,,,,,,,,,,0
1400964,,2,,,,,,,,,,0
1400965,,2,,,,,,,,,,0
1400966,,2,,,,,,,,,,0
1400967,,2,,,,,,,,,,0
1400968,,2,,,,,,,,,,0
1400969,,2,,,,,,,,,,0
1400970,,2,,,,,,,,,,0
1400971,,2,,,,,,,,,,0
1400972,,2,,,,,,,,,,0
1400973,,2,,,,,,,,,,0
9210988,,1,,,,,,,,,,0
9210989,,1,,,,,,,,,,0
9210990,,1,,,,,,,,,,0
9210991,,1,,,,,,,,,,0
9210992,,1,,,,,,,,,,0
9210993,,1,,,,,,,,,,0
9210994,,1,,,,,,,,,,0
9210995,,1,,,,,,,,,,0
9210996,,1,,,,,,,,,,0
9210997,,1,,,,,,,,,,0
9210998,,1,,,,,,,,,,0
9210999,,1,,,,,,,,,,0
9211000,,1,,,,,,,,,,0
9211001,,1,,,,,,,,,,0
9211002,,1,,,,,,,,,,0
9211003,,1,,,,,,,,,,0
9211004,,1,,,,,,,,,,0
9211005,,1,,,,,,,,,,0
9211006,,1,,,,,,,,,,0
9211007,,1,,,,,,,,,,0
9211008,,1,,,,,,,,,,0
9211009,,1,,,,,,,,,,0
9211010,,1,,,,,,,,,,0
9211011,,1,,,,,,,,,,0
9211012,,1,,,,,,,,,,0
9211013,,1,,,,,,,,,,0
9211014,,1,,,,,,,,,,0
9211015,,1,,,,,,,,,,0
9211016,,1,,,,,,,,,,0
9211017,,1,,,,,,,,,,0
9211018,,1,,,,,,,,,,0
9211019,,1,,,,,,,,,,0
9211020,,1,,,,,,,,,,0
9211021,,1,,,,,,,,,,0
9211022,,1,,,,,,,,,,0
9211023,,1,,,,,,,,,,0
9211024,,1,,,,,,,,,,0
9211025,,1,,,,,,,,,,0
9211026,,1,,,,,,,,,,0
9211027,,1,,,,,,,,,,0
9211028,,1,,,,,,,,,,0
9211029,,1,,,,,,,,,,0
9211030,,1,,,,,,,,,,0
9211031,,1,,,,,,,,,,0
9211032,,1,,,,,,,,,,0
9211033,,1,,,,,,,,,,0
9211034,,1,,,,,,,,,,0
9211035,,1,,,,,,,,,,0
9211036,,1,,,,,,,,,,0
9211037,,1,,,,,,,,,,0
9211038,,1,,,,,,,,,,0
9211039,,1,,,,,,,,,,0
9211040,,1,,,,,,,,,,0
9211041,,1,,,,,,,,,,0
9211042,,1,,,,,,,,,,0
9211043,,1,,,,,,,,,,0
9211044,,1,,,,,,,,,,0
9211045,,1,,,,,,,,,,0
9211046,,1,,,,,,,,,,0
9211047,,1,,,,,,,,,,0
9211048,,1,,,,,,,,,,0
9211049,,1,,,,,,,,,,0
9211050,,1,,,,,,,,,,0
9211051,,1,,,,,,,,,,0
9211052,,1,,,,,,,,,,0
9211053,,1,,,,,,,,,,0
9211054,,1,,,,,,,,,,0
9211055,,1,,,,,,,,,,0
9211056,,1,,,,,,,,,,0
9211057,,1,,,,,,,,,,0
9211058,,1,,,,,,,,,,0
9211059,,1,,,,,,,,,,0
9211060,,1,,,,,,,,,,0
9211061,,1,,,,,,,,,,0
9211062,,1,,,,,,,,,,0
9211063,,1,,,,,,,,,,0
9211064,,1,,,,,,,,,,0
9211065,,1,,,,,,,,,,0
9211066,,1,,,,,,,,,,0
9211067,,1,,,,,,,,,,0
9211068,,1,,,,,,,,,,0
9211069,,1,,,,,,,,,,0
9211070,,1,,,,,,,,,,0
9211071,,1,,,,,,,,,,0
9211072,,1,,,,,,,,,,0
9211073,,1,,,,,,,,,,0
9211074,,1,,,,,,,,,,0
9211075,,1,,,,,,,,,,0
9211076,,1,,,,,,,,,,0
9211077,,1,,,,,,,,,,0
9211078,,1,,,,,,,,,,0
9211079,,1,,,,,,,,,,0
9211080,,1,,,,,,,,,,0
9211081,,1,,,,,,,,,,0
9211082,,1,,,,,,,,,,0
9211083,,1,,,,,,,,,,0
9211084,,1,,,,,,,,,,0
9211085,,1,,,,,,,,,,0
9211086,,1,,,,,,,,,,0
9211087,,1,,,,,,,,,,0
9211088,,1,,,,,,,,,,0
9211089,,1,,,,,,,,,,0
9211090,,1,,,,,,,,,,0
9211091,,1,,,,,,,,,,0
9211092,,1,,,,,,,,,,0
9211093,,1,,,,,,,,,,0
9211094,,1,,,,,,,,,,0
9211095,,1,,,,,,,,,,0
9211096,,1,,,,,,,,,,0
9211097,,1,,,,,,,,,,0
9211098,,1,,,,,,,,,,0
9211099,,1,,,,,,,,,,0
9211100,,1,,,,,,,,,,0
9211101,,1,,,,,,,,,,0
9211102,,1,,,,,,,,,,0
9211103,,1,,,,,,,,,,0
9211104,,1,,,,,,,,,,0
9211105,,1,,,,,,,,,,0
9211106,,1,,,,,,,,,,0
9211107,,1,,,,,,,,,,0
9211108,,1,,,,,,,,,,0
9211109,,1,,,,,,,,,,0
9211110,,1,,,,,,,,,,0
9211111,,1,,,,,,,,,,0
9211112,,1,,,,,,,,,,0
9211113,,1,,,,,,,,,,0
9211114,,1,,,,,,,,,,0
9211115,,1,,,,,,,,,,0
9211116,,1,,,,,,,,,,0
9211117,,1,,,,,,,,,,0
9211118,,1,,,,,,,,,,0
9211119,,1,,,,,,,,,,0
9211120,,1,,,,,,,,,,0
9211121,,1,,,,,,,,,,0
9211122,,1,,,,,,,,,,0
9211123,,1,,,,,,,,,,0
9211124,,1,,,,,,,,,,0
9211125,,1,,,,,,,,,,0
9211126,,1,,,,,,,,,,0
9211127,,1,,,,,,,,,,0
9211128,,1,,,,,,,,,,0
9211129,,1,,,,,,,,,,0
9211130,,1,,,,,,,,,,0
9211131,,1,,,,,,,,,,0
9211132,,1,,,,,,,,,,0
9211133,,1,,,,,,,,,,0
9211134,,1,,,,,,,,,,0
9211135,,1,,,,,,,,,,0
9211136,,1,,,,,,,,,,0
9211137,,1,,,,,,,,,,0
9211138,,1,,,,,,,,,,0
9211139,,1,,,,,,,,,,0
9211140,,1,,,,,,,,,,0
9211141,,1,,,,,,,,,,0
9211142,,1,,,,,,,,,,0
9211143,,1,,,,,,,,,,0
9211144,,1,,,,,,,,,,0
9211145,,1,,,,,,,,,,0
9211146,,1,,,,,,,,,,0
9211147,,1,,,,,,,,,,0
9211148,,1,,,,,,,,,,0
9211149,,1,,,,,,,,,,0
9211150,,1,,,,,,,,,,0
9211151,,1,,,,,,,,,,0
9211152,,1,,,,,,,,,,0
9211153,,1,,,,,,,,,,0
9211154,,1,,,,,,,,,,0
9211155,,1,,,,,,,,,,0
9211156,,1,,,,,,,,,,0
9211157,,1,,,,,,,,,,0
9211158,,1,,,,,,,,,,0
9211159,,1,,,,,,,,,,0
9211160,,1,,,,,,,,,,0
9211161,,1,,,,,,,,,,0
9211162,,1,,,,,,,,,,0
9211163,,1,,,,,,,,,,0
9211164,,1,,,,,,,,,,0
9211165,,1,,,,,,,,,,0
9211166,,1,,,,,,,,,,0
9211167,,1,,,,,,,,,,0
9211168,,1,,,,,,,,,,0
9211169,,1,,,,,,,,,,0
9211170,,1,,,,,,,,,,0
9211171,,1,,,,,,,,,,0
9211172,,1,,,,,,,,,,0
9211173,,1,,,,,,,,,,0
9211174,,1,,,,,,,,,,0
9211175,,1,,,,,,,,,,0
9211176,,1,,,,,,,,,,0
9211177,,1,,,,,,,,,,0
9211178,,1,,,,,,,,,,0
9211179,,1,,,,,,,,,,0
9211180,,1,,,,,,,,,,0
9211181,,1,,,,,,,,,,0
9211182,,1,,,,,,,,,,0
9211183,,1,,,,,,,,,,0
9211184,,1,,,,,,,,,,0
9211185,,1,,,,,,,,,,0
9211186,,1,,,,,,,,,,0
9211187,,1,,,,,,,,,,0
9211188,,1,,,,,,,,,,0
9211189,,1,,,,,,,,,,0
9211190,,1,,,,,,,,,,0
9211191,,1,,,,,,,,,,0
9211192,,1,,,,,,,,,,0
9211193,,1,,,,,,,,,,0
9211194,,1,,,,,,,,,,0
9211195,,1,,,,,,,,,,0
9211196,,1,,,,,,,,,,0
9211197,,1,,,,,,,,,,0
9211198,,1,,,,,,,,,,0
9211199,,1,,,,,,,,,,0
9211200,,1,,,,,,,,,,0
9211201,,1,,,,,,,,,,0
9211202,,1,,,,,,,,,,0
9211203,,1,,,,,,,,,,0
9211204,,1,,,,,,,,,,0
9211205,,1,,,,,,,,,,0
9211206,,1,,,,,,,,,,0
9211207,,1,,,,,,,,,,0
9211208,,1,,,,,,,,,,0
9211209,,1,,,,,,,,,,0
9211210,,1,,,,,,,,,,0
9211211,,1,,,,,,,,,,0
9211212,,1,,,,,,,,,,0
9211213,,1,,,,,,,,,,0
9211214,,1,,,,,,,,,,0
9211215,,1,,,,,,,,,,0
9211216,,1,,,,,,,,,,0
9211217,,1,,,,,,,,,,0
9211218,,1,,,,,,,,,,0
9211219,,1,,,,,,,,,,0
9211220,,1,,,,,,,,,,0
9211221,,1,,,,,,,,,,0
9211222,,1,,,,,,,,,,0
9211223,,1,,,,,,,,,,0
9211224,,1,,,,,,,,,,0
9211225,,1,,,,,,,,,,0
9211226,,1,,,,,,,,,,0
9211227,,1,,,,,,,,,,0
9211228,,1,,,,,,,,,,0
9211229,,1,,,,,,,,,,0
9211230,,1,,,,,,,,,,0
9211231,,1,,,,,,,,,,0
9211232,,1,,,,,,,,,,0
9211233,,1,,,,,,,,,,0
9211234,,1,,,,,,,,,,0
9211235,,1,,,,,,,,,,0
9211236,,1,,,,,,,,,,0
9211237,,1,,,,,,,,,,0
9211238,,1,,,,,,,,,,0
9211239,,1,,,,,,,,,,0
9211240,,1,,,,,,,,,,0
9211241,,1,,,,,,,,,,0
9211242,,1,,,,,,,,,,0
9211243,,1,,,,,,,,,,0
9211244,,1,,,,,,,,,,0
9211245,,1,,,,,,,,,,0
9211246,,1,,,,,,,,,,0
9211247,,1,,,,,,,,,,0
9211248,,1,,,,,,,,,,0
9211249,,1,,,,,,,,,,0
9211250,,1,,,,,,,,,,0
9211251,,1,,,,,,,,,,0
9211252,,1,,,,,,,,,,0
9211253,,1,,,,,,,,,,0
9211254,,1,,,,,,,,,,0
9211255,,1,,,,,,,,,,0
9211256,,1,,,,,,,,,,0
9211257,,1,,,,,,,,,,0
9211258,,1,,,,,,,,,,0
9211259,,1,,,,,,,,,,0
9211260,,1,,,,,,,,,,0
9211261,,1,,,,,,,,,,0
9211262,,1,,,,,,,,,,0
9211263,,1,,,,,,,,,,0
9211264,,1,,,,,,,,,,0
9211265,,1,,,,,,,,,,0
9211266,,1,,,,,,,,,,0
9211267,,1,,,,,,,,,,0
9211268,,1,,,,,,,,,,0
9211269,,1,,,,,,,,,,0
9211270,,1,,,,,,,,,,0
9211271,,1,,,,,,,,,,0
9211272,,1,,,,,,,,,,0
9211273,,1,,,,,,,,,,0
9211274,,1,,,,,,,,,,0
9211275,,1,,,,,,,,,,0
9211276,,1,,,,,,,,,,0
9211277,,1,,,,,,,,,,0
9211278,,1,,,,,,,,,,0
9211279,,1,,,,,,,,,,0
9211280,,1,,,,,,,,,,0
9211281,,1,,,,,,,,,,0
9211282,,1,,,,,,,,,,0
9211283,,1,,,,,,,,,,0
9211284,,1,,,,,,,,,,0
9211285,,1,,,,,,,,,,0
9211286,,1,,,,,,,,,,0
9211287,,1,,,,,,,,,,0
9211288,,1,,,,,,,,,,0
9211289,,1,,,,,,,,,,0
9211290,,1,,,,,,,,,,0
9211291,,1,,,,,,,,,,0
9211292,,1,,,,,,,,,,0
9211293,,1,,,,,,,,,,0
9211294,,1,,,,,,,,,,0
9211295,,1,,,,,,,,,,0
9211296,,1,,,,,,,,,,0
9211297,,1,,,,,,,,,,0
9211298,,1,,,,,,,,,,0
9211299,,1,,,,,,,,,,0
9211300,,1,,,,,,,,,,0
9211301,,1,,,,,,,,,,0
9211302,,1,,,,,,,,,,0
9211303,,1,,,,,,,,,,0
9211304,,1,,,,,,,,,,0
9211305,,1,,,,,,,,,,0
9211306,,1,,,,,,,,,,0
9211307,,1,,,,,,,,,,0
9211308,,1,,,,,,,,,,0
9211309,,1,,,,,,,,,,0
9211310,,1,,,,,,,,,,0
9211311,,1,,,,,,,,,,0
9211312,,1,,,,,,,,,,0
9211313,,1,,,,,,,,,,0
9211314,,1,,,,,,,,,,0
9211315,,1,,,,,,,,,,0
9211316,,1,,,,,,,,,,0
9211317,,1,,,,,,,,,,0
9211318,,1,,,,,,,,,,0
9211319,,1,,,,,,,,,,0
9211320,,1,,,,,,,,,,0
9211321,,1,,,,,,,,,,0
9211322,,1,,,,,,,,,,0
9211323,,1,,,,,,,,,,0
9211324,,1,,,,,,,,,,0
9211325,,1,,,,,,,,,,0
9211326,,1,,,,,,,,,,0
9211327,,1,,,,,,,,,,0
9211328,,1,,,,,,,,,,0
9211329,,1,,,,,,,,,,0
9211330,,1,,,,,,,,,,0
9211331,,1,,,,,,,,,,0
9211332,,1,,,,,,,,,,0
9211333,,1,,,,,,,,,,0
9211334,,1,,,,,,,,,,0
9211335,,1,,,,,,,,,,0
9211336,,1,,,,,,,,,,0
9211337,,1,,,,,,,,,,0
9211338,,1,,,,,,,,,,0
9211339,,1,,,,,,,,,,0
9211340,,1,,,,,,,,,,0
9211341,,1,,,,,,,,,,0
9211342,,1,,,,,,,,,,0
9211343,,1,,,,,,,,,,0
9211344,,1,,,,,,,,,,0
9211345,,1,,,,,,,,,,0
9211346,,1,,,,,,,,,,0
9211347,,1,,,,,,,,,,0
9211348,,1,,,,,,,,,,0
9211349,,1,,,,,,,,,,0
9211350,,1,,,,,,,,,,0
9211351,,1,,,,,,,,,,0
9211352,,1,,,,,,,,,,0
9211353,,1,,,,,,,,,,0
9211354,,1,,,,,,,,,,0
9211355,,1,,,,,,,,,,0
9211356,,1,,,,,,,,,,0
9211357,,1,,,,,,,,,,0
9211358,,1,,,,,,,,,,0
9211359,,1,,,,,,,,,,0
9211360,,1,,,,,,,,,,0
9211361,,1,,,,,,,,,,0
9211362,,1,,,,,,,,,,0
9211363,,1,,,,,,,,,,0
9211364,,1,,,,,,,,,,0
9211365,,1,,,,,,,,,,0
9211366,,1,,,,,,,,,,0
9211367,,1,,,,,,,,,,0
9211368,,1,,,,,,,,,,0
9211369,,1,,,,,,,,,,0
9211370,,1,,,,,,,,,,0
9211371,,1,,,,,,,,,,0
9211372,,1,,,,,,,,,,0
9211373,,1,,,,,,,,,,0
9211374,,1,,,,,,,,,,0
9211375,,1,,,,,,,,,,0
9211376,,1,,,,,,,,,,0
9211377,,1,,,,,,,,,,0
9211378,,1,,,,,,,,,,0
9211379,,1,,,,,,,,,,0
9211380,,1,,,,,,,,,,0
9211381,,1,,,,,,,,,,0
9211382,,1,,,,,,,,,,0
9211383,,1,,,,,,,,,,0
9211384,,1,,,,,,,,,,0
9211385,,1,,,,,,,,,,0
9211386,,1,,,,,,,,,,0
9211387,,1,,,,,,,,,,0
9211388,,1,,,,,,,,,,0
9211389,,1,,,,,,,,,,0
9211390,,1,,,,,,,,,,0
9211391,,1,,,,,,,,,,0
9211392,,1,,,,,,,,,,0
9211393,,1,,,,,,,,,,0
9211394,,1,,,,,,,,,,0
9211395,,1,,,,,,,,,,0
9211396,,1,,,,,,,,,,0
9211397,,1,,,,,,,,,,0
9211398,,1,,,,,,,,,,0
9211399,,1,,,,,,,,,,0
9211400,,1,,,,,,,,,,0
9211401,,1,,,,,,,,,,0
9211402,,1,,,,,,,,,,0
9211403,,1,,,,,,,,,,0
9211404,,1,,,,,,,,,,0
9211405,,1,,,,,,,,,,0
9211406,,1,,,,,,,,,,0
9211407,,1,,,,,,,,,,0
9211408,,1,,,,,,,,,,0
9211409,,1,,,,,,,,,,0
9211410,,1,,,,,,,,,,0
9211411,,1,,,,,,,,,,0
9211412,,1,,,,,,,,,,0
9211413,,1,,,,,,,,,,0
9211414,,1,,,,,,,,,,0
9211415,,1,,,,,,,,,,0
9211416,,1,,,,,,,,,,0
9211417,,1,,,,,,,,,,0
9211418,,1,,,,,,,,,,0
9211419,,1,,,,,,,,,,0
9211420,,1,,,,,,,,,,0
9211421,,1,,,,,,,,,,0
9211422,,1,,,,,,,,,,0
9211423,,1,,,,,,,,,,0
9211424,,1,,,,,,,,,,0
9211425,,1,,,,,,,,,,0
9211426,,1,,,,,,,,,,0
9211427,,1,,,,,,,,,,0
9211428,,1,,,,,,,,,,0
9211429,,1,,,,,,,,,,0
9211430,,1,,,,,,,,,,0
9211431,,1,,,,,,,,,,0
9211432,,1,,,,,,,,,,0
9211433,,1,,,,,,,,,,0
9211434,,1,,,,,,,,,,0
9211435,,1,,,,,,,,,,0
9211436,,1,,,,,,,,,,0
9211437,,1,,,,,,,,,,0
9211438,,1,,,,,,,,,,0
9211439,,1,,,,,,,,,,0
9211440,,1,,,,,,,,,,0
9211441,,1,,,,,,,,,,0
9211442,,1,,,,,,,,,,0
9211443,,1,,,,,,,,,,0
9211444,,1,,,,,,,,,,0
9211445,,1,,,,,,,,,,0
9211446,,1,,,,,,,,,,0
9211447,,1,,,,,,,,,,0
9211448,,1,,,,,,,,,,0
9211449,,1,,,,,,,,,,0
9211450,,1,,,,,,,,,,0
9211451,,1,,,,,,,,,,0
9211452,,1,,,,,,,,,,0
9211453,,1,,,,,,,,,,0
9211454,,1,,,,,,,,,,0
9211455,,1,,,,,,,,,,0
9211456,,1,,,,,,,,,,0
9211457,,1,,,,,,,,,,0
9211458,,1,,,,,,,,,,0
9211459,,1,,,,,,,,,,0
9211460,,1,,,,,,,,,,0
9211461,,1,,,,,,,,,,0
9211462,,1,,,,,,,,,,0
9211463,,1,,,,,,,,,,0
9211464,,1,,,,,,,,,,0
9211465,,1,,,,,,,,,,0
9211466,,1,,,,,,,,,,0
9211467,,1,,,,,,,,,,0
9211468,,1,,,,,,,,,,0
9211469,,1,,,,,,,,,,0
9211470,,1,,,,,,,,,,0
9211471,,1,,,,,,,,,,0
9211472,,1,,,,,,,,,,0
9211473,,1,,,,,,,,,,0
9211474,,1,,,,,,,,,,0
9211475,,1,,,,,,,,,,0
9211476,,1,,,,,,,,,,0
9211477,,1,,,,,,,,,,0
9211478,,1,,,,,,,,,,0
9211479,,1,,,,,,,,,,0
9211480,,1,,,,,,,,,,0
9211481,,1,,,,,,,,,,0
9211482,,1,,,,,,,,,,0
9211483,,1,,,,,,,,,,0
9211484,,1,,,,,,,,,,0
9211485,,1,,,,,,,,,,0
9211486,,1,,,,,,,,,,0
9211487,,1,,,,,,,,,,0
1400974,,2,,,,,,,,,,0
1400975,,2,,,,,,,,,,0
1400976,,2,,,,,,,,,,0
1400977,,2,,,,,,,,,,0
1400978,,2,,,,,,,,,,0
1400979,,2,,,,,,,,,,0
1400980,,2,,,,,,,,,,0
1400981,,2,,,,,,,,,,0
1400982,,2,,,,,,,,,,0
1400983,,2,,,,,,,,,,0
1400984,,2,,,,,,,,,,0
1400985,,2,,,,,,,,,,0
1400986,,2,,,,,,,,,,0
1400987,,2,,,,,,,,,,0
1400988,,2,,,,,,,,,,0
1400989,,2,,,,,,,,,,0
1400990,,2,,,,,,,,,,0
1400991,,2,,,,,,,,,,0
1400992,,2,,,,,,,,,,0
1400993,,2,,,,,,,,,,0
1400994,,2,,,,,,,,,,0
1400995,,2,,,,,,,,,,0
1400996,,2,,,,,,,,,,0
1400997,,2,,,,,,,,,,0
1400998,,2,,,,,,,,,,0
1400999,,2,,,,,,,,,,0
1401000,,2,,,,,,,,,,0
1401001,,2,,,,,,,,,,0
1401002,,2,,,,,,,,,,0
1401003,,2,,,,,,,,,,0
1401004,,2,,,,,,,,,,0
1401005,,2,,,,,,,,,,0
1401006,,2,,,,,,,,,,0
1401007,,2,,,,,,,,,,0
1401008,,2,,,,,,,,,,0
1401009,,2,,,,,,,,,,0
1401010,,2,,,,,,,,,,0
1401011,,2,,,,,,,,,,0
1401012,,2,,,,,,,,,,0
1401013,,2,,,,,,,,,,0
1401014,,2,,,,,,,,,,0
1401015,,2,,,,,,,,,,0
1401016,,2,,,,,,,,,,0
1401017,,2,,,,,,,,,,0
1401018,,2,,,,,,,,,,0
1401019,,2,,,,,,,,,,0
1401020,,2,,,,,,,,,,0
1401021,,2,,,,,,,,,,0
1401022,,2,,,,,,,,,,0
1401023,,2,,,,,,,,,,0
1401024,,2,,,,,,,,,,0
1401025,,2,,,,,,,,,,0
1401026,,2,,,,,,,,,,0
1401027,,2,,,,,,,,,,0
1401028,,2,,,,,,,,,,0
1401029,,2,,,,,,,,,,0
1401030,,2,,,,,,,,,,0
1401031,,2,,,,,,,,,,0
1401032,,2,,,,,,,,,,0
1401033,,2,,,,,,,,,,0
1401034,,2,,,,,,,,,,0
1401035,,2,,,,,,,,,,0
1401036,,2,,,,,,,,,,0
1401037,,2,,,,,,,,,,0
1401038,,2,,,,,,,,,,0
1401039,,2,,,,,,,,,,0
1401040,,2,,,,,,,,,,0
1401041,,2,,,,,,,,,,0
1401042,,2,,,,,,,,,,0
1401043,,2,,,,,,,,,,0
1401044,,2,,,,,,,,,,0
1401045,,2,,,,,,,,,,0
1401046,,2,,,,,,,,,,0
1401047,,2,,,,,,,,,,0
1401048,,2,,,,,,,,,,0
1401049,,2,,,,,,,,,,0
1401050,,2,,,,,,,,,,0
1401051,,2,,,,,,,,,,0
1401052,,2,,,,,,,,,,0
1401053,,2,,,,,,,,,,0
1401054,,2,,,,,,,,,,0
1401055,,2,,,,,,,,,,0
1401056,,2,,,,,,,,,,0
1401057,,2,,,,,,,,,,0
1401058,,2,,,,,,,,,,0
1401059,,2,,,,,,,,,,0
1401060,,2,,,,,,,,,,0
1401061,,2,,,,,,,,,,0
1401062,,2,,,,,,,,,,0
1401063,,2,,,,,,,,,,0
1401064,,2,,,,,,,,,,0
1401065,,2,,,,,,,,,,0
1401066,,2,,,,,,,,,,0
1401067,,2,,,,,,,,,,0
1401068,,2,,,,,,,,,,0
1401069,,2,,,,,,,,,,0
1401070,,2,,,,,,,,,,0
1401071,,2,,,,,,,,,,0
1401072,,2,,,,,,,,,,0
1401073,,2,,,,,,,,,,0
1401074,,2,,,,,,,,,,0
1401075,,2,,,,,,,,,,0
1401076,,2,,,,,,,,,,0
1401077,,2,,,,,,,,,,0
1401078,,2,,,,,,,,,,0
1401079,,2,,,,,,,,,,0
1401080,,2,,,,,,,,,,0
1401081,,2,,,,,,,,,,0
1401082,,2,,,,,,,,,,0
1401083,,2,,,,,,,,,,0
1401084,,2,,,,,,,,,,0
1401085,,2,,,,,,,,,,0
1401086,,2,,,,,,,,,,0
1401087,,2,,,,,,,,,,0
1401088,,2,,,,,,,,,,0
1401089,,2,,,,,,,,,,0
1401090,,2,,,,,,,,,,0
1401091,,2,,,,,,,,,,0
1401092,,2,,,,,,,,,,0
1401093,,2,,,,,,,,,,0
1401094,,2,,,,,,,,,,0
1401095,,2,,,,,,,,,,0
1401096,,2,,,,,,,,,,0
1401097,,2,,,,,,,,,,0
1401098,,2,,,,,,,,,,0
1401099,,2,,,,,,,,,,0
1401100,,2,,,,,,,,,,0
1401101,,2,,,,,,,,,,0
1401102,,2,,,,,,,,,,0
1401103,,2,,,,,,,,,,0
1401104,,2,,,,,,,,,,0
1401105,,2,,,,,,,,,,0
1401106,,2,,,,,,,,,,0
1401107,,2,,,,,,,,,,0
1401108,,2,,,,,,,,,,0
1401109,,2,,,,,,,,,,0
1401110,,2,,,,,,,,,,0
1401111,,2,,,,,,,,,,0
1401112,,2,,,,,,,,,,0
1401113,,2,,,,,,,,,,0
1401114,,2,,,,,,,,,,0
1401115,,2,,,,,,,,,,0
1401116,,2,,,,,,,,,,0
1401117,,2,,,,,,,,,,0
1401118,,2,,,,,,,,,,0
1401119,,2,,,,,,,,,,0
1401120,,2,,,,,,,,,,0
1401121,,2,,,,,,,,,,0
1401122,,2,,,,,,,,,,0
1401123,,2,,,,,,,,,,0
1401124,,2,,,,,,,,,,0
1401125,,2,,,,,,,,,,0
1401126,,2,,,,,,,,,,0
1401127,,2,,,,,,,,,,0
1401128,,2,,,,,,,,,,0
1401129,,2,,,,,,,,,,0
1401130,,2,,,,,,,,,,0
1401131,,2,,,,,,,,,,0
1401132,,2,,,,,,,,,,0
1401133,,2,,,,,,,,,,0
1401134,,2,,,,,,,,,,0
1401135,,2,,,,,,,,,,0
1401136,,2,,,,,,,,,,0
1401137,,2,,,,,,,,,,0
1401138,,2,,,,,,,,,,0
1401139,,2,,,,,,,,,,0
1401140,,2,,,,,,,,,,0
1401141,,2,,,,,,,,,,0
1401142,,2,,,,,,,,,,0
1401143,,2,,,,,,,,,,0
1401144,,2,,,,,,,,,,0
1401145,,2,,,,,,,,,,0
1401146,,2,,,,,,,,,,0
1401147,,2,,,,,,,,,,0
1401148,,2,,,,,,,,,,0
1401149,,2,,,,,,,,,,0
1401150,,2,,,,,,,,,,0
1401151,,2,,,,,,,,,,0
1401152,,2,,,,,,,,,,0
1401153,,2,,,,,,,,,,0
1401154,,2,,,,,,,,,,0
1401155,,2,,,,,,,,,,0
1401156,,2,,,,,,,,,,0
1401157,,2,,,,,,,,,,0
1401158,,2,,,,,,,,,,0
1401159,,2,,,,,,,,,,0
1401160,,2,,,,,,,,,,0
1401161,,2,,,,,,,,,,0
1401162,,2,,,,,,,,,,0
1401163,,2,,,,,,,,,,0
1401164,,2,,,,,,,,,,0
1401165,,2,,,,,,,,,,0
1401166,,2,,,,,,,,,,0
1401167,,2,,,,,,,,,,0
1401168,,2,,,,,,,,,,0
1401169,,2,,,,,,,,,,0
1401170,,2,,,,,,,,,,0
1401171,,2,,,,,,,,,,0
1401172,,2,,,,,,,,,,0
1401173,,2,,,,,,,,,,0
1401174,,2,,,,,,,,,,0
1401175,,2,,,,,,,,,,0
1401176,,2,,,,,,,,,,0
1401177,,2,,,,,,,,,,0
1401178,,2,,,,,,,,,,0
1401179,,2,,,,,,,,,,0
1401180,,2,,,,,,,,,,0
1401181,,2,,,,,,,,,,0
1401182,,2,,,,,,,,,,0
1401183,,2,,,,,,,,,,0
1401184,,2,,,,,,,,,,0
1401185,,2,,,,,,,,,,0
1401186,,2,,,,,,,,,,0
1401187,,2,,,,,,,,,,0
1401188,,2,,,,,,,,,,0
1401189,,2,,,,,,,,,,0
1401190,,2,,,,,,,,,,0
1401191,,2,,,,,,,,,,0
1401192,,2,,,,,,,,,,0
1401193,,2,,,,,,,,,,0
1401194,,2,,,,,,,,,,0
1401195,,2,,,,,,,,,,0
1401196,,2,,,,,,,,,,0
1401197,,2,,,,,,,,,,0
1401198,,2,,,,,,,,,,0
1401199,,2,,,,,,,,,,0
1401200,,2,,,,,,,,,,0
1401201,,2,,,,,,,,,,0
1401202,,2,,,,,,,,,,0
1401203,,2,,,,,,,,,,0
1401204,,2,,,,,,,,,,0
1401205,,2,,,,,,,,,,0
1401206,,2,,,,,,,,,,0
1401207,,2,,,,,,,,,,0
1401208,,2,,,,,,,,,,0
1401209,,2,,,,,,,,,,0
1401210,,2,,,,,,,,,,0
1401211,,2,,,,,,,,,,0
1401212,,2,,,,,,,,,,0
1401213,,2,,,,,,,,,,0
1401214,,2,,,,,,,,,,0
1401215,,2,,,,,,,,,,0
1401216,,2,,,,,,,,,,0
1401217,,2,,,,,,,,,,0
1401218,,2,,,,,,,,,,0
1401219,,2,,,,,,,,,,0
1401220,,2,,,,,,,,,,0
1401221,,2,,,,,,,,,,0
1401222,,2,,,,,,,,,,0
1401223,,2,,,,,,,,,,0
1401224,,2,,,,,,,,,,0
1401225,,2,,,,,,,,,,0
1401226,,2,,,,,,,,,,0
1401227,,2,,,,,,,,,,0
1401228,,2,,,,,,,,,,0
1401229,,2,,,,,,,,,,0
1401230,,2,,,,,,,,,,0
1401231,,2,,,,,,,,,,0
1401232,,2,,,,,,,,,,0
1401233,,2,,,,,,,,,,0
1401234,,2,,,,,,,,,,0
1401235,,2,,,,,,,,,,0
1401236,,2,,,,,,,,,,0
1401237,,2,,,,,,,,,,0
1401238,,2,,,,,,,,,,0
1401239,,2,,,,,,,,,,0
1401240,,2,,,,,,,,,,0
1401241,,2,,,,,,,,,,0
1401242,,2,,,,,,,,,,0
1401243,,2,,,,,,,,,,0
1401244,,2,,,,,,,,,,0
1401245,,2,,,,,,,,,,0
1401246,,2,,,,,,,,,,0
1401247,,2,,,,,,,,,,0
1401248,,2,,,,,,,,,,0
1401249,,2,,,,,,,,,,0
1401250,,2,,,,,,,,,,0
1401251,,2,,,,,,,,,,0
1401252,,2,,,,,,,,,,0
1401253,,2,,,,,,,,,,0
1401254,,2,,,,,,,,,,0
1401255,,2,,,,,,,,,,0
1401256,,2,,,,,,,,,,0
1401257,,2,,,,,,,,,,0
1401258,,2,,,,,,,,,,0
1401259,,2,,,,,,,,,,0
1401260,,2,,,,,,,,,,0
1401261,,2,,,,,,,,,,0
1401262,,2,,,,,,,,,,0
1401263,,2,,,,,,,,,,0
1401264,,2,,,,,,,,,,0
1401265,,2,,,,,,,,,,0
1401266,,2,,,,,,,,,,0
1401267,,2,,,,,,,,,,0
1401268,,2,,,,,,,,,,0
1401269,,2,,,,,,,,,,0
1401270,,2,,,,,,,,,,0
1401271,,2,,,,,,,,,,0
1401272,,2,,,,,,,,,,0
1401273,,2,,,,,,,,,,0
1401274,,2,,,,,,,,,,0
1401275,,2,,,,,,,,,,0
1401276,,2,,,,,,,,,,0
1401277,,2,,,,,,,,,,0
1401278,,2,,,,,,,,,,0
1401279,,2,,,,,,,,,,0
1401280,,2,,,,,,,,,,0
1401281,,2,,,,,,,,,,0
1401282,,2,,,,,,,,,,0
1401283,,2,,,,,,,,,,0
1401284,,2,,,,,,,,,,0
1401285,,2,,,,,,,,,,0
1401286,,2,,,,,,,,,,0
1401287,,2,,,,,,,,,,0
1401288,,2,,,,,,,,,,0
1401289,,2,,,,,,,,,,0
1401290,,2,,,,,,,,,,0
1401291,,2,,,,,,,,,,0
1401292,,2,,,,,,,,,,0
1401293,,2,,,,,,,,,,0
1401294,,2,,,,,,,,,,0
1401295,,2,,,,,,,,,,0
1401296,,2,,,,,,,,,,0
1401297,,2,,,,,,,,,,0
1401298,,2,,,,,,,,,,0
1401299,,2,,,,,,,,,,0
1401300,,2,,,,,,,,,,0
1401301,,2,,,,,,,,,,0
1401302,,2,,,,,,,,,,0
1401303,,2,,,,,,,,,,0
1401304,,2,,,,,,,,,,0
1401305,,2,,,,,,,,,,0
1401306,,2,,,,,,,,,,0
1401307,,2,,,,,,,,,,0
1401308,,2,,,,,,,,,,0
1401309,,2,,,,,,,,,,0
1401310,,2,,,,,,,,,,0
1401311,,2,,,,,,,,,,0
1401312,,2,,,,,,,,,,0
1401313,,2,,,,,,,,,,0
1401314,,2,,,,,,,,,,0
1401315,,2,,,,,,,,,,0
1401316,,2,,,,,,,,,,0
1401317,,2,,,,,,,,,,0
1401318,,2,,,,,,,,,,0
1401319,,2,,,,,,,,,,0
1401320,,2,,,,,,,,,,0
1401321,,2,,,,,,,,,,0
1401322,,2,,,,,,,,,,0
1401323,,2,,,,,,,,,,0
1401324,,2,,,,,,,,,,0
1401325,,2,,,,,,,,,,0
1401326,,2,,,,,,,,,,0
1401327,,2,,,,,,,,,,0
1401328,,2,,,,,,,,,,0
1401329,,2,,,,,,,,,,0
1401330,,2,,,,,,,,,,0
1401331,,2,,,,,,,,,,0
1401332,,2,,,,,,,,,,0
1401333,,2,,,,,,,,,,0
1401334,,2,,,,,,,,,,0
1401335,,2,,,,,,,,,,0
1401336,,2,,,,,,,,,,0
1401337,,2,,,,,,,,,,0
1401338,,2,,,,,,,,,,0
1401339,,2,,,,,,,,,,0
1401340,,2,,,,,,,,,,0
1401341,,2,,,,,,,,,,0
1401342,,2,,,,,,,,,,0
1401343,,2,,,,,,,,,,0
1401344,,2,,,,,,,,,,0
1401345,,2,,,,,,,,,,0
1401346,,2,,,,,,,,,,0
1401347,,2,,,,,,,,,,0
1401348,,2,,,,,,,,,,0
1401349,,2,,,,,,,,,,0
1401350,,2,,,,,,,,,,0
1401351,,2,,,,,,,,,,0
1401352,,2,,,,,,,,,,0
1401353,,2,,,,,,,,,,0
1401354,,2,,,,,,,,,,0
1401355,,2,,,,,,,,,,0
1401356,,2,,,,,,,,,,0
1401357,,2,,,,,,,,,,0
1401358,,2,,,,,,,,,,0
1401359,,2,,,,,,,,,,0
1401360,,2,,,,,,,,,,0
1401361,,2,,,,,,,,,,0
1401362,,2,,,,,,,,,,0
1401363,,2,,,,,,,,,,0
1401364,,2,,,,,,,,,,0
1401365,,2,,,,,,,,,,0
1401366,,2,,,,,,,,,,0
1401367,,2,,,,,,,,,,0
1401368,,2,,,,,,,,,,0
1401369,,2,,,,,,,,,,0
1401370,,2,,,,,,,,,,0
1401371,,2,,,,,,,,,,0
1401372,,2,,,,,,,,,,0
1401373,,2,,,,,,,,,,0
1401374,,2,,,,,,,,,,0
1401375,,2,,,,,,,,,,0
1401376,,2,,,,,,,,,,0
1401377,,2,,,,,,,,,,0
1401378,,2,,,,,,,,,,0
1401379,,2,,,,,,,,,,0
1401380,,2,,,,,,,,,,0
1401381,,2,,,,,,,,,,0
1401382,,2,,,,,,,,,,0
1401383,,2,,,,,,,,,,0
1401384,,2,,,,,,,,,,0
1401385,,2,,,,,,,,,,0
1401386,,2,,,,,,,,,,0
1401387,,2,,,,,,,,,,0
1401388,,2,,,,,,,,,,0
1401389,,2,,,,,,,,,,0
1401390,,2,,,,,,,,,,0
1401391,,2,,,,,,,,,,0
1401392,,2,,,,,,,,,,0
1401393,,2,,,,,,,,,,0
1401394,,2,,,,,,,,,,0
1401395,,2,,,,,,,,,,0
1401396,,2,,,,,,,,,,0
1401397,,2,,,,,,,,,,0
1401398,,2,,,,,,,,,,0
1401399,,2,,,,,,,,,,0
1401400,,2,,,,,,,,,,0
1401401,,2,,,,,,,,,,0
1401402,,2,,,,,,,,,,0
1401403,,2,,,,,,,,,,0
1401404,,2,,,,,,,,,,0
1401405,,2,,,,,,,,,,0
1401406,,2,,,,,,,,,,0
1401407,,2,,,,,,,,,,0
1401408,,2,,,,,,,,,,0
1401409,,2,,,,,,,,,,0
1401410,,2,,,,,,,,,,0
1401411,,2,,,,,,,,,,0
1401412,,2,,,,,,,,,,0
1401413,,2,,,,,,,,,,0
1401414,,2,,,,,,,,,,0
1401415,,2,,,,,,,,,,0
1401416,,2,,,,,,,,,,0
1401417,,2,,,,,,,,,,0
1401418,,2,,,,,,,,,,0
1401419,,2,,,,,,,,,,0
1401420,,2,,,,,,,,,,0
1401421,,2,,,,,,,,,,0
1401422,,2,,,,,,,,,,0
1401423,,2,,,,,,,,,,0
1401424,,2,,,,,,,,,,0
1401425,,2,,,,,,,,,,0
1401426,,2,,,,,,,,,,0
1401427,,2,,,,,,,,,,0
1401428,,2,,,,,,,,,,0
1401429,,2,,,,,,,,,,0
1401430,,2,,,,,,,,,,0
1401431,,2,,,,,,,,,,0
1401432,,2,,,,,,,,,,0
1401433,,2,,,,,,,,,,0
1401434,,2,,,,,,,,,,0
1401435,,2,,,,,,,,,,0
1401436,,2,,,,,,,,,,0
1401437,,2,,,,,,,,,,0
1401438,,2,,,,,,,,,,0
1401439,,2,,,,,,,,,,0
1401440,,2,,,,,,,,,,0
1401441,,2,,,,,,,,,,0
1401442,,2,,,,,,,,,,0
1401443,,2,,,,,,,,,,0
1401444,,2,,,,,,,,,,0
1401445,,2,,,,,,,,,,0
1401446,,2,,,,,,,,,,0
1401447,,2,,,,,,,,,,0
1401448,,2,,,,,,,,,,0
1401449,,2,,,,,,,,,,0
1401450,,2,,,,,,,,,,0
1401451,,2,,,,,,,,,,0
1401452,,2,,,,,,,,,,0
1401453,,2,,,,,,,,,,0
1401454,,2,,,,,,,,,,0
1401455,,2,,,,,,,,,,0
1401456,,2,,,,,,,,,,0
1401457,,2,,,,,,,,,,0
1401458,,2,,,,,,,,,,0
1401459,,2,,,,,,,,,,0
1401460,,2,,,,,,,,,,0
1401461,,2,,,,,,,,,,0
1401462,,2,,,,,,,,,,0
1401463,,2,,,,,,,,,,0
1401464,,2,,,,,,,,,,0
1401465,,2,,,,,,,,,,0
1401466,,2,,,,,,,,,,0
1401467,,2,,,,,,,,,,0
1401468,,2,,,,,,,,,,0
1401469,,2,,,,,,,,,,0
1401470,,2,,,,,,,,,,0
1401471,,2,,,,,,,,,,0
1401472,,2,,,,,,,,,,0
1401473,,2,,,,,,,,,,0
9211488,,1,,,,,,,,,,0
9211489,,1,,,,,,,,,,0
9211490,,1,,,,,,,,,,0
9211491,,1,,,,,,,,,,0
9211492,,1,,,,,,,,,,0
9211493,,1,,,,,,,,,,0
9211494,,1,,,,,,,,,,0
9211495,,1,,,,,,,,,,0
9211496,,1,,,,,,,,,,0
9211497,,1,,,,,,,,,,0
9211498,,1,,,,,,,,,,0
9211499,,1,,,,,,,,,,0
9211500,,1,,,,,,,,,,0
9211501,,1,,,,,,,,,,0
9211502,,1,,,,,,,,,,0
9211503,,1,,,,,,,,,,0
9211504,,1,,,,,,,,,,0
9211505,,1,,,,,,,,,,0
9211506,,1,,,,,,,,,,0
9211507,,1,,,,,,,,,,0
9211508,,1,,,,,,,,,,0
9211509,,1,,,,,,,,,,0
9211510,,1,,,,,,,,,,0
9211511,,1,,,,,,,,,,0
9211512,,1,,,,,,,,,,0
9211513,,1,,,,,,,,,,0
9211514,,1,,,,,,,,,,0
9211515,,1,,,,,,,,,,0
9211516,,1,,,,,,,,,,0
9211517,,1,,,,,,,,,,0
9211518,,1,,,,,,,,,,0
9211519,,1,,,,,,,,,,0
9211520,,1,,,,,,,,,,0
9211521,,1,,,,,,,,,,0
9211522,,1,,,,,,,,,,0
9211523,,1,,,,,,,,,,0
9211524,,1,,,,,,,,,,0
9211525,,1,,,,,,,,,,0
9211526,,1,,,,,,,,,,0
9211527,,1,,,,,,,,,,0
9211528,,1,,,,,,,,,,0
9211529,,1,,,,,,,,,,0
9211530,,1,,,,,,,,,,0
9211531,,1,,,,,,,,,,0
9211532,,1,,,,,,,,,,0
9211533,,1,,,,,,,,,,0
9211534,,1,,,,,,,,,,0
9211535,,1,,,,,,,,,,0
9211536,,1,,,,,,,,,,0
9211537,,1,,,,,,,,,,0
9211538,,1,,,,,,,,,,0
9211539,,1,,,,,,,,,,0
9211540,,1,,,,,,,,,,0
9211541,,1,,,,,,,,,,0
9211542,,1,,,,,,,,,,0
9211543,,1,,,,,,,,,,0
9211544,,1,,,,,,,,,,0
9211545,,1,,,,,,,,,,0
9211546,,1,,,,,,,,,,0
9211547,,1,,,,,,,,,,0
9211548,,1,,,,,,,,,,0
9211549,,1,,,,,,,,,,0
9211550,,1,,,,,,,,,,0
9211551,,1,,,,,,,,,,0
9211552,,1,,,,,,,,,,0
9211553,,1,,,,,,,,,,0
9211554,,1,,,,,,,,,,0
9211555,,1,,,,,,,,,,0
9211556,,1,,,,,,,,,,0
9211557,,1,,,,,,,,,,0
9211558,,1,,,,,,,,,,0
9211559,,1,,,,,,,,,,0
9211560,,1,,,,,,,,,,0
9211561,,1,,,,,,,,,,0
9211562,,1,,,,,,,,,,0
9211563,,1,,,,,,,,,,0
9211564,,1,,,,,,,,,,0
9211565,,1,,,,,,,,,,0
9211566,,1,,,,,,,,,,0
9211567,,1,,,,,,,,,,0
9211568,,1,,,,,,,,,,0
9211569,,1,,,,,,,,,,0
9211570,,1,,,,,,,,,,0
9211571,,1,,,,,,,,,,0
9211572,,1,,,,,,,,,,0
9211573,,1,,,,,,,,,,0
9211574,,1,,,,,,,,,,0
9211575,,1,,,,,,,,,,0
9211576,,1,,,,,,,,,,0
9211577,,1,,,,,,,,,,0
9211578,,1,,,,,,,,,,0
9211579,,1,,,,,,,,,,0
9211580,,1,,,,,,,,,,0
9211581,,1,,,,,,,,,,0
9211582,,1,,,,,,,,,,0
9211583,,1,,,,,,,,,,0
9211584,,1,,,,,,,,,,0
9211585,,1,,,,,,,,,,0
9211586,,1,,,,,,,,,,0
9211587,,1,,,,,,,,,,0
9211588,,1,,,,,,,,,,0
9211589,,1,,,,,,,,,,0
9211590,,1,,,,,,,,,,0
9211591,,1,,,,,,,,,,0
9211592,,1,,,,,,,,,,0
9211593,,1,,,,,,,,,,0
9211594,,1,,,,,,,,,,0
9211595,,1,,,,,,,,,,0
9211596,,1,,,,,,,,,,0
9211597,,1,,,,,,,,,,0
9211598,,1,,,,,,,,,,0
9211599,,1,,,,,,,,,,0
9211600,,1,,,,,,,,,,0
9211601,,1,,,,,,,,,,0
9211602,,1,,,,,,,,,,0
9211603,,1,,,,,,,,,,0
9211604,,1,,,,,,,,,,0
9211605,,1,,,,,,,,,,0
9211606,,1,,,,,,,,,,0
9211607,,1,,,,,,,,,,0
9211608,,1,,,,,,,,,,0
9211609,,1,,,,,,,,,,0
9211610,,1,,,,,,,,,,0
9211611,,1,,,,,,,,,,0
9211612,,1,,,,,,,,,,0
9211613,,1,,,,,,,,,,0
9211614,,1,,,,,,,,,,0
9211615,,1,,,,,,,,,,0
9211616,,1,,,,,,,,,,0
9211617,,1,,,,,,,,,,0
9211618,,1,,,,,,,,,,0
9211619,,1,,,,,,,,,,0
9211620,,1,,,,,,,,,,0
9211621,,1,,,,,,,,,,0
9211622,,1,,,,,,,,,,0
9211623,,1,,,,,,,,,,0
9211624,,1,,,,,,,,,,0
9211625,,1,,,,,,,,,,0
9211626,,1,,,,,,,,,,0
9211627,,1,,,,,,,,,,0
9211628,,1,,,,,,,,,,0
9211629,,1,,,,,,,,,,0
9211630,,1,,,,,,,,,,0
9211631,,1,,,,,,,,,,0
9211632,,1,,,,,,,,,,0
9211633,,1,,,,,,,,,,0
9211634,,1,,,,,,,,,,0
9211635,,1,,,,,,,,,,0
9211636,,1,,,,,,,,,,0
9211637,,1,,,,,,,,,,0
9211638,,1,,,,,,,,,,0
9211639,,1,,,,,,,,,,0
9211640,,1,,,,,,,,,,0
9211641,,1,,,,,,,,,,0
9211642,,1,,,,,,,,,,0
9211643,,1,,,,,,,,,,0
9211644,,1,,,,,,,,,,0
9211645,,1,,,,,,,,,,0
9211646,,1,,,,,,,,,,0
9211647,,1,,,,,,,,,,0
9211648,,1,,,,,,,,,,0
9211649,,1,,,,,,,,,,0
9211650,,1,,,,,,,,,,0
9211651,,1,,,,,,,,,,0
9211652,,1,,,,,,,,,,0
9211653,,1,,,,,,,,,,0
9211654,,1,,,,,,,,,,0
9211655,,1,,,,,,,,,,0
9211656,,1,,,,,,,,,,0
9211657,,1,,,,,,,,,,0
9211658,,1,,,,,,,,,,0
9211659,,1,,,,,,,,,,0
9211660,,1,,,,,,,,,,0
9211661,,1,,,,,,,,,,0
9211662,,1,,,,,,,,,,0
9211663,,1,,,,,,,,,,0
9211664,,1,,,,,,,,,,0
9211665,,1,,,,,,,,,,0
9211666,,1,,,,,,,,,,0
9211667,,1,,,,,,,,,,0
9211668,,1,,,,,,,,,,0
9211669,,1,,,,,,,,,,0
9211670,,1,,,,,,,,,,0
9211671,,1,,,,,,,,,,0
9211672,,1,,,,,,,,,,0
9211673,,1,,,,,,,,,,0
9211674,,1,,,,,,,,,,0
9211675,,1,,,,,,,,,,0
9211676,,1,,,,,,,,,,0
9211677,,1,,,,,,,,,,0
9211678,,1,,,,,,,,,,0
9211679,,1,,,,,,,,,,0
9211680,,1,,,,,,,,,,0
9211681,,1,,,,,,,,,,0
9211682,,1,,,,,,,,,,0
9211683,,1,,,,,,,,,,0
9211684,,1,,,,,,,,,,0
9211685,,1,,,,,,,,,,0
9211686,,1,,,,,,,,,,0
9211687,,1,,,,,,,,,,0
9211688,,1,,,,,,,,,,0
9211689,,1,,,,,,,,,,0
9211690,,1,,,,,,,,,,0
9211691,,1,,,,,,,,,,0
9211692,,1,,,,,,,,,,0
9211693,,1,,,,,,,,,,0
9211694,,1,,,,,,,,,,0
9211695,,1,,,,,,,,,,0
9211696,,1,,,,,,,,,,0
9211697,,1,,,,,,,,,,0
9211698,,1,,,,,,,,,,0
9211699,,1,,,,,,,,,,0
9211700,,1,,,,,,,,,,0
9211701,,1,,,,,,,,,,0
9211702,,1,,,,,,,,,,0
9211703,,1,,,,,,,,,,0
9211704,,1,,,,,,,,,,0
9211705,,1,,,,,,,,,,0
9211706,,1,,,,,,,,,,0
9211707,,1,,,,,,,,,,0
9211708,,1,,,,,,,,,,0
9211709,,1,,,,,,,,,,0
9211710,,1,,,,,,,,,,0
9211711,,1,,,,,,,,,,0
9211712,,1,,,,,,,,,,0
9211713,,1,,,,,,,,,,0
9211714,,1,,,,,,,,,,0
9211715,,1,,,,,,,,,,0
9211716,,1,,,,,,,,,,0
9211717,,1,,,,,,,,,,0
9211718,,1,,,,,,,,,,0
9211719,,1,,,,,,,,,,0
9211720,,1,,,,,,,,,,0
9211721,,1,,,,,,,,,,0
9211722,,1,,,,,,,,,,0
9211723,,1,,,,,,,,,,0
9211724,,1,,,,,,,,,,0
9211725,,1,,,,,,,,,,0
9211726,,1,,,,,,,,,,0
9211727,,1,,,,,,,,,,0
9211728,,1,,,,,,,,,,0
9211729,,1,,,,,,,,,,0
9211730,,1,,,,,,,,,,0
9211731,,1,,,,,,,,,,0
9211732,,1,,,,,,,,,,0
9211733,,1,,,,,,,,,,0
9211734,,1,,,,,,,,,,0
9211735,,1,,,,,,,,,,0
9211736,,1,,,,,,,,,,0
9211737,,1,,,,,,,,,,0
9211738,,1,,,,,,,,,,0
9211739,,1,,,,,,,,,,0
9211740,,1,,,,,,,,,,0
9211741,,1,,,,,,,,,,0
9211742,,1,,,,,,,,,,0
9211743,,1,,,,,,,,,,0
9211744,,1,,,,,,,,,,0
9211745,,1,,,,,,,,,,0
9211746,,1,,,,,,,,,,0
9211747,,1,,,,,,,,,,0
9211748,,1,,,,,,,,,,0
9211749,,1,,,,,,,,,,0
9211750,,1,,,,,,,,,,0
9211751,,1,,,,,,,,,,0
9211752,,1,,,,,,,,,,0
9211753,,1,,,,,,,,,,0
9211754,,1,,,,,,,,,,0
9211755,,1,,,,,,,,,,0
9211756,,1,,,,,,,,,,0
9211757,,1,,,,,,,,,,0
9211758,,1,,,,,,,,,,0
9211759,,1,,,,,,,,,,0
9211760,,1,,,,,,,,,,0
9211761,,1,,,,,,,,,,0
9211762,,1,,,,,,,,,,0
9211763,,1,,,,,,,,,,0
9211764,,1,,,,,,,,,,0
9211765,,1,,,,,,,,,,0
9211766,,1,,,,,,,,,,0
9211767,,1,,,,,,,,,,0
9211768,,1,,,,,,,,,,0
9211769,,1,,,,,,,,,,0
9211770,,1,,,,,,,,,,0
9211771,,1,,,,,,,,,,0
9211772,,1,,,,,,,,,,0
9211773,,1,,,,,,,,,,0
9211774,,1,,,,,,,,,,0
9211775,,1,,,,,,,,,,0
9211776,,1,,,,,,,,,,0
9211777,,1,,,,,,,,,,0
9211778,,1,,,,,,,,,,0
9211779,,1,,,,,,,,,,0
9211780,,1,,,,,,,,,,0
9211781,,1,,,,,,,,,,0
9211782,,1,,,,,,,,,,0
9211783,,1,,,,,,,,,,0
9211784,,1,,,,,,,,,,0
9211785,,1,,,,,,,,,,0
9211786,,1,,,,,,,,,,0
9211787,,1,,,,,,,,,,0
9211788,,1,,,,,,,,,,0
9211789,,1,,,,,,,,,,0
9211790,,1,,,,,,,,,,0
9211791,,1,,,,,,,,,,0
9211792,,1,,,,,,,,,,0
9211793,,1,,,,,,,,,,0
9211794,,1,,,,,,,,,,0
9211795,,1,,,,,,,,,,0
9211796,,1,,,,,,,,,,0
9211797,,1,,,,,,,,,,0
9211798,,1,,,,,,,,,,0
9211799,,1,,,,,,,,,,0
9211800,,1,,,,,,,,,,0
9211801,,1,,,,,,,,,,0
9211802,,1,,,,,,,,,,0
9211803,,1,,,,,,,,,,0
9211804,,1,,,,,,,,,,0
9211805,,1,,,,,,,,,,0
9211806,,1,,,,,,,,,,0
9211807,,1,,,,,,,,,,0
9211808,,1,,,,,,,,,,0
9211809,,1,,,,,,,,,,0
9211810,,1,,,,,,,,,,0
9211811,,1,,,,,,,,,,0
9211812,,1,,,,,,,,,,0
9211813,,1,,,,,,,,,,0
9211814,,1,,,,,,,,,,0
9211815,,1,,,,,,,,,,0
9211816,,1,,,,,,,,,,0
9211817,,1,,,,,,,,,,0
9211818,,1,,,,,,,,,,0
9211819,,1,,,,,,,,,,0
9211820,,1,,,,,,,,,,0
9211821,,1,,,,,,,,,,0
9211822,,1,,,,,,,,,,0
9211823,,1,,,,,,,,,,0
9211824,,1,,,,,,,,,,0
9211825,,1,,,,,,,,,,0
9211826,,1,,,,,,,,,,0
9211827,,1,,,,,,,,,,0
9211828,,1,,,,,,,,,,0
9211829,,1,,,,,,,,,,0
9211830,,1,,,,,,,,,,0
9211831,,1,,,,,,,,,,0
9211832,,1,,,,,,,,,,0
9211833,,1,,,,,,,,,,0
9211834,,1,,,,,,,,,,0
9211835,,1,,,,,,,,,,0
9211836,,1,,,,,,,,,,0
9211837,,1,,,,,,,,,,0
9211838,,1,,,,,,,,,,0
9211839,,1,,,,,,,,,,0
9211840,,1,,,,,,,,,,0
9211841,,1,,,,,,,,,,0
9211842,,1,,,,,,,,,,0
9211843,,1,,,,,,,,,,0
9211844,,1,,,,,,,,,,0
9211845,,1,,,,,,,,,,0
9211846,,1,,,,,,,,,,0
9211847,,1,,,,,,,,,,0
9211848,,1,,,,,,,,,,0
9211849,,1,,,,,,,,,,0
9211850,,1,,,,,,,,,,0
9211851,,1,,,,,,,,,,0
9211852,,1,,,,,,,,,,0
9211853,,1,,,,,,,,,,0
9211854,,1,,,,,,,,,,0
9211855,,1,,,,,,,,,,0
9211856,,1,,,,,,,,,,0
9211857,,1,,,,,,,,,,0
9211858,,1,,,,,,,,,,0
9211859,,1,,,,,,,,,,0
9211860,,1,,,,,,,,,,0
9211861,,1,,,,,,,,,,0
9211862,,1,,,,,,,,,,0
9211863,,1,,,,,,,,,,0
9211864,,1,,,,,,,,,,0
9211865,,1,,,,,,,,,,0
9211866,,1,,,,,,,,,,0
9211867,,1,,,,,,,,,,0
9211868,,1,,,,,,,,,,0
9211869,,1,,,,,,,,,,0
9211870,,1,,,,,,,,,,0
9211871,,1,,,,,,,,,,0
9211872,,1,,,,,,,,,,0
9211873,,1,,,,,,,,,,0
9211874,,1,,,,,,,,,,0
9211875,,1,,,,,,,,,,0
9211876,,1,,,,,,,,,,0
9211877,,1,,,,,,,,,,0
9211878,,1,,,,,,,,,,0
9211879,,1,,,,,,,,,,0
9211880,,1,,,,,,,,,,0
9211881,,1,,,,,,,,,,0
9211882,,1,,,,,,,,,,0
9211883,,1,,,,,,,,,,0
9211884,,1,,,,,,,,,,0
9211885,,1,,,,,,,,,,0
9211886,,1,,,,,,,,,,0
9211887,,1,,,,,,,,,,0
9211888,,1,,,,,,,,,,0
9211889,,1,,,,,,,,,,0
9211890,,1,,,,,,,,,,0
9211891,,1,,,,,,,,,,0
9211892,,1,,,,,,,,,,0
9211893,,1,,,,,,,,,,0
9211894,,1,,,,,,,,,,0
9211895,,1,,,,,,,,,,0
9211896,,1,,,,,,,,,,0
9211897,,1,,,,,,,,,,0
9211898,,1,,,,,,,,,,0
9211899,,1,,,,,,,,,,0
9211900,,1,,,,,,,,,,0
9211901,,1,,,,,,,,,,0
9211902,,1,,,,,,,,,,0
9211903,,1,,,,,,,,,,0
9211904,,1,,,,,,,,,,0
9211905,,1,,,,,,,,,,0
9211906,,1,,,,,,,,,,0
9211907,,1,,,,,,,,,,0
9211908,,1,,,,,,,,,,0
9211909,,1,,,,,,,,,,0
9211910,,1,,,,,,,,,,0
9211911,,1,,,,,,,,,,0
9211912,,1,,,,,,,,,,0
9211913,,1,,,,,,,,,,0
9211914,,1,,,,,,,,,,0
9211915,,1,,,,,,,,,,0
9211916,,1,,,,,,,,,,0
9211917,,1,,,,,,,,,,0
9211918,,1,,,,,,,,,,0
9211919,,1,,,,,,,,,,0
9211920,,1,,,,,,,,,,0
9211921,,1,,,,,,,,,,0
9211922,,1,,,,,,,,,,0
9211923,,1,,,,,,,,,,0
9211924,,1,,,,,,,,,,0
9211925,,1,,,,,,,,,,0
9211926,,1,,,,,,,,,,0
9211927,,1,,,,,,,,,,0
9211928,,1,,,,,,,,,,0
9211929,,1,,,,,,,,,,0
9211930,,1,,,,,,,,,,0
9211931,,1,,,,,,,,,,0
9211932,,1,,,,,,,,,,0
9211933,,1,,,,,,,,,,0
9211934,,1,,,,,,,,,,0
9211935,,1,,,,,,,,,,0
9211936,,1,,,,,,,,,,0
9211937,,1,,,,,,,,,,0
9211938,,1,,,,,,,,,,0
9211939,,1,,,,,,,,,,0
9211940,,1,,,,,,,,,,0
9211941,,1,,,,,,,,,,0
9211942,,1,,,,,,,,,,0
9211943,,1,,,,,,,,,,0
9211944,,1,,,,,,,,,,0
9211945,,1,,,,,,,,,,0
9211946,,1,,,,,,,,,,0
9211947,,1,,,,,,,,,,0
9211948,,1,,,,,,,,,,0
9211949,,1,,,,,,,,,,0
9211950,,1,,,,,,,,,,0
9211951,,1,,,,,,,,,,0
9211952,,1,,,,,,,,,,0
9211953,,1,,,,,,,,,,0
9211954,,1,,,,,,,,,,0
9211955,,1,,,,,,,,,,0
9211956,,1,,,,,,,,,,0
9211957,,1,,,,,,,,,,0
9211958,,1,,,,,,,,,,0
9211959,,1,,,,,,,,,,0
9211960,,1,,,,,,,,,,0
9211961,,1,,,,,,,,,,0
9211962,,1,,,,,,,,,,0
9211963,,1,,,,,,,,,,0
9211964,,1,,,,,,,,,,0
9211965,,1,,,,,,,,,,0
9211966,,1,,,,,,,,,,0
9211967,,1,,,,,,,,,,0
9211968,,1,,,,,,,,,,0
9211969,,1,,,,,,,,,,0
9211970,,1,,,,,,,,,,0
9211971,,1,,,,,,,,,,0
9211972,,1,,,,,,,,,,0
9211973,,1,,,,,,,,,,0
9211974,,1,,,,,,,,,,0
9211975,,1,,,,,,,,,,0
9211976,,1,,,,,,,,,,0
9211977,,1,,,,,,,,,,0
9211978,,1,,,,,,,,,,0
9211979,,1,,,,,,,,,,0
9211980,,1,,,,,,,,,,0
9211981,,1,,,,,,,,,,0
9211982,,1,,,,,,,,,,0
9211983,,1,,,,,,,,,,0
9211984,,1,,,,,,,,,,0
9211985,,1,,,,,,,,,,0
9211986,,1,,,,,,,,,,0
9211987,,1,,,,,,,,,,0
1401474,,2,,,,,,,,,,0
1401475,,2,,,,,,,,,,0
1401476,,2,,,,,,,,,,0
1401477,,2,,,,,,,,,,0
1401478,,2,,,,,,,,,,0
1401479,,2,,,,,,,,,,0
1401480,,2,,,,,,,,,,0
1401481,,2,,,,,,,,,,0
1401482,,2,,,,,,,,,,0
1401483,,2,,,,,,,,,,0
1401484,,2,,,,,,,,,,0
1401485,,2,,,,,,,,,,0
1401486,,2,,,,,,,,,,0
1401487,,2,,,,,,,,,,0
1401488,,2,,,,,,,,,,0
1401489,,2,,,,,,,,,,0
1401490,,2,,,,,,,,,,0
1401491,,2,,,,,,,,,,0
1401492,,2,,,,,,,,,,0
1401493,,2,,,,,,,,,,0
1401494,,2,,,,,,,,,,0
1401495,,2,,,,,,,,,,0
1401496,,2,,,,,,,,,,0
1401497,,2,,,,,,,,,,0
1401498,,2,,,,,,,,,,0
1401499,,2,,,,,,,,,,0
1401500,,2,,,,,,,,,,0
1401501,,2,,,,,,,,,,0
1401502,,2,,,,,,,,,,0
1401503,,2,,,,,,,,,,0
1401504,,2,,,,,,,,,,0
1401505,,2,,,,,,,,,,0
1401506,,2,,,,,,,,,,0
1401507,,2,,,,,,,,,,0
1401508,,2,,,,,,,,,,0
1401509,,2,,,,,,,,,,0
1401510,,2,,,,,,,,,,0
1401511,,2,,,,,,,,,,0
1401512,,2,,,,,,,,,,0
1401513,,2,,,,,,,,,,0
1401514,,2,,,,,,,,,,0
1401515,,2,,,,,,,,,,0
1401516,,2,,,,,,,,,,0
1401517,,2,,,,,,,,,,0
1401518,,2,,,,,,,,,,0
1401519,,2,,,,,,,,,,0
1401520,,2,,,,,,,,,,0
1401521,,2,,,,,,,,,,0
1401522,,2,,,,,,,,,,0
1401523,,2,,,,,,,,,,0
1401524,,2,,,,,,,,,,0
1401525,,2,,,,,,,,,,0
1401526,,2,,,,,,,,,,0
1401527,,2,,,,,,,,,,0
1401528,,2,,,,,,,,,,0
1401529,,2,,,,,,,,,,0
1401530,,2,,,,,,,,,,0
1401531,,2,,,,,,,,,,0
1401532,,2,,,,,,,,,,0
1401533,,2,,,,,,,,,,0
1401534,,2,,,,,,,,,,0
1401535,,2,,,,,,,,,,0
1401536,,2,,,,,,,,,,0
1401537,,2,,,,,,,,,,0
1401538,,2,,,,,,,,,,0
1401539,,2,,,,,,,,,,0
1401540,,2,,,,,,,,,,0
1401541,,2,,,,,,,,,,0
1401542,,2,,,,,,,,,,0
1401543,,2,,,,,,,,,,0
1401544,,2,,,,,,,,,,0
1401545,,2,,,,,,,,,,0
1401546,,2,,,,,,,,,,0
1401547,,2,,,,,,,,,,0
1401548,,2,,,,,,,,,,0
1401549,,2,,,,,,,,,,0
1401550,,2,,,,,,,,,,0
1401551,,2,,,,,,,,,,0
1401552,,2,,,,,,,,,,0
1401553,,2,,,,,,,,,,0
1401554,,2,,,,,,,,,,0
1401555,,2,,,,,,,,,,0
1401556,,2,,,,,,,,,,0
1401557,,2,,,,,,,,,,0
1401558,,2,,,,,,,,,,0
1401559,,2,,,,,,,,,,0
1401560,,2,,,,,,,,,,0
1401561,,2,,,,,,,,,,0
1401562,,2,,,,,,,,,,0
1401563,,2,,,,,,,,,,0
1401564,,2,,,,,,,,,,0
1401565,,2,,,,,,,,,,0
1401566,,2,,,,,,,,,,0
1401567,,2,,,,,,,,,,0
1401568,,2,,,,,,,,,,0
1401569,,2,,,,,,,,,,0
1401570,,2,,,,,,,,,,0
1401571,,2,,,,,,,,,,0
1401572,,2,,,,,,,,,,0
1401573,,2,,,,,,,,,,0
1401574,,2,,,,,,,,,,0
1401575,,2,,,,,,,,,,0
1401576,,2,,,,,,,,,,0
1401577,,2,,,,,,,,,,0
1401578,,2,,,,,,,,,,0
1401579,,2,,,,,,,,,,0
1401580,,2,,,,,,,,,,0
1401581,,2,,,,,,,,,,0
1401582,,2,,,,,,,,,,0
1401583,,2,,,,,,,,,,0
1401584,,2,,,,,,,,,,0
1401585,,2,,,,,,,,,,0
1401586,,2,,,,,,,,,,0
1401587,,2,,,,,,,,,,0
1401588,,2,,,,,,,,,,0
1401589,,2,,,,,,,,,,0
1401590,,2,,,,,,,,,,0
1401591,,2,,,,,,,,,,0
1401592,,2,,,,,,,,,,0
1401593,,2,,,,,,,,,,0
1401594,,2,,,,,,,,,,0
1401595,,2,,,,,,,,,,0
1401596,,2,,,,,,,,,,0
1401597,,2,,,,,,,,,,0
1401598,,2,,,,,,,,,,0
1401599,,2,,,,,,,,,,0
1401600,,2,,,,,,,,,,0
1401601,,2,,,,,,,,,,0
1401602,,2,,,,,,,,,,0
1401603,,2,,,,,,,,,,0
1401604,,2,,,,,,,,,,0
1401605,,2,,,,,,,,,,0
1401606,,2,,,,,,,,,,0
1401607,,2,,,,,,,,,,0
1401608,,2,,,,,,,,,,0
1401609,,2,,,,,,,,,,0
1401610,,2,,,,,,,,,,0
1401611,,2,,,,,,,,,,0
1401612,,2,,,,,,,,,,0
1401613,,2,,,,,,,,,,0
1401614,,2,,,,,,,,,,0
1401615,,2,,,,,,,,,,0
1401616,,2,,,,,,,,,,0
1401617,,2,,,,,,,,,,0
1401618,,2,,,,,,,,,,0
1401619,,2,,,,,,,,,,0
1401620,,2,,,,,,,,,,0
1401621,,2,,,,,,,,,,0
1401622,,2,,,,,,,,,,0
1401623,,2,,,,,,,,,,0
1401624,,2,,,,,,,,,,0
1401625,,2,,,,,,,,,,0
1401626,,2,,,,,,,,,,0
1401627,,2,,,,,,,,,,0
1401628,,2,,,,,,,,,,0
1401629,,2,,,,,,,,,,0
1401630,,2,,,,,,,,,,0
1401631,,2,,,,,,,,,,0
1401632,,2,,,,,,,,,,0
1401633,,2,,,,,,,,,,0
1401634,,2,,,,,,,,,,0
1401635,,2,,,,,,,,,,0
1401636,,2,,,,,,,,,,0
1401637,,2,,,,,,,,,,0
1401638,,2,,,,,,,,,,0
1401639,,2,,,,,,,,,,0
1401640,,2,,,,,,,,,,0
1401641,,2,,,,,,,,,,0
1401642,,2,,,,,,,,,,0
1401643,,2,,,,,,,,,,0
1401644,,2,,,,,,,,,,0
1401645,,2,,,,,,,,,,0
1401646,,2,,,,,,,,,,0
1401647,,2,,,,,,,,,,0
1401648,,2,,,,,,,,,,0
1401649,,2,,,,,,,,,,0
1401650,,2,,,,,,,,,,0
1401651,,2,,,,,,,,,,0
1401652,,2,,,,,,,,,,0
1401653,,2,,,,,,,,,,0
1401654,,2,,,,,,,,,,0
1401655,,2,,,,,,,,,,0
1401656,,2,,,,,,,,,,0
1401657,,2,,,,,,,,,,0
1401658,,2,,,,,,,,,,0
1401659,,2,,,,,,,,,,0
1401660,,2,,,,,,,,,,0
1401661,,2,,,,,,,,,,0
1401662,,2,,,,,,,,,,0
1401663,,2,,,,,,,,,,0
1401664,,2,,,,,,,,,,0
1401665,,2,,,,,,,,,,0
1401666,,2,,,,,,,,,,0
1401667,,2,,,,,,,,,,0
1401668,,2,,,,,,,,,,0
1401669,,2,,,,,,,,,,0
1401670,,2,,,,,,,,,,0
1401671,,2,,,,,,,,,,0
1401672,,2,,,,,,,,,,0
1401673,,2,,,,,,,,,,0
1401674,,2,,,,,,,,,,0
1401675,,2,,,,,,,,,,0
1401676,,2,,,,,,,,,,0
1401677,,2,,,,,,,,,,0
1401678,,2,,,,,,,,,,0
1401679,,2,,,,,,,,,,0
1401680,,2,,,,,,,,,,0
1401681,,2,,,,,,,,,,0
1401682,,2,,,,,,,,,,0
1401683,,2,,,,,,,,,,0
1401684,,2,,,,,,,,,,0
1401685,,2,,,,,,,,,,0
1401686,,2,,,,,,,,,,0
1401687,,2,,,,,,,,,,0
1401688,,2,,,,,,,,,,0
1401689,,2,,,,,,,,,,0
1401690,,2,,,,,,,,,,0
1401691,,2,,,,,,,,,,0
1401692,,2,,,,,,,,,,0
1401693,,2,,,,,,,,,,0
1401694,,2,,,,,,,,,,0
1401695,,2,,,,,,,,,,0
1401696,,2,,,,,,,,,,0
1401697,,2,,,,,,,,,,0
1401698,,2,,,,,,,,,,0
1401699,,2,,,,,,,,,,0
1401700,,2,,,,,,,,,,0
1401701,,2,,,,,,,,,,0
1401702,,2,,,,,,,,,,0
1401703,,2,,,,,,,,,,0
1401704,,2,,,,,,,,,,0
1401705,,2,,,,,,,,,,0
1401706,,2,,,,,,,,,,0
1401707,,2,,,,,,,,,,0
1401708,,2,,,,,,,,,,0
1401709,,2,,,,,,,,,,0
1401710,,2,,,,,,,,,,0
1401711,,2,,,,,,,,,,0
1401712,,2,,,,,,,,,,0
1401713,,2,,,,,,,,,,0
1401714,,2,,,,,,,,,,0
1401715,,2,,,,,,,,,,0
1401716,,2,,,,,,,,,,0
1401717,,2,,,,,,,,,,0
1401718,,2,,,,,,,,,,0
1401719,,2,,,,,,,,,,0
1401720,,2,,,,,,,,,,0
1401721,,2,,,,,,,,,,0
1401722,,2,,,,,,,,,,0
1401723,,2,,,,,,,,,,0
1401724,,2,,,,,,,,,,0
1401725,,2,,,,,,,,,,0
1401726,,2,,,,,,,,,,0
1401727,,2,,,,,,,,,,0
1401728,,2,,,,,,,,,,0
1401729,,2,,,,,,,,,,0
1401730,,2,,,,,,,,,,0
1401731,,2,,,,,,,,,,0
1401732,,2,,,,,,,,,,0
1401733,,2,,,,,,,,,,0
1401734,,2,,,,,,,,,,0
1401735,,2,,,,,,,,,,0
1401736,,2,,,,,,,,,,0
1401737,,2,,,,,,,,,,0
1401738,,2,,,,,,,,,,0
1401739,,2,,,,,,,,,,0
1401740,,2,,,,,,,,,,0
1401741,,2,,,,,,,,,,0
1401742,,2,,,,,,,,,,0
1401743,,2,,,,,,,,,,0
1401744,,2,,,,,,,,,,0
1401745,,2,,,,,,,,,,0
1401746,,2,,,,,,,,,,0
1401747,,2,,,,,,,,,,0
1401748,,2,,,,,,,,,,0
1401749,,2,,,,,,,,,,0
1401750,,2,,,,,,,,,,0
1401751,,2,,,,,,,,,,0
1401752,,2,,,,,,,,,,0
1401753,,2,,,,,,,,,,0
1401754,,2,,,,,,,,,,0
1401755,,2,,,,,,,,,,0
1401756,,2,,,,,,,,,,0
1401757,,2,,,,,,,,,,0
1401758,,2,,,,,,,,,,0
1401759,,2,,,,,,,,,,0
1401760,,2,,,,,,,,,,0
1401761,,2,,,,,,,,,,0
1401762,,2,,,,,,,,,,0
1401763,,2,,,,,,,,,,0
1401764,,2,,,,,,,,,,0
1401765,,2,,,,,,,,,,0
1401766,,2,,,,,,,,,,0
1401767,,2,,,,,,,,,,0
1401768,,2,,,,,,,,,,0
1401769,,2,,,,,,,,,,0
1401770,,2,,,,,,,,,,0
1401771,,2,,,,,,,,,,0
1401772,,2,,,,,,,,,,0
1401773,,2,,,,,,,,,,0
1401774,,2,,,,,,,,,,0
1401775,,2,,,,,,,,,,0
1401776,,2,,,,,,,,,,0
1401777,,2,,,,,,,,,,0
1401778,,2,,,,,,,,,,0
1401779,,2,,,,,,,,,,0
1401780,,2,,,,,,,,,,0
1401781,,2,,,,,,,,,,0
1401782,,2,,,,,,,,,,0
1401783,,2,,,,,,,,,,0
1401784,,2,,,,,,,,,,0
1401785,,2,,,,,,,,,,0
1401786,,2,,,,,,,,,,0
1401787,,2,,,,,,,,,,0
1401788,,2,,,,,,,,,,0
1401789,,2,,,,,,,,,,0
1401790,,2,,,,,,,,,,0
1401791,,2,,,,,,,,,,0
1401792,,2,,,,,,,,,,0
1401793,,2,,,,,,,,,,0
1401794,,2,,,,,,,,,,0
1401795,,2,,,,,,,,,,0
1401796,,2,,,,,,,,,,0
1401797,,2,,,,,,,,,,0
1401798,,2,,,,,,,,,,0
1401799,,2,,,,,,,,,,0
1401800,,2,,,,,,,,,,0
1401801,,2,,,,,,,,,,0
1401802,,2,,,,,,,,,,0
1401803,,2,,,,,,,,,,0
1401804,,2,,,,,,,,,,0
1401805,,2,,,,,,,,,,0
1401806,,2,,,,,,,,,,0
1401807,,2,,,,,,,,,,0
1401808,,2,,,,,,,,,,0
1401809,,2,,,,,,,,,,0
1401810,,2,,,,,,,,,,0
1401811,,2,,,,,,,,,,0
1401812,,2,,,,,,,,,,0
1401813,,2,,,,,,,,,,0
1401814,,2,,,,,,,,,,0
1401815,,2,,,,,,,,,,0
1401816,,2,,,,,,,,,,0
1401817,,2,,,,,,,,,,0
1401818,,2,,,,,,,,,,0
1401819,,2,,,,,,,,,,0
1401820,,2,,,,,,,,,,0
1401821,,2,,,,,,,,,,0
1401822,,2,,,,,,,,,,0
1401823,,2,,,,,,,,,,0
1401824,,2,,,,,,,,,,0
1401825,,2,,,,,,,,,,0
1401826,,2,,,,,,,,,,0
1401827,,2,,,,,,,,,,0
1401828,,2,,,,,,,,,,0
1401829,,2,,,,,,,,,,0
1401830,,2,,,,,,,,,,0
1401831,,2,,,,,,,,,,0
1401832,,2,,,,,,,,,,0
1401833,,2,,,,,,,,,,0
1401834,,2,,,,,,,,,,0
1401835,,2,,,,,,,,,,0
1401836,,2,,,,,,,,,,0
1401837,,2,,,,,,,,,,0
1401838,,2,,,,,,,,,,0
1401839,,2,,,,,,,,,,0
1401840,,2,,,,,,,,,,0
1401841,,2,,,,,,,,,,0
1401842,,2,,,,,,,,,,0
1401843,,2,,,,,,,,,,0
1401844,,2,,,,,,,,,,0
1401845,,2,,,,,,,,,,0
1401846,,2,,,,,,,,,,0
1401847,,2,,,,,,,,,,0
1401848,,2,,,,,,,,,,0
1401849,,2,,,,,,,,,,0
1401850,,2,,,,,,,,,,0
1401851,,2,,,,,,,,,,0
1401852,,2,,,,,,,,,,0
1401853,,2,,,,,,,,,,0
1401854,,2,,,,,,,,,,0
1401855,,2,,,,,,,,,,0
1401856,,2,,,,,,,,,,0
1401857,,2,,,,,,,,,,0
1401858,,2,,,,,,,,,,0
1401859,,2,,,,,,,,,,0
1401860,,2,,,,,,,,,,0
1401861,,2,,,,,,,,,,0
1401862,,2,,,,,,,,,,0
1401863,,2,,,,,,,,,,0
1401864,,2,,,,,,,,,,0
1401865,,2,,,,,,,,,,0
1401866,,2,,,,,,,,,,0
1401867,,2,,,,,,,,,,0
1401868,,2,,,,,,,,,,0
1401869,,2,,,,,,,,,,0
1401870,,2,,,,,,,,,,0
1401871,,2,,,,,,,,,,0
1401872,,2,,,,,,,,,,0
1401873,,2,,,,,,,,,,0
1401874,,2,,,,,,,,,,0
1401875,,2,,,,,,,,,,0
1401876,,2,,,,,,,,,,0
1401877,,2,,,,,,,,,,0
1401878,,2,,,,,,,,,,0
1401879,,2,,,,,,,,,,0
1401880,,2,,,,,,,,,,0
1401881,,2,,,,,,,,,,0
1401882,,2,,,,,,,,,,0
1401883,,2,,,,,,,,,,0
1401884,,2,,,,,,,,,,0
1401885,,2,,,,,,,,,,0
1401886,,2,,,,,,,,,,0
1401887,,2,,,,,,,,,,0
1401888,,2,,,,,,,,,,0
1401889,,2,,,,,,,,,,0
1401890,,2,,,,,,,,,,0
1401891,,2,,,,,,,,,,0
1401892,,2,,,,,,,,,,0
1401893,,2,,,,,,,,,,0
1401894,,2,,,,,,,,,,0
1401895,,2,,,,,,,,,,0
1401896,,2,,,,,,,,,,0
1401897,,2,,,,,,,,,,0
1401898,,2,,,,,,,,,,0
1401899,,2,,,,,,,,,,0
1401900,,2,,,,,,,,,,0
1401901,,2,,,,,,,,,,0
1401902,,2,,,,,,,,,,0
1401903,,2,,,,,,,,,,0
1401904,,2,,,,,,,,,,0
1401905,,2,,,,,,,,,,0
1401906,,2,,,,,,,,,,0
1401907,,2,,,,,,,,,,0
1401908,,2,,,,,,,,,,0
1401909,,2,,,,,,,,,,0
1401910,,2,,,,,,,,,,0
1401911,,2,,,,,,,,,,0
1401912,,2,,,,,,,,,,0
1401913,,2,,,,,,,,,,0
1401914,,2,,,,,,,,,,0
1401915,,2,,,,,,,,,,0
1401916,,2,,,,,,,,,,0
1401917,,2,,,,,,,,,,0
1401918,,2,,,,,,,,,,0
1401919,,2,,,,,,,,,,0
1401920,,2,,,,,,,,,,0
1401921,,2,,,,,,,,,,0
1401922,,2,,,,,,,,,,0
1401923,,2,,,,,,,,,,0
1401924,,2,,,,,,,,,,0
1401925,,2,,,,,,,,,,0
1401926,,2,,,,,,,,,,0
1401927,,2,,,,,,,,,,0
1401928,,2,,,,,,,,,,0
1401929,,2,,,,,,,,,,0
1401930,,2,,,,,,,,,,0
1401931,,2,,,,,,,,,,0
1401932,,2,,,,,,,,,,0
1401933,,2,,,,,,,,,,0
1401934,,2,,,,,,,,,,0
1401935,,2,,,,,,,,,,0
1401936,,2,,,,,,,,,,0
1401937,,2,,,,,,,,,,0
1401938,,2,,,,,,,,,,0
1401939,,2,,,,,,,,,,0
1401940,,2,,,,,,,,,,0
1401941,,2,,,,,,,,,,0
1401942,,2,,,,,,,,,,0
1401943,,2,,,,,,,,,,0
1401944,,2,,,,,,,,,,0
1401945,,2,,,,,,,,,,0
1401946,,2,,,,,,,,,,0
1401947,,2,,,,,,,,,,0
1401948,,2,,,,,,,,,,0
1401949,,2,,,,,,,,,,0
1401950,,2,,,,,,,,,,0
1401951,,2,,,,,,,,,,0
1401952,,2,,,,,,,,,,0
1401953,,2,,,,,,,,,,0
1401954,,2,,,,,,,,,,0
1401955,,2,,,,,,,,,,0
1401956,,2,,,,,,,,,,0
1401957,,2,,,,,,,,,,0
1401958,,2,,,,,,,,,,0
1401959,,2,,,,,,,,,,0
1401960,,2,,,,,,,,,,0
1401961,,2,,,,,,,,,,0
1401962,,2,,,,,,,,,,0
1401963,,2,,,,,,,,,,0
1401964,,2,,,,,,,,,,0
1401965,,2,,,,,,,,,,0
1401966,,2,,,,,,,,,,0
1401967,,2,,,,,,,,,,0
1401968,,2,,,,,,,,,,0
1401969,,2,,,,,,,,,,0
1401970,,2,,,,,,,,,,0
1401971,,2,,,,,,,,,,0
1401972,,2,,,,,,,,,,0
1401973,,2,,,,,,,,,,0
9211988,,1,,,,,,,,,,0
9211989,,1,,,,,,,,,,0
9211990,,1,,,,,,,,,,0
9211991,,1,,,,,,,,,,0
9211992,,1,,,,,,,,,,0
9211993,,1,,,,,,,,,,0
9211994,,1,,,,,,,,,,0
9211995,,1,,,,,,,,,,0
9211996,,1,,,,,,,,,,0
9211997,,1,,,,,,,,,,0
9211998,,1,,,,,,,,,,0
9211999,,1,,,,,,,,,,0
9212000,,1,,,,,,,,,,0
9212001,,1,,,,,,,,,,0
9212002,,1,,,,,,,,,,0
9212003,,1,,,,,,,,,,0
9212004,,1,,,,,,,,,,0
9212005,,1,,,,,,,,,,0
9212006,,1,,,,,,,,,,0
9212007,,1,,,,,,,,,,0
9212008,,1,,,,,,,,,,0
9212009,,1,,,,,,,,,,0
9212010,,1,,,,,,,,,,0
9212011,,1,,,,,,,,,,0
9212012,,1,,,,,,,,,,0
9212013,,1,,,,,,,,,,0
9212014,,1,,,,,,,,,,0
9212015,,1,,,,,,,,,,0
9212016,,1,,,,,,,,,,0
9212017,,1,,,,,,,,,,0
9212018,,1,,,,,,,,,,0
9212019,,1,,,,,,,,,,0
9212020,,1,,,,,,,,,,0
9212021,,1,,,,,,,,,,0
9212022,,1,,,,,,,,,,0
9212023,,1,,,,,,,,,,0
9212024,,1,,,,,,,,,,0
9212025,,1,,,,,,,,,,0
9212026,,1,,,,,,,,,,0
9212027,,1,,,,,,,,,,0
9212028,,1,,,,,,,,,,0
9212029,,1,,,,,,,,,,0
9212030,,1,,,,,,,,,,0
9212031,,1,,,,,,,,,,0
9212032,,1,,,,,,,,,,0
9212033,,1,,,,,,,,,,0
9212034,,1,,,,,,,,,,0
9212035,,1,,,,,,,,,,0
9212036,,1,,,,,,,,,,0
9212037,,1,,,,,,,,,,0
9212038,,1,,,,,,,,,,0
9212039,,1,,,,,,,,,,0
9212040,,1,,,,,,,,,,0
9212041,,1,,,,,,,,,,0
9212042,,1,,,,,,,,,,0
9212043,,1,,,,,,,,,,0
9212044,,1,,,,,,,,,,0
9212045,,1,,,,,,,,,,0
9212046,,1,,,,,,,,,,0
9212047,,1,,,,,,,,,,0
9212048,,1,,,,,,,,,,0
9212049,,1,,,,,,,,,,0
9212050,,1,,,,,,,,,,0
9212051,,1,,,,,,,,,,0
9212052,,1,,,,,,,,,,0
9212053,,1,,,,,,,,,,0
9212054,,1,,,,,,,,,,0
9212055,,1,,,,,,,,,,0
9212056,,1,,,,,,,,,,0
9212057,,1,,,,,,,,,,0
9212058,,1,,,,,,,,,,0
9212059,,1,,,,,,,,,,0
9212060,,1,,,,,,,,,,0
9212061,,1,,,,,,,,,,0
9212062,,1,,,,,,,,,,0
9212063,,1,,,,,,,,,,0
9212064,,1,,,,,,,,,,0
9212065,,1,,,,,,,,,,0
9212066,,1,,,,,,,,,,0
9212067,,1,,,,,,,,,,0
9212068,,1,,,,,,,,,,0
9212069,,1,,,,,,,,,,0
9212070,,1,,,,,,,,,,0
9212071,,1,,,,,,,,,,0
9212072,,1,,,,,,,,,,0
9212073,,1,,,,,,,,,,0
9212074,,1,,,,,,,,,,0
9212075,,1,,,,,,,,,,0
9212076,,1,,,,,,,,,,0
9212077,,1,,,,,,,,,,0
9212078,,1,,,,,,,,,,0
9212079,,1,,,,,,,,,,0
9212080,,1,,,,,,,,,,0
9212081,,1,,,,,,,,,,0
9212082,,1,,,,,,,,,,0
9212083,,1,,,,,,,,,,0
9212084,,1,,,,,,,,,,0
9212085,,1,,,,,,,,,,0
9212086,,1,,,,,,,,,,0
9212087,,1,,,,,,,,,,0
9212088,,1,,,,,,,,,,0
9212089,,1,,,,,,,,,,0
9212090,,1,,,,,,,,,,0
9212091,,1,,,,,,,,,,0
9212092,,1,,,,,,,,,,0
9212093,,1,,,,,,,,,,0
9212094,,1,,,,,,,,,,0
9212095,,1,,,,,,,,,,0
9212096,,1,,,,,,,,,,0
9212097,,1,,,,,,,,,,0
9212098,,1,,,,,,,,,,0
9212099,,1,,,,,,,,,,0
9212100,,1,,,,,,,,,,0
9212101,,1,,,,,,,,,,0
9212102,,1,,,,,,,,,,0
9212103,,1,,,,,,,,,,0
9212104,,1,,,,,,,,,,0
9212105,,1,,,,,,,,,,0
9212106,,1,,,,,,,,,,0
9212107,,1,,,,,,,,,,0
9212108,,1,,,,,,,,,,0
9212109,,1,,,,,,,,,,0
9212110,,1,,,,,,,,,,0
9212111,,1,,,,,,,,,,0
9212112,,1,,,,,,,,,,0
9212113,,1,,,,,,,,,,0
9212114,,1,,,,,,,,,,0
9212115,,1,,,,,,,,,,0
9212116,,1,,,,,,,,,,0
9212117,,1,,,,,,,,,,0
9212118,,1,,,,,,,,,,0
9212119,,1,,,,,,,,,,0
9212120,,1,,,,,,,,,,0
9212121,,1,,,,,,,,,,0
9212122,,1,,,,,,,,,,0
9212123,,1,,,,,,,,,,0
9212124,,1,,,,,,,,,,0
9212125,,1,,,,,,,,,,0
9212126,,1,,,,,,,,,,0
9212127,,1,,,,,,,,,,0
9212128,,1,,,,,,,,,,0
9212129,,1,,,,,,,,,,0
9212130,,1,,,,,,,,,,0
9212131,,1,,,,,,,,,,0
9212132,,1,,,,,,,,,,0
9212133,,1,,,,,,,,,,0
9212134,,1,,,,,,,,,,0
9212135,,1,,,,,,,,,,0
9212136,,1,,,,,,,,,,0
9212137,,1,,,,,,,,,,0
9212138,,1,,,,,,,,,,0
9212139,,1,,,,,,,,,,0
9212140,,1,,,,,,,,,,0
9212141,,1,,,,,,,,,,0
9212142,,1,,,,,,,,,,0
9212143,,1,,,,,,,,,,0
9212144,,1,,,,,,,,,,0
9212145,,1,,,,,,,,,,0
9212146,,1,,,,,,,,,,0
9212147,,1,,,,,,,,,,0
9212148,,1,,,,,,,,,,0
9212149,,1,,,,,,,,,,0
9212150,,1,,,,,,,,,,0
9212151,,1,,,,,,,,,,0
9212152,,1,,,,,,,,,,0
9212153,,1,,,,,,,,,,0
9212154,,1,,,,,,,,,,0
9212155,,1,,,,,,,,,,0
9212156,,1,,,,,,,,,,0
9212157,,1,,,,,,,,,,0
9212158,,1,,,,,,,,,,0
9212159,,1,,,,,,,,,,0
9212160,,1,,,,,,,,,,0
9212161,,1,,,,,,,,,,0
9212162,,1,,,,,,,,,,0
9212163,,1,,,,,,,,,,0
9212164,,1,,,,,,,,,,0
9212165,,1,,,,,,,,,,0
9212166,,1,,,,,,,,,,0
9212167,,1,,,,,,,,,,0
9212168,,1,,,,,,,,,,0
9212169,,1,,,,,,,,,,0
9212170,,1,,,,,,,,,,0
9212171,,1,,,,,,,,,,0
9212172,,1,,,,,,,,,,0
9212173,,1,,,,,,,,,,0
9212174,,1,,,,,,,,,,0
9212175,,1,,,,,,,,,,0
9212176,,1,,,,,,,,,,0
9212177,,1,,,,,,,,,,0
9212178,,1,,,,,,,,,,0
9212179,,1,,,,,,,,,,0
9212180,,1,,,,,,,,,,0
9212181,,1,,,,,,,,,,0
9212182,,1,,,,,,,,,,0
9212183,,1,,,,,,,,,,0
9212184,,1,,,,,,,,,,0
9212185,,1,,,,,,,,,,0
9212186,,1,,,,,,,,,,0
9212187,,1,,,,,,,,,,0
9212188,,1,,,,,,,,,,0
9212189,,1,,,,,,,,,,0
9212190,,1,,,,,,,,,,0
9212191,,1,,,,,,,,,,0
9212192,,1,,,,,,,,,,0
9212193,,1,,,,,,,,,,0
9212194,,1,,,,,,,,,,0
9212195,,1,,,,,,,,,,0
9212196,,1,,,,,,,,,,0
9212197,,1,,,,,,,,,,0
9212198,,1,,,,,,,,,,0
9212199,,1,,,,,,,,,,0
9212200,,1,,,,,,,,,,0
9212201,,1,,,,,,,,,,0
9212202,,1,,,,,,,,,,0
9212203,,1,,,,,,,,,,0
9212204,,1,,,,,,,,,,0
9212205,,1,,,,,,,,,,0
9212206,,1,,,,,,,,,,0
9212207,,1,,,,,,,,,,0
9212208,,1,,,,,,,,,,0
9212209,,1,,,,,,,,,,0
9212210,,1,,,,,,,,,,0
9212211,,1,,,,,,,,,,0
9212212,,1,,,,,,,,,,0
9212213,,1,,,,,,,,,,0
9212214,,1,,,,,,,,,,0
9212215,,1,,,,,,,,,,0
9212216,,1,,,,,,,,,,0
9212217,,1,,,,,,,,,,0
9212218,,1,,,,,,,,,,0
9212219,,1,,,,,,,,,,0
9212220,,1,,,,,,,,,,0
9212221,,1,,,,,,,,,,0
9212222,,1,,,,,,,,,,0
9212223,,1,,,,,,,,,,0
9212224,,1,,,,,,,,,,0
9212225,,1,,,,,,,,,,0
9212226,,1,,,,,,,,,,0
9212227,,1,,,,,,,,,,0
9212228,,1,,,,,,,,,,0
9212229,,1,,,,,,,,,,0
9212230,,1,,,,,,,,,,0
9212231,,1,,,,,,,,,,0
9212232,,1,,,,,,,,,,0
9212233,,1,,,,,,,,,,0
9212234,,1,,,,,,,,,,0
9212235,,1,,,,,,,,,,0
9212236,,1,,,,,,,,,,0
9212237,,1,,,,,,,,,,0
9212238,,1,,,,,,,,,,0
9212239,,1,,,,,,,,,,0
9212240,,1,,,,,,,,,,0
9212241,,1,,,,,,,,,,0
9212242,,1,,,,,,,,,,0
9212243,,1,,,,,,,,,,0
9212244,,1,,,,,,,,,,0
9212245,,1,,,,,,,,,,0
9212246,,1,,,,,,,,,,0
9212247,,1,,,,,,,,,,0
9212248,,1,,,,,,,,,,0
9212249,,1,,,,,,,,,,0
9212250,,1,,,,,,,,,,0
9212251,,1,,,,,,,,,,0
9212252,,1,,,,,,,,,,0
9212253,,1,,,,,,,,,,0
9212254,,1,,,,,,,,,,0
9212255,,1,,,,,,,,,,0
9212256,,1,,,,,,,,,,0
9212257,,1,,,,,,,,,,0
9212258,,1,,,,,,,,,,0
9212259,,1,,,,,,,,,,0
9212260,,1,,,,,,,,,,0
9212261,,1,,,,,,,,,,0
9212262,,1,,,,,,,,,,0
9212263,,1,,,,,,,,,,0
9212264,,1,,,,,,,,,,0
9212265,,1,,,,,,,,,,0
9212266,,1,,,,,,,,,,0
9212267,,1,,,,,,,,,,0
9212268,,1,,,,,,,,,,0
9212269,,1,,,,,,,,,,0
9212270,,1,,,,,,,,,,0
9212271,,1,,,,,,,,,,0
9212272,,1,,,,,,,,,,0
9212273,,1,,,,,,,,,,0
9212274,,1,,,,,,,,,,0
9212275,,1,,,,,,,,,,0
9212276,,1,,,,,,,,,,0
9212277,,1,,,,,,,,,,0
9212278,,1,,,,,,,,,,0
9212279,,1,,,,,,,,,,0
9212280,,1,,,,,,,,,,0
9212281,,1,,,,,,,,,,0
9212282,,1,,,,,,,,,,0
9212283,,1,,,,,,,,,,0
9212284,,1,,,,,,,,,,0
9212285,,1,,,,,,,,,,0
9212286,,1,,,,,,,,,,0
9212287,,1,,,,,,,,,,0
9212288,,1,,,,,,,,,,0
9212289,,1,,,,,,,,,,0
9212290,,1,,,,,,,,,,0
9212291,,1,,,,,,,,,,0
9212292,,1,,,,,,,,,,0
9212293,,1,,,,,,,,,,0
9212294,,1,,,,,,,,,,0
9212295,,1,,,,,,,,,,0
9212296,,1,,,,,,,,,,0
9212297,,1,,,,,,,,,,0
9212298,,1,,,,,,,,,,0
9212299,,1,,,,,,,,,,0
9212300,,1,,,,,,,,,,0
9212301,,1,,,,,,,,,,0
9212302,,1,,,,,,,,,,0
9212303,,1,,,,,,,,,,0
9212304,,1,,,,,,,,,,0
9212305,,1,,,,,,,,,,0
9212306,,1,,,,,,,,,,0
9212307,,1,,,,,,,,,,0
9212308,,1,,,,,,,,,,0
9212309,,1,,,,,,,,,,0
9212310,,1,,,,,,,,,,0
9212311,,1,,,,,,,,,,0
9212312,,1,,,,,,,,,,0
9212313,,1,,,,,,,,,,0
9212314,,1,,,,,,,,,,0
9212315,,1,,,,,,,,,,0
9212316,,1,,,,,,,,,,0
9212317,,1,,,,,,,,,,0
9212318,,1,,,,,,,,,,0
9212319,,1,,,,,,,,,,0
9212320,,1,,,,,,,,,,0
9212321,,1,,,,,,,,,,0
9212322,,1,,,,,,,,,,0
9212323,,1,,,,,,,,,,0
9212324,,1,,,,,,,,,,0
9212325,,1,,,,,,,,,,0
9212326,,1,,,,,,,,,,0
9212327,,1,,,,,,,,,,0
9212328,,1,,,,,,,,,,0
9212329,,1,,,,,,,,,,0
9212330,,1,,,,,,,,,,0
9212331,,1,,,,,,,,,,0
9212332,,1,,,,,,,,,,0
9212333,,1,,,,,,,,,,0
9212334,,1,,,,,,,,,,0
9212335,,1,,,,,,,,,,0
9212336,,1,,,,,,,,,,0
9212337,,1,,,,,,,,,,0
9212338,,1,,,,,,,,,,0
9212339,,1,,,,,,,,,,0
9212340,,1,,,,,,,,,,0
9212341,,1,,,,,,,,,,0
9212342,,1,,,,,,,,,,0
9212343,,1,,,,,,,,,,0
9212344,,1,,,,,,,,,,0
9212345,,1,,,,,,,,,,0
9212346,,1,,,,,,,,,,0
9212347,,1,,,,,,,,,,0
9212348,,1,,,,,,,,,,0
9212349,,1,,,,,,,,,,0
9212350,,1,,,,,,,,,,0
9212351,,1,,,,,,,,,,0
9212352,,1,,,,,,,,,,0
9212353,,1,,,,,,,,,,0
9212354,,1,,,,,,,,,,0
9212355,,1,,,,,,,,,,0
9212356,,1,,,,,,,,,,0
9212357,,1,,,,,,,,,,0
9212358,,1,,,,,,,,,,0
9212359,,1,,,,,,,,,,0
9212360,,1,,,,,,,,,,0
9212361,,1,,,,,,,,,,0
9212362,,1,,,,,,,,,,0
9212363,,1,,,,,,,,,,0
9212364,,1,,,,,,,,,,0
9212365,,1,,,,,,,,,,0
9212366,,1,,,,,,,,,,0
9212367,,1,,,,,,,,,,0
9212368,,1,,,,,,,,,,0
9212369,,1,,,,,,,,,,0
9212370,,1,,,,,,,,,,0
9212371,,1,,,,,,,,,,0
9212372,,1,,,,,,,,,,0
9212373,,1,,,,,,,,,,0
9212374,,1,,,,,,,,,,0
9212375,,1,,,,,,,,,,0
9212376,,1,,,,,,,,,,0
9212377,,1,,,,,,,,,,0
9212378,,1,,,,,,,,,,0
9212379,,1,,,,,,,,,,0
9212380,,1,,,,,,,,,,0
9212381,,1,,,,,,,,,,0
9212382,,1,,,,,,,,,,0
9212383,,1,,,,,,,,,,0
9212384,,1,,,,,,,,,,0
9212385,,1,,,,,,,,,,0
9212386,,1,,,,,,,,,,0
9212387,,1,,,,,,,,,,0
9212388,,1,,,,,,,,,,0
9212389,,1,,,,,,,,,,0
9212390,,1,,,,,,,,,,0
9212391,,1,,,,,,,,,,0
9212392,,1,,,,,,,,,,0
9212393,,1,,,,,,,,,,0
9212394,,1,,,,,,,,,,0
9212395,,1,,,,,,,,,,0
9212396,,1,,,,,,,,,,0
9212397,,1,,,,,,,,,,0
9212398,,1,,,,,,,,,,0
9212399,,1,,,,,,,,,,0
9212400,,1,,,,,,,,,,0
9212401,,1,,,,,,,,,,0
9212402,,1,,,,,,,,,,0
9212403,,1,,,,,,,,,,0
9212404,,1,,,,,,,,,,0
9212405,,1,,,,,,,,,,0
9212406,,1,,,,,,,,,,0
9212407,,1,,,,,,,,,,0
9212408,,1,,,,,,,,,,0
9212409,,1,,,,,,,,,,0
9212410,,1,,,,,,,,,,0
9212411,,1,,,,,,,,,,0
9212412,,1,,,,,,,,,,0
9212413,,1,,,,,,,,,,0
9212414,,1,,,,,,,,,,0
9212415,,1,,,,,,,,,,0
9212416,,1,,,,,,,,,,0
9212417,,1,,,,,,,,,,0
9212418,,1,,,,,,,,,,0
9212419,,1,,,,,,,,,,0
9212420,,1,,,,,,,,,,0
9212421,,1,,,,,,,,,,0
9212422,,1,,,,,,,,,,0
9212423,,1,,,,,,,,,,0
9212424,,1,,,,,,,,,,0
9212425,,1,,,,,,,,,,0
9212426,,1,,,,,,,,,,0
9212427,,1,,,,,,,,,,0
9212428,,1,,,,,,,,,,0
9212429,,1,,,,,,,,,,0
9212430,,1,,,,,,,,,,0
9212431,,1,,,,,,,,,,0
9212432,,1,,,,,,,,,,0
9212433,,1,,,,,,,,,,0
9212434,,1,,,,,,,,,,0
9212435,,1,,,,,,,,,,0
9212436,,1,,,,,,,,,,0
9212437,,1,,,,,,,,,,0
9212438,,1,,,,,,,,,,0
9212439,,1,,,,,,,,,,0
9212440,,1,,,,,,,,,,0
9212441,,1,,,,,,,,,,0
9212442,,1,,,,,,,,,,0
9212443,,1,,,,,,,,,,0
9212444,,1,,,,,,,,,,0
9212445,,1,,,,,,,,,,0
9212446,,1,,,,,,,,,,0
9212447,,1,,,,,,,,,,0
9212448,,1,,,,,,,,,,0
9212449,,1,,,,,,,,,,0
9212450,,1,,,,,,,,,,0
9212451,,1,,,,,,,,,,0
9212452,,1,,,,,,,,,,0
9212453,,1,,,,,,,,,,0
9212454,,1,,,,,,,,,,0
9212455,,1,,,,,,,,,,0
9212456,,1,,,,,,,,,,0
9212457,,1,,,,,,,,,,0
9212458,,1,,,,,,,,,,0
9212459,,1,,,,,,,,,,0
9212460,,1,,,,,,,,,,0
9212461,,1,,,,,,,,,,0
9212462,,1,,,,,,,,,,0
9212463,,1,,,,,,,,,,0
9212464,,1,,,,,,,,,,0
9212465,,1,,,,,,,,,,0
9212466,,1,,,,,,,,,,0
9212467,,1,,,,,,,,,,0
9212468,,1,,,,,,,,,,0
9212469,,1,,,,,,,,,,0
9212470,,1,,,,,,,,,,0
9212471,,1,,,,,,,,,,0
9212472,,1,,,,,,,,,,0
9212473,,1,,,,,,,,,,0
9212474,,1,,,,,,,,,,0
9212475,,1,,,,,,,,,,0
9212476,,1,,,,,,,,,,0
9212477,,1,,,,,,,,,,0
9212478,,1,,,,,,,,,,0
9212479,,1,,,,,,,,,,0
9212480,,1,,,,,,,,,,0
9212481,,1,,,,,,,,,,0
9212482,,1,,,,,,,,,,0
9212483,,1,,,,,,,,,,0
9212484,,1,,,,,,,,,,0
9212485,,1,,,,,,,,,,0
9212486,,1,,,,,,,,,,0
9212487,,1,,,,,,,,,,0
1401974,,2,,,,,,,,,,0
1401975,,2,,,,,,,,,,0
1401976,,2,,,,,,,,,,0
1401977,,2,,,,,,,,,,0
1401978,,2,,,,,,,,,,0
1401979,,2,,,,,,,,,,0
1401980,,2,,,,,,,,,,0
1401981,,2,,,,,,,,,,0
1401982,,2,,,,,,,,,,0
1401983,,2,,,,,,,,,,0
1401984,,2,,,,,,,,,,0
1401985,,2,,,,,,,,,,0
1401986,,2,,,,,,,,,,0
1401987,,2,,,,,,,,,,0
1401988,,2,,,,,,,,,,0
1401989,,2,,,,,,,,,,0
1401990,,2,,,,,,,,,,0
1401991,,2,,,,,,,,,,0
1401992,,2,,,,,,,,,,0
1401993,,2,,,,,,,,,,0
1401994,,2,,,,,,,,,,0
1401995,,2,,,,,,,,,,0
1401996,,2,,,,,,,,,,0
1401997,,2,,,,,,,,,,0
1401998,,2,,,,,,,,,,0
1401999,,2,,,,,,,,,,0
1402000,,2,,,,,,,,,,0
1402001,,2,,,,,,,,,,0
1402002,,2,,,,,,,,,,0
1402003,,2,,,,,,,,,,0
1402004,,2,,,,,,,,,,0
1402005,,2,,,,,,,,,,0
1402006,,2,,,,,,,,,,0
1402007,,2,,,,,,,,,,0
1402008,,2,,,,,,,,,,0
1402009,,2,,,,,,,,,,0
1402010,,2,,,,,,,,,,0
1402011,,2,,,,,,,,,,0
1402012,,2,,,,,,,,,,0
1402013,,2,,,,,,,,,,0
1402014,,2,,,,,,,,,,0
1402015,,2,,,,,,,,,,0
1402016,,2,,,,,,,,,,0
1402017,,2,,,,,,,,,,0
1402018,,2,,,,,,,,,,0
1402019,,2,,,,,,,,,,0
1402020,,2,,,,,,,,,,0
1402021,,2,,,,,,,,,,0
1402022,,2,,,,,,,,,,0
1402023,,2,,,,,,,,,,0
1402024,,2,,,,,,,,,,0
1402025,,2,,,,,,,,,,0
1402026,,2,,,,,,,,,,0
1402027,,2,,,,,,,,,,0
1402028,,2,,,,,,,,,,0
1402029,,2,,,,,,,,,,0
1402030,,2,,,,,,,,,,0
1402031,,2,,,,,,,,,,0
1402032,,2,,,,,,,,,,0
1402033,,2,,,,,,,,,,0
1402034,,2,,,,,,,,,,0
1402035,,2,,,,,,,,,,0
1402036,,2,,,,,,,,,,0
1402037,,2,,,,,,,,,,0
1402038,,2,,,,,,,,,,0
1402039,,2,,,,,,,,,,0
1402040,,2,,,,,,,,,,0
1402041,,2,,,,,,,,,,0
1402042,,2,,,,,,,,,,0
1402043,,2,,,,,,,,,,0
1402044,,2,,,,,,,,,,0
1402045,,2,,,,,,,,,,0
1402046,,2,,,,,,,,,,0
1402047,,2,,,,,,,,,,0
1402048,,2,,,,,,,,,,0
1402049,,2,,,,,,,,,,0
1402050,,2,,,,,,,,,,0
1402051,,2,,,,,,,,,,0
1402052,,2,,,,,,,,,,0
1402053,,2,,,,,,,,,,0
1402054,,2,,,,,,,,,,0
1402055,,2,,,,,,,,,,0
1402056,,2,,,,,,,,,,0
1402057,,2,,,,,,,,,,0
1402058,,2,,,,,,,,,,0
1402059,,2,,,,,,,,,,0
1402060,,2,,,,,,,,,,0
1402061,,2,,,,,,,,,,0
1402062,,2,,,,,,,,,,0
1402063,,2,,,,,,,,,,0
1402064,,2,,,,,,,,,,0
1402065,,2,,,,,,,,,,0
1402066,,2,,,,,,,,,,0
1402067,,2,,,,,,,,,,0
1402068,,2,,,,,,,,,,0
1402069,,2,,,,,,,,,,0
1402070,,2,,,,,,,,,,0
1402071,,2,,,,,,,,,,0
1402072,,2,,,,,,,,,,0
1402073,,2,,,,,,,,,,0
1402074,,2,,,,,,,,,,0
1402075,,2,,,,,,,,,,0
1402076,,2,,,,,,,,,,0
1402077,,2,,,,,,,,,,0
1402078,,2,,,,,,,,,,0
1402079,,2,,,,,,,,,,0
1402080,,2,,,,,,,,,,0
1402081,,2,,,,,,,,,,0
1402082,,2,,,,,,,,,,0
1402083,,2,,,,,,,,,,0
1402084,,2,,,,,,,,,,0
1402085,,2,,,,,,,,,,0
1402086,,2,,,,,,,,,,0
1402087,,2,,,,,,,,,,0
1402088,,2,,,,,,,,,,0
1402089,,2,,,,,,,,,,0
1402090,,2,,,,,,,,,,0
1402091,,2,,,,,,,,,,0
1402092,,2,,,,,,,,,,0
1402093,,2,,,,,,,,,,0
1402094,,2,,,,,,,,,,0
1402095,,2,,,,,,,,,,0
1402096,,2,,,,,,,,,,0
1402097,,2,,,,,,,,,,0
1402098,,2,,,,,,,,,,0
1402099,,2,,,,,,,,,,0
1402100,,2,,,,,,,,,,0
1402101,,2,,,,,,,,,,0
1402102,,2,,,,,,,,,,0
1402103,,2,,,,,,,,,,0
1402104,,2,,,,,,,,,,0
1402105,,2,,,,,,,,,,0
1402106,,2,,,,,,,,,,0
1402107,,2,,,,,,,,,,0
1402108,,2,,,,,,,,,,0
1402109,,2,,,,,,,,,,0
1402110,,2,,,,,,,,,,0
1402111,,2,,,,,,,,,,0
1402112,,2,,,,,,,,,,0
1402113,,2,,,,,,,,,,0
1402114,,2,,,,,,,,,,0
1402115,,2,,,,,,,,,,0
1402116,,2,,,,,,,,,,0
1402117,,2,,,,,,,,,,0
1402118,,2,,,,,,,,,,0
1402119,,2,,,,,,,,,,0
1402120,,2,,,,,,,,,,0
1402121,,2,,,,,,,,,,0
1402122,,2,,,,,,,,,,0
1402123,,2,,,,,,,,,,0
1402124,,2,,,,,,,,,,0
1402125,,2,,,,,,,,,,0
1402126,,2,,,,,,,,,,0
1402127,,2,,,,,,,,,,0
1402128,,2,,,,,,,,,,0
1402129,,2,,,,,,,,,,0
1402130,,2,,,,,,,,,,0
1402131,,2,,,,,,,,,,0
1402132,,2,,,,,,,,,,0
1402133,,2,,,,,,,,,,0
1402134,,2,,,,,,,,,,0
1402135,,2,,,,,,,,,,0
1402136,,2,,,,,,,,,,0
1402137,,2,,,,,,,,,,0
1402138,,2,,,,,,,,,,0
1402139,,2,,,,,,,,,,0
1402140,,2,,,,,,,,,,0
1402141,,2,,,,,,,,,,0
1402142,,2,,,,,,,,,,0
1402143,,2,,,,,,,,,,0
1402144,,2,,,,,,,,,,0
1402145,,2,,,,,,,,,,0
1402146,,2,,,,,,,,,,0
1402147,,2,,,,,,,,,,0
1402148,,2,,,,,,,,,,0
1402149,,2,,,,,,,,,,0
1402150,,2,,,,,,,,,,0
1402151,,2,,,,,,,,,,0
1402152,,2,,,,,,,,,,0
1402153,,2,,,,,,,,,,0
1402154,,2,,,,,,,,,,0
1402155,,2,,,,,,,,,,0
1402156,,2,,,,,,,,,,0
1402157,,2,,,,,,,,,,0
1402158,,2,,,,,,,,,,0
1402159,,2,,,,,,,,,,0
1402160,,2,,,,,,,,,,0
1402161,,2,,,,,,,,,,0
1402162,,2,,,,,,,,,,0
1402163,,2,,,,,,,,,,0
1402164,,2,,,,,,,,,,0
1402165,,2,,,,,,,,,,0
1402166,,2,,,,,,,,,,0
1402167,,2,,,,,,,,,,0
1402168,,2,,,,,,,,,,0
1402169,,2,,,,,,,,,,0
1402170,,2,,,,,,,,,,0
1402171,,2,,,,,,,,,,0
1402172,,2,,,,,,,,,,0
1402173,,2,,,,,,,,,,0
1402174,,2,,,,,,,,,,0
1402175,,2,,,,,,,,,,0
1402176,,2,,,,,,,,,,0
1402177,,2,,,,,,,,,,0
1402178,,2,,,,,,,,,,0
1402179,,2,,,,,,,,,,0
1402180,,2,,,,,,,,,,0
1402181,,2,,,,,,,,,,0
1402182,,2,,,,,,,,,,0
1402183,,2,,,,,,,,,,0
1402184,,2,,,,,,,,,,0
1402185,,2,,,,,,,,,,0
1402186,,2,,,,,,,,,,0
1402187,,2,,,,,,,,,,0
1402188,,2,,,,,,,,,,0
1402189,,2,,,,,,,,,,0
1402190,,2,,,,,,,,,,0
1402191,,2,,,,,,,,,,0
1402192,,2,,,,,,,,,,0
1402193,,2,,,,,,,,,,0
1402194,,2,,,,,,,,,,0
1402195,,2,,,,,,,,,,0
1402196,,2,,,,,,,,,,0
1402197,,2,,,,,,,,,,0
1402198,,2,,,,,,,,,,0
1402199,,2,,,,,,,,,,0
1402200,,2,,,,,,,,,,0
1402201,,2,,,,,,,,,,0
1402202,,2,,,,,,,,,,0
1402203,,2,,,,,,,,,,0
1402204,,2,,,,,,,,,,0
1402205,,2,,,,,,,,,,0
1402206,,2,,,,,,,,,,0
1402207,,2,,,,,,,,,,0
1402208,,2,,,,,,,,,,0
1402209,,2,,,,,,,,,,0
1402210,,2,,,,,,,,,,0
1402211,,2,,,,,,,,,,0
1402212,,2,,,,,,,,,,0
1402213,,2,,,,,,,,,,0
1402214,,2,,,,,,,,,,0
1402215,,2,,,,,,,,,,0
1402216,,2,,,,,,,,,,0
1402217,,2,,,,,,,,,,0
1402218,,2,,,,,,,,,,0
1402219,,2,,,,,,,,,,0
1402220,,2,,,,,,,,,,0
1402221,,2,,,,,,,,,,0
1402222,,2,,,,,,,,,,0
1402223,,2,,,,,,,,,,0
1402224,,2,,,,,,,,,,0
1402225,,2,,,,,,,,,,0
1402226,,2,,,,,,,,,,0
1402227,,2,,,,,,,,,,0
1402228,,2,,,,,,,,,,0
1402229,,2,,,,,,,,,,0
1402230,,2,,,,,,,,,,0
1402231,,2,,,,,,,,,,0
1402232,,2,,,,,,,,,,0
1402233,,2,,,,,,,,,,0
1402234,,2,,,,,,,,,,0
1402235,,2,,,,,,,,,,0
1402236,,2,,,,,,,,,,0
1402237,,2,,,,,,,,,,0
1402238,,2,,,,,,,,,,0
1402239,,2,,,,,,,,,,0
1402240,,2,,,,,,,,,,0
1402241,,2,,,,,,,,,,0
1402242,,2,,,,,,,,,,0
1402243,,2,,,,,,,,,,0
1402244,,2,,,,,,,,,,0
1402245,,2,,,,,,,,,,0
1402246,,2,,,,,,,,,,0
1402247,,2,,,,,,,,,,0
1402248,,2,,,,,,,,,,0
1402249,,2,,,,,,,,,,0
1402250,,2,,,,,,,,,,0
1402251,,2,,,,,,,,,,0
1402252,,2,,,,,,,,,,0
1402253,,2,,,,,,,,,,0
1402254,,2,,,,,,,,,,0
1402255,,2,,,,,,,,,,0
1402256,,2,,,,,,,,,,0
1402257,,2,,,,,,,,,,0
1402258,,2,,,,,,,,,,0
1402259,,2,,,,,,,,,,0
1402260,,2,,,,,,,,,,0
1402261,,2,,,,,,,,,,0
1402262,,2,,,,,,,,,,0
1402263,,2,,,,,,,,,,0
1402264,,2,,,,,,,,,,0
1402265,,2,,,,,,,,,,0
1402266,,2,,,,,,,,,,0
1402267,,2,,,,,,,,,,0
1402268,,2,,,,,,,,,,0
1402269,,2,,,,,,,,,,0
1402270,,2,,,,,,,,,,0
1402271,,2,,,,,,,,,,0
1402272,,2,,,,,,,,,,0
1402273,,2,,,,,,,,,,0
1402274,,2,,,,,,,,,,0
1402275,,2,,,,,,,,,,0
1402276,,2,,,,,,,,,,0
1402277,,2,,,,,,,,,,0
1402278,,2,,,,,,,,,,0
1402279,,2,,,,,,,,,,0
1402280,,2,,,,,,,,,,0
1402281,,2,,,,,,,,,,0
1402282,,2,,,,,,,,,,0
1402283,,2,,,,,,,,,,0
1402284,,2,,,,,,,,,,0
1402285,,2,,,,,,,,,,0
1402286,,2,,,,,,,,,,0
1402287,,2,,,,,,,,,,0
1402288,,2,,,,,,,,,,0
1402289,,2,,,,,,,,,,0
1402290,,2,,,,,,,,,,0
1402291,,2,,,,,,,,,,0
1402292,,2,,,,,,,,,,0
1402293,,2,,,,,,,,,,0
1402294,,2,,,,,,,,,,0
1402295,,2,,,,,,,,,,0
1402296,,2,,,,,,,,,,0
1402297,,2,,,,,,,,,,0
1402298,,2,,,,,,,,,,0
1402299,,2,,,,,,,,,,0
1402300,,2,,,,,,,,,,0
1402301,,2,,,,,,,,,,0
1402302,,2,,,,,,,,,,0
1402303,,2,,,,,,,,,,0
1402304,,2,,,,,,,,,,0
1402305,,2,,,,,,,,,,0
1402306,,2,,,,,,,,,,0
1402307,,2,,,,,,,,,,0
1402308,,2,,,,,,,,,,0
1402309,,2,,,,,,,,,,0
1402310,,2,,,,,,,,,,0
1402311,,2,,,,,,,,,,0
1402312,,2,,,,,,,,,,0
1402313,,2,,,,,,,,,,0
1402314,,2,,,,,,,,,,0
1402315,,2,,,,,,,,,,0
1402316,,2,,,,,,,,,,0
1402317,,2,,,,,,,,,,0
1402318,,2,,,,,,,,,,0
1402319,,2,,,,,,,,,,0
1402320,,2,,,,,,,,,,0
1402321,,2,,,,,,,,,,0
1402322,,2,,,,,,,,,,0
1402323,,2,,,,,,,,,,0
1402324,,2,,,,,,,,,,0
1402325,,2,,,,,,,,,,0
1402326,,2,,,,,,,,,,0
1402327,,2,,,,,,,,,,0
1402328,,2,,,,,,,,,,0
1402329,,2,,,,,,,,,,0
1402330,,2,,,,,,,,,,0
1402331,,2,,,,,,,,,,0
1402332,,2,,,,,,,,,,0
1402333,,2,,,,,,,,,,0
1402334,,2,,,,,,,,,,0
1402335,,2,,,,,,,,,,0
1402336,,2,,,,,,,,,,0
1402337,,2,,,,,,,,,,0
1402338,,2,,,,,,,,,,0
1402339,,2,,,,,,,,,,0
1402340,,2,,,,,,,,,,0
1402341,,2,,,,,,,,,,0
1402342,,2,,,,,,,,,,0
1402343,,2,,,,,,,,,,0
1402344,,2,,,,,,,,,,0
1402345,,2,,,,,,,,,,0
1402346,,2,,,,,,,,,,0
1402347,,2,,,,,,,,,,0
1402348,,2,,,,,,,,,,0
1402349,,2,,,,,,,,,,0
1402350,,2,,,,,,,,,,0
1402351,,2,,,,,,,,,,0
1402352,,2,,,,,,,,,,0
1402353,,2,,,,,,,,,,0
1402354,,2,,,,,,,,,,0
1402355,,2,,,,,,,,,,0
1402356,,2,,,,,,,,,,0
1402357,,2,,,,,,,,,,0
1402358,,2,,,,,,,,,,0
1402359,,2,,,,,,,,,,0
1402360,,2,,,,,,,,,,0
1402361,,2,,,,,,,,,,0
1402362,,2,,,,,,,,,,0
1402363,,2,,,,,,,,,,0
1402364,,2,,,,,,,,,,0
1402365,,2,,,,,,,,,,0
1402366,,2,,,,,,,,,,0
1402367,,2,,,,,,,,,,0
1402368,,2,,,,,,,,,,0
1402369,,2,,,,,,,,,,0
1402370,,2,,,,,,,,,,0
1402371,,2,,,,,,,,,,0
1402372,,2,,,,,,,,,,0
1402373,,2,,,,,,,,,,0
1402374,,2,,,,,,,,,,0
1402375,,2,,,,,,,,,,0
1402376,,2,,,,,,,,,,0
1402377,,2,,,,,,,,,,0
1402378,,2,,,,,,,,,,0
1402379,,2,,,,,,,,,,0
1402380,,2,,,,,,,,,,0
1402381,,2,,,,,,,,,,0
1402382,,2,,,,,,,,,,0
1402383,,2,,,,,,,,,,0
1402384,,2,,,,,,,,,,0
1402385,,2,,,,,,,,,,0
1402386,,2,,,,,,,,,,0
1402387,,2,,,,,,,,,,0
1402388,,2,,,,,,,,,,0
1402389,,2,,,,,,,,,,0
1402390,,2,,,,,,,,,,0
1402391,,2,,,,,,,,,,0
1402392,,2,,,,,,,,,,0
1402393,,2,,,,,,,,,,0
1402394,,2,,,,,,,,,,0
1402395,,2,,,,,,,,,,0
1402396,,2,,,,,,,,,,0
1402397,,2,,,,,,,,,,0
1402398,,2,,,,,,,,,,0
1402399,,2,,,,,,,,,,0
1402400,,2,,,,,,,,,,0
1402401,,2,,,,,,,,,,0
1402402,,2,,,,,,,,,,0
1402403,,2,,,,,,,,,,0
1402404,,2,,,,,,,,,,0
1402405,,2,,,,,,,,,,0
1402406,,2,,,,,,,,,,0
1402407,,2,,,,,,,,,,0
1402408,,2,,,,,,,,,,0
1402409,,2,,,,,,,,,,0
1402410,,2,,,,,,,,,,0
1402411,,2,,,,,,,,,,0
1402412,,2,,,,,,,,,,0
1402413,,2,,,,,,,,,,0
1402414,,2,,,,,,,,,,0
1402415,,2,,,,,,,,,,0
1402416,,2,,,,,,,,,,0
1402417,,2,,,,,,,,,,0
1402418,,2,,,,,,,,,,0
1402419,,2,,,,,,,,,,0
1402420,,2,,,,,,,,,,0
1402421,,2,,,,,,,,,,0
1402422,,2,,,,,,,,,,0
1402423,,2,,,,,,,,,,0
1402424,,2,,,,,,,,,,0
1402425,,2,,,,,,,,,,0
1402426,,2,,,,,,,,,,0
1402427,,2,,,,,,,,,,0
1402428,,2,,,,,,,,,,0
1402429,,2,,,,,,,,,,0
1402430,,2,,,,,,,,,,0
1402431,,2,,,,,,,,,,0
1402432,,2,,,,,,,,,,0
1402433,,2,,,,,,,,,,0
1402434,,2,,,,,,,,,,0
1402435,,2,,,,,,,,,,0
1402436,,2,,,,,,,,,,0
1402437,,2,,,,,,,,,,0
1402438,,2,,,,,,,,,,0
1402439,,2,,,,,,,,,,0
1402440,,2,,,,,,,,,,0
1402441,,2,,,,,,,,,,0
1402442,,2,,,,,,,,,,0
1402443,,2,,,,,,,,,,0
1402444,,2,,,,,,,,,,0
1402445,,2,,,,,,,,,,0
1402446,,2,,,,,,,,,,0
1402447,,2,,,,,,,,,,0
1402448,,2,,,,,,,,,,0
1402449,,2,,,,,,,,,,0
1402450,,2,,,,,,,,,,0
1402451,,2,,,,,,,,,,0
1402452,,2,,,,,,,,,,0
1402453,,2,,,,,,,,,,0
1402454,,2,,,,,,,,,,0
1402455,,2,,,,,,,,,,0
1402456,,2,,,,,,,,,,0
1402457,,2,,,,,,,,,,0
1402458,,2,,,,,,,,,,0
1402459,,2,,,,,,,,,,0
1402460,,2,,,,,,,,,,0
1402461,,2,,,,,,,,,,0
1402462,,2,,,,,,,,,,0
1402463,,2,,,,,,,,,,0
1402464,,2,,,,,,,,,,0
1402465,,2,,,,,,,,,,0
1402466,,2,,,,,,,,,,0
1402467,,2,,,,,,,,,,0
1402468,,2,,,,,,,,,,0
1402469,,2,,,,,,,,,,0
1402470,,2,,,,,,,,,,0
1402471,,2,,,,,,,,,,0
1402472,,2,,,,,,,,,,0
1402473,,2,,,,,,,,,,0
9212488,,1,,,,,,,,,,0
9212489,,1,,,,,,,,,,0
9212490,,1,,,,,,,,,,0
9212491,,1,,,,,,,,,,0
9212492,,1,,,,,,,,,,0
9212493,,1,,,,,,,,,,0
9212494,,1,,,,,,,,,,0
9212495,,1,,,,,,,,,,0
9212496,,1,,,,,,,,,,0
9212497,,1,,,,,,,,,,0
9212498,,1,,,,,,,,,,0
9212499,,1,,,,,,,,,,0
9212500,,1,,,,,,,,,,0
9212501,,1,,,,,,,,,,0
9212502,,1,,,,,,,,,,0
9212503,,1,,,,,,,,,,0
9212504,,1,,,,,,,,,,0
9212505,,1,,,,,,,,,,0
9212506,,1,,,,,,,,,,0
9212507,,1,,,,,,,,,,0
9212508,,1,,,,,,,,,,0
9212509,,1,,,,,,,,,,0
9212510,,1,,,,,,,,,,0
9212511,,1,,,,,,,,,,0
9212512,,1,,,,,,,,,,0
9212513,,1,,,,,,,,,,0
9212514,,1,,,,,,,,,,0
9212515,,1,,,,,,,,,,0
9212516,,1,,,,,,,,,,0
9212517,,1,,,,,,,,,,0
9212518,,1,,,,,,,,,,0
9212519,,1,,,,,,,,,,0
9212520,,1,,,,,,,,,,0
9212521,,1,,,,,,,,,,0
9212522,,1,,,,,,,,,,0
9212523,,1,,,,,,,,,,0
9212524,,1,,,,,,,,,,0
9212525,,1,,,,,,,,,,0
9212526,,1,,,,,,,,,,0
9212527,,1,,,,,,,,,,0
9212528,,1,,,,,,,,,,0
9212529,,1,,,,,,,,,,0
9212530,,1,,,,,,,,,,0
9212531,,1,,,,,,,,,,0
9212532,,1,,,,,,,,,,0
9212533,,1,,,,,,,,,,0
9212534,,1,,,,,,,,,,0
9212535,,1,,,,,,,,,,0
9212536,,1,,,,,,,,,,0
9212537,,1,,,,,,,,,,0
9212538,,1,,,,,,,,,,0
9212539,,1,,,,,,,,,,0
9212540,,1,,,,,,,,,,0
9212541,,1,,,,,,,,,,0
9212542,,1,,,,,,,,,,0
9212543,,1,,,,,,,,,,0
9212544,,1,,,,,,,,,,0
9212545,,1,,,,,,,,,,0
9212546,,1,,,,,,,,,,0
9212547,,1,,,,,,,,,,0
9212548,,1,,,,,,,,,,0
9212549,,1,,,,,,,,,,0
9212550,,1,,,,,,,,,,0
9212551,,1,,,,,,,,,,0
9212552,,1,,,,,,,,,,0
9212553,,1,,,,,,,,,,0
9212554,,1,,,,,,,,,,0
9212555,,1,,,,,,,,,,0
9212556,,1,,,,,,,,,,0
9212557,,1,,,,,,,,,,0
9212558,,1,,,,,,,,,,0
9212559,,1,,,,,,,,,,0
9212560,,1,,,,,,,,,,0
9212561,,1,,,,,,,,,,0
9212562,,1,,,,,,,,,,0
9212563,,1,,,,,,,,,,0
9212564,,1,,,,,,,,,,0
9212565,,1,,,,,,,,,,0
9212566,,1,,,,,,,,,,0
9212567,,1,,,,,,,,,,0
9212568,,1,,,,,,,,,,0
9212569,,1,,,,,,,,,,0
9212570,,1,,,,,,,,,,0
9212571,,1,,,,,,,,,,0
9212572,,1,,,,,,,,,,0
9212573,,1,,,,,,,,,,0
9212574,,1,,,,,,,,,,0
9212575,,1,,,,,,,,,,0
9212576,,1,,,,,,,,,,0
9212577,,1,,,,,,,,,,0
9212578,,1,,,,,,,,,,0
9212579,,1,,,,,,,,,,0
9212580,,1,,,,,,,,,,0
9212581,,1,,,,,,,,,,0
9212582,,1,,,,,,,,,,0
9212583,,1,,,,,,,,,,0
9212584,,1,,,,,,,,,,0
9212585,,1,,,,,,,,,,0
9212586,,1,,,,,,,,,,0
9212587,,1,,,,,,,,,,0
9212588,,1,,,,,,,,,,0
9212589,,1,,,,,,,,,,0
9212590,,1,,,,,,,,,,0
9212591,,1,,,,,,,,,,0
9212592,,1,,,,,,,,,,0
9212593,,1,,,,,,,,,,0
9212594,,1,,,,,,,,,,0
9212595,,1,,,,,,,,,,0
9212596,,1,,,,,,,,,,0
9212597,,1,,,,,,,,,,0
9212598,,1,,,,,,,,,,0
9212599,,1,,,,,,,,,,0
9212600,,1,,,,,,,,,,0
9212601,,1,,,,,,,,,,0
9212602,,1,,,,,,,,,,0
9212603,,1,,,,,,,,,,0
9212604,,1,,,,,,,,,,0
9212605,,1,,,,,,,,,,0
9212606,,1,,,,,,,,,,0
9212607,,1,,,,,,,,,,0
9212608,,1,,,,,,,,,,0
9212609,,1,,,,,,,,,,0
9212610,,1,,,,,,,,,,0
9212611,,1,,,,,,,,,,0
9212612,,1,,,,,,,,,,0
9212613,,1,,,,,,,,,,0
9212614,,1,,,,,,,,,,0
9212615,,1,,,,,,,,,,0
9212616,,1,,,,,,,,,,0
9212617,,1,,,,,,,,,,0
9212618,,1,,,,,,,,,,0
9212619,,1,,,,,,,,,,0
9212620,,1,,,,,,,,,,0
9212621,,1,,,,,,,,,,0
9212622,,1,,,,,,,,,,0
9212623,,1,,,,,,,,,,0
9212624,,1,,,,,,,,,,0
9212625,,1,,,,,,,,,,0
9212626,,1,,,,,,,,,,0
9212627,,1,,,,,,,,,,0
9212628,,1,,,,,,,,,,0
9212629,,1,,,,,,,,,,0
9212630,,1,,,,,,,,,,0
9212631,,1,,,,,,,,,,0
9212632,,1,,,,,,,,,,0
9212633,,1,,,,,,,,,,0
9212634,,1,,,,,,,,,,0
9212635,,1,,,,,,,,,,0
9212636,,1,,,,,,,,,,0
9212637,,1,,,,,,,,,,0
9212638,,1,,,,,,,,,,0
9212639,,1,,,,,,,,,,0
9212640,,1,,,,,,,,,,0
9212641,,1,,,,,,,,,,0
9212642,,1,,,,,,,,,,0
9212643,,1,,,,,,,,,,0
9212644,,1,,,,,,,,,,0
9212645,,1,,,,,,,,,,0
9212646,,1,,,,,,,,,,0
9212647,,1,,,,,,,,,,0
9212648,,1,,,,,,,,,,0
9212649,,1,,,,,,,,,,0
9212650,,1,,,,,,,,,,0
9212651,,1,,,,,,,,,,0
9212652,,1,,,,,,,,,,0
9212653,,1,,,,,,,,,,0
9212654,,1,,,,,,,,,,0
9212655,,1,,,,,,,,,,0
9212656,,1,,,,,,,,,,0
9212657,,1,,,,,,,,,,0
9212658,,1,,,,,,,,,,0
9212659,,1,,,,,,,,,,0
9212660,,1,,,,,,,,,,0
9212661,,1,,,,,,,,,,0
9212662,,1,,,,,,,,,,0
9212663,,1,,,,,,,,,,0
9212664,,1,,,,,,,,,,0
9212665,,1,,,,,,,,,,0
9212666,,1,,,,,,,,,,0
9212667,,1,,,,,,,,,,0
9212668,,1,,,,,,,,,,0
9212669,,1,,,,,,,,,,0
9212670,,1,,,,,,,,,,0
9212671,,1,,,,,,,,,,0
9212672,,1,,,,,,,,,,0
9212673,,1,,,,,,,,,,0
9212674,,1,,,,,,,,,,0
9212675,,1,,,,,,,,,,0
9212676,,1,,,,,,,,,,0
9212677,,1,,,,,,,,,,0
9212678,,1,,,,,,,,,,0
9212679,,1,,,,,,,,,,0
9212680,,1,,,,,,,,,,0
9212681,,1,,,,,,,,,,0
9212682,,1,,,,,,,,,,0
9212683,,1,,,,,,,,,,0
9212684,,1,,,,,,,,,,0
9212685,,1,,,,,,,,,,0
9212686,,1,,,,,,,,,,0
9212687,,1,,,,,,,,,,0
9212688,,1,,,,,,,,,,0
9212689,,1,,,,,,,,,,0
9212690,,1,,,,,,,,,,0
9212691,,1,,,,,,,,,,0
9212692,,1,,,,,,,,,,0
9212693,,1,,,,,,,,,,0
9212694,,1,,,,,,,,,,0
9212695,,1,,,,,,,,,,0
9212696,,1,,,,,,,,,,0
9212697,,1,,,,,,,,,,0
9212698,,1,,,,,,,,,,0
9212699,,1,,,,,,,,,,0
9212700,,1,,,,,,,,,,0
9212701,,1,,,,,,,,,,0
9212702,,1,,,,,,,,,,0
9212703,,1,,,,,,,,,,0
9212704,,1,,,,,,,,,,0
9212705,,1,,,,,,,,,,0
9212706,,1,,,,,,,,,,0
9212707,,1,,,,,,,,,,0
9212708,,1,,,,,,,,,,0
9212709,,1,,,,,,,,,,0
9212710,,1,,,,,,,,,,0
9212711,,1,,,,,,,,,,0
9212712,,1,,,,,,,,,,0
9212713,,1,,,,,,,,,,0
9212714,,1,,,,,,,,,,0
9212715,,1,,,,,,,,,,0
9212716,,1,,,,,,,,,,0
9212717,,1,,,,,,,,,,0
9212718,,1,,,,,,,,,,0
9212719,,1,,,,,,,,,,0
9212720,,1,,,,,,,,,,0
9212721,,1,,,,,,,,,,0
9212722,,1,,,,,,,,,,0
9212723,,1,,,,,,,,,,0
9212724,,1,,,,,,,,,,0
9212725,,1,,,,,,,,,,0
9212726,,1,,,,,,,,,,0
9212727,,1,,,,,,,,,,0
9212728,,1,,,,,,,,,,0
9212729,,1,,,,,,,,,,0
9212730,,1,,,,,,,,,,0
9212731,,1,,,,,,,,,,0
9212732,,1,,,,,,,,,,0
9212733,,1,,,,,,,,,,0
9212734,,1,,,,,,,,,,0
9212735,,1,,,,,,,,,,0
9212736,,1,,,,,,,,,,0
9212737,,1,,,,,,,,,,0
9212738,,1,,,,,,,,,,0
9212739,,1,,,,,,,,,,0
9212740,,1,,,,,,,,,,0
9212741,,1,,,,,,,,,,0
9212742,,1,,,,,,,,,,0
9212743,,1,,,,,,,,,,0
9212744,,1,,,,,,,,,,0
9212745,,1,,,,,,,,,,0
9212746,,1,,,,,,,,,,0
9212747,,1,,,,,,,,,,0
9212748,,1,,,,,,,,,,0
9212749,,1,,,,,,,,,,0
9212750,,1,,,,,,,,,,0
9212751,,1,,,,,,,,,,0
9212752,,1,,,,,,,,,,0
9212753,,1,,,,,,,,,,0
9212754,,1,,,,,,,,,,0
9212755,,1,,,,,,,,,,0
9212756,,1,,,,,,,,,,0
9212757,,1,,,,,,,,,,0
9212758,,1,,,,,,,,,,0
9212759,,1,,,,,,,,,,0
9212760,,1,,,,,,,,,,0
9212761,,1,,,,,,,,,,0
9212762,,1,,,,,,,,,,0
9212763,,1,,,,,,,,,,0
9212764,,1,,,,,,,,,,0
9212765,,1,,,,,,,,,,0
9212766,,1,,,,,,,,,,0
9212767,,1,,,,,,,,,,0
9212768,,1,,,,,,,,,,0
9212769,,1,,,,,,,,,,0
9212770,,1,,,,,,,,,,0
9212771,,1,,,,,,,,,,0
9212772,,1,,,,,,,,,,0
9212773,,1,,,,,,,,,,0
9212774,,1,,,,,,,,,,0
9212775,,1,,,,,,,,,,0
9212776,,1,,,,,,,,,,0
9212777,,1,,,,,,,,,,0
9212778,,1,,,,,,,,,,0
9212779,,1,,,,,,,,,,0
9212780,,1,,,,,,,,,,0
9212781,,1,,,,,,,,,,0
9212782,,1,,,,,,,,,,0
9212783,,1,,,,,,,,,,0
9212784,,1,,,,,,,,,,0
9212785,,1,,,,,,,,,,0
9212786,,1,,,,,,,,,,0
9212787,,1,,,,,,,,,,0
9212788,,1,,,,,,,,,,0
9212789,,1,,,,,,,,,,0
9212790,,1,,,,,,,,,,0
9212791,,1,,,,,,,,,,0
9212792,,1,,,,,,,,,,0
9212793,,1,,,,,,,,,,0
9212794,,1,,,,,,,,,,0
9212795,,1,,,,,,,,,,0
9212796,,1,,,,,,,,,,0
9212797,,1,,,,,,,,,,0
9212798,,1,,,,,,,,,,0
9212799,,1,,,,,,,,,,0
9212800,,1,,,,,,,,,,0
9212801,,1,,,,,,,,,,0
9212802,,1,,,,,,,,,,0
9212803,,1,,,,,,,,,,0
9212804,,1,,,,,,,,,,0
9212805,,1,,,,,,,,,,0
9212806,,1,,,,,,,,,,0
9212807,,1,,,,,,,,,,0
9212808,,1,,,,,,,,,,0
9212809,,1,,,,,,,,,,0
9212810,,1,,,,,,,,,,0
9212811,,1,,,,,,,,,,0
9212812,,1,,,,,,,,,,0
9212813,,1,,,,,,,,,,0
9212814,,1,,,,,,,,,,0
9212815,,1,,,,,,,,,,0
9212816,,1,,,,,,,,,,0
9212817,,1,,,,,,,,,,0
9212818,,1,,,,,,,,,,0
9212819,,1,,,,,,,,,,0
9212820,,1,,,,,,,,,,0
9212821,,1,,,,,,,,,,0
9212822,,1,,,,,,,,,,0
9212823,,1,,,,,,,,,,0
9212824,,1,,,,,,,,,,0
9212825,,1,,,,,,,,,,0
9212826,,1,,,,,,,,,,0
9212827,,1,,,,,,,,,,0
9212828,,1,,,,,,,,,,0
9212829,,1,,,,,,,,,,0
9212830,,1,,,,,,,,,,0
9212831,,1,,,,,,,,,,0
9212832,,1,,,,,,,,,,0
9212833,,1,,,,,,,,,,0
9212834,,1,,,,,,,,,,0
9212835,,1,,,,,,,,,,0
9212836,,1,,,,,,,,,,0
9212837,,1,,,,,,,,,,0
9212838,,1,,,,,,,,,,0
9212839,,1,,,,,,,,,,0
9212840,,1,,,,,,,,,,0
9212841,,1,,,,,,,,,,0
9212842,,1,,,,,,,,,,0
9212843,,1,,,,,,,,,,0
9212844,,1,,,,,,,,,,0
9212845,,1,,,,,,,,,,0
9212846,,1,,,,,,,,,,0
9212847,,1,,,,,,,,,,0
9212848,,1,,,,,,,,,,0
9212849,,1,,,,,,,,,,0
9212850,,1,,,,,,,,,,0
9212851,,1,,,,,,,,,,0
9212852,,1,,,,,,,,,,0
9212853,,1,,,,,,,,,,0
9212854,,1,,,,,,,,,,0
9212855,,1,,,,,,,,,,0
9212856,,1,,,,,,,,,,0
9212857,,1,,,,,,,,,,0
9212858,,1,,,,,,,,,,0
9212859,,1,,,,,,,,,,0
9212860,,1,,,,,,,,,,0
9212861,,1,,,,,,,,,,0
9212862,,1,,,,,,,,,,0
9212863,,1,,,,,,,,,,0
9212864,,1,,,,,,,,,,0
9212865,,1,,,,,,,,,,0
9212866,,1,,,,,,,,,,0
9212867,,1,,,,,,,,,,0
9212868,,1,,,,,,,,,,0
9212869,,1,,,,,,,,,,0
9212870,,1,,,,,,,,,,0
9212871,,1,,,,,,,,,,0
9212872,,1,,,,,,,,,,0
9212873,,1,,,,,,,,,,0
9212874,,1,,,,,,,,,,0
9212875,,1,,,,,,,,,,0
9212876,,1,,,,,,,,,,0
9212877,,1,,,,,,,,,,0
9212878,,1,,,,,,,,,,0
9212879,,1,,,,,,,,,,0
9212880,,1,,,,,,,,,,0
9212881,,1,,,,,,,,,,0
9212882,,1,,,,,,,,,,0
9212883,,1,,,,,,,,,,0
9212884,,1,,,,,,,,,,0
9212885,,1,,,,,,,,,,0
9212886,,1,,,,,,,,,,0
9212887,,1,,,,,,,,,,0
9212888,,1,,,,,,,,,,0
9212889,,1,,,,,,,,,,0
9212890,,1,,,,,,,,,,0
9212891,,1,,,,,,,,,,0
9212892,,1,,,,,,,,,,0
9212893,,1,,,,,,,,,,0
9212894,,1,,,,,,,,,,0
9212895,,1,,,,,,,,,,0
9212896,,1,,,,,,,,,,0
9212897,,1,,,,,,,,,,0
9212898,,1,,,,,,,,,,0
9212899,,1,,,,,,,,,,0
9212900,,1,,,,,,,,,,0
9212901,,1,,,,,,,,,,0
9212902,,1,,,,,,,,,,0
9212903,,1,,,,,,,,,,0
9212904,,1,,,,,,,,,,0
9212905,,1,,,,,,,,,,0
9212906,,1,,,,,,,,,,0
9212907,,1,,,,,,,,,,0
9212908,,1,,,,,,,,,,0
9212909,,1,,,,,,,,,,0
9212910,,1,,,,,,,,,,0
9212911,,1,,,,,,,,,,0
9212912,,1,,,,,,,,,,0
9212913,,1,,,,,,,,,,0
9212914,,1,,,,,,,,,,0
9212915,,1,,,,,,,,,,0
9212916,,1,,,,,,,,,,0
9212917,,1,,,,,,,,,,0
9212918,,1,,,,,,,,,,0
9212919,,1,,,,,,,,,,0
9212920,,1,,,,,,,,,,0
9212921,,1,,,,,,,,,,0
9212922,,1,,,,,,,,,,0
9212923,,1,,,,,,,,,,0
9212924,,1,,,,,,,,,,0
9212925,,1,,,,,,,,,,0
9212926,,1,,,,,,,,,,0
9212927,,1,,,,,,,,,,0
9212928,,1,,,,,,,,,,0
9212929,,1,,,,,,,,,,0
9212930,,1,,,,,,,,,,0
9212931,,1,,,,,,,,,,0
9212932,,1,,,,,,,,,,0
9212933,,1,,,,,,,,,,0
9212934,,1,,,,,,,,,,0
9212935,,1,,,,,,,,,,0
9212936,,1,,,,,,,,,,0
9212937,,1,,,,,,,,,,0
9212938,,1,,,,,,,,,,0
9212939,,1,,,,,,,,,,0
9212940,,1,,,,,,,,,,0
9212941,,1,,,,,,,,,,0
9212942,,1,,,,,,,,,,0
9212943,,1,,,,,,,,,,0
9212944,,1,,,,,,,,,,0
9212945,,1,,,,,,,,,,0
9212946,,1,,,,,,,,,,0
9212947,,1,,,,,,,,,,0
9212948,,1,,,,,,,,,,0
9212949,,1,,,,,,,,,,0
9212950,,1,,,,,,,,,,0
9212951,,1,,,,,,,,,,0
9212952,,1,,,,,,,,,,0
9212953,,1,,,,,,,,,,0
9212954,,1,,,,,,,,,,0
9212955,,1,,,,,,,,,,0
9212956,,1,,,,,,,,,,0
9212957,,1,,,,,,,,,,0
9212958,,1,,,,,,,,,,0
9212959,,1,,,,,,,,,,0
9212960,,1,,,,,,,,,,0
9212961,,1,,,,,,,,,,0
9212962,,1,,,,,,,,,,0
9212963,,1,,,,,,,,,,0
9212964,,1,,,,,,,,,,0
9212965,,1,,,,,,,,,,0
9212966,,1,,,,,,,,,,0
9212967,,1,,,,,,,,,,0
9212968,,1,,,,,,,,,,0
9212969,,1,,,,,,,,,,0
9212970,,1,,,,,,,,,,0
9212971,,1,,,,,,,,,,0
9212972,,1,,,,,,,,,,0
9212973,,1,,,,,,,,,,0
9212974,,1,,,,,,,,,,0
9212975,,1,,,,,,,,,,0
9212976,,1,,,,,,,,,,0
9212977,,1,,,,,,,,,,0
9212978,,1,,,,,,,,,,0
9212979,,1,,,,,,,,,,0
9212980,,1,,,,,,,,,,0
9212981,,1,,,,,,,,,,0
9212982,,1,,,,,,,,,,0
9212983,,1,,,,,,,,,,0
9212984,,1,,,,,,,,,,0
9212985,,1,,,,,,,,,,0
9212986,,1,,,,,,,,,,0
9212987,,1,,,,,,,,,,0
1402474,,2,,,,,,,,,,0
1402475,,2,,,,,,,,,,0
1402476,,2,,,,,,,,,,0
1402477,,2,,,,,,,,,,0
1402478,,2,,,,,,,,,,0
1402479,,2,,,,,,,,,,0
1402480,,2,,,,,,,,,,0
1402481,,2,,,,,,,,,,0
1402482,,2,,,,,,,,,,0
1402483,,2,,,,,,,,,,0
1402484,,2,,,,,,,,,,0
1402485,,2,,,,,,,,,,0
1402486,,2,,,,,,,,,,0
1402487,,2,,,,,,,,,,0
1402488,,2,,,,,,,,,,0
1402489,,2,,,,,,,,,,0
1402490,,2,,,,,,,,,,0
1402491,,2,,,,,,,,,,0
1402492,,2,,,,,,,,,,0
1402493,,2,,,,,,,,,,0
1402494,,2,,,,,,,,,,0
1402495,,2,,,,,,,,,,0
1402496,,2,,,,,,,,,,0
1402497,,2,,,,,,,,,,0
1402498,,2,,,,,,,,,,0
1402499,,2,,,,,,,,,,0
1402500,,2,,,,,,,,,,0
1402501,,2,,,,,,,,,,0
1402502,,2,,,,,,,,,,0
1402503,,2,,,,,,,,,,0
1402504,,2,,,,,,,,,,0
1402505,,2,,,,,,,,,,0
1402506,,2,,,,,,,,,,0
1402507,,2,,,,,,,,,,0
1402508,,2,,,,,,,,,,0
1402509,,2,,,,,,,,,,0
1402510,,2,,,,,,,,,,0
1402511,,2,,,,,,,,,,0
1402512,,2,,,,,,,,,,0
1402513,,2,,,,,,,,,,0
1402514,,2,,,,,,,,,,0
1402515,,2,,,,,,,,,,0
1402516,,2,,,,,,,,,,0
1402517,,2,,,,,,,,,,0
1402518,,2,,,,,,,,,,0
1402519,,2,,,,,,,,,,0
1402520,,2,,,,,,,,,,0
1402521,,2,,,,,,,,,,0
1402522,,2,,,,,,,,,,0
1402523,,2,,,,,,,,,,0
1402524,,2,,,,,,,,,,0
1402525,,2,,,,,,,,,,0
1402526,,2,,,,,,,,,,0
1402527,,2,,,,,,,,,,0
1402528,,2,,,,,,,,,,0
1402529,,2,,,,,,,,,,0
1402530,,2,,,,,,,,,,0
1402531,,2,,,,,,,,,,0
1402532,,2,,,,,,,,,,0
1402533,,2,,,,,,,,,,0
1402534,,2,,,,,,,,,,0
1402535,,2,,,,,,,,,,0
1402536,,2,,,,,,,,,,0
1402537,,2,,,,,,,,,,0
1402538,,2,,,,,,,,,,0
1402539,,2,,,,,,,,,,0
1402540,,2,,,,,,,,,,0
1402541,,2,,,,,,,,,,0
1402542,,2,,,,,,,,,,0
1402543,,2,,,,,,,,,,0
1402544,,2,,,,,,,,,,0
1402545,,2,,,,,,,,,,0
1402546,,2,,,,,,,,,,0
1402547,,2,,,,,,,,,,0
1402548,,2,,,,,,,,,,0
1402549,,2,,,,,,,,,,0
1402550,,2,,,,,,,,,,0
1402551,,2,,,,,,,,,,0
1402552,,2,,,,,,,,,,0
1402553,,2,,,,,,,,,,0
1402554,,2,,,,,,,,,,0
1402555,,2,,,,,,,,,,0
1402556,,2,,,,,,,,,,0
1402557,,2,,,,,,,,,,0
1402558,,2,,,,,,,,,,0
1402559,,2,,,,,,,,,,0
1402560,,2,,,,,,,,,,0
1402561,,2,,,,,,,,,,0
1402562,,2,,,,,,,,,,0
1402563,,2,,,,,,,,,,0
1402564,,2,,,,,,,,,,0
1402565,,2,,,,,,,,,,0
1402566,,2,,,,,,,,,,0
1402567,,2,,,,,,,,,,0
1402568,,2,,,,,,,,,,0
1402569,,2,,,,,,,,,,0
1402570,,2,,,,,,,,,,0
1402571,,2,,,,,,,,,,0
1402572,,2,,,,,,,,,,0
1402573,,2,,,,,,,,,,0
1402574,,2,,,,,,,,,,0
1402575,,2,,,,,,,,,,0
1402576,,2,,,,,,,,,,0
1402577,,2,,,,,,,,,,0
1402578,,2,,,,,,,,,,0
1402579,,2,,,,,,,,,,0
1402580,,2,,,,,,,,,,0
1402581,,2,,,,,,,,,,0
1402582,,2,,,,,,,,,,0
1402583,,2,,,,,,,,,,0
1402584,,2,,,,,,,,,,0
1402585,,2,,,,,,,,,,0
1402586,,2,,,,,,,,,,0
1402587,,2,,,,,,,,,,0
1402588,,2,,,,,,,,,,0
1402589,,2,,,,,,,,,,0
1402590,,2,,,,,,,,,,0
1402591,,2,,,,,,,,,,0
1402592,,2,,,,,,,,,,0
1402593,,2,,,,,,,,,,0
1402594,,2,,,,,,,,,,0
1402595,,2,,,,,,,,,,0
1402596,,2,,,,,,,,,,0
1402597,,2,,,,,,,,,,0
1402598,,2,,,,,,,,,,0
1402599,,2,,,,,,,,,,0
1402600,,2,,,,,,,,,,0
1402601,,2,,,,,,,,,,0
1402602,,2,,,,,,,,,,0
1402603,,2,,,,,,,,,,0
1402604,,2,,,,,,,,,,0
1402605,,2,,,,,,,,,,0
1402606,,2,,,,,,,,,,0
1402607,,2,,,,,,,,,,0
1402608,,2,,,,,,,,,,0
1402609,,2,,,,,,,,,,0
1402610,,2,,,,,,,,,,0
1402611,,2,,,,,,,,,,0
1402612,,2,,,,,,,,,,0
1402613,,2,,,,,,,,,,0
1402614,,2,,,,,,,,,,0
1402615,,2,,,,,,,,,,0
1402616,,2,,,,,,,,,,0
1402617,,2,,,,,,,,,,0
1402618,,2,,,,,,,,,,0
1402619,,2,,,,,,,,,,0
1402620,,2,,,,,,,,,,0
1402621,,2,,,,,,,,,,0
1402622,,2,,,,,,,,,,0
1402623,,2,,,,,,,,,,0
1402624,,2,,,,,,,,,,0
1402625,,2,,,,,,,,,,0
1402626,,2,,,,,,,,,,0
1402627,,2,,,,,,,,,,0
1402628,,2,,,,,,,,,,0
1402629,,2,,,,,,,,,,0
1402630,,2,,,,,,,,,,0
1402631,,2,,,,,,,,,,0
1402632,,2,,,,,,,,,,0
1402633,,2,,,,,,,,,,0
1402634,,2,,,,,,,,,,0
1402635,,2,,,,,,,,,,0
1402636,,2,,,,,,,,,,0
1402637,,2,,,,,,,,,,0
1402638,,2,,,,,,,,,,0
1402639,,2,,,,,,,,,,0
1402640,,2,,,,,,,,,,0
1402641,,2,,,,,,,,,,0
1402642,,2,,,,,,,,,,0
1402643,,2,,,,,,,,,,0
1402644,,2,,,,,,,,,,0
1402645,,2,,,,,,,,,,0
1402646,,2,,,,,,,,,,0
1402647,,2,,,,,,,,,,0
1402648,,2,,,,,,,,,,0
1402649,,2,,,,,,,,,,0
1402650,,2,,,,,,,,,,0
1402651,,2,,,,,,,,,,0
1402652,,2,,,,,,,,,,0
1402653,,2,,,,,,,,,,0
1402654,,2,,,,,,,,,,0
1402655,,2,,,,,,,,,,0
1402656,,2,,,,,,,,,,0
1402657,,2,,,,,,,,,,0
1402658,,2,,,,,,,,,,0
1402659,,2,,,,,,,,,,0
1402660,,2,,,,,,,,,,0
1402661,,2,,,,,,,,,,0
1402662,,2,,,,,,,,,,0
1402663,,2,,,,,,,,,,0
1402664,,2,,,,,,,,,,0
1402665,,2,,,,,,,,,,0
1402666,,2,,,,,,,,,,0
1402667,,2,,,,,,,,,,0
1402668,,2,,,,,,,,,,0
1402669,,2,,,,,,,,,,0
1402670,,2,,,,,,,,,,0
1402671,,2,,,,,,,,,,0
1402672,,2,,,,,,,,,,0
1402673,,2,,,,,,,,,,0
1402674,,2,,,,,,,,,,0
1402675,,2,,,,,,,,,,0
1402676,,2,,,,,,,,,,0
1402677,,2,,,,,,,,,,0
1402678,,2,,,,,,,,,,0
1402679,,2,,,,,,,,,,0
1402680,,2,,,,,,,,,,0
1402681,,2,,,,,,,,,,0
1402682,,2,,,,,,,,,,0
1402683,,2,,,,,,,,,,0
1402684,,2,,,,,,,,,,0
1402685,,2,,,,,,,,,,0
1402686,,2,,,,,,,,,,0
1402687,,2,,,,,,,,,,0
1402688,,2,,,,,,,,,,0
1402689,,2,,,,,,,,,,0
1402690,,2,,,,,,,,,,0
1402691,,2,,,,,,,,,,0
1402692,,2,,,,,,,,,,0
1402693,,2,,,,,,,,,,0
1402694,,2,,,,,,,,,,0
1402695,,2,,,,,,,,,,0
1402696,,2,,,,,,,,,,0
1402697,,2,,,,,,,,,,0
1402698,,2,,,,,,,,,,0
1402699,,2,,,,,,,,,,0
1402700,,2,,,,,,,,,,0
1402701,,2,,,,,,,,,,0
1402702,,2,,,,,,,,,,0
1402703,,2,,,,,,,,,,0
1402704,,2,,,,,,,,,,0
1402705,,2,,,,,,,,,,0
1402706,,2,,,,,,,,,,0
1402707,,2,,,,,,,,,,0
1402708,,2,,,,,,,,,,0
1402709,,2,,,,,,,,,,0
1402710,,2,,,,,,,,,,0
1402711,,2,,,,,,,,,,0
1402712,,2,,,,,,,,,,0
1402713,,2,,,,,,,,,,0
1402714,,2,,,,,,,,,,0
1402715,,2,,,,,,,,,,0
1402716,,2,,,,,,,,,,0
1402717,,2,,,,,,,,,,0
1402718,,2,,,,,,,,,,0
1402719,,2,,,,,,,,,,0
1402720,,2,,,,,,,,,,0
1402721,,2,,,,,,,,,,0
1402722,,2,,,,,,,,,,0
1402723,,2,,,,,,,,,,0
1402724,,2,,,,,,,,,,0
1402725,,2,,,,,,,,,,0
1402726,,2,,,,,,,,,,0
1402727,,2,,,,,,,,,,0
1402728,,2,,,,,,,,,,0
1402729,,2,,,,,,,,,,0
1402730,,2,,,,,,,,,,0
1402731,,2,,,,,,,,,,0
1402732,,2,,,,,,,,,,0
1402733,,2,,,,,,,,,,0
1402734,,2,,,,,,,,,,0
1402735,,2,,,,,,,,,,0
1402736,,2,,,,,,,,,,0
1402737,,2,,,,,,,,,,0
1402738,,2,,,,,,,,,,0
1402739,,2,,,,,,,,,,0
1402740,,2,,,,,,,,,,0
1402741,,2,,,,,,,,,,0
1402742,,2,,,,,,,,,,0
1402743,,2,,,,,,,,,,0
1402744,,2,,,,,,,,,,0
1402745,,2,,,,,,,,,,0
1402746,,2,,,,,,,,,,0
1402747,,2,,,,,,,,,,0
1402748,,2,,,,,,,,,,0
1402749,,2,,,,,,,,,,0
1402750,,2,,,,,,,,,,0
1402751,,2,,,,,,,,,,0
1402752,,2,,,,,,,,,,0
1402753,,2,,,,,,,,,,0
1402754,,2,,,,,,,,,,0
1402755,,2,,,,,,,,,,0
1402756,,2,,,,,,,,,,0
1402757,,2,,,,,,,,,,0
1402758,,2,,,,,,,,,,0
1402759,,2,,,,,,,,,,0
1402760,,2,,,,,,,,,,0
1402761,,2,,,,,,,,,,0
1402762,,2,,,,,,,,,,0
1402763,,2,,,,,,,,,,0
1402764,,2,,,,,,,,,,0
1402765,,2,,,,,,,,,,0
1402766,,2,,,,,,,,,,0
1402767,,2,,,,,,,,,,0
1402768,,2,,,,,,,,,,0
1402769,,2,,,,,,,,,,0
1402770,,2,,,,,,,,,,0
1402771,,2,,,,,,,,,,0
1402772,,2,,,,,,,,,,0
1402773,,2,,,,,,,,,,0
1402774,,2,,,,,,,,,,0
1402775,,2,,,,,,,,,,0
1402776,,2,,,,,,,,,,0
1402777,,2,,,,,,,,,,0
1402778,,2,,,,,,,,,,0
1402779,,2,,,,,,,,,,0
1402780,,2,,,,,,,,,,0
1402781,,2,,,,,,,,,,0
1402782,,2,,,,,,,,,,0
1402783,,2,,,,,,,,,,0
1402784,,2,,,,,,,,,,0
1402785,,2,,,,,,,,,,0
1402786,,2,,,,,,,,,,0
1402787,,2,,,,,,,,,,0
1402788,,2,,,,,,,,,,0
1402789,,2,,,,,,,,,,0
1402790,,2,,,,,,,,,,0
1402791,,2,,,,,,,,,,0
1402792,,2,,,,,,,,,,0
1402793,,2,,,,,,,,,,0
1402794,,2,,,,,,,,,,0
1402795,,2,,,,,,,,,,0
1402796,,2,,,,,,,,,,0
1402797,,2,,,,,,,,,,0
1402798,,2,,,,,,,,,,0
1402799,,2,,,,,,,,,,0
1402800,,2,,,,,,,,,,0
1402801,,2,,,,,,,,,,0
1402802,,2,,,,,,,,,,0
1402803,,2,,,,,,,,,,0
1402804,,2,,,,,,,,,,0
1402805,,2,,,,,,,,,,0
1402806,,2,,,,,,,,,,0
1402807,,2,,,,,,,,,,0
1402808,,2,,,,,,,,,,0
1402809,,2,,,,,,,,,,0
1402810,,2,,,,,,,,,,0
1402811,,2,,,,,,,,,,0
1402812,,2,,,,,,,,,,0
1402813,,2,,,,,,,,,,0
1402814,,2,,,,,,,,,,0
1402815,,2,,,,,,,,,,0
1402816,,2,,,,,,,,,,0
1402817,,2,,,,,,,,,,0
1402818,,2,,,,,,,,,,0
1402819,,2,,,,,,,,,,0
1402820,,2,,,,,,,,,,0
1402821,,2,,,,,,,,,,0
1402822,,2,,,,,,,,,,0
1402823,,2,,,,,,,,,,0
1402824,,2,,,,,,,,,,0
1402825,,2,,,,,,,,,,0
1402826,,2,,,,,,,,,,0
1402827,,2,,,,,,,,,,0
1402828,,2,,,,,,,,,,0
1402829,,2,,,,,,,,,,0
1402830,,2,,,,,,,,,,0
1402831,,2,,,,,,,,,,0
1402832,,2,,,,,,,,,,0
1402833,,2,,,,,,,,,,0
1402834,,2,,,,,,,,,,0
1402835,,2,,,,,,,,,,0
1402836,,2,,,,,,,,,,0
1402837,,2,,,,,,,,,,0
1402838,,2,,,,,,,,,,0
1402839,,2,,,,,,,,,,0
1402840,,2,,,,,,,,,,0
1402841,,2,,,,,,,,,,0
1402842,,2,,,,,,,,,,0
1402843,,2,,,,,,,,,,0
1402844,,2,,,,,,,,,,0
1402845,,2,,,,,,,,,,0
1402846,,2,,,,,,,,,,0
1402847,,2,,,,,,,,,,0
1402848,,2,,,,,,,,,,0
1402849,,2,,,,,,,,,,0
1402850,,2,,,,,,,,,,0
1402851,,2,,,,,,,,,,0
1402852,,2,,,,,,,,,,0
1402853,,2,,,,,,,,,,0
1402854,,2,,,,,,,,,,0
1402855,,2,,,,,,,,,,0
1402856,,2,,,,,,,,,,0
1402857,,2,,,,,,,,,,0
1402858,,2,,,,,,,,,,0
1402859,,2,,,,,,,,,,0
1402860,,2,,,,,,,,,,0
1402861,,2,,,,,,,,,,0
1402862,,2,,,,,,,,,,0
1402863,,2,,,,,,,,,,0
1402864,,2,,,,,,,,,,0
1402865,,2,,,,,,,,,,0
1402866,,2,,,,,,,,,,0
1402867,,2,,,,,,,,,,0
1402868,,2,,,,,,,,,,0
1402869,,2,,,,,,,,,,0
1402870,,2,,,,,,,,,,0
1402871,,2,,,,,,,,,,0
1402872,,2,,,,,,,,,,0
1402873,,2,,,,,,,,,,0
1402874,,2,,,,,,,,,,0
1402875,,2,,,,,,,,,,0
1402876,,2,,,,,,,,,,0
1402877,,2,,,,,,,,,,0
1402878,,2,,,,,,,,,,0
1402879,,2,,,,,,,,,,0
1402880,,2,,,,,,,,,,0
1402881,,2,,,,,,,,,,0
1402882,,2,,,,,,,,,,0
1402883,,2,,,,,,,,,,0
1402884,,2,,,,,,,,,,0
1402885,,2,,,,,,,,,,0
1402886,,2,,,,,,,,,,0
1402887,,2,,,,,,,,,,0
1402888,,2,,,,,,,,,,0
1402889,,2,,,,,,,,,,0
1402890,,2,,,,,,,,,,0
1402891,,2,,,,,,,,,,0
1402892,,2,,,,,,,,,,0
1402893,,2,,,,,,,,,,0
1402894,,2,,,,,,,,,,0
1402895,,2,,,,,,,,,,0
1402896,,2,,,,,,,,,,0
1402897,,2,,,,,,,,,,0
1402898,,2,,,,,,,,,,0
1402899,,2,,,,,,,,,,0
1402900,,2,,,,,,,,,,0
1402901,,2,,,,,,,,,,0
1402902,,2,,,,,,,,,,0
1402903,,2,,,,,,,,,,0
1402904,,2,,,,,,,,,,0
1402905,,2,,,,,,,,,,0
1402906,,2,,,,,,,,,,0
1402907,,2,,,,,,,,,,0
1402908,,2,,,,,,,,,,0
1402909,,2,,,,,,,,,,0
1402910,,2,,,,,,,,,,0
1402911,,2,,,,,,,,,,0
1402912,,2,,,,,,,,,,0
1402913,,2,,,,,,,,,,0
1402914,,2,,,,,,,,,,0
1402915,,2,,,,,,,,,,0
1402916,,2,,,,,,,,,,0
1402917,,2,,,,,,,,,,0
1402918,,2,,,,,,,,,,0
1402919,,2,,,,,,,,,,0
1402920,,2,,,,,,,,,,0
1402921,,2,,,,,,,,,,0
1402922,,2,,,,,,,,,,0
1402923,,2,,,,,,,,,,0
1402924,,2,,,,,,,,,,0
1402925,,2,,,,,,,,,,0
1402926,,2,,,,,,,,,,0
1402927,,2,,,,,,,,,,0
1402928,,2,,,,,,,,,,0
1402929,,2,,,,,,,,,,0
1402930,,2,,,,,,,,,,0
1402931,,2,,,,,,,,,,0
1402932,,2,,,,,,,,,,0
1402933,,2,,,,,,,,,,0
1402934,,2,,,,,,,,,,0
1402935,,2,,,,,,,,,,0
1402936,,2,,,,,,,,,,0
1402937,,2,,,,,,,,,,0
1402938,,2,,,,,,,,,,0
1402939,,2,,,,,,,,,,0
1402940,,2,,,,,,,,,,0
1402941,,2,,,,,,,,,,0
1402942,,2,,,,,,,,,,0
1402943,,2,,,,,,,,,,0
1402944,,2,,,,,,,,,,0
1402945,,2,,,,,,,,,,0
1402946,,2,,,,,,,,,,0
1402947,,2,,,,,,,,,,0
1402948,,2,,,,,,,,,,0
1402949,,2,,,,,,,,,,0
1402950,,2,,,,,,,,,,0
1402951,,2,,,,,,,,,,0
1402952,,2,,,,,,,,,,0
1402953,,2,,,,,,,,,,0
1402954,,2,,,,,,,,,,0
1402955,,2,,,,,,,,,,0
1402956,,2,,,,,,,,,,0
1402957,,2,,,,,,,,,,0
1402958,,2,,,,,,,,,,0
1402959,,2,,,,,,,,,,0
1402960,,2,,,,,,,,,,0
1402961,,2,,,,,,,,,,0
1402962,,2,,,,,,,,,,0
1402963,,2,,,,,,,,,,0
1402964,,2,,,,,,,,,,0
1402965,,2,,,,,,,,,,0
1402966,,2,,,,,,,,,,0
1402967,,2,,,,,,,,,,0
1402968,,2,,,,,,,,,,0
1402969,,2,,,,,,,,,,0
1402970,,2,,,,,,,,,,0
1402971,,2,,,,,,,,,,0
1402972,,2,,,,,,,,,,0
1402973,,2,,,,,,,,,,0
9212988,,1,,,,,,,,,,0
9212989,,1,,,,,,,,,,0
9212990,,1,,,,,,,,,,0
9212991,,1,,,,,,,,,,0
9212992,,1,,,,,,,,,,0
9212993,,1,,,,,,,,,,0
9212994,,1,,,,,,,,,,0
9212995,,1,,,,,,,,,,0
9212996,,1,,,,,,,,,,0
9212997,,1,,,,,,,,,,0
9212998,,1,,,,,,,,,,0
9212999,,1,,,,,,,,,,0
9213000,,1,,,,,,,,,,0
9213001,,1,,,,,,,,,,0
9213002,,1,,,,,,,,,,0
9213003,,1,,,,,,,,,,0
9213004,,1,,,,,,,,,,0
9213005,,1,,,,,,,,,,0
9213006,,1,,,,,,,,,,0
9213007,,1,,,,,,,,,,0
9213008,,1,,,,,,,,,,0
9213009,,1,,,,,,,,,,0
9213010,,1,,,,,,,,,,0
9213011,,1,,,,,,,,,,0
9213012,,1,,,,,,,,,,0
9213013,,1,,,,,,,,,,0
9213014,,1,,,,,,,,,,0
9213015,,1,,,,,,,,,,0
9213016,,1,,,,,,,,,,0
9213017,,1,,,,,,,,,,0
9213018,,1,,,,,,,,,,0
9213019,,1,,,,,,,,,,0
9213020,,1,,,,,,,,,,0
9213021,,1,,,,,,,,,,0
9213022,,1,,,,,,,,,,0
9213023,,1,,,,,,,,,,0
9213024,,1,,,,,,,,,,0
9213025,,1,,,,,,,,,,0
9213026,,1,,,,,,,,,,0
9213027,,1,,,,,,,,,,0
9213028,,1,,,,,,,,,,0
9213029,,1,,,,,,,,,,0
9213030,,1,,,,,,,,,,0
9213031,,1,,,,,,,,,,0
9213032,,1,,,,,,,,,,0
9213033,,1,,,,,,,,,,0
9213034,,1,,,,,,,,,,0
9213035,,1,,,,,,,,,,0
9213036,,1,,,,,,,,,,0
9213037,,1,,,,,,,,,,0
9213038,,1,,,,,,,,,,0
9213039,,1,,,,,,,,,,0
9213040,,1,,,,,,,,,,0
9213041,,1,,,,,,,,,,0
9213042,,1,,,,,,,,,,0
9213043,,1,,,,,,,,,,0
9213044,,1,,,,,,,,,,0
9213045,,1,,,,,,,,,,0
9213046,,1,,,,,,,,,,0
9213047,,1,,,,,,,,,,0
9213048,,1,,,,,,,,,,0
9213049,,1,,,,,,,,,,0
9213050,,1,,,,,,,,,,0
9213051,,1,,,,,,,,,,0
9213052,,1,,,,,,,,,,0
9213053,,1,,,,,,,,,,0
9213054,,1,,,,,,,,,,0
9213055,,1,,,,,,,,,,0
9213056,,1,,,,,,,,,,0
9213057,,1,,,,,,,,,,0
9213058,,1,,,,,,,,,,0
9213059,,1,,,,,,,,,,0
9213060,,1,,,,,,,,,,0
9213061,,1,,,,,,,,,,0
9213062,,1,,,,,,,,,,0
9213063,,1,,,,,,,,,,0
9213064,,1,,,,,,,,,,0
9213065,,1,,,,,,,,,,0
9213066,,1,,,,,,,,,,0
9213067,,1,,,,,,,,,,0
9213068,,1,,,,,,,,,,0
9213069,,1,,,,,,,,,,0
9213070,,1,,,,,,,,,,0
9213071,,1,,,,,,,,,,0
9213072,,1,,,,,,,,,,0
9213073,,1,,,,,,,,,,0
9213074,,1,,,,,,,,,,0
9213075,,1,,,,,,,,,,0
9213076,,1,,,,,,,,,,0
9213077,,1,,,,,,,,,,0
9213078,,1,,,,,,,,,,0
9213079,,1,,,,,,,,,,0
9213080,,1,,,,,,,,,,0
9213081,,1,,,,,,,,,,0
9213082,,1,,,,,,,,,,0
9213083,,1,,,,,,,,,,0
9213084,,1,,,,,,,,,,0
9213085,,1,,,,,,,,,,0
9213086,,1,,,,,,,,,,0
9213087,,1,,,,,,,,,,0
9213088,,1,,,,,,,,,,0
9213089,,1,,,,,,,,,,0
9213090,,1,,,,,,,,,,0
9213091,,1,,,,,,,,,,0
9213092,,1,,,,,,,,,,0
9213093,,1,,,,,,,,,,0
9213094,,1,,,,,,,,,,0
9213095,,1,,,,,,,,,,0
9213096,,1,,,,,,,,,,0
9213097,,1,,,,,,,,,,0
9213098,,1,,,,,,,,,,0
9213099,,1,,,,,,,,,,0
9213100,,1,,,,,,,,,,0
9213101,,1,,,,,,,,,,0
9213102,,1,,,,,,,,,,0
9213103,,1,,,,,,,,,,0
9213104,,1,,,,,,,,,,0
9213105,,1,,,,,,,,,,0
9213106,,1,,,,,,,,,,0
9213107,,1,,,,,,,,,,0
9213108,,1,,,,,,,,,,0
9213109,,1,,,,,,,,,,0
9213110,,1,,,,,,,,,,0
9213111,,1,,,,,,,,,,0
9213112,,1,,,,,,,,,,0
9213113,,1,,,,,,,,,,0
9213114,,1,,,,,,,,,,0
9213115,,1,,,,,,,,,,0
9213116,,1,,,,,,,,,,0
9213117,,1,,,,,,,,,,0
9213118,,1,,,,,,,,,,0
9213119,,1,,,,,,,,,,0
9213120,,1,,,,,,,,,,0
9213121,,1,,,,,,,,,,0
9213122,,1,,,,,,,,,,0
9213123,,1,,,,,,,,,,0
9213124,,1,,,,,,,,,,0
9213125,,1,,,,,,,,,,0
9213126,,1,,,,,,,,,,0
9213127,,1,,,,,,,,,,0
9213128,,1,,,,,,,,,,0
9213129,,1,,,,,,,,,,0
9213130,,1,,,,,,,,,,0
9213131,,1,,,,,,,,,,0
9213132,,1,,,,,,,,,,0
9213133,,1,,,,,,,,,,0
9213134,,1,,,,,,,,,,0
9213135,,1,,,,,,,,,,0
9213136,,1,,,,,,,,,,0
9213137,,1,,,,,,,,,,0
9213138,,1,,,,,,,,,,0
9213139,,1,,,,,,,,,,0
9213140,,1,,,,,,,,,,0
9213141,,1,,,,,,,,,,0
9213142,,1,,,,,,,,,,0
9213143,,1,,,,,,,,,,0
9213144,,1,,,,,,,,,,0
9213145,,1,,,,,,,,,,0
9213146,,1,,,,,,,,,,0
9213147,,1,,,,,,,,,,0
9213148,,1,,,,,,,,,,0
9213149,,1,,,,,,,,,,0
9213150,,1,,,,,,,,,,0
9213151,,1,,,,,,,,,,0
9213152,,1,,,,,,,,,,0
9213153,,1,,,,,,,,,,0
9213154,,1,,,,,,,,,,0
9213155,,1,,,,,,,,,,0
9213156,,1,,,,,,,,,,0
9213157,,1,,,,,,,,,,0
9213158,,1,,,,,,,,,,0
9213159,,1,,,,,,,,,,0
9213160,,1,,,,,,,,,,0
9213161,,1,,,,,,,,,,0
9213162,,1,,,,,,,,,,0
9213163,,1,,,,,,,,,,0
9213164,,1,,,,,,,,,,0
9213165,,1,,,,,,,,,,0
9213166,,1,,,,,,,,,,0
9213167,,1,,,,,,,,,,0
9213168,,1,,,,,,,,,,0
9213169,,1,,,,,,,,,,0
9213170,,1,,,,,,,,,,0
9213171,,1,,,,,,,,,,0
9213172,,1,,,,,,,,,,0
9213173,,1,,,,,,,,,,0
9213174,,1,,,,,,,,,,0
9213175,,1,,,,,,,,,,0
9213176,,1,,,,,,,,,,0
9213177,,1,,,,,,,,,,0
9213178,,1,,,,,,,,,,0
9213179,,1,,,,,,,,,,0
9213180,,1,,,,,,,,,,0
9213181,,1,,,,,,,,,,0
9213182,,1,,,,,,,,,,0
9213183,,1,,,,,,,,,,0
9213184,,1,,,,,,,,,,0
9213185,,1,,,,,,,,,,0
9213186,,1,,,,,,,,,,0
9213187,,1,,,,,,,,,,0
9213188,,1,,,,,,,,,,0
9213189,,1,,,,,,,,,,0
9213190,,1,,,,,,,,,,0
9213191,,1,,,,,,,,,,0
9213192,,1,,,,,,,,,,0
9213193,,1,,,,,,,,,,0
9213194,,1,,,,,,,,,,0
9213195,,1,,,,,,,,,,0
9213196,,1,,,,,,,,,,0
9213197,,1,,,,,,,,,,0
9213198,,1,,,,,,,,,,0
9213199,,1,,,,,,,,,,0
9213200,,1,,,,,,,,,,0
9213201,,1,,,,,,,,,,0
9213202,,1,,,,,,,,,,0
9213203,,1,,,,,,,,,,0
9213204,,1,,,,,,,,,,0
9213205,,1,,,,,,,,,,0
9213206,,1,,,,,,,,,,0
9213207,,1,,,,,,,,,,0
9213208,,1,,,,,,,,,,0
9213209,,1,,,,,,,,,,0
9213210,,1,,,,,,,,,,0
9213211,,1,,,,,,,,,,0
9213212,,1,,,,,,,,,,0
9213213,,1,,,,,,,,,,0
9213214,,1,,,,,,,,,,0
9213215,,1,,,,,,,,,,0
9213216,,1,,,,,,,,,,0
9213217,,1,,,,,,,,,,0
9213218,,1,,,,,,,,,,0
9213219,,1,,,,,,,,,,0
9213220,,1,,,,,,,,,,0
9213221,,1,,,,,,,,,,0
9213222,,1,,,,,,,,,,0
9213223,,1,,,,,,,,,,0
9213224,,1,,,,,,,,,,0
9213225,,1,,,,,,,,,,0
9213226,,1,,,,,,,,,,0
9213227,,1,,,,,,,,,,0
9213228,,1,,,,,,,,,,0
9213229,,1,,,,,,,,,,0
9213230,,1,,,,,,,,,,0
9213231,,1,,,,,,,,,,0
9213232,,1,,,,,,,,,,0
9213233,,1,,,,,,,,,,0
9213234,,1,,,,,,,,,,0
9213235,,1,,,,,,,,,,0
9213236,,1,,,,,,,,,,0
9213237,,1,,,,,,,,,,0
9213238,,1,,,,,,,,,,0
9213239,,1,,,,,,,,,,0
9213240,,1,,,,,,,,,,0
9213241,,1,,,,,,,,,,0
9213242,,1,,,,,,,,,,0
9213243,,1,,,,,,,,,,0
9213244,,1,,,,,,,,,,0
9213245,,1,,,,,,,,,,0
9213246,,1,,,,,,,,,,0
9213247,,1,,,,,,,,,,0
9213248,,1,,,,,,,,,,0
9213249,,1,,,,,,,,,,0
9213250,,1,,,,,,,,,,0
9213251,,1,,,,,,,,,,0
9213252,,1,,,,,,,,,,0
9213253,,1,,,,,,,,,,0
9213254,,1,,,,,,,,,,0
9213255,,1,,,,,,,,,,0
9213256,,1,,,,,,,,,,0
9213257,,1,,,,,,,,,,0
9213258,,1,,,,,,,,,,0
9213259,,1,,,,,,,,,,0
9213260,,1,,,,,,,,,,0
9213261,,1,,,,,,,,,,0
9213262,,1,,,,,,,,,,0
9213263,,1,,,,,,,,,,0
9213264,,1,,,,,,,,,,0
9213265,,1,,,,,,,,,,0
9213266,,1,,,,,,,,,,0
9213267,,1,,,,,,,,,,0
9213268,,1,,,,,,,,,,0
9213269,,1,,,,,,,,,,0
9213270,,1,,,,,,,,,,0
9213271,,1,,,,,,,,,,0
9213272,,1,,,,,,,,,,0
9213273,,1,,,,,,,,,,0
9213274,,1,,,,,,,,,,0
9213275,,1,,,,,,,,,,0
9213276,,1,,,,,,,,,,0
9213277,,1,,,,,,,,,,0
9213278,,1,,,,,,,,,,0
9213279,,1,,,,,,,,,,0
9213280,,1,,,,,,,,,,0
9213281,,1,,,,,,,,,,0
9213282,,1,,,,,,,,,,0
9213283,,1,,,,,,,,,,0
9213284,,1,,,,,,,,,,0
9213285,,1,,,,,,,,,,0
9213286,,1,,,,,,,,,,0
9213287,,1,,,,,,,,,,0
9213288,,1,,,,,,,,,,0
9213289,,1,,,,,,,,,,0
9213290,,1,,,,,,,,,,0
9213291,,1,,,,,,,,,,0
9213292,,1,,,,,,,,,,0
9213293,,1,,,,,,,,,,0
9213294,,1,,,,,,,,,,0
9213295,,1,,,,,,,,,,0
9213296,,1,,,,,,,,,,0
9213297,,1,,,,,,,,,,0
9213298,,1,,,,,,,,,,0
9213299,,1,,,,,,,,,,0
9213300,,1,,,,,,,,,,0
9213301,,1,,,,,,,,,,0
9213302,,1,,,,,,,,,,0
9213303,,1,,,,,,,,,,0
9213304,,1,,,,,,,,,,0
9213305,,1,,,,,,,,,,0
9213306,,1,,,,,,,,,,0
9213307,,1,,,,,,,,,,0
9213308,,1,,,,,,,,,,0
9213309,,1,,,,,,,,,,0
9213310,,1,,,,,,,,,,0
9213311,,1,,,,,,,,,,0
9213312,,1,,,,,,,,,,0
9213313,,1,,,,,,,,,,0
9213314,,1,,,,,,,,,,0
9213315,,1,,,,,,,,,,0
9213316,,1,,,,,,,,,,0
9213317,,1,,,,,,,,,,0
9213318,,1,,,,,,,,,,0
9213319,,1,,,,,,,,,,0
9213320,,1,,,,,,,,,,0
9213321,,1,,,,,,,,,,0
9213322,,1,,,,,,,,,,0
9213323,,1,,,,,,,,,,0
9213324,,1,,,,,,,,,,0
9213325,,1,,,,,,,,,,0
9213326,,1,,,,,,,,,,0
9213327,,1,,,,,,,,,,0
9213328,,1,,,,,,,,,,0
9213329,,1,,,,,,,,,,0
9213330,,1,,,,,,,,,,0
9213331,,1,,,,,,,,,,0
9213332,,1,,,,,,,,,,0
9213333,,1,,,,,,,,,,0
9213334,,1,,,,,,,,,,0
9213335,,1,,,,,,,,,,0
9213336,,1,,,,,,,,,,0
9213337,,1,,,,,,,,,,0
9213338,,1,,,,,,,,,,0
9213339,,1,,,,,,,,,,0
9213340,,1,,,,,,,,,,0
9213341,,1,,,,,,,,,,0
9213342,,1,,,,,,,,,,0
9213343,,1,,,,,,,,,,0
9213344,,1,,,,,,,,,,0
9213345,,1,,,,,,,,,,0
9213346,,1,,,,,,,,,,0
9213347,,1,,,,,,,,,,0
9213348,,1,,,,,,,,,,0
9213349,,1,,,,,,,,,,0
9213350,,1,,,,,,,,,,0
9213351,,1,,,,,,,,,,0
9213352,,1,,,,,,,,,,0
9213353,,1,,,,,,,,,,0
9213354,,1,,,,,,,,,,0
9213355,,1,,,,,,,,,,0
9213356,,1,,,,,,,,,,0
9213357,,1,,,,,,,,,,0
9213358,,1,,,,,,,,,,0
9213359,,1,,,,,,,,,,0
9213360,,1,,,,,,,,,,0
9213361,,1,,,,,,,,,,0
9213362,,1,,,,,,,,,,0
9213363,,1,,,,,,,,,,0
9213364,,1,,,,,,,,,,0
9213365,,1,,,,,,,,,,0
9213366,,1,,,,,,,,,,0
9213367,,1,,,,,,,,,,0
9213368,,1,,,,,,,,,,0
9213369,,1,,,,,,,,,,0
9213370,,1,,,,,,,,,,0
9213371,,1,,,,,,,,,,0
9213372,,1,,,,,,,,,,0
9213373,,1,,,,,,,,,,0
9213374,,1,,,,,,,,,,0
9213375,,1,,,,,,,,,,0
9213376,,1,,,,,,,,,,0
9213377,,1,,,,,,,,,,0
9213378,,1,,,,,,,,,,0
9213379,,1,,,,,,,,,,0
9213380,,1,,,,,,,,,,0
9213381,,1,,,,,,,,,,0
9213382,,1,,,,,,,,,,0
9213383,,1,,,,,,,,,,0
9213384,,1,,,,,,,,,,0
9213385,,1,,,,,,,,,,0
9213386,,1,,,,,,,,,,0
9213387,,1,,,,,,,,,,0
9213388,,1,,,,,,,,,,0
9213389,,1,,,,,,,,,,0
9213390,,1,,,,,,,,,,0
9213391,,1,,,,,,,,,,0
9213392,,1,,,,,,,,,,0
9213393,,1,,,,,,,,,,0
9213394,,1,,,,,,,,,,0
9213395,,1,,,,,,,,,,0
9213396,,1,,,,,,,,,,0
9213397,,1,,,,,,,,,,0
9213398,,1,,,,,,,,,,0
9213399,,1,,,,,,,,,,0
9213400,,1,,,,,,,,,,0
9213401,,1,,,,,,,,,,0
9213402,,1,,,,,,,,,,0
9213403,,1,,,,,,,,,,0
9213404,,1,,,,,,,,,,0
9213405,,1,,,,,,,,,,0
9213406,,1,,,,,,,,,,0
9213407,,1,,,,,,,,,,0
9213408,,1,,,,,,,,,,0
9213409,,1,,,,,,,,,,0
9213410,,1,,,,,,,,,,0
9213411,,1,,,,,,,,,,0
9213412,,1,,,,,,,,,,0
9213413,,1,,,,,,,,,,0
9213414,,1,,,,,,,,,,0
9213415,,1,,,,,,,,,,0
9213416,,1,,,,,,,,,,0
9213417,,1,,,,,,,,,,0
9213418,,1,,,,,,,,,,0
9213419,,1,,,,,,,,,,0
9213420,,1,,,,,,,,,,0
9213421,,1,,,,,,,,,,0
9213422,,1,,,,,,,,,,0
9213423,,1,,,,,,,,,,0
9213424,,1,,,,,,,,,,0
9213425,,1,,,,,,,,,,0
9213426,,1,,,,,,,,,,0
9213427,,1,,,,,,,,,,0
9213428,,1,,,,,,,,,,0
9213429,,1,,,,,,,,,,0
9213430,,1,,,,,,,,,,0
9213431,,1,,,,,,,,,,0
9213432,,1,,,,,,,,,,0
9213433,,1,,,,,,,,,,0
9213434,,1,,,,,,,,,,0
9213435,,1,,,,,,,,,,0
9213436,,1,,,,,,,,,,0
9213437,,1,,,,,,,,,,0
9213438,,1,,,,,,,,,,0
9213439,,1,,,,,,,,,,0
9213440,,1,,,,,,,,,,0
9213441,,1,,,,,,,,,,0
9213442,,1,,,,,,,,,,0
9213443,,1,,,,,,,,,,0
9213444,,1,,,,,,,,,,0
9213445,,1,,,,,,,,,,0
9213446,,1,,,,,,,,,,0
9213447,,1,,,,,,,,,,0
9213448,,1,,,,,,,,,,0
9213449,,1,,,,,,,,,,0
9213450,,1,,,,,,,,,,0
9213451,,1,,,,,,,,,,0
9213452,,1,,,,,,,,,,0
9213453,,1,,,,,,,,,,0
9213454,,1,,,,,,,,,,0
9213455,,1,,,,,,,,,,0
9213456,,1,,,,,,,,,,0
9213457,,1,,,,,,,,,,0
9213458,,1,,,,,,,,,,0
9213459,,1,,,,,,,,,,0
9213460,,1,,,,,,,,,,0
9213461,,1,,,,,,,,,,0
9213462,,1,,,,,,,,,,0
9213463,,1,,,,,,,,,,0
9213464,,1,,,,,,,,,,0
9213465,,1,,,,,,,,,,0
9213466,,1,,,,,,,,,,0
9213467,,1,,,,,,,,,,0
9213468,,1,,,,,,,,,,0
9213469,,1,,,,,,,,,,0
9213470,,1,,,,,,,,,,0
9213471,,1,,,,,,,,,,0
9213472,,1,,,,,,,,,,0
9213473,,1,,,,,,,,,,0
9213474,,1,,,,,,,,,,0
9213475,,1,,,,,,,,,,0
9213476,,1,,,,,,,,,,0
9213477,,1,,,,,,,,,,0
9213478,,1,,,,,,,,,,0
9213479,,1,,,,,,,,,,0
9213480,,1,,,,,,,,,,0
9213481,,1,,,,,,,,,,0
9213482,,1,,,,,,,,,,0
9213483,,1,,,,,,,,,,0
9213484,,1,,,,,,,,,,0
9213485,,1,,,,,,,,,,0
9213486,,1,,,,,,,,,,0
9213487,,1,,,,,,,,,,0
1402974,,2,,,,,,,,,,0
1402975,,2,,,,,,,,,,0
1402976,,2,,,,,,,,,,0
1402977,,2,,,,,,,,,,0
1402978,,2,,,,,,,,,,0
1402979,,2,,,,,,,,,,0
1402980,,2,,,,,,,,,,0
1402981,,2,,,,,,,,,,0
1402982,,2,,,,,,,,,,0
1402983,,2,,,,,,,,,,0
1402984,,2,,,,,,,,,,0
1402985,,2,,,,,,,,,,0
1402986,,2,,,,,,,,,,0
1402987,,2,,,,,,,,,,0
1402988,,2,,,,,,,,,,0
1402989,,2,,,,,,,,,,0
1402990,,2,,,,,,,,,,0
1402991,,2,,,,,,,,,,0
1402992,,2,,,,,,,,,,0
1402993,,2,,,,,,,,,,0
1402994,,2,,,,,,,,,,0
1402995,,2,,,,,,,,,,0
1402996,,2,,,,,,,,,,0
1402997,,2,,,,,,,,,,0
1402998,,2,,,,,,,,,,0
1402999,,2,,,,,,,,,,0
1403000,,2,,,,,,,,,,0
1403001,,2,,,,,,,,,,0
1403002,,2,,,,,,,,,,0
1403003,,2,,,,,,,,,,0
1403004,,2,,,,,,,,,,0
1403005,,2,,,,,,,,,,0
1403006,,2,,,,,,,,,,0
1403007,,2,,,,,,,,,,0
1403008,,2,,,,,,,,,,0
1403009,,2,,,,,,,,,,0
1403010,,2,,,,,,,,,,0
1403011,,2,,,,,,,,,,0
1403012,,2,,,,,,,,,,0
1403013,,2,,,,,,,,,,0
1403014,,2,,,,,,,,,,0
1403015,,2,,,,,,,,,,0
1403016,,2,,,,,,,,,,0
1403017,,2,,,,,,,,,,0
1403018,,2,,,,,,,,,,0
1403019,,2,,,,,,,,,,0
1403020,,2,,,,,,,,,,0
1403021,,2,,,,,,,,,,0
1403022,,2,,,,,,,,,,0
1403023,,2,,,,,,,,,,0
1403024,,2,,,,,,,,,,0
1403025,,2,,,,,,,,,,0
1403026,,2,,,,,,,,,,0
1403027,,2,,,,,,,,,,0
1403028,,2,,,,,,,,,,0
1403029,,2,,,,,,,,,,0
1403030,,2,,,,,,,,,,0
1403031,,2,,,,,,,,,,0
1403032,,2,,,,,,,,,,0
1403033,,2,,,,,,,,,,0
1403034,,2,,,,,,,,,,0
1403035,,2,,,,,,,,,,0
1403036,,2,,,,,,,,,,0
1403037,,2,,,,,,,,,,0
1403038,,2,,,,,,,,,,0
1403039,,2,,,,,,,,,,0
1403040,,2,,,,,,,,,,0
1403041,,2,,,,,,,,,,0
1403042,,2,,,,,,,,,,0
1403043,,2,,,,,,,,,,0
1403044,,2,,,,,,,,,,0
1403045,,2,,,,,,,,,,0
1403046,,2,,,,,,,,,,0
1403047,,2,,,,,,,,,,0
1403048,,2,,,,,,,,,,0
1403049,,2,,,,,,,,,,0
1403050,,2,,,,,,,,,,0
1403051,,2,,,,,,,,,,0
1403052,,2,,,,,,,,,,0
1403053,,2,,,,,,,,,,0
1403054,,2,,,,,,,,,,0
1403055,,2,,,,,,,,,,0
1403056,,2,,,,,,,,,,0
1403057,,2,,,,,,,,,,0
1403058,,2,,,,,,,,,,0
1403059,,2,,,,,,,,,,0
1403060,,2,,,,,,,,,,0
1403061,,2,,,,,,,,,,0
1403062,,2,,,,,,,,,,0
1403063,,2,,,,,,,,,,0
1403064,,2,,,,,,,,,,0
1403065,,2,,,,,,,,,,0
1403066,,2,,,,,,,,,,0
1403067,,2,,,,,,,,,,0
1403068,,2,,,,,,,,,,0
1403069,,2,,,,,,,,,,0
1403070,,2,,,,,,,,,,0
1403071,,2,,,,,,,,,,0
1403072,,2,,,,,,,,,,0
1403073,,2,,,,,,,,,,0
1403074,,2,,,,,,,,,,0
1403075,,2,,,,,,,,,,0
1403076,,2,,,,,,,,,,0
1403077,,2,,,,,,,,,,0
1403078,,2,,,,,,,,,,0
1403079,,2,,,,,,,,,,0
1403080,,2,,,,,,,,,,0
1403081,,2,,,,,,,,,,0
1403082,,2,,,,,,,,,,0
1403083,,2,,,,,,,,,,0
1403084,,2,,,,,,,,,,0
1403085,,2,,,,,,,,,,0
1403086,,2,,,,,,,,,,0
1403087,,2,,,,,,,,,,0
1403088,,2,,,,,,,,,,0
1403089,,2,,,,,,,,,,0
1403090,,2,,,,,,,,,,0
1403091,,2,,,,,,,,,,0
1403092,,2,,,,,,,,,,0
1403093,,2,,,,,,,,,,0
1403094,,2,,,,,,,,,,0
1403095,,2,,,,,,,,,,0
1403096,,2,,,,,,,,,,0
1403097,,2,,,,,,,,,,0
1403098,,2,,,,,,,,,,0
1403099,,2,,,,,,,,,,0
1403100,,2,,,,,,,,,,0
1403101,,2,,,,,,,,,,0
1403102,,2,,,,,,,,,,0
1403103,,2,,,,,,,,,,0
1403104,,2,,,,,,,,,,0
1403105,,2,,,,,,,,,,0
1403106,,2,,,,,,,,,,0
1403107,,2,,,,,,,,,,0
1403108,,2,,,,,,,,,,0
1403109,,2,,,,,,,,,,0
1403110,,2,,,,,,,,,,0
1403111,,2,,,,,,,,,,0
1403112,,2,,,,,,,,,,0
1403113,,2,,,,,,,,,,0
1403114,,2,,,,,,,,,,0
1403115,,2,,,,,,,,,,0
1403116,,2,,,,,,,,,,0
1403117,,2,,,,,,,,,,0
1403118,,2,,,,,,,,,,0
1403119,,2,,,,,,,,,,0
1403120,,2,,,,,,,,,,0
1403121,,2,,,,,,,,,,0
1403122,,2,,,,,,,,,,0
1403123,,2,,,,,,,,,,0
1403124,,2,,,,,,,,,,0
1403125,,2,,,,,,,,,,0
1403126,,2,,,,,,,,,,0
1403127,,2,,,,,,,,,,0
1403128,,2,,,,,,,,,,0
1403129,,2,,,,,,,,,,0
1403130,,2,,,,,,,,,,0
1403131,,2,,,,,,,,,,0
1403132,,2,,,,,,,,,,0
1403133,,2,,,,,,,,,,0
1403134,,2,,,,,,,,,,0
1403135,,2,,,,,,,,,,0
1403136,,2,,,,,,,,,,0
1403137,,2,,,,,,,,,,0
1403138,,2,,,,,,,,,,0
1403139,,2,,,,,,,,,,0
1403140,,2,,,,,,,,,,0
1403141,,2,,,,,,,,,,0
1403142,,2,,,,,,,,,,0
1403143,,2,,,,,,,,,,0
1403144,,2,,,,,,,,,,0
1403145,,2,,,,,,,,,,0
1403146,,2,,,,,,,,,,0
1403147,,2,,,,,,,,,,0
1403148,,2,,,,,,,,,,0
1403149,,2,,,,,,,,,,0
1403150,,2,,,,,,,,,,0
1403151,,2,,,,,,,,,,0
1403152,,2,,,,,,,,,,0
1403153,,2,,,,,,,,,,0
1403154,,2,,,,,,,,,,0
1403155,,2,,,,,,,,,,0
1403156,,2,,,,,,,,,,0
1403157,,2,,,,,,,,,,0
1403158,,2,,,,,,,,,,0
1403159,,2,,,,,,,,,,0
1403160,,2,,,,,,,,,,0
1403161,,2,,,,,,,,,,0
1403162,,2,,,,,,,,,,0
1403163,,2,,,,,,,,,,0
1403164,,2,,,,,,,,,,0
1403165,,2,,,,,,,,,,0
1403166,,2,,,,,,,,,,0
1403167,,2,,,,,,,,,,0
1403168,,2,,,,,,,,,,0
1403169,,2,,,,,,,,,,0
1403170,,2,,,,,,,,,,0
1403171,,2,,,,,,,,,,0
1403172,,2,,,,,,,,,,0
1403173,,2,,,,,,,,,,0
1403174,,2,,,,,,,,,,0
1403175,,2,,,,,,,,,,0
1403176,,2,,,,,,,,,,0
1403177,,2,,,,,,,,,,0
1403178,,2,,,,,,,,,,0
1403179,,2,,,,,,,,,,0
1403180,,2,,,,,,,,,,0
1403181,,2,,,,,,,,,,0
1403182,,2,,,,,,,,,,0
1403183,,2,,,,,,,,,,0
1403184,,2,,,,,,,,,,0
1403185,,2,,,,,,,,,,0
1403186,,2,,,,,,,,,,0
1403187,,2,,,,,,,,,,0
1403188,,2,,,,,,,,,,0
1403189,,2,,,,,,,,,,0
1403190,,2,,,,,,,,,,0
1403191,,2,,,,,,,,,,0
1403192,,2,,,,,,,,,,0
1403193,,2,,,,,,,,,,0
1403194,,2,,,,,,,,,,0
1403195,,2,,,,,,,,,,0
1403196,,2,,,,,,,,,,0
1403197,,2,,,,,,,,,,0
1403198,,2,,,,,,,,,,0
1403199,,2,,,,,,,,,,0
1403200,,2,,,,,,,,,,0
1403201,,2,,,,,,,,,,0
1403202,,2,,,,,,,,,,0
1403203,,2,,,,,,,,,,0
1403204,,2,,,,,,,,,,0
1403205,,2,,,,,,,,,,0
1403206,,2,,,,,,,,,,0
1403207,,2,,,,,,,,,,0
1403208,,2,,,,,,,,,,0
1403209,,2,,,,,,,,,,0
1403210,,2,,,,,,,,,,0
1403211,,2,,,,,,,,,,0
1403212,,2,,,,,,,,,,0
1403213,,2,,,,,,,,,,0
1403214,,2,,,,,,,,,,0
1403215,,2,,,,,,,,,,0
1403216,,2,,,,,,,,,,0
1403217,,2,,,,,,,,,,0
1403218,,2,,,,,,,,,,0
1403219,,2,,,,,,,,,,0
1403220,,2,,,,,,,,,,0
1403221,,2,,,,,,,,,,0
1403222,,2,,,,,,,,,,0
1403223,,2,,,,,,,,,,0
1403224,,2,,,,,,,,,,0
1403225,,2,,,,,,,,,,0
1403226,,2,,,,,,,,,,0
1403227,,2,,,,,,,,,,0
1403228,,2,,,,,,,,,,0
1403229,,2,,,,,,,,,,0
1403230,,2,,,,,,,,,,0
1403231,,2,,,,,,,,,,0
1403232,,2,,,,,,,,,,0
1403233,,2,,,,,,,,,,0
1403234,,2,,,,,,,,,,0
1403235,,2,,,,,,,,,,0
1403236,,2,,,,,,,,,,0
1403237,,2,,,,,,,,,,0
1403238,,2,,,,,,,,,,0
1403239,,2,,,,,,,,,,0
1403240,,2,,,,,,,,,,0
1403241,,2,,,,,,,,,,0
1403242,,2,,,,,,,,,,0
1403243,,2,,,,,,,,,,0
1403244,,2,,,,,,,,,,0
1403245,,2,,,,,,,,,,0
1403246,,2,,,,,,,,,,0
1403247,,2,,,,,,,,,,0
1403248,,2,,,,,,,,,,0
1403249,,2,,,,,,,,,,0
1403250,,2,,,,,,,,,,0
1403251,,2,,,,,,,,,,0
1403252,,2,,,,,,,,,,0
1403253,,2,,,,,,,,,,0
1403254,,2,,,,,,,,,,0
1403255,,2,,,,,,,,,,0
1403256,,2,,,,,,,,,,0
1403257,,2,,,,,,,,,,0
1403258,,2,,,,,,,,,,0
1403259,,2,,,,,,,,,,0
1403260,,2,,,,,,,,,,0
1403261,,2,,,,,,,,,,0
1403262,,2,,,,,,,,,,0
1403263,,2,,,,,,,,,,0
1403264,,2,,,,,,,,,,0
1403265,,2,,,,,,,,,,0
1403266,,2,,,,,,,,,,0
1403267,,2,,,,,,,,,,0
1403268,,2,,,,,,,,,,0
1403269,,2,,,,,,,,,,0
1403270,,2,,,,,,,,,,0
1403271,,2,,,,,,,,,,0
1403272,,2,,,,,,,,,,0
1403273,,2,,,,,,,,,,0
1403274,,2,,,,,,,,,,0
1403275,,2,,,,,,,,,,0
1403276,,2,,,,,,,,,,0
1403277,,2,,,,,,,,,,0
1403278,,2,,,,,,,,,,0
1403279,,2,,,,,,,,,,0
1403280,,2,,,,,,,,,,0
1403281,,2,,,,,,,,,,0
1403282,,2,,,,,,,,,,0
1403283,,2,,,,,,,,,,0
1403284,,2,,,,,,,,,,0
1403285,,2,,,,,,,,,,0
1403286,,2,,,,,,,,,,0
1403287,,2,,,,,,,,,,0
1403288,,2,,,,,,,,,,0
1403289,,2,,,,,,,,,,0
1403290,,2,,,,,,,,,,0
1403291,,2,,,,,,,,,,0
1403292,,2,,,,,,,,,,0
1403293,,2,,,,,,,,,,0
1403294,,2,,,,,,,,,,0
1403295,,2,,,,,,,,,,0
1403296,,2,,,,,,,,,,0
1403297,,2,,,,,,,,,,0
1403298,,2,,,,,,,,,,0
1403299,,2,,,,,,,,,,0
1403300,,2,,,,,,,,,,0
1403301,,2,,,,,,,,,,0
1403302,,2,,,,,,,,,,0
1403303,,2,,,,,,,,,,0
1403304,,2,,,,,,,,,,0
1403305,,2,,,,,,,,,,0
1403306,,2,,,,,,,,,,0
1403307,,2,,,,,,,,,,0
1403308,,2,,,,,,,,,,0
1403309,,2,,,,,,,,,,0
1403310,,2,,,,,,,,,,0
1403311,,2,,,,,,,,,,0
1403312,,2,,,,,,,,,,0
1403313,,2,,,,,,,,,,0
1403314,,2,,,,,,,,,,0
1403315,,2,,,,,,,,,,0
1403316,,2,,,,,,,,,,0
1403317,,2,,,,,,,,,,0
1403318,,2,,,,,,,,,,0
1403319,,2,,,,,,,,,,0
1403320,,2,,,,,,,,,,0
1403321,,2,,,,,,,,,,0
1403322,,2,,,,,,,,,,0
1403323,,2,,,,,,,,,,0
1403324,,2,,,,,,,,,,0
1403325,,2,,,,,,,,,,0
1403326,,2,,,,,,,,,,0
1403327,,2,,,,,,,,,,0
1403328,,2,,,,,,,,,,0
1403329,,2,,,,,,,,,,0
1403330,,2,,,,,,,,,,0
1403331,,2,,,,,,,,,,0
1403332,,2,,,,,,,,,,0
1403333,,2,,,,,,,,,,0
1403334,,2,,,,,,,,,,0
1403335,,2,,,,,,,,,,0
1403336,,2,,,,,,,,,,0
1403337,,2,,,,,,,,,,0
1403338,,2,,,,,,,,,,0
1403339,,2,,,,,,,,,,0
1403340,,2,,,,,,,,,,0
1403341,,2,,,,,,,,,,0
1403342,,2,,,,,,,,,,0
1403343,,2,,,,,,,,,,0
1403344,,2,,,,,,,,,,0
1403345,,2,,,,,,,,,,0
1403346,,2,,,,,,,,,,0
1403347,,2,,,,,,,,,,0
1403348,,2,,,,,,,,,,0
1403349,,2,,,,,,,,,,0
1403350,,2,,,,,,,,,,0
1403351,,2,,,,,,,,,,0
1403352,,2,,,,,,,,,,0
1403353,,2,,,,,,,,,,0
1403354,,2,,,,,,,,,,0
1403355,,2,,,,,,,,,,0
1403356,,2,,,,,,,,,,0
1403357,,2,,,,,,,,,,0
1403358,,2,,,,,,,,,,0
1403359,,2,,,,,,,,,,0
1403360,,2,,,,,,,,,,0
1403361,,2,,,,,,,,,,0
1403362,,2,,,,,,,,,,0
1403363,,2,,,,,,,,,,0
1403364,,2,,,,,,,,,,0
1403365,,2,,,,,,,,,,0
1403366,,2,,,,,,,,,,0
1403367,,2,,,,,,,,,,0
1403368,,2,,,,,,,,,,0
1403369,,2,,,,,,,,,,0
1403370,,2,,,,,,,,,,0
1403371,,2,,,,,,,,,,0
1403372,,2,,,,,,,,,,0
1403373,,2,,,,,,,,,,0
1403374,,2,,,,,,,,,,0
1403375,,2,,,,,,,,,,0
1403376,,2,,,,,,,,,,0
1403377,,2,,,,,,,,,,0
1403378,,2,,,,,,,,,,0
1403379,,2,,,,,,,,,,0
1403380,,2,,,,,,,,,,0
1403381,,2,,,,,,,,,,0
1403382,,2,,,,,,,,,,0
1403383,,2,,,,,,,,,,0
1403384,,2,,,,,,,,,,0
1403385,,2,,,,,,,,,,0
1403386,,2,,,,,,,,,,0
1403387,,2,,,,,,,,,,0
1403388,,2,,,,,,,,,,0
1403389,,2,,,,,,,,,,0
1403390,,2,,,,,,,,,,0
1403391,,2,,,,,,,,,,0
1403392,,2,,,,,,,,,,0
1403393,,2,,,,,,,,,,0
1403394,,2,,,,,,,,,,0
1403395,,2,,,,,,,,,,0
1403396,,2,,,,,,,,,,0
1403397,,2,,,,,,,,,,0
1403398,,2,,,,,,,,,,0
1403399,,2,,,,,,,,,,0
1403400,,2,,,,,,,,,,0
1403401,,2,,,,,,,,,,0
1403402,,2,,,,,,,,,,0
1403403,,2,,,,,,,,,,0
1403404,,2,,,,,,,,,,0
1403405,,2,,,,,,,,,,0
1403406,,2,,,,,,,,,,0
1403407,,2,,,,,,,,,,0
1403408,,2,,,,,,,,,,0
1403409,,2,,,,,,,,,,0
1403410,,2,,,,,,,,,,0
1403411,,2,,,,,,,,,,0
1403412,,2,,,,,,,,,,0
1403413,,2,,,,,,,,,,0
1403414,,2,,,,,,,,,,0
1403415,,2,,,,,,,,,,0
1403416,,2,,,,,,,,,,0
1403417,,2,,,,,,,,,,0
1403418,,2,,,,,,,,,,0
1403419,,2,,,,,,,,,,0
1403420,,2,,,,,,,,,,0
1403421,,2,,,,,,,,,,0
1403422,,2,,,,,,,,,,0
1403423,,2,,,,,,,,,,0
1403424,,2,,,,,,,,,,0
1403425,,2,,,,,,,,,,0
1403426,,2,,,,,,,,,,0
1403427,,2,,,,,,,,,,0
1403428,,2,,,,,,,,,,0
1403429,,2,,,,,,,,,,0
1403430,,2,,,,,,,,,,0
1403431,,2,,,,,,,,,,0
1403432,,2,,,,,,,,,,0
1403433,,2,,,,,,,,,,0
1403434,,2,,,,,,,,,,0
1403435,,2,,,,,,,,,,0
1403436,,2,,,,,,,,,,0
1403437,,2,,,,,,,,,,0
1403438,,2,,,,,,,,,,0
1403439,,2,,,,,,,,,,0
1403440,,2,,,,,,,,,,0
1403441,,2,,,,,,,,,,0
1403442,,2,,,,,,,,,,0
1403443,,2,,,,,,,,,,0
1403444,,2,,,,,,,,,,0
1403445,,2,,,,,,,,,,0
1403446,,2,,,,,,,,,,0
1403447,,2,,,,,,,,,,0
1403448,,2,,,,,,,,,,0
1403449,,2,,,,,,,,,,0
1403450,,2,,,,,,,,,,0
1403451,,2,,,,,,,,,,0
1403452,,2,,,,,,,,,,0
1403453,,2,,,,,,,,,,0
1403454,,2,,,,,,,,,,0
1403455,,2,,,,,,,,,,0
1403456,,2,,,,,,,,,,0
1403457,,2,,,,,,,,,,0
1403458,,2,,,,,,,,,,0
1403459,,2,,,,,,,,,,0
1403460,,2,,,,,,,,,,0
1403461,,2,,,,,,,,,,0
1403462,,2,,,,,,,,,,0
1403463,,2,,,,,,,,,,0
1403464,,2,,,,,,,,,,0
1403465,,2,,,,,,,,,,0
1403466,,2,,,,,,,,,,0
1403467,,2,,,,,,,,,,0
1403468,,2,,,,,,,,,,0
1403469,,2,,,,,,,,,,0
1403470,,2,,,,,,,,,,0
1403471,,2,,,,,,,,,,0
1403472,,2,,,,,,,,,,0
1403473,,2,,,,,,,,,,0
9213488,,1,,,,,,,,,,0
9213489,,1,,,,,,,,,,0
9213490,,1,,,,,,,,,,0
9213491,,1,,,,,,,,,,0
9213492,,1,,,,,,,,,,0
9213493,,1,,,,,,,,,,0
9213494,,1,,,,,,,,,,0
9213495,,1,,,,,,,,,,0
9213496,,1,,,,,,,,,,0
9213497,,1,,,,,,,,,,0
9213498,,1,,,,,,,,,,0
9213499,,1,,,,,,,,,,0
9213500,,1,,,,,,,,,,0
9213501,,1,,,,,,,,,,0
9213502,,1,,,,,,,,,,0
9213503,,1,,,,,,,,,,0
9213504,,1,,,,,,,,,,0
9213505,,1,,,,,,,,,,0
9213506,,1,,,,,,,,,,0
9213507,,1,,,,,,,,,,0
9213508,,1,,,,,,,,,,0
9213509,,1,,,,,,,,,,0
9213510,,1,,,,,,,,,,0
9213511,,1,,,,,,,,,,0
9213512,,1,,,,,,,,,,0
9213513,,1,,,,,,,,,,0
9213514,,1,,,,,,,,,,0
9213515,,1,,,,,,,,,,0
9213516,,1,,,,,,,,,,0
9213517,,1,,,,,,,,,,0
9213518,,1,,,,,,,,,,0
9213519,,1,,,,,,,,,,0
9213520,,1,,,,,,,,,,0
9213521,,1,,,,,,,,,,0
9213522,,1,,,,,,,,,,0
9213523,,1,,,,,,,,,,0
9213524,,1,,,,,,,,,,0
9213525,,1,,,,,,,,,,0
9213526,,1,,,,,,,,,,0
9213527,,1,,,,,,,,,,0
9213528,,1,,,,,,,,,,0
9213529,,1,,,,,,,,,,0
9213530,,1,,,,,,,,,,0
9213531,,1,,,,,,,,,,0
9213532,,1,,,,,,,,,,0
9213533,,1,,,,,,,,,,0
9213534,,1,,,,,,,,,,0
9213535,,1,,,,,,,,,,0
9213536,,1,,,,,,,,,,0
9213537,,1,,,,,,,,,,0
9213538,,1,,,,,,,,,,0
9213539,,1,,,,,,,,,,0
9213540,,1,,,,,,,,,,0
9213541,,1,,,,,,,,,,0
9213542,,1,,,,,,,,,,0
9213543,,1,,,,,,,,,,0
9213544,,1,,,,,,,,,,0
9213545,,1,,,,,,,,,,0
9213546,,1,,,,,,,,,,0
9213547,,1,,,,,,,,,,0
9213548,,1,,,,,,,,,,0
9213549,,1,,,,,,,,,,0
9213550,,1,,,,,,,,,,0
9213551,,1,,,,,,,,,,0
9213552,,1,,,,,,,,,,0
9213553,,1,,,,,,,,,,0
9213554,,1,,,,,,,,,,0
9213555,,1,,,,,,,,,,0
9213556,,1,,,,,,,,,,0
9213557,,1,,,,,,,,,,0
9213558,,1,,,,,,,,,,0
9213559,,1,,,,,,,,,,0
9213560,,1,,,,,,,,,,0
9213561,,1,,,,,,,,,,0
9213562,,1,,,,,,,,,,0
9213563,,1,,,,,,,,,,0
9213564,,1,,,,,,,,,,0
9213565,,1,,,,,,,,,,0
9213566,,1,,,,,,,,,,0
9213567,,1,,,,,,,,,,0
9213568,,1,,,,,,,,,,0
9213569,,1,,,,,,,,,,0
9213570,,1,,,,,,,,,,0
9213571,,1,,,,,,,,,,0
9213572,,1,,,,,,,,,,0
9213573,,1,,,,,,,,,,0
9213574,,1,,,,,,,,,,0
9213575,,1,,,,,,,,,,0
9213576,,1,,,,,,,,,,0
9213577,,1,,,,,,,,,,0
9213578,,1,,,,,,,,,,0
9213579,,1,,,,,,,,,,0
9213580,,1,,,,,,,,,,0
9213581,,1,,,,,,,,,,0
9213582,,1,,,,,,,,,,0
9213583,,1,,,,,,,,,,0
9213584,,1,,,,,,,,,,0
9213585,,1,,,,,,,,,,0
9213586,,1,,,,,,,,,,0
9213587,,1,,,,,,,,,,0
9213588,,1,,,,,,,,,,0
9213589,,1,,,,,,,,,,0
9213590,,1,,,,,,,,,,0
9213591,,1,,,,,,,,,,0
9213592,,1,,,,,,,,,,0
9213593,,1,,,,,,,,,,0
9213594,,1,,,,,,,,,,0
9213595,,1,,,,,,,,,,0
9213596,,1,,,,,,,,,,0
9213597,,1,,,,,,,,,,0
9213598,,1,,,,,,,,,,0
9213599,,1,,,,,,,,,,0
9213600,,1,,,,,,,,,,0
9213601,,1,,,,,,,,,,0
9213602,,1,,,,,,,,,,0
9213603,,1,,,,,,,,,,0
9213604,,1,,,,,,,,,,0
9213605,,1,,,,,,,,,,0
9213606,,1,,,,,,,,,,0
9213607,,1,,,,,,,,,,0
9213608,,1,,,,,,,,,,0
9213609,,1,,,,,,,,,,0
9213610,,1,,,,,,,,,,0
9213611,,1,,,,,,,,,,0
9213612,,1,,,,,,,,,,0
9213613,,1,,,,,,,,,,0
9213614,,1,,,,,,,,,,0
9213615,,1,,,,,,,,,,0
9213616,,1,,,,,,,,,,0
9213617,,1,,,,,,,,,,0
9213618,,1,,,,,,,,,,0
9213619,,1,,,,,,,,,,0
9213620,,1,,,,,,,,,,0
9213621,,1,,,,,,,,,,0
9213622,,1,,,,,,,,,,0
9213623,,1,,,,,,,,,,0
9213624,,1,,,,,,,,,,0
9213625,,1,,,,,,,,,,0
9213626,,1,,,,,,,,,,0
9213627,,1,,,,,,,,,,0
9213628,,1,,,,,,,,,,0
9213629,,1,,,,,,,,,,0
9213630,,1,,,,,,,,,,0
9213631,,1,,,,,,,,,,0
9213632,,1,,,,,,,,,,0
9213633,,1,,,,,,,,,,0
9213634,,1,,,,,,,,,,0
9213635,,1,,,,,,,,,,0
9213636,,1,,,,,,,,,,0
9213637,,1,,,,,,,,,,0
9213638,,1,,,,,,,,,,0
9213639,,1,,,,,,,,,,0
9213640,,1,,,,,,,,,,0
9213641,,1,,,,,,,,,,0
9213642,,1,,,,,,,,,,0
9213643,,1,,,,,,,,,,0
9213644,,1,,,,,,,,,,0
9213645,,1,,,,,,,,,,0
9213646,,1,,,,,,,,,,0
9213647,,1,,,,,,,,,,0
9213648,,1,,,,,,,,,,0
9213649,,1,,,,,,,,,,0
9213650,,1,,,,,,,,,,0
9213651,,1,,,,,,,,,,0
9213652,,1,,,,,,,,,,0
9213653,,1,,,,,,,,,,0
9213654,,1,,,,,,,,,,0
9213655,,1,,,,,,,,,,0
9213656,,1,,,,,,,,,,0
9213657,,1,,,,,,,,,,0
9213658,,1,,,,,,,,,,0
9213659,,1,,,,,,,,,,0
9213660,,1,,,,,,,,,,0
9213661,,1,,,,,,,,,,0
9213662,,1,,,,,,,,,,0
9213663,,1,,,,,,,,,,0
9213664,,1,,,,,,,,,,0
9213665,,1,,,,,,,,,,0
9213666,,1,,,,,,,,,,0
9213667,,1,,,,,,,,,,0
9213668,,1,,,,,,,,,,0
9213669,,1,,,,,,,,,,0
9213670,,1,,,,,,,,,,0
9213671,,1,,,,,,,,,,0
9213672,,1,,,,,,,,,,0
9213673,,1,,,,,,,,,,0
9213674,,1,,,,,,,,,,0
9213675,,1,,,,,,,,,,0
9213676,,1,,,,,,,,,,0
9213677,,1,,,,,,,,,,0
9213678,,1,,,,,,,,,,0
9213679,,1,,,,,,,,,,0
9213680,,1,,,,,,,,,,0
9213681,,1,,,,,,,,,,0
9213682,,1,,,,,,,,,,0
9213683,,1,,,,,,,,,,0
9213684,,1,,,,,,,,,,0
9213685,,1,,,,,,,,,,0
9213686,,1,,,,,,,,,,0
9213687,,1,,,,,,,,,,0
9213688,,1,,,,,,,,,,0
9213689,,1,,,,,,,,,,0
9213690,,1,,,,,,,,,,0
9213691,,1,,,,,,,,,,0
9213692,,1,,,,,,,,,,0
9213693,,1,,,,,,,,,,0
9213694,,1,,,,,,,,,,0
9213695,,1,,,,,,,,,,0
9213696,,1,,,,,,,,,,0
9213697,,1,,,,,,,,,,0
9213698,,1,,,,,,,,,,0
9213699,,1,,,,,,,,,,0
9213700,,1,,,,,,,,,,0
9213701,,1,,,,,,,,,,0
9213702,,1,,,,,,,,,,0
9213703,,1,,,,,,,,,,0
9213704,,1,,,,,,,,,,0
9213705,,1,,,,,,,,,,0
9213706,,1,,,,,,,,,,0
9213707,,1,,,,,,,,,,0
9213708,,1,,,,,,,,,,0
9213709,,1,,,,,,,,,,0
9213710,,1,,,,,,,,,,0
9213711,,1,,,,,,,,,,0
9213712,,1,,,,,,,,,,0
9213713,,1,,,,,,,,,,0
9213714,,1,,,,,,,,,,0
9213715,,1,,,,,,,,,,0
9213716,,1,,,,,,,,,,0
9213717,,1,,,,,,,,,,0
9213718,,1,,,,,,,,,,0
9213719,,1,,,,,,,,,,0
9213720,,1,,,,,,,,,,0
9213721,,1,,,,,,,,,,0
9213722,,1,,,,,,,,,,0
9213723,,1,,,,,,,,,,0
9213724,,1,,,,,,,,,,0
9213725,,1,,,,,,,,,,0
9213726,,1,,,,,,,,,,0
9213727,,1,,,,,,,,,,0
9213728,,1,,,,,,,,,,0
9213729,,1,,,,,,,,,,0
9213730,,1,,,,,,,,,,0
9213731,,1,,,,,,,,,,0
9213732,,1,,,,,,,,,,0
9213733,,1,,,,,,,,,,0
9213734,,1,,,,,,,,,,0
9213735,,1,,,,,,,,,,0
9213736,,1,,,,,,,,,,0
9213737,,1,,,,,,,,,,0
9213738,,1,,,,,,,,,,0
9213739,,1,,,,,,,,,,0
9213740,,1,,,,,,,,,,0
9213741,,1,,,,,,,,,,0
9213742,,1,,,,,,,,,,0
9213743,,1,,,,,,,,,,0
9213744,,1,,,,,,,,,,0
9213745,,1,,,,,,,,,,0
9213746,,1,,,,,,,,,,0
9213747,,1,,,,,,,,,,0
9213748,,1,,,,,,,,,,0
9213749,,1,,,,,,,,,,0
9213750,,1,,,,,,,,,,0
9213751,,1,,,,,,,,,,0
9213752,,1,,,,,,,,,,0
9213753,,1,,,,,,,,,,0
9213754,,1,,,,,,,,,,0
9213755,,1,,,,,,,,,,0
9213756,,1,,,,,,,,,,0
9213757,,1,,,,,,,,,,0
9213758,,1,,,,,,,,,,0
9213759,,1,,,,,,,,,,0
9213760,,1,,,,,,,,,,0
9213761,,1,,,,,,,,,,0
9213762,,1,,,,,,,,,,0
9213763,,1,,,,,,,,,,0
9213764,,1,,,,,,,,,,0
9213765,,1,,,,,,,,,,0
9213766,,1,,,,,,,,,,0
9213767,,1,,,,,,,,,,0
9213768,,1,,,,,,,,,,0
9213769,,1,,,,,,,,,,0
9213770,,1,,,,,,,,,,0
9213771,,1,,,,,,,,,,0
9213772,,1,,,,,,,,,,0
9213773,,1,,,,,,,,,,0
9213774,,1,,,,,,,,,,0
9213775,,1,,,,,,,,,,0
9213776,,1,,,,,,,,,,0
9213777,,1,,,,,,,,,,0
9213778,,1,,,,,,,,,,0
9213779,,1,,,,,,,,,,0
9213780,,1,,,,,,,,,,0
9213781,,1,,,,,,,,,,0
9213782,,1,,,,,,,,,,0
9213783,,1,,,,,,,,,,0
9213784,,1,,,,,,,,,,0
9213785,,1,,,,,,,,,,0
9213786,,1,,,,,,,,,,0
9213787,,1,,,,,,,,,,0
9213788,,1,,,,,,,,,,0
9213789,,1,,,,,,,,,,0
9213790,,1,,,,,,,,,,0
9213791,,1,,,,,,,,,,0
9213792,,1,,,,,,,,,,0
9213793,,1,,,,,,,,,,0
9213794,,1,,,,,,,,,,0
9213795,,1,,,,,,,,,,0
9213796,,1,,,,,,,,,,0
9213797,,1,,,,,,,,,,0
9213798,,1,,,,,,,,,,0
9213799,,1,,,,,,,,,,0
9213800,,1,,,,,,,,,,0
9213801,,1,,,,,,,,,,0
9213802,,1,,,,,,,,,,0
9213803,,1,,,,,,,,,,0
9213804,,1,,,,,,,,,,0
9213805,,1,,,,,,,,,,0
9213806,,1,,,,,,,,,,0
9213807,,1,,,,,,,,,,0
9213808,,1,,,,,,,,,,0
9213809,,1,,,,,,,,,,0
9213810,,1,,,,,,,,,,0
9213811,,1,,,,,,,,,,0
9213812,,1,,,,,,,,,,0
9213813,,1,,,,,,,,,,0
9213814,,1,,,,,,,,,,0
9213815,,1,,,,,,,,,,0
9213816,,1,,,,,,,,,,0
9213817,,1,,,,,,,,,,0
9213818,,1,,,,,,,,,,0
9213819,,1,,,,,,,,,,0
9213820,,1,,,,,,,,,,0
9213821,,1,,,,,,,,,,0
9213822,,1,,,,,,,,,,0
9213823,,1,,,,,,,,,,0
9213824,,1,,,,,,,,,,0
9213825,,1,,,,,,,,,,0
9213826,,1,,,,,,,,,,0
9213827,,1,,,,,,,,,,0
9213828,,1,,,,,,,,,,0
9213829,,1,,,,,,,,,,0
9213830,,1,,,,,,,,,,0
9213831,,1,,,,,,,,,,0
9213832,,1,,,,,,,,,,0
9213833,,1,,,,,,,,,,0
9213834,,1,,,,,,,,,,0
9213835,,1,,,,,,,,,,0
9213836,,1,,,,,,,,,,0
9213837,,1,,,,,,,,,,0
9213838,,1,,,,,,,,,,0
9213839,,1,,,,,,,,,,0
9213840,,1,,,,,,,,,,0
9213841,,1,,,,,,,,,,0
9213842,,1,,,,,,,,,,0
9213843,,1,,,,,,,,,,0
9213844,,1,,,,,,,,,,0
9213845,,1,,,,,,,,,,0
9213846,,1,,,,,,,,,,0
9213847,,1,,,,,,,,,,0
9213848,,1,,,,,,,,,,0
9213849,,1,,,,,,,,,,0
9213850,,1,,,,,,,,,,0
9213851,,1,,,,,,,,,,0
9213852,,1,,,,,,,,,,0
9213853,,1,,,,,,,,,,0
9213854,,1,,,,,,,,,,0
9213855,,1,,,,,,,,,,0
9213856,,1,,,,,,,,,,0
9213857,,1,,,,,,,,,,0
9213858,,1,,,,,,,,,,0
9213859,,1,,,,,,,,,,0
9213860,,1,,,,,,,,,,0
9213861,,1,,,,,,,,,,0
9213862,,1,,,,,,,,,,0
9213863,,1,,,,,,,,,,0
9213864,,1,,,,,,,,,,0
9213865,,1,,,,,,,,,,0
9213866,,1,,,,,,,,,,0
9213867,,1,,,,,,,,,,0
9213868,,1,,,,,,,,,,0
9213869,,1,,,,,,,,,,0
9213870,,1,,,,,,,,,,0
9213871,,1,,,,,,,,,,0
9213872,,1,,,,,,,,,,0
9213873,,1,,,,,,,,,,0
9213874,,1,,,,,,,,,,0
9213875,,1,,,,,,,,,,0
9213876,,1,,,,,,,,,,0
9213877,,1,,,,,,,,,,0
9213878,,1,,,,,,,,,,0
9213879,,1,,,,,,,,,,0
9213880,,1,,,,,,,,,,0
9213881,,1,,,,,,,,,,0
9213882,,1,,,,,,,,,,0
9213883,,1,,,,,,,,,,0
9213884,,1,,,,,,,,,,0
9213885,,1,,,,,,,,,,0
9213886,,1,,,,,,,,,,0
9213887,,1,,,,,,,,,,0
9213888,,1,,,,,,,,,,0
9213889,,1,,,,,,,,,,0
9213890,,1,,,,,,,,,,0
9213891,,1,,,,,,,,,,0
9213892,,1,,,,,,,,,,0
9213893,,1,,,,,,,,,,0
9213894,,1,,,,,,,,,,0
9213895,,1,,,,,,,,,,0
9213896,,1,,,,,,,,,,0
9213897,,1,,,,,,,,,,0
9213898,,1,,,,,,,,,,0
9213899,,1,,,,,,,,,,0
9213900,,1,,,,,,,,,,0
9213901,,1,,,,,,,,,,0
9213902,,1,,,,,,,,,,0
9213903,,1,,,,,,,,,,0
9213904,,1,,,,,,,,,,0
9213905,,1,,,,,,,,,,0
9213906,,1,,,,,,,,,,0
9213907,,1,,,,,,,,,,0
9213908,,1,,,,,,,,,,0
9213909,,1,,,,,,,,,,0
9213910,,1,,,,,,,,,,0
9213911,,1,,,,,,,,,,0
9213912,,1,,,,,,,,,,0
9213913,,1,,,,,,,,,,0
9213914,,1,,,,,,,,,,0
9213915,,1,,,,,,,,,,0
9213916,,1,,,,,,,,,,0
9213917,,1,,,,,,,,,,0
9213918,,1,,,,,,,,,,0
9213919,,1,,,,,,,,,,0
9213920,,1,,,,,,,,,,0
9213921,,1,,,,,,,,,,0
9213922,,1,,,,,,,,,,0
9213923,,1,,,,,,,,,,0
9213924,,1,,,,,,,,,,0
9213925,,1,,,,,,,,,,0
9213926,,1,,,,,,,,,,0
9213927,,1,,,,,,,,,,0
9213928,,1,,,,,,,,,,0
9213929,,1,,,,,,,,,,0
9213930,,1,,,,,,,,,,0
9213931,,1,,,,,,,,,,0
9213932,,1,,,,,,,,,,0
9213933,,1,,,,,,,,,,0
9213934,,1,,,,,,,,,,0
9213935,,1,,,,,,,,,,0
9213936,,1,,,,,,,,,,0
9213937,,1,,,,,,,,,,0
9213938,,1,,,,,,,,,,0
9213939,,1,,,,,,,,,,0
9213940,,1,,,,,,,,,,0
9213941,,1,,,,,,,,,,0
9213942,,1,,,,,,,,,,0
9213943,,1,,,,,,,,,,0
9213944,,1,,,,,,,,,,0
9213945,,1,,,,,,,,,,0
9213946,,1,,,,,,,,,,0
9213947,,1,,,,,,,,,,0
9213948,,1,,,,,,,,,,0
9213949,,1,,,,,,,,,,0
9213950,,1,,,,,,,,,,0
9213951,,1,,,,,,,,,,0
9213952,,1,,,,,,,,,,0
9213953,,1,,,,,,,,,,0
9213954,,1,,,,,,,,,,0
9213955,,1,,,,,,,,,,0
9213956,,1,,,,,,,,,,0
9213957,,1,,,,,,,,,,0
9213958,,1,,,,,,,,,,0
9213959,,1,,,,,,,,,,0
9213960,,1,,,,,,,,,,0
9213961,,1,,,,,,,,,,0
9213962,,1,,,,,,,,,,0
9213963,,1,,,,,,,,,,0
9213964,,1,,,,,,,,,,0
9213965,,1,,,,,,,,,,0
9213966,,1,,,,,,,,,,0
9213967,,1,,,,,,,,,,0
9213968,,1,,,,,,,,,,0
9213969,,1,,,,,,,,,,0
9213970,,1,,,,,,,,,,0
9213971,,1,,,,,,,,,,0
9213972,,1,,,,,,,,,,0
9213973,,1,,,,,,,,,,0
9213974,,1,,,,,,,,,,0
9213975,,1,,,,,,,,,,0
9213976,,1,,,,,,,,,,0
9213977,,1,,,,,,,,,,0
9213978,,1,,,,,,,,,,0
9213979,,1,,,,,,,,,,0
9213980,,1,,,,,,,,,,0
9213981,,1,,,,,,,,,,0
9213982,,1,,,,,,,,,,0
9213983,,1,,,,,,,,,,0
9213984,,1,,,,,,,,,,0
9213985,,1,,,,,,,,,,0
9213986,,1,,,,,,,,,,0
9213987,,1,,,,,,,,,,0
1403474,,2,,,,,,,,,,0
1403475,,2,,,,,,,,,,0
1403476,,2,,,,,,,,,,0
1403477,,2,,,,,,,,,,0
1403478,,2,,,,,,,,,,0
1403479,,2,,,,,,,,,,0
1403480,,2,,,,,,,,,,0
1403481,,2,,,,,,,,,,0
1403482,,2,,,,,,,,,,0
1403483,,2,,,,,,,,,,0
1403484,,2,,,,,,,,,,0
1403485,,2,,,,,,,,,,0
1403486,,2,,,,,,,,,,0
1403487,,2,,,,,,,,,,0
1403488,,2,,,,,,,,,,0
1403489,,2,,,,,,,,,,0
1403490,,2,,,,,,,,,,0
1403491,,2,,,,,,,,,,0
1403492,,2,,,,,,,,,,0
1403493,,2,,,,,,,,,,0
1403494,,2,,,,,,,,,,0
1403495,,2,,,,,,,,,,0
1403496,,2,,,,,,,,,,0
1403497,,2,,,,,,,,,,0
1403498,,2,,,,,,,,,,0
1403499,,2,,,,,,,,,,0
1403500,,2,,,,,,,,,,0
1403501,,2,,,,,,,,,,0
1403502,,2,,,,,,,,,,0
1403503,,2,,,,,,,,,,0
1403504,,2,,,,,,,,,,0
1403505,,2,,,,,,,,,,0
1403506,,2,,,,,,,,,,0
1403507,,2,,,,,,,,,,0
1403508,,2,,,,,,,,,,0
1403509,,2,,,,,,,,,,0
1403510,,2,,,,,,,,,,0
1403511,,2,,,,,,,,,,0
1403512,,2,,,,,,,,,,0
1403513,,2,,,,,,,,,,0
1403514,,2,,,,,,,,,,0
1403515,,2,,,,,,,,,,0
1403516,,2,,,,,,,,,,0
1403517,,2,,,,,,,,,,0
1403518,,2,,,,,,,,,,0
1403519,,2,,,,,,,,,,0
1403520,,2,,,,,,,,,,0
1403521,,2,,,,,,,,,,0
1403522,,2,,,,,,,,,,0
1403523,,2,,,,,,,,,,0
1403524,,2,,,,,,,,,,0
1403525,,2,,,,,,,,,,0
1403526,,2,,,,,,,,,,0
1403527,,2,,,,,,,,,,0
1403528,,2,,,,,,,,,,0
1403529,,2,,,,,,,,,,0
1403530,,2,,,,,,,,,,0
1403531,,2,,,,,,,,,,0
1403532,,2,,,,,,,,,,0
1403533,,2,,,,,,,,,,0
1403534,,2,,,,,,,,,,0
1403535,,2,,,,,,,,,,0
1403536,,2,,,,,,,,,,0
1403537,,2,,,,,,,,,,0
1403538,,2,,,,,,,,,,0
1403539,,2,,,,,,,,,,0
1403540,,2,,,,,,,,,,0
1403541,,2,,,,,,,,,,0
1403542,,2,,,,,,,,,,0
1403543,,2,,,,,,,,,,0
1403544,,2,,,,,,,,,,0
1403545,,2,,,,,,,,,,0
1403546,,2,,,,,,,,,,0
1403547,,2,,,,,,,,,,0
1403548,,2,,,,,,,,,,0
1403549,,2,,,,,,,,,,0
1403550,,2,,,,,,,,,,0
1403551,,2,,,,,,,,,,0
1403552,,2,,,,,,,,,,0
1403553,,2,,,,,,,,,,0
1403554,,2,,,,,,,,,,0
1403555,,2,,,,,,,,,,0
1403556,,2,,,,,,,,,,0
1403557,,2,,,,,,,,,,0
1403558,,2,,,,,,,,,,0
1403559,,2,,,,,,,,,,0
1403560,,2,,,,,,,,,,0
1403561,,2,,,,,,,,,,0
1403562,,2,,,,,,,,,,0
1403563,,2,,,,,,,,,,0
1403564,,2,,,,,,,,,,0
1403565,,2,,,,,,,,,,0
1403566,,2,,,,,,,,,,0
1403567,,2,,,,,,,,,,0
1403568,,2,,,,,,,,,,0
1403569,,2,,,,,,,,,,0
1403570,,2,,,,,,,,,,0
1403571,,2,,,,,,,,,,0
1403572,,2,,,,,,,,,,0
1403573,,2,,,,,,,,,,0
1403574,,2,,,,,,,,,,0
1403575,,2,,,,,,,,,,0
1403576,,2,,,,,,,,,,0
1403577,,2,,,,,,,,,,0
1403578,,2,,,,,,,,,,0
1403579,,2,,,,,,,,,,0
1403580,,2,,,,,,,,,,0
1403581,,2,,,,,,,,,,0
1403582,,2,,,,,,,,,,0
1403583,,2,,,,,,,,,,0
1403584,,2,,,,,,,,,,0
1403585,,2,,,,,,,,,,0
1403586,,2,,,,,,,,,,0
1403587,,2,,,,,,,,,,0
1403588,,2,,,,,,,,,,0
1403589,,2,,,,,,,,,,0
1403590,,2,,,,,,,,,,0
1403591,,2,,,,,,,,,,0
1403592,,2,,,,,,,,,,0
1403593,,2,,,,,,,,,,0
1403594,,2,,,,,,,,,,0
1403595,,2,,,,,,,,,,0
1403596,,2,,,,,,,,,,0
1403597,,2,,,,,,,,,,0
1403598,,2,,,,,,,,,,0
1403599,,2,,,,,,,,,,0
1403600,,2,,,,,,,,,,0
1403601,,2,,,,,,,,,,0
1403602,,2,,,,,,,,,,0
1403603,,2,,,,,,,,,,0
1403604,,2,,,,,,,,,,0
1403605,,2,,,,,,,,,,0
1403606,,2,,,,,,,,,,0
1403607,,2,,,,,,,,,,0
1403608,,2,,,,,,,,,,0
1403609,,2,,,,,,,,,,0
1403610,,2,,,,,,,,,,0
1403611,,2,,,,,,,,,,0
1403612,,2,,,,,,,,,,0
1403613,,2,,,,,,,,,,0
1403614,,2,,,,,,,,,,0
1403615,,2,,,,,,,,,,0
1403616,,2,,,,,,,,,,0
1403617,,2,,,,,,,,,,0
1403618,,2,,,,,,,,,,0
1403619,,2,,,,,,,,,,0
1403620,,2,,,,,,,,,,0
1403621,,2,,,,,,,,,,0
1403622,,2,,,,,,,,,,0
1403623,,2,,,,,,,,,,0
1403624,,2,,,,,,,,,,0
1403625,,2,,,,,,,,,,0
1403626,,2,,,,,,,,,,0
1403627,,2,,,,,,,,,,0
1403628,,2,,,,,,,,,,0
1403629,,2,,,,,,,,,,0
1403630,,2,,,,,,,,,,0
1403631,,2,,,,,,,,,,0
1403632,,2,,,,,,,,,,0
1403633,,2,,,,,,,,,,0
1403634,,2,,,,,,,,,,0
1403635,,2,,,,,,,,,,0
1403636,,2,,,,,,,,,,0
1403637,,2,,,,,,,,,,0
1403638,,2,,,,,,,,,,0
1403639,,2,,,,,,,,,,0
1403640,,2,,,,,,,,,,0
1403641,,2,,,,,,,,,,0
1403642,,2,,,,,,,,,,0
1403643,,2,,,,,,,,,,0
1403644,,2,,,,,,,,,,0
1403645,,2,,,,,,,,,,0
1403646,,2,,,,,,,,,,0
1403647,,2,,,,,,,,,,0
1403648,,2,,,,,,,,,,0
1403649,,2,,,,,,,,,,0
1403650,,2,,,,,,,,,,0
1403651,,2,,,,,,,,,,0
1403652,,2,,,,,,,,,,0
1403653,,2,,,,,,,,,,0
1403654,,2,,,,,,,,,,0
1403655,,2,,,,,,,,,,0
1403656,,2,,,,,,,,,,0
1403657,,2,,,,,,,,,,0
1403658,,2,,,,,,,,,,0
1403659,,2,,,,,,,,,,0
1403660,,2,,,,,,,,,,0
1403661,,2,,,,,,,,,,0
1403662,,2,,,,,,,,,,0
1403663,,2,,,,,,,,,,0
1403664,,2,,,,,,,,,,0
1403665,,2,,,,,,,,,,0
1403666,,2,,,,,,,,,,0
1403667,,2,,,,,,,,,,0
1403668,,2,,,,,,,,,,0
1403669,,2,,,,,,,,,,0
1403670,,2,,,,,,,,,,0
1403671,,2,,,,,,,,,,0
1403672,,2,,,,,,,,,,0
1403673,,2,,,,,,,,,,0
1403674,,2,,,,,,,,,,0
1403675,,2,,,,,,,,,,0
1403676,,2,,,,,,,,,,0
1403677,,2,,,,,,,,,,0
1403678,,2,,,,,,,,,,0
1403679,,2,,,,,,,,,,0
1403680,,2,,,,,,,,,,0
1403681,,2,,,,,,,,,,0
1403682,,2,,,,,,,,,,0
1403683,,2,,,,,,,,,,0
1403684,,2,,,,,,,,,,0
1403685,,2,,,,,,,,,,0
1403686,,2,,,,,,,,,,0
1403687,,2,,,,,,,,,,0
1403688,,2,,,,,,,,,,0
1403689,,2,,,,,,,,,,0
1403690,,2,,,,,,,,,,0
1403691,,2,,,,,,,,,,0
1403692,,2,,,,,,,,,,0
1403693,,2,,,,,,,,,,0
1403694,,2,,,,,,,,,,0
1403695,,2,,,,,,,,,,0
1403696,,2,,,,,,,,,,0
1403697,,2,,,,,,,,,,0
1403698,,2,,,,,,,,,,0
1403699,,2,,,,,,,,,,0
1403700,,2,,,,,,,,,,0
1403701,,2,,,,,,,,,,0
1403702,,2,,,,,,,,,,0
1403703,,2,,,,,,,,,,0
1403704,,2,,,,,,,,,,0
1403705,,2,,,,,,,,,,0
1403706,,2,,,,,,,,,,0
1403707,,2,,,,,,,,,,0
1403708,,2,,,,,,,,,,0
1403709,,2,,,,,,,,,,0
1403710,,2,,,,,,,,,,0
1403711,,2,,,,,,,,,,0
1403712,,2,,,,,,,,,,0
1403713,,2,,,,,,,,,,0
1403714,,2,,,,,,,,,,0
1403715,,2,,,,,,,,,,0
1403716,,2,,,,,,,,,,0
1403717,,2,,,,,,,,,,0
1403718,,2,,,,,,,,,,0
1403719,,2,,,,,,,,,,0
1403720,,2,,,,,,,,,,0
1403721,,2,,,,,,,,,,0
1403722,,2,,,,,,,,,,0
1403723,,2,,,,,,,,,,0
1403724,,2,,,,,,,,,,0
1403725,,2,,,,,,,,,,0
1403726,,2,,,,,,,,,,0
1403727,,2,,,,,,,,,,0
1403728,,2,,,,,,,,,,0
1403729,,2,,,,,,,,,,0
1403730,,2,,,,,,,,,,0
1403731,,2,,,,,,,,,,0
1403732,,2,,,,,,,,,,0
1403733,,2,,,,,,,,,,0
1403734,,2,,,,,,,,,,0
1403735,,2,,,,,,,,,,0
1403736,,2,,,,,,,,,,0
1403737,,2,,,,,,,,,,0
1403738,,2,,,,,,,,,,0
1403739,,2,,,,,,,,,,0
1403740,,2,,,,,,,,,,0
1403741,,2,,,,,,,,,,0
1403742,,2,,,,,,,,,,0
1403743,,2,,,,,,,,,,0
1403744,,2,,,,,,,,,,0
1403745,,2,,,,,,,,,,0
1403746,,2,,,,,,,,,,0
1403747,,2,,,,,,,,,,0
1403748,,2,,,,,,,,,,0
1403749,,2,,,,,,,,,,0
1403750,,2,,,,,,,,,,0
1403751,,2,,,,,,,,,,0
1403752,,2,,,,,,,,,,0
1403753,,2,,,,,,,,,,0
1403754,,2,,,,,,,,,,0
1403755,,2,,,,,,,,,,0
1403756,,2,,,,,,,,,,0
1403757,,2,,,,,,,,,,0
1403758,,2,,,,,,,,,,0
1403759,,2,,,,,,,,,,0
1403760,,2,,,,,,,,,,0
1403761,,2,,,,,,,,,,0
1403762,,2,,,,,,,,,,0
1403763,,2,,,,,,,,,,0
1403764,,2,,,,,,,,,,0
1403765,,2,,,,,,,,,,0
1403766,,2,,,,,,,,,,0
1403767,,2,,,,,,,,,,0
1403768,,2,,,,,,,,,,0
1403769,,2,,,,,,,,,,0
1403770,,2,,,,,,,,,,0
1403771,,2,,,,,,,,,,0
1403772,,2,,,,,,,,,,0
1403773,,2,,,,,,,,,,0
1403774,,2,,,,,,,,,,0
1403775,,2,,,,,,,,,,0
1403776,,2,,,,,,,,,,0
1403777,,2,,,,,,,,,,0
1403778,,2,,,,,,,,,,0
1403779,,2,,,,,,,,,,0
1403780,,2,,,,,,,,,,0
1403781,,2,,,,,,,,,,0
1403782,,2,,,,,,,,,,0
1403783,,2,,,,,,,,,,0
1403784,,2,,,,,,,,,,0
1403785,,2,,,,,,,,,,0
1403786,,2,,,,,,,,,,0
1403787,,2,,,,,,,,,,0
1403788,,2,,,,,,,,,,0
1403789,,2,,,,,,,,,,0
1403790,,2,,,,,,,,,,0
1403791,,2,,,,,,,,,,0
1403792,,2,,,,,,,,,,0
1403793,,2,,,,,,,,,,0
1403794,,2,,,,,,,,,,0
1403795,,2,,,,,,,,,,0
1403796,,2,,,,,,,,,,0
1403797,,2,,,,,,,,,,0
1403798,,2,,,,,,,,,,0
1403799,,2,,,,,,,,,,0
1403800,,2,,,,,,,,,,0
1403801,,2,,,,,,,,,,0
1403802,,2,,,,,,,,,,0
1403803,,2,,,,,,,,,,0
1403804,,2,,,,,,,,,,0
1403805,,2,,,,,,,,,,0
1403806,,2,,,,,,,,,,0
1403807,,2,,,,,,,,,,0
1403808,,2,,,,,,,,,,0
1403809,,2,,,,,,,,,,0
1403810,,2,,,,,,,,,,0
1403811,,2,,,,,,,,,,0
1403812,,2,,,,,,,,,,0
1403813,,2,,,,,,,,,,0
1403814,,2,,,,,,,,,,0
1403815,,2,,,,,,,,,,0
1403816,,2,,,,,,,,,,0
1403817,,2,,,,,,,,,,0
1403818,,2,,,,,,,,,,0
1403819,,2,,,,,,,,,,0
1403820,,2,,,,,,,,,,0
1403821,,2,,,,,,,,,,0
1403822,,2,,,,,,,,,,0
1403823,,2,,,,,,,,,,0
1403824,,2,,,,,,,,,,0
1403825,,2,,,,,,,,,,0
1403826,,2,,,,,,,,,,0
1403827,,2,,,,,,,,,,0
1403828,,2,,,,,,,,,,0
1403829,,2,,,,,,,,,,0
1403830,,2,,,,,,,,,,0
1403831,,2,,,,,,,,,,0
1403832,,2,,,,,,,,,,0
1403833,,2,,,,,,,,,,0
1403834,,2,,,,,,,,,,0
1403835,,2,,,,,,,,,,0
1403836,,2,,,,,,,,,,0
1403837,,2,,,,,,,,,,0
1403838,,2,,,,,,,,,,0
1403839,,2,,,,,,,,,,0
1403840,,2,,,,,,,,,,0
1403841,,2,,,,,,,,,,0
1403842,,2,,,,,,,,,,0
1403843,,2,,,,,,,,,,0
1403844,,2,,,,,,,,,,0
1403845,,2,,,,,,,,,,0
1403846,,2,,,,,,,,,,0
1403847,,2,,,,,,,,,,0
1403848,,2,,,,,,,,,,0
1403849,,2,,,,,,,,,,0
1403850,,2,,,,,,,,,,0
1403851,,2,,,,,,,,,,0
1403852,,2,,,,,,,,,,0
1403853,,2,,,,,,,,,,0
1403854,,2,,,,,,,,,,0
1403855,,2,,,,,,,,,,0
1403856,,2,,,,,,,,,,0
1403857,,2,,,,,,,,,,0
1403858,,2,,,,,,,,,,0
1403859,,2,,,,,,,,,,0
1403860,,2,,,,,,,,,,0
1403861,,2,,,,,,,,,,0
1403862,,2,,,,,,,,,,0
1403863,,2,,,,,,,,,,0
1403864,,2,,,,,,,,,,0
1403865,,2,,,,,,,,,,0
1403866,,2,,,,,,,,,,0
1403867,,2,,,,,,,,,,0
1403868,,2,,,,,,,,,,0
1403869,,2,,,,,,,,,,0
1403870,,2,,,,,,,,,,0
1403871,,2,,,,,,,,,,0
1403872,,2,,,,,,,,,,0
1403873,,2,,,,,,,,,,0
1403874,,2,,,,,,,,,,0
1403875,,2,,,,,,,,,,0
1403876,,2,,,,,,,,,,0
1403877,,2,,,,,,,,,,0
1403878,,2,,,,,,,,,,0
1403879,,2,,,,,,,,,,0
1403880,,2,,,,,,,,,,0
1403881,,2,,,,,,,,,,0
1403882,,2,,,,,,,,,,0
1403883,,2,,,,,,,,,,0
1403884,,2,,,,,,,,,,0
1403885,,2,,,,,,,,,,0
1403886,,2,,,,,,,,,,0
1403887,,2,,,,,,,,,,0
1403888,,2,,,,,,,,,,0
1403889,,2,,,,,,,,,,0
1403890,,2,,,,,,,,,,0
1403891,,2,,,,,,,,,,0
1403892,,2,,,,,,,,,,0
1403893,,2,,,,,,,,,,0
1403894,,2,,,,,,,,,,0
1403895,,2,,,,,,,,,,0
1403896,,2,,,,,,,,,,0
1403897,,2,,,,,,,,,,0
1403898,,2,,,,,,,,,,0
1403899,,2,,,,,,,,,,0
1403900,,2,,,,,,,,,,0
1403901,,2,,,,,,,,,,0
1403902,,2,,,,,,,,,,0
1403903,,2,,,,,,,,,,0
1403904,,2,,,,,,,,,,0
1403905,,2,,,,,,,,,,0
1403906,,2,,,,,,,,,,0
1403907,,2,,,,,,,,,,0
1403908,,2,,,,,,,,,,0
1403909,,2,,,,,,,,,,0
1403910,,2,,,,,,,,,,0
1403911,,2,,,,,,,,,,0
1403912,,2,,,,,,,,,,0
1403913,,2,,,,,,,,,,0
1403914,,2,,,,,,,,,,0
1403915,,2,,,,,,,,,,0
1403916,,2,,,,,,,,,,0
1403917,,2,,,,,,,,,,0
1403918,,2,,,,,,,,,,0
1403919,,2,,,,,,,,,,0
1403920,,2,,,,,,,,,,0
1403921,,2,,,,,,,,,,0
1403922,,2,,,,,,,,,,0
1403923,,2,,,,,,,,,,0
1403924,,2,,,,,,,,,,0
1403925,,2,,,,,,,,,,0
1403926,,2,,,,,,,,,,0
1403927,,2,,,,,,,,,,0
1403928,,2,,,,,,,,,,0
1403929,,2,,,,,,,,,,0
1403930,,2,,,,,,,,,,0
1403931,,2,,,,,,,,,,0
1403932,,2,,,,,,,,,,0
1403933,,2,,,,,,,,,,0
1403934,,2,,,,,,,,,,0
1403935,,2,,,,,,,,,,0
1403936,,2,,,,,,,,,,0
1403937,,2,,,,,,,,,,0
1403938,,2,,,,,,,,,,0
1403939,,2,,,,,,,,,,0
1403940,,2,,,,,,,,,,0
1403941,,2,,,,,,,,,,0
1403942,,2,,,,,,,,,,0
1403943,,2,,,,,,,,,,0
1403944,,2,,,,,,,,,,0
1403945,,2,,,,,,,,,,0
1403946,,2,,,,,,,,,,0
1403947,,2,,,,,,,,,,0
1403948,,2,,,,,,,,,,0
1403949,,2,,,,,,,,,,0
1403950,,2,,,,,,,,,,0
1403951,,2,,,,,,,,,,0
1403952,,2,,,,,,,,,,0
1403953,,2,,,,,,,,,,0
1403954,,2,,,,,,,,,,0
1403955,,2,,,,,,,,,,0
1403956,,2,,,,,,,,,,0
1403957,,2,,,,,,,,,,0
1403958,,2,,,,,,,,,,0
1403959,,2,,,,,,,,,,0
1403960,,2,,,,,,,,,,0
1403961,,2,,,,,,,,,,0
1403962,,2,,,,,,,,,,0
1403963,,2,,,,,,,,,,0
1403964,,2,,,,,,,,,,0
1403965,,2,,,,,,,,,,0
1403966,,2,,,,,,,,,,0
1403967,,2,,,,,,,,,,0
1403968,,2,,,,,,,,,,0
1403969,,2,,,,,,,,,,0
1403970,,2,,,,,,,,,,0
1403971,,2,,,,,,,,,,0
1403972,,2,,,,,,,,,,0
1403973,,2,,,,,,,,,,0
9213988,,1,,,,,,,,,,0
9213989,,1,,,,,,,,,,0
9213990,,1,,,,,,,,,,0
9213991,,1,,,,,,,,,,0
9213992,,1,,,,,,,,,,0
9213993,,1,,,,,,,,,,0
9213994,,1,,,,,,,,,,0
9213995,,1,,,,,,,,,,0
9213996,,1,,,,,,,,,,0
9213997,,1,,,,,,,,,,0
9213998,,1,,,,,,,,,,0
9213999,,1,,,,,,,,,,0
9214000,,1,,,,,,,,,,0
9214001,,1,,,,,,,,,,0
9214002,,1,,,,,,,,,,0
9214003,,1,,,,,,,,,,0
9214004,,1,,,,,,,,,,0
9214005,,1,,,,,,,,,,0
9214006,,1,,,,,,,,,,0
9214007,,1,,,,,,,,,,0
9214008,,1,,,,,,,,,,0
9214009,,1,,,,,,,,,,0
9214010,,1,,,,,,,,,,0
9214011,,1,,,,,,,,,,0
9214012,,1,,,,,,,,,,0
9214013,,1,,,,,,,,,,0
9214014,,1,,,,,,,,,,0
9214015,,1,,,,,,,,,,0
9214016,,1,,,,,,,,,,0
9214017,,1,,,,,,,,,,0
9214018,,1,,,,,,,,,,0
9214019,,1,,,,,,,,,,0
9214020,,1,,,,,,,,,,0
9214021,,1,,,,,,,,,,0
9214022,,1,,,,,,,,,,0
9214023,,1,,,,,,,,,,0
9214024,,1,,,,,,,,,,0
9214025,,1,,,,,,,,,,0
9214026,,1,,,,,,,,,,0
9214027,,1,,,,,,,,,,0
9214028,,1,,,,,,,,,,0
9214029,,1,,,,,,,,,,0
9214030,,1,,,,,,,,,,0
9214031,,1,,,,,,,,,,0
9214032,,1,,,,,,,,,,0
9214033,,1,,,,,,,,,,0
9214034,,1,,,,,,,,,,0
9214035,,1,,,,,,,,,,0
9214036,,1,,,,,,,,,,0
9214037,,1,,,,,,,,,,0
9214038,,1,,,,,,,,,,0
9214039,,1,,,,,,,,,,0
9214040,,1,,,,,,,,,,0
9214041,,1,,,,,,,,,,0
9214042,,1,,,,,,,,,,0
9214043,,1,,,,,,,,,,0
9214044,,1,,,,,,,,,,0
9214045,,1,,,,,,,,,,0
9214046,,1,,,,,,,,,,0
9214047,,1,,,,,,,,,,0
9214048,,1,,,,,,,,,,0
9214049,,1,,,,,,,,,,0
9214050,,1,,,,,,,,,,0
9214051,,1,,,,,,,,,,0
9214052,,1,,,,,,,,,,0
9214053,,1,,,,,,,,,,0
9214054,,1,,,,,,,,,,0
9214055,,1,,,,,,,,,,0
9214056,,1,,,,,,,,,,0
9214057,,1,,,,,,,,,,0
9214058,,1,,,,,,,,,,0
9214059,,1,,,,,,,,,,0
9214060,,1,,,,,,,,,,0
9214061,,1,,,,,,,,,,0
9214062,,1,,,,,,,,,,0
9214063,,1,,,,,,,,,,0
9214064,,1,,,,,,,,,,0
9214065,,1,,,,,,,,,,0
9214066,,1,,,,,,,,,,0
9214067,,1,,,,,,,,,,0
9214068,,1,,,,,,,,,,0
9214069,,1,,,,,,,,,,0
9214070,,1,,,,,,,,,,0
9214071,,1,,,,,,,,,,0
9214072,,1,,,,,,,,,,0
9214073,,1,,,,,,,,,,0
9214074,,1,,,,,,,,,,0
9214075,,1,,,,,,,,,,0
9214076,,1,,,,,,,,,,0
9214077,,1,,,,,,,,,,0
9214078,,1,,,,,,,,,,0
9214079,,1,,,,,,,,,,0
9214080,,1,,,,,,,,,,0
9214081,,1,,,,,,,,,,0
9214082,,1,,,,,,,,,,0
9214083,,1,,,,,,,,,,0
9214084,,1,,,,,,,,,,0
9214085,,1,,,,,,,,,,0
9214086,,1,,,,,,,,,,0
9214087,,1,,,,,,,,,,0
9214088,,1,,,,,,,,,,0
9214089,,1,,,,,,,,,,0
9214090,,1,,,,,,,,,,0
9214091,,1,,,,,,,,,,0
9214092,,1,,,,,,,,,,0
9214093,,1,,,,,,,,,,0
9214094,,1,,,,,,,,,,0
9214095,,1,,,,,,,,,,0
9214096,,1,,,,,,,,,,0
9214097,,1,,,,,,,,,,0
9214098,,1,,,,,,,,,,0
9214099,,1,,,,,,,,,,0
9214100,,1,,,,,,,,,,0
9214101,,1,,,,,,,,,,0
9214102,,1,,,,,,,,,,0
9214103,,1,,,,,,,,,,0
9214104,,1,,,,,,,,,,0
9214105,,1,,,,,,,,,,0
9214106,,1,,,,,,,,,,0
9214107,,1,,,,,,,,,,0
9214108,,1,,,,,,,,,,0
9214109,,1,,,,,,,,,,0
9214110,,1,,,,,,,,,,0
9214111,,1,,,,,,,,,,0
9214112,,1,,,,,,,,,,0
9214113,,1,,,,,,,,,,0
9214114,,1,,,,,,,,,,0
9214115,,1,,,,,,,,,,0
9214116,,1,,,,,,,,,,0
9214117,,1,,,,,,,,,,0
9214118,,1,,,,,,,,,,0
9214119,,1,,,,,,,,,,0
9214120,,1,,,,,,,,,,0
9214121,,1,,,,,,,,,,0
9214122,,1,,,,,,,,,,0
9214123,,1,,,,,,,,,,0
9214124,,1,,,,,,,,,,0
9214125,,1,,,,,,,,,,0
9214126,,1,,,,,,,,,,0
9214127,,1,,,,,,,,,,0
9214128,,1,,,,,,,,,,0
9214129,,1,,,,,,,,,,0
9214130,,1,,,,,,,,,,0
9214131,,1,,,,,,,,,,0
9214132,,1,,,,,,,,,,0
9214133,,1,,,,,,,,,,0
9214134,,1,,,,,,,,,,0
9214135,,1,,,,,,,,,,0
9214136,,1,,,,,,,,,,0
9214137,,1,,,,,,,,,,0
9214138,,1,,,,,,,,,,0
9214139,,1,,,,,,,,,,0
9214140,,1,,,,,,,,,,0
9214141,,1,,,,,,,,,,0
9214142,,1,,,,,,,,,,0
9214143,,1,,,,,,,,,,0
9214144,,1,,,,,,,,,,0
9214145,,1,,,,,,,,,,0
9214146,,1,,,,,,,,,,0
9214147,,1,,,,,,,,,,0
9214148,,1,,,,,,,,,,0
9214149,,1,,,,,,,,,,0
9214150,,1,,,,,,,,,,0
9214151,,1,,,,,,,,,,0
9214152,,1,,,,,,,,,,0
9214153,,1,,,,,,,,,,0
9214154,,1,,,,,,,,,,0
9214155,,1,,,,,,,,,,0
9214156,,1,,,,,,,,,,0
9214157,,1,,,,,,,,,,0
9214158,,1,,,,,,,,,,0
9214159,,1,,,,,,,,,,0
9214160,,1,,,,,,,,,,0
9214161,,1,,,,,,,,,,0
9214162,,1,,,,,,,,,,0
9214163,,1,,,,,,,,,,0
9214164,,1,,,,,,,,,,0
9214165,,1,,,,,,,,,,0
9214166,,1,,,,,,,,,,0
9214167,,1,,,,,,,,,,0
9214168,,1,,,,,,,,,,0
9214169,,1,,,,,,,,,,0
9214170,,1,,,,,,,,,,0
9214171,,1,,,,,,,,,,0
9214172,,1,,,,,,,,,,0
9214173,,1,,,,,,,,,,0
9214174,,1,,,,,,,,,,0
9214175,,1,,,,,,,,,,0
9214176,,1,,,,,,,,,,0
9214177,,1,,,,,,,,,,0
9214178,,1,,,,,,,,,,0
9214179,,1,,,,,,,,,,0
9214180,,1,,,,,,,,,,0
9214181,,1,,,,,,,,,,0
9214182,,1,,,,,,,,,,0
9214183,,1,,,,,,,,,,0
9214184,,1,,,,,,,,,,0
9214185,,1,,,,,,,,,,0
9214186,,1,,,,,,,,,,0
9214187,,1,,,,,,,,,,0
9214188,,1,,,,,,,,,,0
9214189,,1,,,,,,,,,,0
9214190,,1,,,,,,,,,,0
9214191,,1,,,,,,,,,,0
9214192,,1,,,,,,,,,,0
9214193,,1,,,,,,,,,,0
9214194,,1,,,,,,,,,,0
9214195,,1,,,,,,,,,,0
9214196,,1,,,,,,,,,,0
9214197,,1,,,,,,,,,,0
9214198,,1,,,,,,,,,,0
9214199,,1,,,,,,,,,,0
9214200,,1,,,,,,,,,,0
9214201,,1,,,,,,,,,,0
9214202,,1,,,,,,,,,,0
9214203,,1,,,,,,,,,,0
9214204,,1,,,,,,,,,,0
9214205,,1,,,,,,,,,,0
9214206,,1,,,,,,,,,,0
9214207,,1,,,,,,,,,,0
9214208,,1,,,,,,,,,,0
9214209,,1,,,,,,,,,,0
9214210,,1,,,,,,,,,,0
9214211,,1,,,,,,,,,,0
9214212,,1,,,,,,,,,,0
9214213,,1,,,,,,,,,,0
9214214,,1,,,,,,,,,,0
9214215,,1,,,,,,,,,,0
9214216,,1,,,,,,,,,,0
9214217,,1,,,,,,,,,,0
9214218,,1,,,,,,,,,,0
9214219,,1,,,,,,,,,,0
9214220,,1,,,,,,,,,,0
9214221,,1,,,,,,,,,,0
9214222,,1,,,,,,,,,,0
9214223,,1,,,,,,,,,,0
9214224,,1,,,,,,,,,,0
9214225,,1,,,,,,,,,,0
9214226,,1,,,,,,,,,,0
9214227,,1,,,,,,,,,,0
9214228,,1,,,,,,,,,,0
9214229,,1,,,,,,,,,,0
9214230,,1,,,,,,,,,,0
9214231,,1,,,,,,,,,,0
9214232,,1,,,,,,,,,,0
9214233,,1,,,,,,,,,,0
9214234,,1,,,,,,,,,,0
9214235,,1,,,,,,,,,,0
9214236,,1,,,,,,,,,,0
9214237,,1,,,,,,,,,,0
9214238,,1,,,,,,,,,,0
9214239,,1,,,,,,,,,,0
9214240,,1,,,,,,,,,,0
9214241,,1,,,,,,,,,,0
9214242,,1,,,,,,,,,,0
9214243,,1,,,,,,,,,,0
9214244,,1,,,,,,,,,,0
9214245,,1,,,,,,,,,,0
9214246,,1,,,,,,,,,,0
9214247,,1,,,,,,,,,,0
9214248,,1,,,,,,,,,,0
9214249,,1,,,,,,,,,,0
9214250,,1,,,,,,,,,,0
9214251,,1,,,,,,,,,,0
9214252,,1,,,,,,,,,,0
9214253,,1,,,,,,,,,,0
9214254,,1,,,,,,,,,,0
9214255,,1,,,,,,,,,,0
9214256,,1,,,,,,,,,,0
9214257,,1,,,,,,,,,,0
9214258,,1,,,,,,,,,,0
9214259,,1,,,,,,,,,,0
9214260,,1,,,,,,,,,,0
9214261,,1,,,,,,,,,,0
9214262,,1,,,,,,,,,,0
9214263,,1,,,,,,,,,,0
9214264,,1,,,,,,,,,,0
9214265,,1,,,,,,,,,,0
9214266,,1,,,,,,,,,,0
9214267,,1,,,,,,,,,,0
9214268,,1,,,,,,,,,,0
9214269,,1,,,,,,,,,,0
9214270,,1,,,,,,,,,,0
9214271,,1,,,,,,,,,,0
9214272,,1,,,,,,,,,,0
9214273,,1,,,,,,,,,,0
9214274,,1,,,,,,,,,,0
9214275,,1,,,,,,,,,,0
9214276,,1,,,,,,,,,,0
9214277,,1,,,,,,,,,,0
9214278,,1,,,,,,,,,,0
9214279,,1,,,,,,,,,,0
9214280,,1,,,,,,,,,,0
9214281,,1,,,,,,,,,,0
9214282,,1,,,,,,,,,,0
9214283,,1,,,,,,,,,,0
9214284,,1,,,,,,,,,,0
9214285,,1,,,,,,,,,,0
9214286,,1,,,,,,,,,,0
9214287,,1,,,,,,,,,,0
9214288,,1,,,,,,,,,,0
9214289,,1,,,,,,,,,,0
9214290,,1,,,,,,,,,,0
9214291,,1,,,,,,,,,,0
9214292,,1,,,,,,,,,,0
9214293,,1,,,,,,,,,,0
9214294,,1,,,,,,,,,,0
9214295,,1,,,,,,,,,,0
9214296,,1,,,,,,,,,,0
9214297,,1,,,,,,,,,,0
9214298,,1,,,,,,,,,,0
9214299,,1,,,,,,,,,,0
9214300,,1,,,,,,,,,,0
9214301,,1,,,,,,,,,,0
9214302,,1,,,,,,,,,,0
9214303,,1,,,,,,,,,,0
9214304,,1,,,,,,,,,,0
9214305,,1,,,,,,,,,,0
9214306,,1,,,,,,,,,,0
9214307,,1,,,,,,,,,,0
9214308,,1,,,,,,,,,,0
9214309,,1,,,,,,,,,,0
9214310,,1,,,,,,,,,,0
9214311,,1,,,,,,,,,,0
9214312,,1,,,,,,,,,,0
9214313,,1,,,,,,,,,,0
9214314,,1,,,,,,,,,,0
9214315,,1,,,,,,,,,,0
9214316,,1,,,,,,,,,,0
9214317,,1,,,,,,,,,,0
9214318,,1,,,,,,,,,,0
9214319,,1,,,,,,,,,,0
9214320,,1,,,,,,,,,,0
9214321,,1,,,,,,,,,,0
9214322,,1,,,,,,,,,,0
9214323,,1,,,,,,,,,,0
9214324,,1,,,,,,,,,,0
9214325,,1,,,,,,,,,,0
9214326,,1,,,,,,,,,,0
9214327,,1,,,,,,,,,,0
9214328,,1,,,,,,,,,,0
9214329,,1,,,,,,,,,,0
9214330,,1,,,,,,,,,,0
9214331,,1,,,,,,,,,,0
9214332,,1,,,,,,,,,,0
9214333,,1,,,,,,,,,,0
9214334,,1,,,,,,,,,,0
9214335,,1,,,,,,,,,,0
9214336,,1,,,,,,,,,,0
9214337,,1,,,,,,,,,,0
9214338,,1,,,,,,,,,,0
9214339,,1,,,,,,,,,,0
9214340,,1,,,,,,,,,,0
9214341,,1,,,,,,,,,,0
9214342,,1,,,,,,,,,,0
9214343,,1,,,,,,,,,,0
9214344,,1,,,,,,,,,,0
9214345,,1,,,,,,,,,,0
9214346,,1,,,,,,,,,,0
9214347,,1,,,,,,,,,,0
9214348,,1,,,,,,,,,,0
9214349,,1,,,,,,,,,,0
9214350,,1,,,,,,,,,,0
9214351,,1,,,,,,,,,,0
9214352,,1,,,,,,,,,,0
9214353,,1,,,,,,,,,,0
9214354,,1,,,,,,,,,,0
9214355,,1,,,,,,,,,,0
9214356,,1,,,,,,,,,,0
9214357,,1,,,,,,,,,,0
9214358,,1,,,,,,,,,,0
9214359,,1,,,,,,,,,,0
9214360,,1,,,,,,,,,,0
9214361,,1,,,,,,,,,,0
9214362,,1,,,,,,,,,,0
9214363,,1,,,,,,,,,,0
9214364,,1,,,,,,,,,,0
9214365,,1,,,,,,,,,,0
9214366,,1,,,,,,,,,,0
9214367,,1,,,,,,,,,,0
9214368,,1,,,,,,,,,,0
9214369,,1,,,,,,,,,,0
9214370,,1,,,,,,,,,,0
9214371,,1,,,,,,,,,,0
9214372,,1,,,,,,,,,,0
9214373,,1,,,,,,,,,,0
9214374,,1,,,,,,,,,,0
9214375,,1,,,,,,,,,,0
9214376,,1,,,,,,,,,,0
9214377,,1,,,,,,,,,,0
9214378,,1,,,,,,,,,,0
9214379,,1,,,,,,,,,,0
9214380,,1,,,,,,,,,,0
9214381,,1,,,,,,,,,,0
9214382,,1,,,,,,,,,,0
9214383,,1,,,,,,,,,,0
9214384,,1,,,,,,,,,,0
9214385,,1,,,,,,,,,,0
9214386,,1,,,,,,,,,,0
9214387,,1,,,,,,,,,,0
9214388,,1,,,,,,,,,,0
9214389,,1,,,,,,,,,,0
9214390,,1,,,,,,,,,,0
9214391,,1,,,,,,,,,,0
9214392,,1,,,,,,,,,,0
9214393,,1,,,,,,,,,,0
9214394,,1,,,,,,,,,,0
9214395,,1,,,,,,,,,,0
9214396,,1,,,,,,,,,,0
9214397,,1,,,,,,,,,,0
9214398,,1,,,,,,,,,,0
9214399,,1,,,,,,,,,,0
9214400,,1,,,,,,,,,,0
9214401,,1,,,,,,,,,,0
9214402,,1,,,,,,,,,,0
9214403,,1,,,,,,,,,,0
9214404,,1,,,,,,,,,,0
9214405,,1,,,,,,,,,,0
9214406,,1,,,,,,,,,,0
9214407,,1,,,,,,,,,,0
9214408,,1,,,,,,,,,,0
9214409,,1,,,,,,,,,,0
9214410,,1,,,,,,,,,,0
9214411,,1,,,,,,,,,,0
9214412,,1,,,,,,,,,,0
9214413,,1,,,,,,,,,,0
9214414,,1,,,,,,,,,,0
9214415,,1,,,,,,,,,,0
9214416,,1,,,,,,,,,,0
9214417,,1,,,,,,,,,,0
9214418,,1,,,,,,,,,,0
9214419,,1,,,,,,,,,,0
9214420,,1,,,,,,,,,,0
9214421,,1,,,,,,,,,,0
9214422,,1,,,,,,,,,,0
9214423,,1,,,,,,,,,,0
9214424,,1,,,,,,,,,,0
9214425,,1,,,,,,,,,,0
9214426,,1,,,,,,,,,,0
9214427,,1,,,,,,,,,,0
9214428,,1,,,,,,,,,,0
9214429,,1,,,,,,,,,,0
9214430,,1,,,,,,,,,,0
9214431,,1,,,,,,,,,,0
9214432,,1,,,,,,,,,,0
9214433,,1,,,,,,,,,,0
9214434,,1,,,,,,,,,,0
9214435,,1,,,,,,,,,,0
9214436,,1,,,,,,,,,,0
9214437,,1,,,,,,,,,,0
9214438,,1,,,,,,,,,,0
9214439,,1,,,,,,,,,,0
9214440,,1,,,,,,,,,,0
9214441,,1,,,,,,,,,,0
9214442,,1,,,,,,,,,,0
9214443,,1,,,,,,,,,,0
9214444,,1,,,,,,,,,,0
9214445,,1,,,,,,,,,,0
9214446,,1,,,,,,,,,,0
9214447,,1,,,,,,,,,,0
9214448,,1,,,,,,,,,,0
9214449,,1,,,,,,,,,,0
9214450,,1,,,,,,,,,,0
9214451,,1,,,,,,,,,,0
9214452,,1,,,,,,,,,,0
9214453,,1,,,,,,,,,,0
9214454,,1,,,,,,,,,,0
9214455,,1,,,,,,,,,,0
9214456,,1,,,,,,,,,,0
9214457,,1,,,,,,,,,,0
9214458,,1,,,,,,,,,,0
9214459,,1,,,,,,,,,,0
9214460,,1,,,,,,,,,,0
9214461,,1,,,,,,,,,,0
9214462,,1,,,,,,,,,,0
9214463,,1,,,,,,,,,,0
9214464,,1,,,,,,,,,,0
9214465,,1,,,,,,,,,,0
9214466,,1,,,,,,,,,,0
9214467,,1,,,,,,,,,,0
9214468,,1,,,,,,,,,,0
9214469,,1,,,,,,,,,,0
9214470,,1,,,,,,,,,,0
9214471,,1,,,,,,,,,,0
9214472,,1,,,,,,,,,,0
9214473,,1,,,,,,,,,,0
9214474,,1,,,,,,,,,,0
9214475,,1,,,,,,,,,,0
9214476,,1,,,,,,,,,,0
9214477,,1,,,,,,,,,,0
9214478,,1,,,,,,,,,,0
9214479,,1,,,,,,,,,,0
9214480,,1,,,,,,,,,,0
9214481,,1,,,,,,,,,,0
9214482,,1,,,,,,,,,,0
9214483,,1,,,,,,,,,,0
9214484,,1,,,,,,,,,,0
9214485,,1,,,,,,,,,,0
9214486,,1,,,,,,,,,,0
9214487,,1,,,,,,,,,,0
1403974,,2,,,,,,,,,,0
1403975,,2,,,,,,,,,,0
1403976,,2,,,,,,,,,,0
1403977,,2,,,,,,,,,,0
1403978,,2,,,,,,,,,,0
1403979,,2,,,,,,,,,,0
1403980,,2,,,,,,,,,,0
1403981,,2,,,,,,,,,,0
1403982,,2,,,,,,,,,,0
1403983,,2,,,,,,,,,,0
1403984,,2,,,,,,,,,,0
1403985,,2,,,,,,,,,,0
1403986,,2,,,,,,,,,,0
1403987,,2,,,,,,,,,,0
1403988,,2,,,,,,,,,,0
1403989,,2,,,,,,,,,,0
1403990,,2,,,,,,,,,,0
1403991,,2,,,,,,,,,,0
1403992,,2,,,,,,,,,,0
1403993,,2,,,,,,,,,,0
1403994,,2,,,,,,,,,,0
1403995,,2,,,,,,,,,,0
1403996,,2,,,,,,,,,,0
1403997,,2,,,,,,,,,,0
1403998,,2,,,,,,,,,,0
1403999,,2,,,,,,,,,,0
1404000,,2,,,,,,,,,,0
1404001,,2,,,,,,,,,,0
1404002,,2,,,,,,,,,,0
1404003,,2,,,,,,,,,,0
1404004,,2,,,,,,,,,,0
1404005,,2,,,,,,,,,,0
1404006,,2,,,,,,,,,,0
1404007,,2,,,,,,,,,,0
1404008,,2,,,,,,,,,,0
1404009,,2,,,,,,,,,,0
1404010,,2,,,,,,,,,,0
1404011,,2,,,,,,,,,,0
1404012,,2,,,,,,,,,,0
1404013,,2,,,,,,,,,,0
1404014,,2,,,,,,,,,,0
1404015,,2,,,,,,,,,,0
1404016,,2,,,,,,,,,,0
1404017,,2,,,,,,,,,,0
1404018,,2,,,,,,,,,,0
1404019,,2,,,,,,,,,,0
1404020,,2,,,,,,,,,,0
1404021,,2,,,,,,,,,,0
1404022,,2,,,,,,,,,,0
1404023,,2,,,,,,,,,,0
1404024,,2,,,,,,,,,,0
1404025,,2,,,,,,,,,,0
1404026,,2,,,,,,,,,,0
1404027,,2,,,,,,,,,,0
1404028,,2,,,,,,,,,,0
1404029,,2,,,,,,,,,,0
1404030,,2,,,,,,,,,,0
1404031,,2,,,,,,,,,,0
1404032,,2,,,,,,,,,,0
1404033,,2,,,,,,,,,,0
1404034,,2,,,,,,,,,,0
1404035,,2,,,,,,,,,,0
1404036,,2,,,,,,,,,,0
1404037,,2,,,,,,,,,,0
1404038,,2,,,,,,,,,,0
1404039,,2,,,,,,,,,,0
1404040,,2,,,,,,,,,,0
1404041,,2,,,,,,,,,,0
1404042,,2,,,,,,,,,,0
1404043,,2,,,,,,,,,,0
1404044,,2,,,,,,,,,,0
1404045,,2,,,,,,,,,,0
1404046,,2,,,,,,,,,,0
1404047,,2,,,,,,,,,,0
1404048,,2,,,,,,,,,,0
1404049,,2,,,,,,,,,,0
1404050,,2,,,,,,,,,,0
1404051,,2,,,,,,,,,,0
1404052,,2,,,,,,,,,,0
1404053,,2,,,,,,,,,,0
1404054,,2,,,,,,,,,,0
1404055,,2,,,,,,,,,,0
1404056,,2,,,,,,,,,,0
1404057,,2,,,,,,,,,,0
1404058,,2,,,,,,,,,,0
1404059,,2,,,,,,,,,,0
1404060,,2,,,,,,,,,,0
1404061,,2,,,,,,,,,,0
1404062,,2,,,,,,,,,,0
1404063,,2,,,,,,,,,,0
1404064,,2,,,,,,,,,,0
1404065,,2,,,,,,,,,,0
1404066,,2,,,,,,,,,,0
1404067,,2,,,,,,,,,,0
1404068,,2,,,,,,,,,,0
1404069,,2,,,,,,,,,,0
1404070,,2,,,,,,,,,,0
1404071,,2,,,,,,,,,,0
1404072,,2,,,,,,,,,,0
1404073,,2,,,,,,,,,,0
1404074,,2,,,,,,,,,,0
1404075,,2,,,,,,,,,,0
1404076,,2,,,,,,,,,,0
1404077,,2,,,,,,,,,,0
1404078,,2,,,,,,,,,,0
1404079,,2,,,,,,,,,,0
1404080,,2,,,,,,,,,,0
1404081,,2,,,,,,,,,,0
1404082,,2,,,,,,,,,,0
1404083,,2,,,,,,,,,,0
1404084,,2,,,,,,,,,,0
1404085,,2,,,,,,,,,,0
1404086,,2,,,,,,,,,,0
1404087,,2,,,,,,,,,,0
1404088,,2,,,,,,,,,,0
1404089,,2,,,,,,,,,,0
1404090,,2,,,,,,,,,,0
1404091,,2,,,,,,,,,,0
1404092,,2,,,,,,,,,,0
1404093,,2,,,,,,,,,,0
1404094,,2,,,,,,,,,,0
1404095,,2,,,,,,,,,,0
1404096,,2,,,,,,,,,,0
1404097,,2,,,,,,,,,,0
1404098,,2,,,,,,,,,,0
1404099,,2,,,,,,,,,,0
1404100,,2,,,,,,,,,,0
1404101,,2,,,,,,,,,,0
1404102,,2,,,,,,,,,,0
1404103,,2,,,,,,,,,,0
1404104,,2,,,,,,,,,,0
1404105,,2,,,,,,,,,,0
1404106,,2,,,,,,,,,,0
1404107,,2,,,,,,,,,,0
1404108,,2,,,,,,,,,,0
1404109,,2,,,,,,,,,,0
1404110,,2,,,,,,,,,,0
1404111,,2,,,,,,,,,,0
1404112,,2,,,,,,,,,,0
1404113,,2,,,,,,,,,,0
1404114,,2,,,,,,,,,,0
1404115,,2,,,,,,,,,,0
1404116,,2,,,,,,,,,,0
1404117,,2,,,,,,,,,,0
1404118,,2,,,,,,,,,,0
1404119,,2,,,,,,,,,,0
1404120,,2,,,,,,,,,,0
1404121,,2,,,,,,,,,,0
1404122,,2,,,,,,,,,,0
1404123,,2,,,,,,,,,,0
1404124,,2,,,,,,,,,,0
1404125,,2,,,,,,,,,,0
1404126,,2,,,,,,,,,,0
1404127,,2,,,,,,,,,,0
1404128,,2,,,,,,,,,,0
1404129,,2,,,,,,,,,,0
1404130,,2,,,,,,,,,,0
1404131,,2,,,,,,,,,,0
1404132,,2,,,,,,,,,,0
1404133,,2,,,,,,,,,,0
1404134,,2,,,,,,,,,,0
1404135,,2,,,,,,,,,,0
1404136,,2,,,,,,,,,,0
1404137,,2,,,,,,,,,,0
1404138,,2,,,,,,,,,,0
1404139,,2,,,,,,,,,,0
1404140,,2,,,,,,,,,,0
1404141,,2,,,,,,,,,,0
1404142,,2,,,,,,,,,,0
1404143,,2,,,,,,,,,,0
1404144,,2,,,,,,,,,,0
1404145,,2,,,,,,,,,,0
1404146,,2,,,,,,,,,,0
1404147,,2,,,,,,,,,,0
1404148,,2,,,,,,,,,,0
1404149,,2,,,,,,,,,,0
1404150,,2,,,,,,,,,,0
1404151,,2,,,,,,,,,,0
1404152,,2,,,,,,,,,,0
1404153,,2,,,,,,,,,,0
1404154,,2,,,,,,,,,,0
1404155,,2,,,,,,,,,,0
1404156,,2,,,,,,,,,,0
1404157,,2,,,,,,,,,,0
1404158,,2,,,,,,,,,,0
1404159,,2,,,,,,,,,,0
1404160,,2,,,,,,,,,,0
1404161,,2,,,,,,,,,,0
1404162,,2,,,,,,,,,,0
1404163,,2,,,,,,,,,,0
1404164,,2,,,,,,,,,,0
1404165,,2,,,,,,,,,,0
1404166,,2,,,,,,,,,,0
1404167,,2,,,,,,,,,,0
1404168,,2,,,,,,,,,,0
1404169,,2,,,,,,,,,,0
1404170,,2,,,,,,,,,,0
1404171,,2,,,,,,,,,,0
1404172,,2,,,,,,,,,,0
1404173,,2,,,,,,,,,,0
1404174,,2,,,,,,,,,,0
1404175,,2,,,,,,,,,,0
1404176,,2,,,,,,,,,,0
1404177,,2,,,,,,,,,,0
1404178,,2,,,,,,,,,,0
1404179,,2,,,,,,,,,,0
1404180,,2,,,,,,,,,,0
1404181,,2,,,,,,,,,,0
1404182,,2,,,,,,,,,,0
1404183,,2,,,,,,,,,,0
1404184,,2,,,,,,,,,,0
1404185,,2,,,,,,,,,,0
1404186,,2,,,,,,,,,,0
1404187,,2,,,,,,,,,,0
1404188,,2,,,,,,,,,,0
1404189,,2,,,,,,,,,,0
1404190,,2,,,,,,,,,,0
1404191,,2,,,,,,,,,,0
1404192,,2,,,,,,,,,,0
1404193,,2,,,,,,,,,,0
1404194,,2,,,,,,,,,,0
1404195,,2,,,,,,,,,,0
1404196,,2,,,,,,,,,,0
1404197,,2,,,,,,,,,,0
1404198,,2,,,,,,,,,,0
1404199,,2,,,,,,,,,,0
1404200,,2,,,,,,,,,,0
1404201,,2,,,,,,,,,,0
1404202,,2,,,,,,,,,,0
1404203,,2,,,,,,,,,,0
1404204,,2,,,,,,,,,,0
1404205,,2,,,,,,,,,,0
1404206,,2,,,,,,,,,,0
1404207,,2,,,,,,,,,,0
1404208,,2,,,,,,,,,,0
1404209,,2,,,,,,,,,,0
1404210,,2,,,,,,,,,,0
1404211,,2,,,,,,,,,,0
1404212,,2,,,,,,,,,,0
1404213,,2,,,,,,,,,,0
1404214,,2,,,,,,,,,,0
1404215,,2,,,,,,,,,,0
1404216,,2,,,,,,,,,,0
1404217,,2,,,,,,,,,,0
1404218,,2,,,,,,,,,,0
1404219,,2,,,,,,,,,,0
1404220,,2,,,,,,,,,,0
1404221,,2,,,,,,,,,,0
1404222,,2,,,,,,,,,,0
1404223,,2,,,,,,,,,,0
1404224,,2,,,,,,,,,,0
1404225,,2,,,,,,,,,,0
1404226,,2,,,,,,,,,,0
1404227,,2,,,,,,,,,,0
1404228,,2,,,,,,,,,,0
1404229,,2,,,,,,,,,,0
1404230,,2,,,,,,,,,,0
1404231,,2,,,,,,,,,,0
1404232,,2,,,,,,,,,,0
1404233,,2,,,,,,,,,,0
1404234,,2,,,,,,,,,,0
1404235,,2,,,,,,,,,,0
1404236,,2,,,,,,,,,,0
1404237,,2,,,,,,,,,,0
1404238,,2,,,,,,,,,,0
1404239,,2,,,,,,,,,,0
1404240,,2,,,,,,,,,,0
1404241,,2,,,,,,,,,,0
1404242,,2,,,,,,,,,,0
1404243,,2,,,,,,,,,,0
1404244,,2,,,,,,,,,,0
1404245,,2,,,,,,,,,,0
1404246,,2,,,,,,,,,,0
1404247,,2,,,,,,,,,,0
1404248,,2,,,,,,,,,,0
1404249,,2,,,,,,,,,,0
1404250,,2,,,,,,,,,,0
1404251,,2,,,,,,,,,,0
1404252,,2,,,,,,,,,,0
1404253,,2,,,,,,,,,,0
1404254,,2,,,,,,,,,,0
1404255,,2,,,,,,,,,,0
1404256,,2,,,,,,,,,,0
1404257,,2,,,,,,,,,,0
1404258,,2,,,,,,,,,,0
1404259,,2,,,,,,,,,,0
1404260,,2,,,,,,,,,,0
1404261,,2,,,,,,,,,,0
1404262,,2,,,,,,,,,,0
1404263,,2,,,,,,,,,,0
1404264,,2,,,,,,,,,,0
1404265,,2,,,,,,,,,,0
1404266,,2,,,,,,,,,,0
1404267,,2,,,,,,,,,,0
1404268,,2,,,,,,,,,,0
1404269,,2,,,,,,,,,,0
1404270,,2,,,,,,,,,,0
1404271,,2,,,,,,,,,,0
1404272,,2,,,,,,,,,,0
1404273,,2,,,,,,,,,,0
1404274,,2,,,,,,,,,,0
1404275,,2,,,,,,,,,,0
1404276,,2,,,,,,,,,,0
1404277,,2,,,,,,,,,,0
1404278,,2,,,,,,,,,,0
1404279,,2,,,,,,,,,,0
1404280,,2,,,,,,,,,,0
1404281,,2,,,,,,,,,,0
1404282,,2,,,,,,,,,,0
1404283,,2,,,,,,,,,,0
1404284,,2,,,,,,,,,,0
1404285,,2,,,,,,,,,,0
1404286,,2,,,,,,,,,,0
1404287,,2,,,,,,,,,,0
1404288,,2,,,,,,,,,,0
1404289,,2,,,,,,,,,,0
1404290,,2,,,,,,,,,,0
1404291,,2,,,,,,,,,,0
1404292,,2,,,,,,,,,,0
1404293,,2,,,,,,,,,,0
1404294,,2,,,,,,,,,,0
1404295,,2,,,,,,,,,,0
1404296,,2,,,,,,,,,,0
1404297,,2,,,,,,,,,,0
1404298,,2,,,,,,,,,,0
1404299,,2,,,,,,,,,,0
1404300,,2,,,,,,,,,,0
1404301,,2,,,,,,,,,,0
1404302,,2,,,,,,,,,,0
1404303,,2,,,,,,,,,,0
1404304,,2,,,,,,,,,,0
1404305,,2,,,,,,,,,,0
1404306,,2,,,,,,,,,,0
1404307,,2,,,,,,,,,,0
1404308,,2,,,,,,,,,,0
1404309,,2,,,,,,,,,,0
1404310,,2,,,,,,,,,,0
1404311,,2,,,,,,,,,,0
1404312,,2,,,,,,,,,,0
1404313,,2,,,,,,,,,,0
1404314,,2,,,,,,,,,,0
1404315,,2,,,,,,,,,,0
1404316,,2,,,,,,,,,,0
1404317,,2,,,,,,,,,,0
1404318,,2,,,,,,,,,,0
1404319,,2,,,,,,,,,,0
1404320,,2,,,,,,,,,,0
1404321,,2,,,,,,,,,,0
1404322,,2,,,,,,,,,,0
1404323,,2,,,,,,,,,,0
1404324,,2,,,,,,,,,,0
1404325,,2,,,,,,,,,,0
1404326,,2,,,,,,,,,,0
1404327,,2,,,,,,,,,,0
1404328,,2,,,,,,,,,,0
1404329,,2,,,,,,,,,,0
1404330,,2,,,,,,,,,,0
1404331,,2,,,,,,,,,,0
1404332,,2,,,,,,,,,,0
1404333,,2,,,,,,,,,,0
1404334,,2,,,,,,,,,,0
1404335,,2,,,,,,,,,,0
1404336,,2,,,,,,,,,,0
1404337,,2,,,,,,,,,,0
1404338,,2,,,,,,,,,,0
1404339,,2,,,,,,,,,,0
1404340,,2,,,,,,,,,,0
1404341,,2,,,,,,,,,,0
1404342,,2,,,,,,,,,,0
1404343,,2,,,,,,,,,,0
1404344,,2,,,,,,,,,,0
1404345,,2,,,,,,,,,,0
1404346,,2,,,,,,,,,,0
1404347,,2,,,,,,,,,,0
1404348,,2,,,,,,,,,,0
1404349,,2,,,,,,,,,,0
1404350,,2,,,,,,,,,,0
1404351,,2,,,,,,,,,,0
1404352,,2,,,,,,,,,,0
1404353,,2,,,,,,,,,,0
1404354,,2,,,,,,,,,,0
1404355,,2,,,,,,,,,,0
1404356,,2,,,,,,,,,,0
1404357,,2,,,,,,,,,,0
1404358,,2,,,,,,,,,,0
1404359,,2,,,,,,,,,,0
1404360,,2,,,,,,,,,,0
1404361,,2,,,,,,,,,,0
1404362,,2,,,,,,,,,,0
1404363,,2,,,,,,,,,,0
1404364,,2,,,,,,,,,,0
1404365,,2,,,,,,,,,,0
1404366,,2,,,,,,,,,,0
1404367,,2,,,,,,,,,,0
1404368,,2,,,,,,,,,,0
1404369,,2,,,,,,,,,,0
1404370,,2,,,,,,,,,,0
1404371,,2,,,,,,,,,,0
1404372,,2,,,,,,,,,,0
1404373,,2,,,,,,,,,,0
1404374,,2,,,,,,,,,,0
1404375,,2,,,,,,,,,,0
1404376,,2,,,,,,,,,,0
1404377,,2,,,,,,,,,,0
1404378,,2,,,,,,,,,,0
1404379,,2,,,,,,,,,,0
1404380,,2,,,,,,,,,,0
1404381,,2,,,,,,,,,,0
1404382,,2,,,,,,,,,,0
1404383,,2,,,,,,,,,,0
1404384,,2,,,,,,,,,,0
1404385,,2,,,,,,,,,,0
1404386,,2,,,,,,,,,,0
1404387,,2,,,,,,,,,,0
1404388,,2,,,,,,,,,,0
1404389,,2,,,,,,,,,,0
1404390,,2,,,,,,,,,,0
1404391,,2,,,,,,,,,,0
1404392,,2,,,,,,,,,,0
1404393,,2,,,,,,,,,,0
1404394,,2,,,,,,,,,,0
1404395,,2,,,,,,,,,,0
1404396,,2,,,,,,,,,,0
1404397,,2,,,,,,,,,,0
1404398,,2,,,,,,,,,,0
1404399,,2,,,,,,,,,,0
1404400,,2,,,,,,,,,,0
1404401,,2,,,,,,,,,,0
1404402,,2,,,,,,,,,,0
1404403,,2,,,,,,,,,,0
1404404,,2,,,,,,,,,,0
1404405,,2,,,,,,,,,,0
1404406,,2,,,,,,,,,,0
1404407,,2,,,,,,,,,,0
1404408,,2,,,,,,,,,,0
1404409,,2,,,,,,,,,,0
1404410,,2,,,,,,,,,,0
1404411,,2,,,,,,,,,,0
1404412,,2,,,,,,,,,,0
1404413,,2,,,,,,,,,,0
1404414,,2,,,,,,,,,,0
1404415,,2,,,,,,,,,,0
1404416,,2,,,,,,,,,,0
1404417,,2,,,,,,,,,,0
1404418,,2,,,,,,,,,,0
1404419,,2,,,,,,,,,,0
1404420,,2,,,,,,,,,,0
1404421,,2,,,,,,,,,,0
1404422,,2,,,,,,,,,,0
1404423,,2,,,,,,,,,,0
1404424,,2,,,,,,,,,,0
1404425,,2,,,,,,,,,,0
1404426,,2,,,,,,,,,,0
1404427,,2,,,,,,,,,,0
1404428,,2,,,,,,,,,,0
1404429,,2,,,,,,,,,,0
1404430,,2,,,,,,,,,,0
1404431,,2,,,,,,,,,,0
1404432,,2,,,,,,,,,,0
1404433,,2,,,,,,,,,,0
1404434,,2,,,,,,,,,,0
1404435,,2,,,,,,,,,,0
1404436,,2,,,,,,,,,,0
1404437,,2,,,,,,,,,,0
1404438,,2,,,,,,,,,,0
1404439,,2,,,,,,,,,,0
1404440,,2,,,,,,,,,,0
1404441,,2,,,,,,,,,,0
1404442,,2,,,,,,,,,,0
1404443,,2,,,,,,,,,,0
1404444,,2,,,,,,,,,,0
1404445,,2,,,,,,,,,,0
1404446,,2,,,,,,,,,,0
1404447,,2,,,,,,,,,,0
1404448,,2,,,,,,,,,,0
1404449,,2,,,,,,,,,,0
1404450,,2,,,,,,,,,,0
1404451,,2,,,,,,,,,,0
1404452,,2,,,,,,,,,,0
1404453,,2,,,,,,,,,,0
1404454,,2,,,,,,,,,,0
1404455,,2,,,,,,,,,,0
1404456,,2,,,,,,,,,,0
1404457,,2,,,,,,,,,,0
1404458,,2,,,,,,,,,,0
1404459,,2,,,,,,,,,,0
1404460,,2,,,,,,,,,,0
1404461,,2,,,,,,,,,,0
1404462,,2,,,,,,,,,,0
1404463,,2,,,,,,,,,,0
1404464,,2,,,,,,,,,,0
1404465,,2,,,,,,,,,,0
1404466,,2,,,,,,,,,,0
1404467,,2,,,,,,,,,,0
1404468,,2,,,,,,,,,,0
1404469,,2,,,,,,,,,,0
1404470,,2,,,,,,,,,,0
1404471,,2,,,,,,,,,,0
1404472,,2,,,,,,,,,,0
1404473,,2,,,,,,,,,,0
9214488,,1,,,,,,,,,,0
9214489,,1,,,,,,,,,,0
9214490,,1,,,,,,,,,,0
9214491,,1,,,,,,,,,,0
9214492,,1,,,,,,,,,,0
9214493,,1,,,,,,,,,,0
9214494,,1,,,,,,,,,,0
9214495,,1,,,,,,,,,,0
9214496,,1,,,,,,,,,,0
9214497,,1,,,,,,,,,,0
9214498,,1,,,,,,,,,,0
9214499,,1,,,,,,,,,,0
9214500,,1,,,,,,,,,,0
9214501,,1,,,,,,,,,,0
9214502,,1,,,,,,,,,,0
9214503,,1,,,,,,,,,,0
9214504,,1,,,,,,,,,,0
9214505,,1,,,,,,,,,,0
9214506,,1,,,,,,,,,,0
9214507,,1,,,,,,,,,,0
9214508,,1,,,,,,,,,,0
9214509,,1,,,,,,,,,,0
9214510,,1,,,,,,,,,,0
9214511,,1,,,,,,,,,,0
9214512,,1,,,,,,,,,,0
9214513,,1,,,,,,,,,,0
9214514,,1,,,,,,,,,,0
9214515,,1,,,,,,,,,,0
9214516,,1,,,,,,,,,,0
9214517,,1,,,,,,,,,,0
9214518,,1,,,,,,,,,,0
9214519,,1,,,,,,,,,,0
9214520,,1,,,,,,,,,,0
9214521,,1,,,,,,,,,,0
9214522,,1,,,,,,,,,,0
9214523,,1,,,,,,,,,,0
9214524,,1,,,,,,,,,,0
9214525,,1,,,,,,,,,,0
9214526,,1,,,,,,,,,,0
9214527,,1,,,,,,,,,,0
9214528,,1,,,,,,,,,,0
9214529,,1,,,,,,,,,,0
9214530,,1,,,,,,,,,,0
9214531,,1,,,,,,,,,,0
9214532,,1,,,,,,,,,,0
9214533,,1,,,,,,,,,,0
9214534,,1,,,,,,,,,,0
9214535,,1,,,,,,,,,,0
9214536,,1,,,,,,,,,,0
9214537,,1,,,,,,,,,,0
9214538,,1,,,,,,,,,,0
9214539,,1,,,,,,,,,,0
9214540,,1,,,,,,,,,,0
9214541,,1,,,,,,,,,,0
9214542,,1,,,,,,,,,,0
9214543,,1,,,,,,,,,,0
9214544,,1,,,,,,,,,,0
9214545,,1,,,,,,,,,,0
9214546,,1,,,,,,,,,,0
9214547,,1,,,,,,,,,,0
9214548,,1,,,,,,,,,,0
9214549,,1,,,,,,,,,,0
9214550,,1,,,,,,,,,,0
9214551,,1,,,,,,,,,,0
9214552,,1,,,,,,,,,,0
9214553,,1,,,,,,,,,,0
9214554,,1,,,,,,,,,,0
9214555,,1,,,,,,,,,,0
9214556,,1,,,,,,,,,,0
9214557,,1,,,,,,,,,,0
9214558,,1,,,,,,,,,,0
9214559,,1,,,,,,,,,,0
9214560,,1,,,,,,,,,,0
9214561,,1,,,,,,,,,,0
9214562,,1,,,,,,,,,,0
9214563,,1,,,,,,,,,,0
9214564,,1,,,,,,,,,,0
9214565,,1,,,,,,,,,,0
9214566,,1,,,,,,,,,,0
9214567,,1,,,,,,,,,,0
9214568,,1,,,,,,,,,,0
9214569,,1,,,,,,,,,,0
9214570,,1,,,,,,,,,,0
9214571,,1,,,,,,,,,,0
9214572,,1,,,,,,,,,,0
9214573,,1,,,,,,,,,,0
9214574,,1,,,,,,,,,,0
9214575,,1,,,,,,,,,,0
9214576,,1,,,,,,,,,,0
9214577,,1,,,,,,,,,,0
9214578,,1,,,,,,,,,,0
9214579,,1,,,,,,,,,,0
9214580,,1,,,,,,,,,,0
9214581,,1,,,,,,,,,,0
9214582,,1,,,,,,,,,,0
9214583,,1,,,,,,,,,,0
9214584,,1,,,,,,,,,,0
9214585,,1,,,,,,,,,,0
9214586,,1,,,,,,,,,,0
9214587,,1,,,,,,,,,,0
9214588,,1,,,,,,,,,,0
9214589,,1,,,,,,,,,,0
9214590,,1,,,,,,,,,,0
9214591,,1,,,,,,,,,,0
9214592,,1,,,,,,,,,,0
9214593,,1,,,,,,,,,,0
9214594,,1,,,,,,,,,,0
9214595,,1,,,,,,,,,,0
9214596,,1,,,,,,,,,,0
9214597,,1,,,,,,,,,,0
9214598,,1,,,,,,,,,,0
9214599,,1,,,,,,,,,,0
9214600,,1,,,,,,,,,,0
9214601,,1,,,,,,,,,,0
9214602,,1,,,,,,,,,,0
9214603,,1,,,,,,,,,,0
9214604,,1,,,,,,,,,,0
9214605,,1,,,,,,,,,,0
9214606,,1,,,,,,,,,,0
9214607,,1,,,,,,,,,,0
9214608,,1,,,,,,,,,,0
9214609,,1,,,,,,,,,,0
9214610,,1,,,,,,,,,,0
9214611,,1,,,,,,,,,,0
9214612,,1,,,,,,,,,,0
9214613,,1,,,,,,,,,,0
9214614,,1,,,,,,,,,,0
9214615,,1,,,,,,,,,,0
9214616,,1,,,,,,,,,,0
9214617,,1,,,,,,,,,,0
9214618,,1,,,,,,,,,,0
9214619,,1,,,,,,,,,,0
9214620,,1,,,,,,,,,,0
9214621,,1,,,,,,,,,,0
9214622,,1,,,,,,,,,,0
9214623,,1,,,,,,,,,,0
9214624,,1,,,,,,,,,,0
9214625,,1,,,,,,,,,,0
9214626,,1,,,,,,,,,,0
9214627,,1,,,,,,,,,,0
9214628,,1,,,,,,,,,,0
9214629,,1,,,,,,,,,,0
9214630,,1,,,,,,,,,,0
9214631,,1,,,,,,,,,,0
9214632,,1,,,,,,,,,,0
9214633,,1,,,,,,,,,,0
9214634,,1,,,,,,,,,,0
9214635,,1,,,,,,,,,,0
9214636,,1,,,,,,,,,,0
9214637,,1,,,,,,,,,,0
9214638,,1,,,,,,,,,,0
9214639,,1,,,,,,,,,,0
9214640,,1,,,,,,,,,,0
9214641,,1,,,,,,,,,,0
9214642,,1,,,,,,,,,,0
9214643,,1,,,,,,,,,,0
9214644,,1,,,,,,,,,,0
9214645,,1,,,,,,,,,,0
9214646,,1,,,,,,,,,,0
9214647,,1,,,,,,,,,,0
9214648,,1,,,,,,,,,,0
9214649,,1,,,,,,,,,,0
9214650,,1,,,,,,,,,,0
9214651,,1,,,,,,,,,,0
9214652,,1,,,,,,,,,,0
9214653,,1,,,,,,,,,,0
9214654,,1,,,,,,,,,,0
9214655,,1,,,,,,,,,,0
9214656,,1,,,,,,,,,,0
9214657,,1,,,,,,,,,,0
9214658,,1,,,,,,,,,,0
9214659,,1,,,,,,,,,,0
9214660,,1,,,,,,,,,,0
9214661,,1,,,,,,,,,,0
9214662,,1,,,,,,,,,,0
9214663,,1,,,,,,,,,,0
9214664,,1,,,,,,,,,,0
9214665,,1,,,,,,,,,,0
9214666,,1,,,,,,,,,,0
9214667,,1,,,,,,,,,,0
9214668,,1,,,,,,,,,,0
9214669,,1,,,,,,,,,,0
9214670,,1,,,,,,,,,,0
9214671,,1,,,,,,,,,,0
9214672,,1,,,,,,,,,,0
9214673,,1,,,,,,,,,,0
9214674,,1,,,,,,,,,,0
9214675,,1,,,,,,,,,,0
9214676,,1,,,,,,,,,,0
9214677,,1,,,,,,,,,,0
9214678,,1,,,,,,,,,,0
9214679,,1,,,,,,,,,,0
9214680,,1,,,,,,,,,,0
9214681,,1,,,,,,,,,,0
9214682,,1,,,,,,,,,,0
9214683,,1,,,,,,,,,,0
9214684,,1,,,,,,,,,,0
9214685,,1,,,,,,,,,,0
9214686,,1,,,,,,,,,,0
9214687,,1,,,,,,,,,,0
9214688,,1,,,,,,,,,,0
9214689,,1,,,,,,,,,,0
9214690,,1,,,,,,,,,,0
9214691,,1,,,,,,,,,,0
9214692,,1,,,,,,,,,,0
9214693,,1,,,,,,,,,,0
9214694,,1,,,,,,,,,,0
9214695,,1,,,,,,,,,,0
9214696,,1,,,,,,,,,,0
9214697,,1,,,,,,,,,,0
9214698,,1,,,,,,,,,,0
9214699,,1,,,,,,,,,,0
9214700,,1,,,,,,,,,,0
9214701,,1,,,,,,,,,,0
9214702,,1,,,,,,,,,,0
9214703,,1,,,,,,,,,,0
9214704,,1,,,,,,,,,,0
9214705,,1,,,,,,,,,,0
9214706,,1,,,,,,,,,,0
9214707,,1,,,,,,,,,,0
9214708,,1,,,,,,,,,,0
9214709,,1,,,,,,,,,,0
9214710,,1,,,,,,,,,,0
9214711,,1,,,,,,,,,,0
9214712,,1,,,,,,,,,,0
9214713,,1,,,,,,,,,,0
9214714,,1,,,,,,,,,,0
9214715,,1,,,,,,,,,,0
9214716,,1,,,,,,,,,,0
9214717,,1,,,,,,,,,,0
9214718,,1,,,,,,,,,,0
9214719,,1,,,,,,,,,,0
9214720,,1,,,,,,,,,,0
9214721,,1,,,,,,,,,,0
9214722,,1,,,,,,,,,,0
9214723,,1,,,,,,,,,,0
9214724,,1,,,,,,,,,,0
9214725,,1,,,,,,,,,,0
9214726,,1,,,,,,,,,,0
9214727,,1,,,,,,,,,,0
9214728,,1,,,,,,,,,,0
9214729,,1,,,,,,,,,,0
9214730,,1,,,,,,,,,,0
9214731,,1,,,,,,,,,,0
9214732,,1,,,,,,,,,,0
9214733,,1,,,,,,,,,,0
9214734,,1,,,,,,,,,,0
9214735,,1,,,,,,,,,,0
9214736,,1,,,,,,,,,,0
9214737,,1,,,,,,,,,,0
9214738,,1,,,,,,,,,,0
9214739,,1,,,,,,,,,,0
9214740,,1,,,,,,,,,,0
9214741,,1,,,,,,,,,,0
9214742,,1,,,,,,,,,,0
9214743,,1,,,,,,,,,,0
9214744,,1,,,,,,,,,,0
9214745,,1,,,,,,,,,,0
9214746,,1,,,,,,,,,,0
9214747,,1,,,,,,,,,,0
9214748,,1,,,,,,,,,,0
9214749,,1,,,,,,,,,,0
9214750,,1,,,,,,,,,,0
9214751,,1,,,,,,,,,,0
9214752,,1,,,,,,,,,,0
9214753,,1,,,,,,,,,,0
9214754,,1,,,,,,,,,,0
9214755,,1,,,,,,,,,,0
9214756,,1,,,,,,,,,,0
9214757,,1,,,,,,,,,,0
9214758,,1,,,,,,,,,,0
9214759,,1,,,,,,,,,,0
9214760,,1,,,,,,,,,,0
9214761,,1,,,,,,,,,,0
9214762,,1,,,,,,,,,,0
9214763,,1,,,,,,,,,,0
9214764,,1,,,,,,,,,,0
9214765,,1,,,,,,,,,,0
9214766,,1,,,,,,,,,,0
9214767,,1,,,,,,,,,,0
9214768,,1,,,,,,,,,,0
9214769,,1,,,,,,,,,,0
9214770,,1,,,,,,,,,,0
9214771,,1,,,,,,,,,,0
9214772,,1,,,,,,,,,,0
9214773,,1,,,,,,,,,,0
9214774,,1,,,,,,,,,,0
9214775,,1,,,,,,,,,,0
9214776,,1,,,,,,,,,,0
9214777,,1,,,,,,,,,,0
9214778,,1,,,,,,,,,,0
9214779,,1,,,,,,,,,,0
9214780,,1,,,,,,,,,,0
9214781,,1,,,,,,,,,,0
9214782,,1,,,,,,,,,,0
9214783,,1,,,,,,,,,,0
9214784,,1,,,,,,,,,,0
9214785,,1,,,,,,,,,,0
9214786,,1,,,,,,,,,,0
9214787,,1,,,,,,,,,,0
9214788,,1,,,,,,,,,,0
9214789,,1,,,,,,,,,,0
9214790,,1,,,,,,,,,,0
9214791,,1,,,,,,,,,,0
9214792,,1,,,,,,,,,,0
9214793,,1,,,,,,,,,,0
9214794,,1,,,,,,,,,,0
9214795,,1,,,,,,,,,,0
9214796,,1,,,,,,,,,,0
9214797,,1,,,,,,,,,,0
9214798,,1,,,,,,,,,,0
9214799,,1,,,,,,,,,,0
9214800,,1,,,,,,,,,,0
9214801,,1,,,,,,,,,,0
9214802,,1,,,,,,,,,,0
9214803,,1,,,,,,,,,,0
9214804,,1,,,,,,,,,,0
9214805,,1,,,,,,,,,,0
9214806,,1,,,,,,,,,,0
9214807,,1,,,,,,,,,,0
9214808,,1,,,,,,,,,,0
9214809,,1,,,,,,,,,,0
9214810,,1,,,,,,,,,,0
9214811,,1,,,,,,,,,,0
9214812,,1,,,,,,,,,,0
9214813,,1,,,,,,,,,,0
9214814,,1,,,,,,,,,,0
9214815,,1,,,,,,,,,,0
9214816,,1,,,,,,,,,,0
9214817,,1,,,,,,,,,,0
9214818,,1,,,,,,,,,,0
9214819,,1,,,,,,,,,,0
9214820,,1,,,,,,,,,,0
9214821,,1,,,,,,,,,,0
9214822,,1,,,,,,,,,,0
9214823,,1,,,,,,,,,,0
9214824,,1,,,,,,,,,,0
9214825,,1,,,,,,,,,,0
9214826,,1,,,,,,,,,,0
9214827,,1,,,,,,,,,,0
9214828,,1,,,,,,,,,,0
9214829,,1,,,,,,,,,,0
9214830,,1,,,,,,,,,,0
9214831,,1,,,,,,,,,,0
9214832,,1,,,,,,,,,,0
9214833,,1,,,,,,,,,,0
9214834,,1,,,,,,,,,,0
9214835,,1,,,,,,,,,,0
9214836,,1,,,,,,,,,,0
9214837,,1,,,,,,,,,,0
9214838,,1,,,,,,,,,,0
9214839,,1,,,,,,,,,,0
9214840,,1,,,,,,,,,,0
9214841,,1,,,,,,,,,,0
9214842,,1,,,,,,,,,,0
9214843,,1,,,,,,,,,,0
9214844,,1,,,,,,,,,,0
9214845,,1,,,,,,,,,,0
9214846,,1,,,,,,,,,,0
9214847,,1,,,,,,,,,,0
9214848,,1,,,,,,,,,,0
9214849,,1,,,,,,,,,,0
9214850,,1,,,,,,,,,,0
9214851,,1,,,,,,,,,,0
9214852,,1,,,,,,,,,,0
9214853,,1,,,,,,,,,,0
9214854,,1,,,,,,,,,,0
9214855,,1,,,,,,,,,,0
9214856,,1,,,,,,,,,,0
9214857,,1,,,,,,,,,,0
9214858,,1,,,,,,,,,,0
9214859,,1,,,,,,,,,,0
9214860,,1,,,,,,,,,,0
9214861,,1,,,,,,,,,,0
9214862,,1,,,,,,,,,,0
9214863,,1,,,,,,,,,,0
9214864,,1,,,,,,,,,,0
9214865,,1,,,,,,,,,,0
9214866,,1,,,,,,,,,,0
9214867,,1,,,,,,,,,,0
9214868,,1,,,,,,,,,,0
9214869,,1,,,,,,,,,,0
9214870,,1,,,,,,,,,,0
9214871,,1,,,,,,,,,,0
9214872,,1,,,,,,,,,,0
9214873,,1,,,,,,,,,,0
9214874,,1,,,,,,,,,,0
9214875,,1,,,,,,,,,,0
9214876,,1,,,,,,,,,,0
9214877,,1,,,,,,,,,,0
9214878,,1,,,,,,,,,,0
9214879,,1,,,,,,,,,,0
9214880,,1,,,,,,,,,,0
9214881,,1,,,,,,,,,,0
9214882,,1,,,,,,,,,,0
9214883,,1,,,,,,,,,,0
9214884,,1,,,,,,,,,,0
9214885,,1,,,,,,,,,,0
9214886,,1,,,,,,,,,,0
9214887,,1,,,,,,,,,,0
9214888,,1,,,,,,,,,,0
9214889,,1,,,,,,,,,,0
9214890,,1,,,,,,,,,,0
9214891,,1,,,,,,,,,,0
9214892,,1,,,,,,,,,,0
9214893,,1,,,,,,,,,,0
9214894,,1,,,,,,,,,,0
9214895,,1,,,,,,,,,,0
9214896,,1,,,,,,,,,,0
9214897,,1,,,,,,,,,,0
9214898,,1,,,,,,,,,,0
9214899,,1,,,,,,,,,,0
9214900,,1,,,,,,,,,,0
9214901,,1,,,,,,,,,,0
9214902,,1,,,,,,,,,,0
9214903,,1,,,,,,,,,,0
9214904,,1,,,,,,,,,,0
9214905,,1,,,,,,,,,,0
9214906,,1,,,,,,,,,,0
9214907,,1,,,,,,,,,,0
9214908,,1,,,,,,,,,,0
9214909,,1,,,,,,,,,,0
9214910,,1,,,,,,,,,,0
9214911,,1,,,,,,,,,,0
9214912,,1,,,,,,,,,,0
9214913,,1,,,,,,,,,,0
9214914,,1,,,,,,,,,,0
9214915,,1,,,,,,,,,,0
9214916,,1,,,,,,,,,,0
9214917,,1,,,,,,,,,,0
9214918,,1,,,,,,,,,,0
9214919,,1,,,,,,,,,,0
9214920,,1,,,,,,,,,,0
9214921,,1,,,,,,,,,,0
9214922,,1,,,,,,,,,,0
9214923,,1,,,,,,,,,,0
9214924,,1,,,,,,,,,,0
9214925,,1,,,,,,,,,,0
9214926,,1,,,,,,,,,,0
9214927,,1,,,,,,,,,,0
9214928,,1,,,,,,,,,,0
9214929,,1,,,,,,,,,,0
9214930,,1,,,,,,,,,,0
9214931,,1,,,,,,,,,,0
9214932,,1,,,,,,,,,,0
9214933,,1,,,,,,,,,,0
9214934,,1,,,,,,,,,,0
9214935,,1,,,,,,,,,,0
9214936,,1,,,,,,,,,,0
9214937,,1,,,,,,,,,,0
9214938,,1,,,,,,,,,,0
9214939,,1,,,,,,,,,,0
9214940,,1,,,,,,,,,,0
9214941,,1,,,,,,,,,,0
9214942,,1,,,,,,,,,,0
9214943,,1,,,,,,,,,,0
9214944,,1,,,,,,,,,,0
9214945,,1,,,,,,,,,,0
9214946,,1,,,,,,,,,,0
9214947,,1,,,,,,,,,,0
9214948,,1,,,,,,,,,,0
9214949,,1,,,,,,,,,,0
9214950,,1,,,,,,,,,,0
9214951,,1,,,,,,,,,,0
9214952,,1,,,,,,,,,,0
9214953,,1,,,,,,,,,,0
9214954,,1,,,,,,,,,,0
9214955,,1,,,,,,,,,,0
9214956,,1,,,,,,,,,,0
9214957,,1,,,,,,,,,,0
9214958,,1,,,,,,,,,,0
9214959,,1,,,,,,,,,,0
9214960,,1,,,,,,,,,,0
9214961,,1,,,,,,,,,,0
9214962,,1,,,,,,,,,,0
9214963,,1,,,,,,,,,,0
9214964,,1,,,,,,,,,,0
9214965,,1,,,,,,,,,,0
9214966,,1,,,,,,,,,,0
9214967,,1,,,,,,,,,,0
9214968,,1,,,,,,,,,,0
9214969,,1,,,,,,,,,,0
9214970,,1,,,,,,,,,,0
9214971,,1,,,,,,,,,,0
9214972,,1,,,,,,,,,,0
9214973,,1,,,,,,,,,,0
9214974,,1,,,,,,,,,,0
9214975,,1,,,,,,,,,,0
9214976,,1,,,,,,,,,,0
9214977,,1,,,,,,,,,,0
9214978,,1,,,,,,,,,,0
9214979,,1,,,,,,,,,,0
9214980,,1,,,,,,,,,,0
9214981,,1,,,,,,,,,,0
9214982,,1,,,,,,,,,,0
9214983,,1,,,,,,,,,,0
9214984,,1,,,,,,,,,,0
9214985,,1,,,,,,,,,,0
9214986,,1,,,,,,,,,,0
9214987,,1,,,,,,,,,,0
1404474,,2,,,,,,,,,,0
1404475,,2,,,,,,,,,,0
1404476,,2,,,,,,,,,,0
1404477,,2,,,,,,,,,,0
1404478,,2,,,,,,,,,,0
1404479,,2,,,,,,,,,,0
1404480,,2,,,,,,,,,,0
1404481,,2,,,,,,,,,,0
1404482,,2,,,,,,,,,,0
1404483,,2,,,,,,,,,,0
1404484,,2,,,,,,,,,,0
1404485,,2,,,,,,,,,,0
1404486,,2,,,,,,,,,,0
1404487,,2,,,,,,,,,,0
1404488,,2,,,,,,,,,,0
1404489,,2,,,,,,,,,,0
1404490,,2,,,,,,,,,,0
1404491,,2,,,,,,,,,,0
1404492,,2,,,,,,,,,,0
1404493,,2,,,,,,,,,,0
1404494,,2,,,,,,,,,,0
1404495,,2,,,,,,,,,,0
1404496,,2,,,,,,,,,,0
1404497,,2,,,,,,,,,,0
1404498,,2,,,,,,,,,,0
1404499,,2,,,,,,,,,,0
1404500,,2,,,,,,,,,,0
1404501,,2,,,,,,,,,,0
1404502,,2,,,,,,,,,,0
1404503,,2,,,,,,,,,,0
1404504,,2,,,,,,,,,,0
1404505,,2,,,,,,,,,,0
1404506,,2,,,,,,,,,,0
1404507,,2,,,,,,,,,,0
1404508,,2,,,,,,,,,,0
1404509,,2,,,,,,,,,,0
1404510,,2,,,,,,,,,,0
1404511,,2,,,,,,,,,,0
1404512,,2,,,,,,,,,,0
1404513,,2,,,,,,,,,,0
1404514,,2,,,,,,,,,,0
1404515,,2,,,,,,,,,,0
1404516,,2,,,,,,,,,,0
1404517,,2,,,,,,,,,,0
1404518,,2,,,,,,,,,,0
1404519,,2,,,,,,,,,,0
1404520,,2,,,,,,,,,,0
1404521,,2,,,,,,,,,,0
1404522,,2,,,,,,,,,,0
1404523,,2,,,,,,,,,,0
1404524,,2,,,,,,,,,,0
1404525,,2,,,,,,,,,,0
1404526,,2,,,,,,,,,,0
1404527,,2,,,,,,,,,,0
1404528,,2,,,,,,,,,,0
1404529,,2,,,,,,,,,,0
1404530,,2,,,,,,,,,,0
1404531,,2,,,,,,,,,,0
1404532,,2,,,,,,,,,,0
1404533,,2,,,,,,,,,,0
1404534,,2,,,,,,,,,,0
1404535,,2,,,,,,,,,,0
1404536,,2,,,,,,,,,,0
1404537,,2,,,,,,,,,,0
1404538,,2,,,,,,,,,,0
1404539,,2,,,,,,,,,,0
1404540,,2,,,,,,,,,,0
1404541,,2,,,,,,,,,,0
1404542,,2,,,,,,,,,,0
1404543,,2,,,,,,,,,,0
1404544,,2,,,,,,,,,,0
1404545,,2,,,,,,,,,,0
1404546,,2,,,,,,,,,,0
1404547,,2,,,,,,,,,,0
1404548,,2,,,,,,,,,,0
1404549,,2,,,,,,,,,,0
1404550,,2,,,,,,,,,,0
1404551,,2,,,,,,,,,,0
1404552,,2,,,,,,,,,,0
1404553,,2,,,,,,,,,,0
1404554,,2,,,,,,,,,,0
1404555,,2,,,,,,,,,,0
1404556,,2,,,,,,,,,,0
1404557,,2,,,,,,,,,,0
1404558,,2,,,,,,,,,,0
1404559,,2,,,,,,,,,,0
1404560,,2,,,,,,,,,,0
1404561,,2,,,,,,,,,,0
1404562,,2,,,,,,,,,,0
1404563,,2,,,,,,,,,,0
1404564,,2,,,,,,,,,,0
1404565,,2,,,,,,,,,,0
1404566,,2,,,,,,,,,,0
1404567,,2,,,,,,,,,,0
1404568,,2,,,,,,,,,,0
1404569,,2,,,,,,,,,,0
1404570,,2,,,,,,,,,,0
1404571,,2,,,,,,,,,,0
1404572,,2,,,,,,,,,,0
1404573,,2,,,,,,,,,,0
1404574,,2,,,,,,,,,,0
1404575,,2,,,,,,,,,,0
1404576,,2,,,,,,,,,,0
1404577,,2,,,,,,,,,,0
1404578,,2,,,,,,,,,,0
1404579,,2,,,,,,,,,,0
1404580,,2,,,,,,,,,,0
1404581,,2,,,,,,,,,,0
1404582,,2,,,,,,,,,,0
1404583,,2,,,,,,,,,,0
1404584,,2,,,,,,,,,,0
1404585,,2,,,,,,,,,,0
1404586,,2,,,,,,,,,,0
1404587,,2,,,,,,,,,,0
1404588,,2,,,,,,,,,,0
1404589,,2,,,,,,,,,,0
1404590,,2,,,,,,,,,,0
1404591,,2,,,,,,,,,,0
1404592,,2,,,,,,,,,,0
1404593,,2,,,,,,,,,,0
1404594,,2,,,,,,,,,,0
1404595,,2,,,,,,,,,,0
1404596,,2,,,,,,,,,,0
1404597,,2,,,,,,,,,,0
1404598,,2,,,,,,,,,,0
1404599,,2,,,,,,,,,,0
1404600,,2,,,,,,,,,,0
1404601,,2,,,,,,,,,,0
1404602,,2,,,,,,,,,,0
1404603,,2,,,,,,,,,,0
1404604,,2,,,,,,,,,,0
1404605,,2,,,,,,,,,,0
1404606,,2,,,,,,,,,,0
1404607,,2,,,,,,,,,,0
1404608,,2,,,,,,,,,,0
1404609,,2,,,,,,,,,,0
1404610,,2,,,,,,,,,,0
1404611,,2,,,,,,,,,,0
1404612,,2,,,,,,,,,,0
1404613,,2,,,,,,,,,,0
1404614,,2,,,,,,,,,,0
1404615,,2,,,,,,,,,,0
1404616,,2,,,,,,,,,,0
1404617,,2,,,,,,,,,,0
1404618,,2,,,,,,,,,,0
1404619,,2,,,,,,,,,,0
1404620,,2,,,,,,,,,,0
1404621,,2,,,,,,,,,,0
1404622,,2,,,,,,,,,,0
1404623,,2,,,,,,,,,,0
1404624,,2,,,,,,,,,,0
1404625,,2,,,,,,,,,,0
1404626,,2,,,,,,,,,,0
1404627,,2,,,,,,,,,,0
1404628,,2,,,,,,,,,,0
1404629,,2,,,,,,,,,,0
1404630,,2,,,,,,,,,,0
1404631,,2,,,,,,,,,,0
1404632,,2,,,,,,,,,,0
1404633,,2,,,,,,,,,,0
1404634,,2,,,,,,,,,,0
1404635,,2,,,,,,,,,,0
1404636,,2,,,,,,,,,,0
1404637,,2,,,,,,,,,,0
1404638,,2,,,,,,,,,,0
1404639,,2,,,,,,,,,,0
1404640,,2,,,,,,,,,,0
1404641,,2,,,,,,,,,,0
1404642,,2,,,,,,,,,,0
1404643,,2,,,,,,,,,,0
1404644,,2,,,,,,,,,,0
1404645,,2,,,,,,,,,,0
1404646,,2,,,,,,,,,,0
1404647,,2,,,,,,,,,,0
1404648,,2,,,,,,,,,,0
1404649,,2,,,,,,,,,,0
1404650,,2,,,,,,,,,,0
1404651,,2,,,,,,,,,,0
1404652,,2,,,,,,,,,,0
1404653,,2,,,,,,,,,,0
1404654,,2,,,,,,,,,,0
1404655,,2,,,,,,,,,,0
1404656,,2,,,,,,,,,,0
1404657,,2,,,,,,,,,,0
1404658,,2,,,,,,,,,,0
1404659,,2,,,,,,,,,,0
1404660,,2,,,,,,,,,,0
1404661,,2,,,,,,,,,,0
1404662,,2,,,,,,,,,,0
1404663,,2,,,,,,,,,,0
1404664,,2,,,,,,,,,,0
1404665,,2,,,,,,,,,,0
1404666,,2,,,,,,,,,,0
1404667,,2,,,,,,,,,,0
1404668,,2,,,,,,,,,,0
1404669,,2,,,,,,,,,,0
1404670,,2,,,,,,,,,,0
1404671,,2,,,,,,,,,,0
1404672,,2,,,,,,,,,,0
1404673,,2,,,,,,,,,,0
1404674,,2,,,,,,,,,,0
1404675,,2,,,,,,,,,,0
1404676,,2,,,,,,,,,,0
1404677,,2,,,,,,,,,,0
1404678,,2,,,,,,,,,,0
1404679,,2,,,,,,,,,,0
1404680,,2,,,,,,,,,,0
1404681,,2,,,,,,,,,,0
1404682,,2,,,,,,,,,,0
1404683,,2,,,,,,,,,,0
1404684,,2,,,,,,,,,,0
1404685,,2,,,,,,,,,,0
1404686,,2,,,,,,,,,,0
1404687,,2,,,,,,,,,,0
1404688,,2,,,,,,,,,,0
1404689,,2,,,,,,,,,,0
1404690,,2,,,,,,,,,,0
1404691,,2,,,,,,,,,,0
1404692,,2,,,,,,,,,,0
1404693,,2,,,,,,,,,,0
1404694,,2,,,,,,,,,,0
1404695,,2,,,,,,,,,,0
1404696,,2,,,,,,,,,,0
1404697,,2,,,,,,,,,,0
1404698,,2,,,,,,,,,,0
1404699,,2,,,,,,,,,,0
1404700,,2,,,,,,,,,,0
1404701,,2,,,,,,,,,,0
1404702,,2,,,,,,,,,,0
1404703,,2,,,,,,,,,,0
1404704,,2,,,,,,,,,,0
1404705,,2,,,,,,,,,,0
1404706,,2,,,,,,,,,,0
1404707,,2,,,,,,,,,,0
1404708,,2,,,,,,,,,,0
1404709,,2,,,,,,,,,,0
1404710,,2,,,,,,,,,,0
1404711,,2,,,,,,,,,,0
1404712,,2,,,,,,,,,,0
1404713,,2,,,,,,,,,,0
1404714,,2,,,,,,,,,,0
1404715,,2,,,,,,,,,,0
1404716,,2,,,,,,,,,,0
1404717,,2,,,,,,,,,,0
1404718,,2,,,,,,,,,,0
1404719,,2,,,,,,,,,,0
1404720,,2,,,,,,,,,,0
1404721,,2,,,,,,,,,,0
1404722,,2,,,,,,,,,,0
1404723,,2,,,,,,,,,,0
1404724,,2,,,,,,,,,,0
1404725,,2,,,,,,,,,,0
1404726,,2,,,,,,,,,,0
1404727,,2,,,,,,,,,,0
1404728,,2,,,,,,,,,,0
1404729,,2,,,,,,,,,,0
1404730,,2,,,,,,,,,,0
1404731,,2,,,,,,,,,,0
1404732,,2,,,,,,,,,,0
1404733,,2,,,,,,,,,,0
1404734,,2,,,,,,,,,,0
1404735,,2,,,,,,,,,,0
1404736,,2,,,,,,,,,,0
1404737,,2,,,,,,,,,,0
1404738,,2,,,,,,,,,,0
1404739,,2,,,,,,,,,,0
1404740,,2,,,,,,,,,,0
1404741,,2,,,,,,,,,,0
1404742,,2,,,,,,,,,,0
1404743,,2,,,,,,,,,,0
1404744,,2,,,,,,,,,,0
1404745,,2,,,,,,,,,,0
1404746,,2,,,,,,,,,,0
1404747,,2,,,,,,,,,,0
1404748,,2,,,,,,,,,,0
1404749,,2,,,,,,,,,,0
1404750,,2,,,,,,,,,,0
1404751,,2,,,,,,,,,,0
1404752,,2,,,,,,,,,,0
1404753,,2,,,,,,,,,,0
1404754,,2,,,,,,,,,,0
1404755,,2,,,,,,,,,,0
1404756,,2,,,,,,,,,,0
1404757,,2,,,,,,,,,,0
1404758,,2,,,,,,,,,,0
1404759,,2,,,,,,,,,,0
1404760,,2,,,,,,,,,,0
1404761,,2,,,,,,,,,,0
1404762,,2,,,,,,,,,,0
1404763,,2,,,,,,,,,,0
1404764,,2,,,,,,,,,,0
1404765,,2,,,,,,,,,,0
1404766,,2,,,,,,,,,,0
1404767,,2,,,,,,,,,,0
1404768,,2,,,,,,,,,,0
1404769,,2,,,,,,,,,,0
1404770,,2,,,,,,,,,,0
1404771,,2,,,,,,,,,,0
1404772,,2,,,,,,,,,,0
1404773,,2,,,,,,,,,,0
1404774,,2,,,,,,,,,,0
1404775,,2,,,,,,,,,,0
1404776,,2,,,,,,,,,,0
1404777,,2,,,,,,,,,,0
1404778,,2,,,,,,,,,,0
1404779,,2,,,,,,,,,,0
1404780,,2,,,,,,,,,,0
1404781,,2,,,,,,,,,,0
1404782,,2,,,,,,,,,,0
1404783,,2,,,,,,,,,,0
1404784,,2,,,,,,,,,,0
1404785,,2,,,,,,,,,,0
1404786,,2,,,,,,,,,,0
1404787,,2,,,,,,,,,,0
1404788,,2,,,,,,,,,,0
1404789,,2,,,,,,,,,,0
1404790,,2,,,,,,,,,,0
1404791,,2,,,,,,,,,,0
1404792,,2,,,,,,,,,,0
1404793,,2,,,,,,,,,,0
1404794,,2,,,,,,,,,,0
1404795,,2,,,,,,,,,,0
1404796,,2,,,,,,,,,,0
1404797,,2,,,,,,,,,,0
1404798,,2,,,,,,,,,,0
1404799,,2,,,,,,,,,,0
1404800,,2,,,,,,,,,,0
1404801,,2,,,,,,,,,,0
1404802,,2,,,,,,,,,,0
1404803,,2,,,,,,,,,,0
1404804,,2,,,,,,,,,,0
1404805,,2,,,,,,,,,,0
1404806,,2,,,,,,,,,,0
1404807,,2,,,,,,,,,,0
1404808,,2,,,,,,,,,,0
1404809,,2,,,,,,,,,,0
1404810,,2,,,,,,,,,,0
1404811,,2,,,,,,,,,,0
1404812,,2,,,,,,,,,,0
1404813,,2,,,,,,,,,,0
1404814,,2,,,,,,,,,,0
1404815,,2,,,,,,,,,,0
1404816,,2,,,,,,,,,,0
1404817,,2,,,,,,,,,,0
1404818,,2,,,,,,,,,,0
1404819,,2,,,,,,,,,,0
1404820,,2,,,,,,,,,,0
1404821,,2,,,,,,,,,,0
1404822,,2,,,,,,,,,,0
1404823,,2,,,,,,,,,,0
1404824,,2,,,,,,,,,,0
1404825,,2,,,,,,,,,,0
1404826,,2,,,,,,,,,,0
1404827,,2,,,,,,,,,,0
1404828,,2,,,,,,,,,,0
1404829,,2,,,,,,,,,,0
1404830,,2,,,,,,,,,,0
1404831,,2,,,,,,,,,,0
1404832,,2,,,,,,,,,,0
1404833,,2,,,,,,,,,,0
1404834,,2,,,,,,,,,,0
1404835,,2,,,,,,,,,,0
1404836,,2,,,,,,,,,,0
1404837,,2,,,,,,,,,,0
1404838,,2,,,,,,,,,,0
1404839,,2,,,,,,,,,,0
1404840,,2,,,,,,,,,,0
1404841,,2,,,,,,,,,,0
1404842,,2,,,,,,,,,,0
1404843,,2,,,,,,,,,,0
1404844,,2,,,,,,,,,,0
1404845,,2,,,,,,,,,,0
1404846,,2,,,,,,,,,,0
1404847,,2,,,,,,,,,,0
1404848,,2,,,,,,,,,,0
1404849,,2,,,,,,,,,,0
1404850,,2,,,,,,,,,,0
1404851,,2,,,,,,,,,,0
1404852,,2,,,,,,,,,,0
1404853,,2,,,,,,,,,,0
1404854,,2,,,,,,,,,,0
1404855,,2,,,,,,,,,,0
1404856,,2,,,,,,,,,,0
1404857,,2,,,,,,,,,,0
1404858,,2,,,,,,,,,,0
1404859,,2,,,,,,,,,,0
1404860,,2,,,,,,,,,,0
1404861,,2,,,,,,,,,,0
1404862,,2,,,,,,,,,,0
1404863,,2,,,,,,,,,,0
1404864,,2,,,,,,,,,,0
1404865,,2,,,,,,,,,,0
1404866,,2,,,,,,,,,,0
1404867,,2,,,,,,,,,,0
1404868,,2,,,,,,,,,,0
1404869,,2,,,,,,,,,,0
1404870,,2,,,,,,,,,,0
1404871,,2,,,,,,,,,,0
1404872,,2,,,,,,,,,,0
1404873,,2,,,,,,,,,,0
1404874,,2,,,,,,,,,,0
1404875,,2,,,,,,,,,,0
1404876,,2,,,,,,,,,,0
1404877,,2,,,,,,,,,,0
1404878,,2,,,,,,,,,,0
1404879,,2,,,,,,,,,,0
1404880,,2,,,,,,,,,,0
1404881,,2,,,,,,,,,,0
1404882,,2,,,,,,,,,,0
1404883,,2,,,,,,,,,,0
1404884,,2,,,,,,,,,,0
1404885,,2,,,,,,,,,,0
1404886,,2,,,,,,,,,,0
1404887,,2,,,,,,,,,,0
1404888,,2,,,,,,,,,,0
1404889,,2,,,,,,,,,,0
1404890,,2,,,,,,,,,,0
1404891,,2,,,,,,,,,,0
1404892,,2,,,,,,,,,,0
1404893,,2,,,,,,,,,,0
1404894,,2,,,,,,,,,,0
1404895,,2,,,,,,,,,,0
1404896,,2,,,,,,,,,,0
1404897,,2,,,,,,,,,,0
1404898,,2,,,,,,,,,,0
1404899,,2,,,,,,,,,,0
1404900,,2,,,,,,,,,,0
1404901,,2,,,,,,,,,,0
1404902,,2,,,,,,,,,,0
1404903,,2,,,,,,,,,,0
1404904,,2,,,,,,,,,,0
1404905,,2,,,,,,,,,,0
1404906,,2,,,,,,,,,,0
1404907,,2,,,,,,,,,,0
1404908,,2,,,,,,,,,,0
1404909,,2,,,,,,,,,,0
1404910,,2,,,,,,,,,,0
1404911,,2,,,,,,,,,,0
1404912,,2,,,,,,,,,,0
1404913,,2,,,,,,,,,,0
1404914,,2,,,,,,,,,,0
1404915,,2,,,,,,,,,,0
1404916,,2,,,,,,,,,,0
1404917,,2,,,,,,,,,,0
1404918,,2,,,,,,,,,,0
1404919,,2,,,,,,,,,,0
1404920,,2,,,,,,,,,,0
1404921,,2,,,,,,,,,,0
1404922,,2,,,,,,,,,,0
1404923,,2,,,,,,,,,,0
1404924,,2,,,,,,,,,,0
1404925,,2,,,,,,,,,,0
1404926,,2,,,,,,,,,,0
1404927,,2,,,,,,,,,,0
1404928,,2,,,,,,,,,,0
1404929,,2,,,,,,,,,,0
1404930,,2,,,,,,,,,,0
1404931,,2,,,,,,,,,,0
1404932,,2,,,,,,,,,,0
1404933,,2,,,,,,,,,,0
1404934,,2,,,,,,,,,,0
1404935,,2,,,,,,,,,,0
1404936,,2,,,,,,,,,,0
1404937,,2,,,,,,,,,,0
1404938,,2,,,,,,,,,,0
1404939,,2,,,,,,,,,,0
1404940,,2,,,,,,,,,,0
1404941,,2,,,,,,,,,,0
1404942,,2,,,,,,,,,,0
1404943,,2,,,,,,,,,,0
1404944,,2,,,,,,,,,,0
1404945,,2,,,,,,,,,,0
1404946,,2,,,,,,,,,,0
1404947,,2,,,,,,,,,,0
1404948,,2,,,,,,,,,,0
1404949,,2,,,,,,,,,,0
1404950,,2,,,,,,,,,,0
1404951,,2,,,,,,,,,,0
1404952,,2,,,,,,,,,,0
1404953,,2,,,,,,,,,,0
1404954,,2,,,,,,,,,,0
1404955,,2,,,,,,,,,,0
1404956,,2,,,,,,,,,,0
1404957,,2,,,,,,,,,,0
1404958,,2,,,,,,,,,,0
1404959,,2,,,,,,,,,,0
1404960,,2,,,,,,,,,,0
1404961,,2,,,,,,,,,,0
1404962,,2,,,,,,,,,,0
1404963,,2,,,,,,,,,,0
1404964,,2,,,,,,,,,,0
1404965,,2,,,,,,,,,,0
1404966,,2,,,,,,,,,,0
1404967,,2,,,,,,,,,,0
1404968,,2,,,,,,,,,,0
1404969,,2,,,,,,,,,,0
1404970,,2,,,,,,,,,,0
1404971,,2,,,,,,,,,,0
1404972,,2,,,,,,,,,,0
1404973,,2,,,,,,,,,,0
9214988,,1,,,,,,,,,,0
9214989,,1,,,,,,,,,,0
9214990,,1,,,,,,,,,,0
9214991,,1,,,,,,,,,,0
9214992,,1,,,,,,,,,,0
9214993,,1,,,,,,,,,,0
9214994,,1,,,,,,,,,,0
9214995,,1,,,,,,,,,,0
9214996,,1,,,,,,,,,,0
9214997,,1,,,,,,,,,,0
9214998,,1,,,,,,,,,,0
9214999,,1,,,,,,,,,,0
9215000,,1,,,,,,,,,,0
9215001,,1,,,,,,,,,,0
9215002,,1,,,,,,,,,,0
9215003,,1,,,,,,,,,,0
9215004,,1,,,,,,,,,,0
9215005,,1,,,,,,,,,,0
9215006,,1,,,,,,,,,,0
9215007,,1,,,,,,,,,,0
9215008,,1,,,,,,,,,,0
9215009,,1,,,,,,,,,,0
9215010,,1,,,,,,,,,,0
9215011,,1,,,,,,,,,,0
9215012,,1,,,,,,,,,,0
9215013,,1,,,,,,,,,,0
9215014,,1,,,,,,,,,,0
9215015,,1,,,,,,,,,,0
9215016,,1,,,,,,,,,,0
9215017,,1,,,,,,,,,,0
9215018,,1,,,,,,,,,,0
9215019,,1,,,,,,,,,,0
9215020,,1,,,,,,,,,,0
9215021,,1,,,,,,,,,,0
9215022,,1,,,,,,,,,,0
9215023,,1,,,,,,,,,,0
9215024,,1,,,,,,,,,,0
9215025,,1,,,,,,,,,,0
9215026,,1,,,,,,,,,,0
9215027,,1,,,,,,,,,,0
9215028,,1,,,,,,,,,,0
9215029,,1,,,,,,,,,,0
9215030,,1,,,,,,,,,,0
9215031,,1,,,,,,,,,,0
9215032,,1,,,,,,,,,,0
9215033,,1,,,,,,,,,,0
9215034,,1,,,,,,,,,,0
9215035,,1,,,,,,,,,,0
9215036,,1,,,,,,,,,,0
9215037,,1,,,,,,,,,,0
9215038,,1,,,,,,,,,,0
9215039,,1,,,,,,,,,,0
9215040,,1,,,,,,,,,,0
9215041,,1,,,,,,,,,,0
9215042,,1,,,,,,,,,,0
9215043,,1,,,,,,,,,,0
9215044,,1,,,,,,,,,,0
9215045,,1,,,,,,,,,,0
9215046,,1,,,,,,,,,,0
9215047,,1,,,,,,,,,,0
9215048,,1,,,,,,,,,,0
9215049,,1,,,,,,,,,,0
9215050,,1,,,,,,,,,,0
9215051,,1,,,,,,,,,,0
9215052,,1,,,,,,,,,,0
9215053,,1,,,,,,,,,,0
9215054,,1,,,,,,,,,,0
9215055,,1,,,,,,,,,,0
9215056,,1,,,,,,,,,,0
9215057,,1,,,,,,,,,,0
9215058,,1,,,,,,,,,,0
9215059,,1,,,,,,,,,,0
9215060,,1,,,,,,,,,,0
9215061,,1,,,,,,,,,,0
9215062,,1,,,,,,,,,,0
9215063,,1,,,,,,,,,,0
9215064,,1,,,,,,,,,,0
9215065,,1,,,,,,,,,,0
9215066,,1,,,,,,,,,,0
9215067,,1,,,,,,,,,,0
9215068,,1,,,,,,,,,,0
9215069,,1,,,,,,,,,,0
9215070,,1,,,,,,,,,,0
9215071,,1,,,,,,,,,,0
9215072,,1,,,,,,,,,,0
9215073,,1,,,,,,,,,,0
9215074,,1,,,,,,,,,,0
9215075,,1,,,,,,,,,,0
9215076,,1,,,,,,,,,,0
9215077,,1,,,,,,,,,,0
9215078,,1,,,,,,,,,,0
9215079,,1,,,,,,,,,,0
9215080,,1,,,,,,,,,,0
9215081,,1,,,,,,,,,,0
9215082,,1,,,,,,,,,,0
9215083,,1,,,,,,,,,,0
9215084,,1,,,,,,,,,,0
9215085,,1,,,,,,,,,,0
9215086,,1,,,,,,,,,,0
9215087,,1,,,,,,,,,,0
9215088,,1,,,,,,,,,,0
9215089,,1,,,,,,,,,,0
9215090,,1,,,,,,,,,,0
9215091,,1,,,,,,,,,,0
9215092,,1,,,,,,,,,,0
9215093,,1,,,,,,,,,,0
9215094,,1,,,,,,,,,,0
9215095,,1,,,,,,,,,,0
9215096,,1,,,,,,,,,,0
9215097,,1,,,,,,,,,,0
9215098,,1,,,,,,,,,,0
9215099,,1,,,,,,,,,,0
9215100,,1,,,,,,,,,,0
9215101,,1,,,,,,,,,,0
9215102,,1,,,,,,,,,,0
9215103,,1,,,,,,,,,,0
9215104,,1,,,,,,,,,,0
9215105,,1,,,,,,,,,,0
9215106,,1,,,,,,,,,,0
9215107,,1,,,,,,,,,,0
9215108,,1,,,,,,,,,,0
9215109,,1,,,,,,,,,,0
9215110,,1,,,,,,,,,,0
9215111,,1,,,,,,,,,,0
9215112,,1,,,,,,,,,,0
9215113,,1,,,,,,,,,,0
9215114,,1,,,,,,,,,,0
9215115,,1,,,,,,,,,,0
9215116,,1,,,,,,,,,,0
9215117,,1,,,,,,,,,,0
9215118,,1,,,,,,,,,,0
9215119,,1,,,,,,,,,,0
9215120,,1,,,,,,,,,,0
9215121,,1,,,,,,,,,,0
9215122,,1,,,,,,,,,,0
9215123,,1,,,,,,,,,,0
9215124,,1,,,,,,,,,,0
9215125,,1,,,,,,,,,,0
9215126,,1,,,,,,,,,,0
9215127,,1,,,,,,,,,,0
9215128,,1,,,,,,,,,,0
9215129,,1,,,,,,,,,,0
9215130,,1,,,,,,,,,,0
9215131,,1,,,,,,,,,,0
9215132,,1,,,,,,,,,,0
9215133,,1,,,,,,,,,,0
9215134,,1,,,,,,,,,,0
9215135,,1,,,,,,,,,,0
9215136,,1,,,,,,,,,,0
9215137,,1,,,,,,,,,,0
9215138,,1,,,,,,,,,,0
9215139,,1,,,,,,,,,,0
9215140,,1,,,,,,,,,,0
9215141,,1,,,,,,,,,,0
9215142,,1,,,,,,,,,,0
9215143,,1,,,,,,,,,,0
9215144,,1,,,,,,,,,,0
9215145,,1,,,,,,,,,,0
9215146,,1,,,,,,,,,,0
9215147,,1,,,,,,,,,,0
9215148,,1,,,,,,,,,,0
9215149,,1,,,,,,,,,,0
9215150,,1,,,,,,,,,,0
9215151,,1,,,,,,,,,,0
9215152,,1,,,,,,,,,,0
9215153,,1,,,,,,,,,,0
9215154,,1,,,,,,,,,,0
9215155,,1,,,,,,,,,,0
9215156,,1,,,,,,,,,,0
9215157,,1,,,,,,,,,,0
9215158,,1,,,,,,,,,,0
9215159,,1,,,,,,,,,,0
9215160,,1,,,,,,,,,,0
9215161,,1,,,,,,,,,,0
9215162,,1,,,,,,,,,,0
9215163,,1,,,,,,,,,,0
9215164,,1,,,,,,,,,,0
9215165,,1,,,,,,,,,,0
9215166,,1,,,,,,,,,,0
9215167,,1,,,,,,,,,,0
9215168,,1,,,,,,,,,,0
9215169,,1,,,,,,,,,,0
9215170,,1,,,,,,,,,,0
9215171,,1,,,,,,,,,,0
9215172,,1,,,,,,,,,,0
9215173,,1,,,,,,,,,,0
9215174,,1,,,,,,,,,,0
9215175,,1,,,,,,,,,,0
9215176,,1,,,,,,,,,,0
9215177,,1,,,,,,,,,,0
9215178,,1,,,,,,,,,,0
9215179,,1,,,,,,,,,,0
9215180,,1,,,,,,,,,,0
9215181,,1,,,,,,,,,,0
9215182,,1,,,,,,,,,,0
9215183,,1,,,,,,,,,,0
9215184,,1,,,,,,,,,,0
9215185,,1,,,,,,,,,,0
9215186,,1,,,,,,,,,,0
9215187,,1,,,,,,,,,,0
9215188,,1,,,,,,,,,,0
9215189,,1,,,,,,,,,,0
9215190,,1,,,,,,,,,,0
9215191,,1,,,,,,,,,,0
9215192,,1,,,,,,,,,,0
9215193,,1,,,,,,,,,,0
9215194,,1,,,,,,,,,,0
9215195,,1,,,,,,,,,,0
9215196,,1,,,,,,,,,,0
9215197,,1,,,,,,,,,,0
9215198,,1,,,,,,,,,,0
9215199,,1,,,,,,,,,,0
9215200,,1,,,,,,,,,,0
9215201,,1,,,,,,,,,,0
9215202,,1,,,,,,,,,,0
9215203,,1,,,,,,,,,,0
9215204,,1,,,,,,,,,,0
9215205,,1,,,,,,,,,,0
9215206,,1,,,,,,,,,,0
9215207,,1,,,,,,,,,,0
9215208,,1,,,,,,,,,,0
9215209,,1,,,,,,,,,,0
9215210,,1,,,,,,,,,,0
9215211,,1,,,,,,,,,,0
9215212,,1,,,,,,,,,,0
9215213,,1,,,,,,,,,,0
9215214,,1,,,,,,,,,,0
9215215,,1,,,,,,,,,,0
9215216,,1,,,,,,,,,,0
9215217,,1,,,,,,,,,,0
9215218,,1,,,,,,,,,,0
9215219,,1,,,,,,,,,,0
9215220,,1,,,,,,,,,,0
9215221,,1,,,,,,,,,,0
9215222,,1,,,,,,,,,,0
9215223,,1,,,,,,,,,,0
9215224,,1,,,,,,,,,,0
9215225,,1,,,,,,,,,,0
9215226,,1,,,,,,,,,,0
9215227,,1,,,,,,,,,,0
9215228,,1,,,,,,,,,,0
9215229,,1,,,,,,,,,,0
9215230,,1,,,,,,,,,,0
9215231,,1,,,,,,,,,,0
9215232,,1,,,,,,,,,,0
9215233,,1,,,,,,,,,,0
9215234,,1,,,,,,,,,,0
9215235,,1,,,,,,,,,,0
9215236,,1,,,,,,,,,,0
9215237,,1,,,,,,,,,,0
9215238,,1,,,,,,,,,,0
9215239,,1,,,,,,,,,,0
9215240,,1,,,,,,,,,,0
9215241,,1,,,,,,,,,,0
9215242,,1,,,,,,,,,,0
9215243,,1,,,,,,,,,,0
9215244,,1,,,,,,,,,,0
9215245,,1,,,,,,,,,,0
9215246,,1,,,,,,,,,,0
9215247,,1,,,,,,,,,,0
9215248,,1,,,,,,,,,,0
9215249,,1,,,,,,,,,,0
9215250,,1,,,,,,,,,,0
9215251,,1,,,,,,,,,,0
9215252,,1,,,,,,,,,,0
9215253,,1,,,,,,,,,,0
9215254,,1,,,,,,,,,,0
9215255,,1,,,,,,,,,,0
9215256,,1,,,,,,,,,,0
9215257,,1,,,,,,,,,,0
9215258,,1,,,,,,,,,,0
9215259,,1,,,,,,,,,,0
9215260,,1,,,,,,,,,,0
9215261,,1,,,,,,,,,,0
9215262,,1,,,,,,,,,,0
9215263,,1,,,,,,,,,,0
9215264,,1,,,,,,,,,,0
9215265,,1,,,,,,,,,,0
9215266,,1,,,,,,,,,,0
9215267,,1,,,,,,,,,,0
9215268,,1,,,,,,,,,,0
9215269,,1,,,,,,,,,,0
9215270,,1,,,,,,,,,,0
9215271,,1,,,,,,,,,,0
9215272,,1,,,,,,,,,,0
9215273,,1,,,,,,,,,,0
9215274,,1,,,,,,,,,,0
9215275,,1,,,,,,,,,,0
9215276,,1,,,,,,,,,,0
9215277,,1,,,,,,,,,,0
9215278,,1,,,,,,,,,,0
9215279,,1,,,,,,,,,,0
9215280,,1,,,,,,,,,,0
9215281,,1,,,,,,,,,,0
9215282,,1,,,,,,,,,,0
9215283,,1,,,,,,,,,,0
9215284,,1,,,,,,,,,,0
9215285,,1,,,,,,,,,,0
9215286,,1,,,,,,,,,,0
9215287,,1,,,,,,,,,,0
9215288,,1,,,,,,,,,,0
9215289,,1,,,,,,,,,,0
9215290,,1,,,,,,,,,,0
9215291,,1,,,,,,,,,,0
9215292,,1,,,,,,,,,,0
9215293,,1,,,,,,,,,,0
9215294,,1,,,,,,,,,,0
9215295,,1,,,,,,,,,,0
9215296,,1,,,,,,,,,,0
9215297,,1,,,,,,,,,,0
9215298,,1,,,,,,,,,,0
9215299,,1,,,,,,,,,,0
9215300,,1,,,,,,,,,,0
9215301,,1,,,,,,,,,,0
9215302,,1,,,,,,,,,,0
9215303,,1,,,,,,,,,,0
9215304,,1,,,,,,,,,,0
9215305,,1,,,,,,,,,,0
9215306,,1,,,,,,,,,,0
9215307,,1,,,,,,,,,,0
9215308,,1,,,,,,,,,,0
9215309,,1,,,,,,,,,,0
9215310,,1,,,,,,,,,,0
9215311,,1,,,,,,,,,,0
9215312,,1,,,,,,,,,,0
9215313,,1,,,,,,,,,,0
9215314,,1,,,,,,,,,,0
9215315,,1,,,,,,,,,,0
9215316,,1,,,,,,,,,,0
9215317,,1,,,,,,,,,,0
9215318,,1,,,,,,,,,,0
9215319,,1,,,,,,,,,,0
9215320,,1,,,,,,,,,,0
9215321,,1,,,,,,,,,,0
9215322,,1,,,,,,,,,,0
9215323,,1,,,,,,,,,,0
9215324,,1,,,,,,,,,,0
9215325,,1,,,,,,,,,,0
9215326,,1,,,,,,,,,,0
9215327,,1,,,,,,,,,,0
9215328,,1,,,,,,,,,,0
9215329,,1,,,,,,,,,,0
9215330,,1,,,,,,,,,,0
9215331,,1,,,,,,,,,,0
9215332,,1,,,,,,,,,,0
9215333,,1,,,,,,,,,,0
9215334,,1,,,,,,,,,,0
9215335,,1,,,,,,,,,,0
9215336,,1,,,,,,,,,,0
9215337,,1,,,,,,,,,,0
9215338,,1,,,,,,,,,,0
9215339,,1,,,,,,,,,,0
9215340,,1,,,,,,,,,,0
9215341,,1,,,,,,,,,,0
9215342,,1,,,,,,,,,,0
9215343,,1,,,,,,,,,,0
9215344,,1,,,,,,,,,,0
9215345,,1,,,,,,,,,,0
9215346,,1,,,,,,,,,,0
9215347,,1,,,,,,,,,,0
9215348,,1,,,,,,,,,,0
9215349,,1,,,,,,,,,,0
9215350,,1,,,,,,,,,,0
9215351,,1,,,,,,,,,,0
9215352,,1,,,,,,,,,,0
9215353,,1,,,,,,,,,,0
9215354,,1,,,,,,,,,,0
9215355,,1,,,,,,,,,,0
9215356,,1,,,,,,,,,,0
9215357,,1,,,,,,,,,,0
9215358,,1,,,,,,,,,,0
9215359,,1,,,,,,,,,,0
9215360,,1,,,,,,,,,,0
9215361,,1,,,,,,,,,,0
9215362,,1,,,,,,,,,,0
9215363,,1,,,,,,,,,,0
9215364,,1,,,,,,,,,,0
9215365,,1,,,,,,,,,,0
9215366,,1,,,,,,,,,,0
9215367,,1,,,,,,,,,,0
9215368,,1,,,,,,,,,,0
9215369,,1,,,,,,,,,,0
9215370,,1,,,,,,,,,,0
9215371,,1,,,,,,,,,,0
9215372,,1,,,,,,,,,,0
9215373,,1,,,,,,,,,,0
9215374,,1,,,,,,,,,,0
9215375,,1,,,,,,,,,,0
9215376,,1,,,,,,,,,,0
9215377,,1,,,,,,,,,,0
9215378,,1,,,,,,,,,,0
9215379,,1,,,,,,,,,,0
9215380,,1,,,,,,,,,,0
9215381,,1,,,,,,,,,,0
9215382,,1,,,,,,,,,,0
9215383,,1,,,,,,,,,,0
9215384,,1,,,,,,,,,,0
9215385,,1,,,,,,,,,,0
9215386,,1,,,,,,,,,,0
9215387,,1,,,,,,,,,,0
9215388,,1,,,,,,,,,,0
9215389,,1,,,,,,,,,,0
9215390,,1,,,,,,,,,,0
9215391,,1,,,,,,,,,,0
9215392,,1,,,,,,,,,,0
9215393,,1,,,,,,,,,,0
9215394,,1,,,,,,,,,,0
9215395,,1,,,,,,,,,,0
9215396,,1,,,,,,,,,,0
9215397,,1,,,,,,,,,,0
9215398,,1,,,,,,,,,,0
9215399,,1,,,,,,,,,,0
9215400,,1,,,,,,,,,,0
9215401,,1,,,,,,,,,,0
9215402,,1,,,,,,,,,,0
9215403,,1,,,,,,,,,,0
9215404,,1,,,,,,,,,,0
9215405,,1,,,,,,,,,,0
9215406,,1,,,,,,,,,,0
9215407,,1,,,,,,,,,,0
9215408,,1,,,,,,,,,,0
9215409,,1,,,,,,,,,,0
9215410,,1,,,,,,,,,,0
9215411,,1,,,,,,,,,,0
9215412,,1,,,,,,,,,,0
9215413,,1,,,,,,,,,,0
9215414,,1,,,,,,,,,,0
9215415,,1,,,,,,,,,,0
9215416,,1,,,,,,,,,,0
9215417,,1,,,,,,,,,,0
9215418,,1,,,,,,,,,,0
9215419,,1,,,,,,,,,,0
9215420,,1,,,,,,,,,,0
9215421,,1,,,,,,,,,,0
9215422,,1,,,,,,,,,,0
9215423,,1,,,,,,,,,,0
9215424,,1,,,,,,,,,,0
9215425,,1,,,,,,,,,,0
9215426,,1,,,,,,,,,,0
9215427,,1,,,,,,,,,,0
9215428,,1,,,,,,,,,,0
9215429,,1,,,,,,,,,,0
9215430,,1,,,,,,,,,,0
9215431,,1,,,,,,,,,,0
9215432,,1,,,,,,,,,,0
9215433,,1,,,,,,,,,,0
9215434,,1,,,,,,,,,,0
9215435,,1,,,,,,,,,,0
9215436,,1,,,,,,,,,,0
9215437,,1,,,,,,,,,,0
9215438,,1,,,,,,,,,,0
9215439,,1,,,,,,,,,,0
9215440,,1,,,,,,,,,,0
9215441,,1,,,,,,,,,,0
9215442,,1,,,,,,,,,,0
9215443,,1,,,,,,,,,,0
9215444,,1,,,,,,,,,,0
9215445,,1,,,,,,,,,,0
9215446,,1,,,,,,,,,,0
9215447,,1,,,,,,,,,,0
9215448,,1,,,,,,,,,,0
9215449,,1,,,,,,,,,,0
9215450,,1,,,,,,,,,,0
9215451,,1,,,,,,,,,,0
9215452,,1,,,,,,,,,,0
9215453,,1,,,,,,,,,,0
9215454,,1,,,,,,,,,,0
9215455,,1,,,,,,,,,,0
9215456,,1,,,,,,,,,,0
9215457,,1,,,,,,,,,,0
9215458,,1,,,,,,,,,,0
9215459,,1,,,,,,,,,,0
9215460,,1,,,,,,,,,,0
9215461,,1,,,,,,,,,,0
9215462,,1,,,,,,,,,,0
9215463,,1,,,,,,,,,,0
9215464,,1,,,,,,,,,,0
9215465,,1,,,,,,,,,,0
9215466,,1,,,,,,,,,,0
9215467,,1,,,,,,,,,,0
9215468,,1,,,,,,,,,,0
9215469,,1,,,,,,,,,,0
9215470,,1,,,,,,,,,,0
9215471,,1,,,,,,,,,,0
9215472,,1,,,,,,,,,,0
9215473,,1,,,,,,,,,,0
9215474,,1,,,,,,,,,,0
9215475,,1,,,,,,,,,,0
9215476,,1,,,,,,,,,,0
9215477,,1,,,,,,,,,,0
9215478,,1,,,,,,,,,,0
9215479,,1,,,,,,,,,,0
9215480,,1,,,,,,,,,,0
9215481,,1,,,,,,,,,,0
9215482,,1,,,,,,,,,,0
9215483,,1,,,,,,,,,,0
9215484,,1,,,,,,,,,,0
9215485,,1,,,,,,,,,,0
9215486,,1,,,,,,,,,,0
9215487,,1,,,,,,,,,,0
1404974,,2,,,,,,,,,,0
1404975,,2,,,,,,,,,,0
1404976,,2,,,,,,,,,,0
1404977,,2,,,,,,,,,,0
1404978,,2,,,,,,,,,,0
1404979,,2,,,,,,,,,,0
1404980,,2,,,,,,,,,,0
1404981,,2,,,,,,,,,,0
1404982,,2,,,,,,,,,,0
1404983,,2,,,,,,,,,,0
1404984,,2,,,,,,,,,,0
1404985,,2,,,,,,,,,,0
1404986,,2,,,,,,,,,,0
1404987,,2,,,,,,,,,,0
1404988,,2,,,,,,,,,,0
1404989,,2,,,,,,,,,,0
1404990,,2,,,,,,,,,,0
1404991,,2,,,,,,,,,,0
1404992,,2,,,,,,,,,,0
1404993,,2,,,,,,,,,,0
1404994,,2,,,,,,,,,,0
1404995,,2,,,,,,,,,,0
1404996,,2,,,,,,,,,,0
1404997,,2,,,,,,,,,,0
1404998,,2,,,,,,,,,,0
1404999,,2,,,,,,,,,,0
1405000,,2,,,,,,,,,,0
1405001,,2,,,,,,,,,,0
1405002,,2,,,,,,,,,,0
1405003,,2,,,,,,,,,,0
1405004,,2,,,,,,,,,,0
1405005,,2,,,,,,,,,,0
1405006,,2,,,,,,,,,,0
1405007,,2,,,,,,,,,,0
1405008,,2,,,,,,,,,,0
1405009,,2,,,,,,,,,,0
1405010,,2,,,,,,,,,,0
1405011,,2,,,,,,,,,,0
1405012,,2,,,,,,,,,,0
1405013,,2,,,,,,,,,,0
1405014,,2,,,,,,,,,,0
1405015,,2,,,,,,,,,,0
1405016,,2,,,,,,,,,,0
1405017,,2,,,,,,,,,,0
1405018,,2,,,,,,,,,,0
1405019,,2,,,,,,,,,,0
1405020,,2,,,,,,,,,,0
1405021,,2,,,,,,,,,,0
1405022,,2,,,,,,,,,,0
1405023,,2,,,,,,,,,,0
1405024,,2,,,,,,,,,,0
1405025,,2,,,,,,,,,,0
1405026,,2,,,,,,,,,,0
1405027,,2,,,,,,,,,,0
1405028,,2,,,,,,,,,,0
1405029,,2,,,,,,,,,,0
1405030,,2,,,,,,,,,,0
1405031,,2,,,,,,,,,,0
1405032,,2,,,,,,,,,,0
1405033,,2,,,,,,,,,,0
1405034,,2,,,,,,,,,,0
1405035,,2,,,,,,,,,,0
1405036,,2,,,,,,,,,,0
1405037,,2,,,,,,,,,,0
1405038,,2,,,,,,,,,,0
1405039,,2,,,,,,,,,,0
1405040,,2,,,,,,,,,,0
1405041,,2,,,,,,,,,,0
1405042,,2,,,,,,,,,,0
1405043,,2,,,,,,,,,,0
1405044,,2,,,,,,,,,,0
1405045,,2,,,,,,,,,,0
1405046,,2,,,,,,,,,,0
1405047,,2,,,,,,,,,,0
1405048,,2,,,,,,,,,,0
1405049,,2,,,,,,,,,,0
1405050,,2,,,,,,,,,,0
1405051,,2,,,,,,,,,,0
1405052,,2,,,,,,,,,,0
1405053,,2,,,,,,,,,,0
1405054,,2,,,,,,,,,,0
1405055,,2,,,,,,,,,,0
1405056,,2,,,,,,,,,,0
1405057,,2,,,,,,,,,,0
1405058,,2,,,,,,,,,,0
1405059,,2,,,,,,,,,,0
1405060,,2,,,,,,,,,,0
1405061,,2,,,,,,,,,,0
1405062,,2,,,,,,,,,,0
1405063,,2,,,,,,,,,,0
1405064,,2,,,,,,,,,,0
1405065,,2,,,,,,,,,,0
1405066,,2,,,,,,,,,,0
1405067,,2,,,,,,,,,,0
1405068,,2,,,,,,,,,,0
1405069,,2,,,,,,,,,,0
1405070,,2,,,,,,,,,,0
1405071,,2,,,,,,,,,,0
1405072,,2,,,,,,,,,,0
1405073,,2,,,,,,,,,,0
1405074,,2,,,,,,,,,,0
1405075,,2,,,,,,,,,,0
1405076,,2,,,,,,,,,,0
1405077,,2,,,,,,,,,,0
1405078,,2,,,,,,,,,,0
1405079,,2,,,,,,,,,,0
1405080,,2,,,,,,,,,,0
1405081,,2,,,,,,,,,,0
1405082,,2,,,,,,,,,,0
1405083,,2,,,,,,,,,,0
1405084,,2,,,,,,,,,,0
1405085,,2,,,,,,,,,,0
1405086,,2,,,,,,,,,,0
1405087,,2,,,,,,,,,,0
1405088,,2,,,,,,,,,,0
1405089,,2,,,,,,,,,,0
1405090,,2,,,,,,,,,,0
1405091,,2,,,,,,,,,,0
1405092,,2,,,,,,,,,,0
1405093,,2,,,,,,,,,,0
1405094,,2,,,,,,,,,,0
1405095,,2,,,,,,,,,,0
1405096,,2,,,,,,,,,,0
1405097,,2,,,,,,,,,,0
1405098,,2,,,,,,,,,,0
1405099,,2,,,,,,,,,,0
1405100,,2,,,,,,,,,,0
1405101,,2,,,,,,,,,,0
1405102,,2,,,,,,,,,,0
1405103,,2,,,,,,,,,,0
1405104,,2,,,,,,,,,,0
1405105,,2,,,,,,,,,,0
1405106,,2,,,,,,,,,,0
1405107,,2,,,,,,,,,,0
1405108,,2,,,,,,,,,,0
1405109,,2,,,,,,,,,,0
1405110,,2,,,,,,,,,,0
1405111,,2,,,,,,,,,,0
1405112,,2,,,,,,,,,,0
1405113,,2,,,,,,,,,,0
1405114,,2,,,,,,,,,,0
1405115,,2,,,,,,,,,,0
1405116,,2,,,,,,,,,,0
1405117,,2,,,,,,,,,,0
1405118,,2,,,,,,,,,,0
1405119,,2,,,,,,,,,,0
1405120,,2,,,,,,,,,,0
1405121,,2,,,,,,,,,,0
1405122,,2,,,,,,,,,,0
1405123,,2,,,,,,,,,,0
1405124,,2,,,,,,,,,,0
1405125,,2,,,,,,,,,,0
1405126,,2,,,,,,,,,,0
1405127,,2,,,,,,,,,,0
1405128,,2,,,,,,,,,,0
1405129,,2,,,,,,,,,,0
1405130,,2,,,,,,,,,,0
1405131,,2,,,,,,,,,,0
1405132,,2,,,,,,,,,,0
1405133,,2,,,,,,,,,,0
1405134,,2,,,,,,,,,,0
1405135,,2,,,,,,,,,,0
1405136,,2,,,,,,,,,,0
1405137,,2,,,,,,,,,,0
1405138,,2,,,,,,,,,,0
1405139,,2,,,,,,,,,,0
1405140,,2,,,,,,,,,,0
1405141,,2,,,,,,,,,,0
1405142,,2,,,,,,,,,,0
1405143,,2,,,,,,,,,,0
1405144,,2,,,,,,,,,,0
1405145,,2,,,,,,,,,,0
1405146,,2,,,,,,,,,,0
1405147,,2,,,,,,,,,,0
1405148,,2,,,,,,,,,,0
1405149,,2,,,,,,,,,,0
1405150,,2,,,,,,,,,,0
1405151,,2,,,,,,,,,,0
1405152,,2,,,,,,,,,,0
1405153,,2,,,,,,,,,,0
1405154,,2,,,,,,,,,,0
1405155,,2,,,,,,,,,,0
1405156,,2,,,,,,,,,,0
1405157,,2,,,,,,,,,,0
1405158,,2,,,,,,,,,,0
1405159,,2,,,,,,,,,,0
1405160,,2,,,,,,,,,,0
1405161,,2,,,,,,,,,,0
1405162,,2,,,,,,,,,,0
1405163,,2,,,,,,,,,,0
1405164,,2,,,,,,,,,,0
1405165,,2,,,,,,,,,,0
1405166,,2,,,,,,,,,,0
1405167,,2,,,,,,,,,,0
1405168,,2,,,,,,,,,,0
1405169,,2,,,,,,,,,,0
1405170,,2,,,,,,,,,,0
1405171,,2,,,,,,,,,,0
1405172,,2,,,,,,,,,,0
1405173,,2,,,,,,,,,,0
1405174,,2,,,,,,,,,,0
1405175,,2,,,,,,,,,,0
1405176,,2,,,,,,,,,,0
1405177,,2,,,,,,,,,,0
1405178,,2,,,,,,,,,,0
1405179,,2,,,,,,,,,,0
1405180,,2,,,,,,,,,,0
1405181,,2,,,,,,,,,,0
1405182,,2,,,,,,,,,,0
1405183,,2,,,,,,,,,,0
1405184,,2,,,,,,,,,,0
1405185,,2,,,,,,,,,,0
1405186,,2,,,,,,,,,,0
1405187,,2,,,,,,,,,,0
1405188,,2,,,,,,,,,,0
1405189,,2,,,,,,,,,,0
1405190,,2,,,,,,,,,,0
1405191,,2,,,,,,,,,,0
1405192,,2,,,,,,,,,,0
1405193,,2,,,,,,,,,,0
1405194,,2,,,,,,,,,,0
1405195,,2,,,,,,,,,,0
1405196,,2,,,,,,,,,,0
1405197,,2,,,,,,,,,,0
1405198,,2,,,,,,,,,,0
1405199,,2,,,,,,,,,,0
1405200,,2,,,,,,,,,,0
1405201,,2,,,,,,,,,,0
1405202,,2,,,,,,,,,,0
1405203,,2,,,,,,,,,,0
1405204,,2,,,,,,,,,,0
1405205,,2,,,,,,,,,,0
1405206,,2,,,,,,,,,,0
1405207,,2,,,,,,,,,,0
1405208,,2,,,,,,,,,,0
1405209,,2,,,,,,,,,,0
1405210,,2,,,,,,,,,,0
1405211,,2,,,,,,,,,,0
1405212,,2,,,,,,,,,,0
1405213,,2,,,,,,,,,,0
1405214,,2,,,,,,,,,,0
1405215,,2,,,,,,,,,,0
1405216,,2,,,,,,,,,,0
1405217,,2,,,,,,,,,,0
1405218,,2,,,,,,,,,,0
1405219,,2,,,,,,,,,,0
1405220,,2,,,,,,,,,,0
1405221,,2,,,,,,,,,,0
1405222,,2,,,,,,,,,,0
1405223,,2,,,,,,,,,,0
1405224,,2,,,,,,,,,,0
1405225,,2,,,,,,,,,,0
1405226,,2,,,,,,,,,,0
1405227,,2,,,,,,,,,,0
1405228,,2,,,,,,,,,,0
1405229,,2,,,,,,,,,,0
1405230,,2,,,,,,,,,,0
1405231,,2,,,,,,,,,,0
1405232,,2,,,,,,,,,,0
1405233,,2,,,,,,,,,,0
1405234,,2,,,,,,,,,,0
1405235,,2,,,,,,,,,,0
1405236,,2,,,,,,,,,,0
1405237,,2,,,,,,,,,,0
1405238,,2,,,,,,,,,,0
1405239,,2,,,,,,,,,,0
1405240,,2,,,,,,,,,,0
1405241,,2,,,,,,,,,,0
1405242,,2,,,,,,,,,,0
1405243,,2,,,,,,,,,,0
1405244,,2,,,,,,,,,,0
1405245,,2,,,,,,,,,,0
1405246,,2,,,,,,,,,,0
1405247,,2,,,,,,,,,,0
1405248,,2,,,,,,,,,,0
1405249,,2,,,,,,,,,,0
1405250,,2,,,,,,,,,,0
1405251,,2,,,,,,,,,,0
1405252,,2,,,,,,,,,,0
1405253,,2,,,,,,,,,,0
1405254,,2,,,,,,,,,,0
1405255,,2,,,,,,,,,,0
1405256,,2,,,,,,,,,,0
1405257,,2,,,,,,,,,,0
1405258,,2,,,,,,,,,,0
1405259,,2,,,,,,,,,,0
1405260,,2,,,,,,,,,,0
1405261,,2,,,,,,,,,,0
1405262,,2,,,,,,,,,,0
1405263,,2,,,,,,,,,,0
1405264,,2,,,,,,,,,,0
1405265,,2,,,,,,,,,,0
1405266,,2,,,,,,,,,,0
1405267,,2,,,,,,,,,,0
1405268,,2,,,,,,,,,,0
1405269,,2,,,,,,,,,,0
1405270,,2,,,,,,,,,,0
1405271,,2,,,,,,,,,,0
1405272,,2,,,,,,,,,,0
1405273,,2,,,,,,,,,,0
1405274,,2,,,,,,,,,,0
1405275,,2,,,,,,,,,,0
1405276,,2,,,,,,,,,,0
1405277,,2,,,,,,,,,,0
1405278,,2,,,,,,,,,,0
1405279,,2,,,,,,,,,,0
1405280,,2,,,,,,,,,,0
1405281,,2,,,,,,,,,,0
1405282,,2,,,,,,,,,,0
1405283,,2,,,,,,,,,,0
1405284,,2,,,,,,,,,,0
1405285,,2,,,,,,,,,,0
1405286,,2,,,,,,,,,,0
1405287,,2,,,,,,,,,,0
1405288,,2,,,,,,,,,,0
1405289,,2,,,,,,,,,,0
1405290,,2,,,,,,,,,,0
1405291,,2,,,,,,,,,,0
1405292,,2,,,,,,,,,,0
1405293,,2,,,,,,,,,,0
1405294,,2,,,,,,,,,,0
1405295,,2,,,,,,,,,,0
1405296,,2,,,,,,,,,,0
1405297,,2,,,,,,,,,,0
1405298,,2,,,,,,,,,,0
1405299,,2,,,,,,,,,,0
1405300,,2,,,,,,,,,,0
1405301,,2,,,,,,,,,,0
1405302,,2,,,,,,,,,,0
1405303,,2,,,,,,,,,,0
1405304,,2,,,,,,,,,,0
1405305,,2,,,,,,,,,,0
1405306,,2,,,,,,,,,,0
1405307,,2,,,,,,,,,,0
1405308,,2,,,,,,,,,,0
1405309,,2,,,,,,,,,,0
1405310,,2,,,,,,,,,,0
1405311,,2,,,,,,,,,,0
1405312,,2,,,,,,,,,,0
1405313,,2,,,,,,,,,,0
1405314,,2,,,,,,,,,,0
1405315,,2,,,,,,,,,,0
1405316,,2,,,,,,,,,,0
1405317,,2,,,,,,,,,,0
1405318,,2,,,,,,,,,,0
1405319,,2,,,,,,,,,,0
1405320,,2,,,,,,,,,,0
1405321,,2,,,,,,,,,,0
1405322,,2,,,,,,,,,,0
1405323,,2,,,,,,,,,,0
1405324,,2,,,,,,,,,,0
1405325,,2,,,,,,,,,,0
1405326,,2,,,,,,,,,,0
1405327,,2,,,,,,,,,,0
1405328,,2,,,,,,,,,,0
1405329,,2,,,,,,,,,,0
1405330,,2,,,,,,,,,,0
1405331,,2,,,,,,,,,,0
1405332,,2,,,,,,,,,,0
1405333,,2,,,,,,,,,,0
1405334,,2,,,,,,,,,,0
1405335,,2,,,,,,,,,,0
1405336,,2,,,,,,,,,,0
1405337,,2,,,,,,,,,,0
1405338,,2,,,,,,,,,,0
1405339,,2,,,,,,,,,,0
1405340,,2,,,,,,,,,,0
1405341,,2,,,,,,,,,,0
1405342,,2,,,,,,,,,,0
1405343,,2,,,,,,,,,,0
1405344,,2,,,,,,,,,,0
1405345,,2,,,,,,,,,,0
1405346,,2,,,,,,,,,,0
1405347,,2,,,,,,,,,,0
1405348,,2,,,,,,,,,,0
1405349,,2,,,,,,,,,,0
1405350,,2,,,,,,,,,,0
1405351,,2,,,,,,,,,,0
1405352,,2,,,,,,,,,,0
1405353,,2,,,,,,,,,,0
1405354,,2,,,,,,,,,,0
1405355,,2,,,,,,,,,,0
1405356,,2,,,,,,,,,,0
1405357,,2,,,,,,,,,,0
1405358,,2,,,,,,,,,,0
1405359,,2,,,,,,,,,,0
1405360,,2,,,,,,,,,,0
1405361,,2,,,,,,,,,,0
1405362,,2,,,,,,,,,,0
1405363,,2,,,,,,,,,,0
1405364,,2,,,,,,,,,,0
1405365,,2,,,,,,,,,,0
1405366,,2,,,,,,,,,,0
1405367,,2,,,,,,,,,,0
1405368,,2,,,,,,,,,,0
1405369,,2,,,,,,,,,,0
1405370,,2,,,,,,,,,,0
1405371,,2,,,,,,,,,,0
1405372,,2,,,,,,,,,,0
1405373,,2,,,,,,,,,,0
1405374,,2,,,,,,,,,,0
1405375,,2,,,,,,,,,,0
1405376,,2,,,,,,,,,,0
1405377,,2,,,,,,,,,,0
1405378,,2,,,,,,,,,,0
1405379,,2,,,,,,,,,,0
1405380,,2,,,,,,,,,,0
1405381,,2,,,,,,,,,,0
1405382,,2,,,,,,,,,,0
1405383,,2,,,,,,,,,,0
1405384,,2,,,,,,,,,,0
1405385,,2,,,,,,,,,,0
1405386,,2,,,,,,,,,,0
1405387,,2,,,,,,,,,,0
1405388,,2,,,,,,,,,,0
1405389,,2,,,,,,,,,,0
1405390,,2,,,,,,,,,,0
1405391,,2,,,,,,,,,,0
1405392,,2,,,,,,,,,,0
1405393,,2,,,,,,,,,,0
1405394,,2,,,,,,,,,,0
1405395,,2,,,,,,,,,,0
1405396,,2,,,,,,,,,,0
1405397,,2,,,,,,,,,,0
1405398,,2,,,,,,,,,,0
1405399,,2,,,,,,,,,,0
1405400,,2,,,,,,,,,,0
1405401,,2,,,,,,,,,,0
1405402,,2,,,,,,,,,,0
1405403,,2,,,,,,,,,,0
1405404,,2,,,,,,,,,,0
1405405,,2,,,,,,,,,,0
1405406,,2,,,,,,,,,,0
1405407,,2,,,,,,,,,,0
1405408,,2,,,,,,,,,,0
1405409,,2,,,,,,,,,,0
1405410,,2,,,,,,,,,,0
1405411,,2,,,,,,,,,,0
1405412,,2,,,,,,,,,,0
1405413,,2,,,,,,,,,,0
1405414,,2,,,,,,,,,,0
1405415,,2,,,,,,,,,,0
1405416,,2,,,,,,,,,,0
1405417,,2,,,,,,,,,,0
1405418,,2,,,,,,,,,,0
1405419,,2,,,,,,,,,,0
1405420,,2,,,,,,,,,,0
1405421,,2,,,,,,,,,,0
1405422,,2,,,,,,,,,,0
1405423,,2,,,,,,,,,,0
1405424,,2,,,,,,,,,,0
1405425,,2,,,,,,,,,,0
1405426,,2,,,,,,,,,,0
1405427,,2,,,,,,,,,,0
1405428,,2,,,,,,,,,,0
1405429,,2,,,,,,,,,,0
1405430,,2,,,,,,,,,,0
1405431,,2,,,,,,,,,,0
1405432,,2,,,,,,,,,,0
1405433,,2,,,,,,,,,,0
1405434,,2,,,,,,,,,,0
1405435,,2,,,,,,,,,,0
1405436,,2,,,,,,,,,,0
1405437,,2,,,,,,,,,,0
1405438,,2,,,,,,,,,,0
1405439,,2,,,,,,,,,,0
1405440,,2,,,,,,,,,,0
1405441,,2,,,,,,,,,,0
1405442,,2,,,,,,,,,,0
1405443,,2,,,,,,,,,,0
1405444,,2,,,,,,,,,,0
1405445,,2,,,,,,,,,,0
1405446,,2,,,,,,,,,,0
1405447,,2,,,,,,,,,,0
1405448,,2,,,,,,,,,,0
1405449,,2,,,,,,,,,,0
1405450,,2,,,,,,,,,,0
1405451,,2,,,,,,,,,,0
1405452,,2,,,,,,,,,,0
1405453,,2,,,,,,,,,,0
1405454,,2,,,,,,,,,,0
1405455,,2,,,,,,,,,,0
1405456,,2,,,,,,,,,,0
1405457,,2,,,,,,,,,,0
1405458,,2,,,,,,,,,,0
1405459,,2,,,,,,,,,,0
1405460,,2,,,,,,,,,,0
1405461,,2,,,,,,,,,,0
1405462,,2,,,,,,,,,,0
1405463,,2,,,,,,,,,,0
1405464,,2,,,,,,,,,,0
1405465,,2,,,,,,,,,,0
1405466,,2,,,,,,,,,,0
1405467,,2,,,,,,,,,,0
1405468,,2,,,,,,,,,,0
1405469,,2,,,,,,,,,,0
1405470,,2,,,,,,,,,,0
1405471,,2,,,,,,,,,,0
1405472,,2,,,,,,,,,,0
1405473,,2,,,,,,,,,,0
9215488,,1,,,,,,,,,,0
9215489,,1,,,,,,,,,,0
9215490,,1,,,,,,,,,,0
9215491,,1,,,,,,,,,,0
9215492,,1,,,,,,,,,,0
9215493,,1,,,,,,,,,,0
9215494,,1,,,,,,,,,,0
9215495,,1,,,,,,,,,,0
9215496,,1,,,,,,,,,,0
9215497,,1,,,,,,,,,,0
9215498,,1,,,,,,,,,,0
9215499,,1,,,,,,,,,,0
9215500,,1,,,,,,,,,,0
9215501,,1,,,,,,,,,,0
9215502,,1,,,,,,,,,,0
9215503,,1,,,,,,,,,,0
9215504,,1,,,,,,,,,,0
9215505,,1,,,,,,,,,,0
9215506,,1,,,,,,,,,,0
9215507,,1,,,,,,,,,,0
9215508,,1,,,,,,,,,,0
9215509,,1,,,,,,,,,,0
9215510,,1,,,,,,,,,,0
9215511,,1,,,,,,,,,,0
9215512,,1,,,,,,,,,,0
9215513,,1,,,,,,,,,,0
9215514,,1,,,,,,,,,,0
9215515,,1,,,,,,,,,,0
9215516,,1,,,,,,,,,,0
9215517,,1,,,,,,,,,,0
9215518,,1,,,,,,,,,,0
9215519,,1,,,,,,,,,,0
9215520,,1,,,,,,,,,,0
9215521,,1,,,,,,,,,,0
9215522,,1,,,,,,,,,,0
9215523,,1,,,,,,,,,,0
9215524,,1,,,,,,,,,,0
9215525,,1,,,,,,,,,,0
9215526,,1,,,,,,,,,,0
9215527,,1,,,,,,,,,,0
9215528,,1,,,,,,,,,,0
9215529,,1,,,,,,,,,,0
9215530,,1,,,,,,,,,,0
9215531,,1,,,,,,,,,,0
9215532,,1,,,,,,,,,,0
9215533,,1,,,,,,,,,,0
9215534,,1,,,,,,,,,,0
9215535,,1,,,,,,,,,,0
9215536,,1,,,,,,,,,,0
9215537,,1,,,,,,,,,,0
9215538,,1,,,,,,,,,,0
9215539,,1,,,,,,,,,,0
9215540,,1,,,,,,,,,,0
9215541,,1,,,,,,,,,,0
9215542,,1,,,,,,,,,,0
9215543,,1,,,,,,,,,,0
9215544,,1,,,,,,,,,,0
9215545,,1,,,,,,,,,,0
9215546,,1,,,,,,,,,,0
9215547,,1,,,,,,,,,,0
9215548,,1,,,,,,,,,,0
9215549,,1,,,,,,,,,,0
9215550,,1,,,,,,,,,,0
9215551,,1,,,,,,,,,,0
9215552,,1,,,,,,,,,,0
9215553,,1,,,,,,,,,,0
9215554,,1,,,,,,,,,,0
9215555,,1,,,,,,,,,,0
9215556,,1,,,,,,,,,,0
9215557,,1,,,,,,,,,,0
9215558,,1,,,,,,,,,,0
9215559,,1,,,,,,,,,,0
9215560,,1,,,,,,,,,,0
9215561,,1,,,,,,,,,,0
9215562,,1,,,,,,,,,,0
9215563,,1,,,,,,,,,,0
9215564,,1,,,,,,,,,,0
9215565,,1,,,,,,,,,,0
9215566,,1,,,,,,,,,,0
9215567,,1,,,,,,,,,,0
9215568,,1,,,,,,,,,,0
9215569,,1,,,,,,,,,,0
9215570,,1,,,,,,,,,,0
9215571,,1,,,,,,,,,,0
9215572,,1,,,,,,,,,,0
9215573,,1,,,,,,,,,,0
9215574,,1,,,,,,,,,,0
9215575,,1,,,,,,,,,,0
9215576,,1,,,,,,,,,,0
9215577,,1,,,,,,,,,,0
9215578,,1,,,,,,,,,,0
9215579,,1,,,,,,,,,,0
9215580,,1,,,,,,,,,,0
9215581,,1,,,,,,,,,,0
9215582,,1,,,,,,,,,,0
9215583,,1,,,,,,,,,,0
9215584,,1,,,,,,,,,,0
9215585,,1,,,,,,,,,,0
9215586,,1,,,,,,,,,,0
9215587,,1,,,,,,,,,,0
9215588,,1,,,,,,,,,,0
9215589,,1,,,,,,,,,,0
9215590,,1,,,,,,,,,,0
9215591,,1,,,,,,,,,,0
9215592,,1,,,,,,,,,,0
9215593,,1,,,,,,,,,,0
9215594,,1,,,,,,,,,,0
9215595,,1,,,,,,,,,,0
9215596,,1,,,,,,,,,,0
9215597,,1,,,,,,,,,,0
9215598,,1,,,,,,,,,,0
9215599,,1,,,,,,,,,,0
9215600,,1,,,,,,,,,,0
9215601,,1,,,,,,,,,,0
9215602,,1,,,,,,,,,,0
9215603,,1,,,,,,,,,,0
9215604,,1,,,,,,,,,,0
9215605,,1,,,,,,,,,,0
9215606,,1,,,,,,,,,,0
9215607,,1,,,,,,,,,,0
9215608,,1,,,,,,,,,,0
9215609,,1,,,,,,,,,,0
9215610,,1,,,,,,,,,,0
9215611,,1,,,,,,,,,,0
9215612,,1,,,,,,,,,,0
9215613,,1,,,,,,,,,,0
9215614,,1,,,,,,,,,,0
9215615,,1,,,,,,,,,,0
9215616,,1,,,,,,,,,,0
9215617,,1,,,,,,,,,,0
9215618,,1,,,,,,,,,,0
9215619,,1,,,,,,,,,,0
9215620,,1,,,,,,,,,,0
9215621,,1,,,,,,,,,,0
9215622,,1,,,,,,,,,,0
9215623,,1,,,,,,,,,,0
9215624,,1,,,,,,,,,,0
9215625,,1,,,,,,,,,,0
9215626,,1,,,,,,,,,,0
9215627,,1,,,,,,,,,,0
9215628,,1,,,,,,,,,,0
9215629,,1,,,,,,,,,,0
9215630,,1,,,,,,,,,,0
9215631,,1,,,,,,,,,,0
9215632,,1,,,,,,,,,,0
9215633,,1,,,,,,,,,,0
9215634,,1,,,,,,,,,,0
9215635,,1,,,,,,,,,,0
9215636,,1,,,,,,,,,,0
9215637,,1,,,,,,,,,,0
9215638,,1,,,,,,,,,,0
9215639,,1,,,,,,,,,,0
9215640,,1,,,,,,,,,,0
9215641,,1,,,,,,,,,,0
9215642,,1,,,,,,,,,,0
9215643,,1,,,,,,,,,,0
9215644,,1,,,,,,,,,,0
9215645,,1,,,,,,,,,,0
9215646,,1,,,,,,,,,,0
9215647,,1,,,,,,,,,,0
9215648,,1,,,,,,,,,,0
9215649,,1,,,,,,,,,,0
9215650,,1,,,,,,,,,,0
9215651,,1,,,,,,,,,,0
9215652,,1,,,,,,,,,,0
9215653,,1,,,,,,,,,,0
9215654,,1,,,,,,,,,,0
9215655,,1,,,,,,,,,,0
9215656,,1,,,,,,,,,,0
9215657,,1,,,,,,,,,,0
9215658,,1,,,,,,,,,,0
9215659,,1,,,,,,,,,,0
9215660,,1,,,,,,,,,,0
9215661,,1,,,,,,,,,,0
9215662,,1,,,,,,,,,,0
9215663,,1,,,,,,,,,,0
9215664,,1,,,,,,,,,,0
9215665,,1,,,,,,,,,,0
9215666,,1,,,,,,,,,,0
9215667,,1,,,,,,,,,,0
9215668,,1,,,,,,,,,,0
9215669,,1,,,,,,,,,,0
9215670,,1,,,,,,,,,,0
9215671,,1,,,,,,,,,,0
9215672,,1,,,,,,,,,,0
9215673,,1,,,,,,,,,,0
9215674,,1,,,,,,,,,,0
9215675,,1,,,,,,,,,,0
9215676,,1,,,,,,,,,,0
9215677,,1,,,,,,,,,,0
9215678,,1,,,,,,,,,,0
9215679,,1,,,,,,,,,,0
9215680,,1,,,,,,,,,,0
9215681,,1,,,,,,,,,,0
9215682,,1,,,,,,,,,,0
9215683,,1,,,,,,,,,,0
9215684,,1,,,,,,,,,,0
9215685,,1,,,,,,,,,,0
9215686,,1,,,,,,,,,,0
9215687,,1,,,,,,,,,,0
9215688,,1,,,,,,,,,,0
9215689,,1,,,,,,,,,,0
9215690,,1,,,,,,,,,,0
9215691,,1,,,,,,,,,,0
9215692,,1,,,,,,,,,,0
9215693,,1,,,,,,,,,,0
9215694,,1,,,,,,,,,,0
9215695,,1,,,,,,,,,,0
9215696,,1,,,,,,,,,,0
9215697,,1,,,,,,,,,,0
9215698,,1,,,,,,,,,,0
9215699,,1,,,,,,,,,,0
9215700,,1,,,,,,,,,,0
9215701,,1,,,,,,,,,,0
9215702,,1,,,,,,,,,,0
9215703,,1,,,,,,,,,,0
9215704,,1,,,,,,,,,,0
9215705,,1,,,,,,,,,,0
9215706,,1,,,,,,,,,,0
9215707,,1,,,,,,,,,,0
9215708,,1,,,,,,,,,,0
9215709,,1,,,,,,,,,,0
9215710,,1,,,,,,,,,,0
9215711,,1,,,,,,,,,,0
9215712,,1,,,,,,,,,,0
9215713,,1,,,,,,,,,,0
9215714,,1,,,,,,,,,,0
9215715,,1,,,,,,,,,,0
9215716,,1,,,,,,,,,,0
9215717,,1,,,,,,,,,,0
9215718,,1,,,,,,,,,,0
9215719,,1,,,,,,,,,,0
9215720,,1,,,,,,,,,,0
9215721,,1,,,,,,,,,,0
9215722,,1,,,,,,,,,,0
9215723,,1,,,,,,,,,,0
9215724,,1,,,,,,,,,,0
9215725,,1,,,,,,,,,,0
9215726,,1,,,,,,,,,,0
9215727,,1,,,,,,,,,,0
9215728,,1,,,,,,,,,,0
9215729,,1,,,,,,,,,,0
9215730,,1,,,,,,,,,,0
9215731,,1,,,,,,,,,,0
9215732,,1,,,,,,,,,,0
9215733,,1,,,,,,,,,,0
9215734,,1,,,,,,,,,,0
9215735,,1,,,,,,,,,,0
9215736,,1,,,,,,,,,,0
9215737,,1,,,,,,,,,,0
9215738,,1,,,,,,,,,,0
9215739,,1,,,,,,,,,,0
9215740,,1,,,,,,,,,,0
9215741,,1,,,,,,,,,,0
9215742,,1,,,,,,,,,,0
9215743,,1,,,,,,,,,,0
9215744,,1,,,,,,,,,,0
9215745,,1,,,,,,,,,,0
9215746,,1,,,,,,,,,,0
9215747,,1,,,,,,,,,,0
9215748,,1,,,,,,,,,,0
9215749,,1,,,,,,,,,,0
9215750,,1,,,,,,,,,,0
9215751,,1,,,,,,,,,,0
9215752,,1,,,,,,,,,,0
9215753,,1,,,,,,,,,,0
9215754,,1,,,,,,,,,,0
9215755,,1,,,,,,,,,,0
9215756,,1,,,,,,,,,,0
9215757,,1,,,,,,,,,,0
9215758,,1,,,,,,,,,,0
9215759,,1,,,,,,,,,,0
9215760,,1,,,,,,,,,,0
9215761,,1,,,,,,,,,,0
9215762,,1,,,,,,,,,,0
9215763,,1,,,,,,,,,,0
9215764,,1,,,,,,,,,,0
9215765,,1,,,,,,,,,,0
9215766,,1,,,,,,,,,,0
9215767,,1,,,,,,,,,,0
9215768,,1,,,,,,,,,,0
9215769,,1,,,,,,,,,,0
9215770,,1,,,,,,,,,,0
9215771,,1,,,,,,,,,,0
9215772,,1,,,,,,,,,,0
9215773,,1,,,,,,,,,,0
9215774,,1,,,,,,,,,,0
9215775,,1,,,,,,,,,,0
9215776,,1,,,,,,,,,,0
9215777,,1,,,,,,,,,,0
9215778,,1,,,,,,,,,,0
9215779,,1,,,,,,,,,,0
9215780,,1,,,,,,,,,,0
9215781,,1,,,,,,,,,,0
9215782,,1,,,,,,,,,,0
9215783,,1,,,,,,,,,,0
9215784,,1,,,,,,,,,,0
9215785,,1,,,,,,,,,,0
9215786,,1,,,,,,,,,,0
9215787,,1,,,,,,,,,,0
9215788,,1,,,,,,,,,,0
9215789,,1,,,,,,,,,,0
9215790,,1,,,,,,,,,,0
9215791,,1,,,,,,,,,,0
9215792,,1,,,,,,,,,,0
9215793,,1,,,,,,,,,,0
9215794,,1,,,,,,,,,,0
9215795,,1,,,,,,,,,,0
9215796,,1,,,,,,,,,,0
9215797,,1,,,,,,,,,,0
9215798,,1,,,,,,,,,,0
9215799,,1,,,,,,,,,,0
9215800,,1,,,,,,,,,,0
9215801,,1,,,,,,,,,,0
9215802,,1,,,,,,,,,,0
9215803,,1,,,,,,,,,,0
9215804,,1,,,,,,,,,,0
9215805,,1,,,,,,,,,,0
9215806,,1,,,,,,,,,,0
9215807,,1,,,,,,,,,,0
9215808,,1,,,,,,,,,,0
9215809,,1,,,,,,,,,,0
9215810,,1,,,,,,,,,,0
9215811,,1,,,,,,,,,,0
9215812,,1,,,,,,,,,,0
9215813,,1,,,,,,,,,,0
9215814,,1,,,,,,,,,,0
9215815,,1,,,,,,,,,,0
9215816,,1,,,,,,,,,,0
9215817,,1,,,,,,,,,,0
9215818,,1,,,,,,,,,,0
9215819,,1,,,,,,,,,,0
9215820,,1,,,,,,,,,,0
9215821,,1,,,,,,,,,,0
9215822,,1,,,,,,,,,,0
9215823,,1,,,,,,,,,,0
9215824,,1,,,,,,,,,,0
9215825,,1,,,,,,,,,,0
9215826,,1,,,,,,,,,,0
9215827,,1,,,,,,,,,,0
9215828,,1,,,,,,,,,,0
9215829,,1,,,,,,,,,,0
9215830,,1,,,,,,,,,,0
9215831,,1,,,,,,,,,,0
9215832,,1,,,,,,,,,,0
9215833,,1,,,,,,,,,,0
9215834,,1,,,,,,,,,,0
9215835,,1,,,,,,,,,,0
9215836,,1,,,,,,,,,,0
9215837,,1,,,,,,,,,,0
9215838,,1,,,,,,,,,,0
9215839,,1,,,,,,,,,,0
9215840,,1,,,,,,,,,,0
9215841,,1,,,,,,,,,,0
9215842,,1,,,,,,,,,,0
9215843,,1,,,,,,,,,,0
9215844,,1,,,,,,,,,,0
9215845,,1,,,,,,,,,,0
9215846,,1,,,,,,,,,,0
9215847,,1,,,,,,,,,,0
9215848,,1,,,,,,,,,,0
9215849,,1,,,,,,,,,,0
9215850,,1,,,,,,,,,,0
9215851,,1,,,,,,,,,,0
9215852,,1,,,,,,,,,,0
9215853,,1,,,,,,,,,,0
9215854,,1,,,,,,,,,,0
9215855,,1,,,,,,,,,,0
9215856,,1,,,,,,,,,,0
9215857,,1,,,,,,,,,,0
9215858,,1,,,,,,,,,,0
9215859,,1,,,,,,,,,,0
9215860,,1,,,,,,,,,,0
9215861,,1,,,,,,,,,,0
9215862,,1,,,,,,,,,,0
9215863,,1,,,,,,,,,,0
9215864,,1,,,,,,,,,,0
9215865,,1,,,,,,,,,,0
9215866,,1,,,,,,,,,,0
9215867,,1,,,,,,,,,,0
9215868,,1,,,,,,,,,,0
9215869,,1,,,,,,,,,,0
9215870,,1,,,,,,,,,,0
9215871,,1,,,,,,,,,,0
9215872,,1,,,,,,,,,,0
9215873,,1,,,,,,,,,,0
9215874,,1,,,,,,,,,,0
9215875,,1,,,,,,,,,,0
9215876,,1,,,,,,,,,,0
9215877,,1,,,,,,,,,,0
9215878,,1,,,,,,,,,,0
9215879,,1,,,,,,,,,,0
9215880,,1,,,,,,,,,,0
9215881,,1,,,,,,,,,,0
9215882,,1,,,,,,,,,,0
9215883,,1,,,,,,,,,,0
9215884,,1,,,,,,,,,,0
9215885,,1,,,,,,,,,,0
9215886,,1,,,,,,,,,,0
9215887,,1,,,,,,,,,,0
9215888,,1,,,,,,,,,,0
9215889,,1,,,,,,,,,,0
9215890,,1,,,,,,,,,,0
9215891,,1,,,,,,,,,,0
9215892,,1,,,,,,,,,,0
9215893,,1,,,,,,,,,,0
9215894,,1,,,,,,,,,,0
9215895,,1,,,,,,,,,,0
9215896,,1,,,,,,,,,,0
9215897,,1,,,,,,,,,,0
9215898,,1,,,,,,,,,,0
9215899,,1,,,,,,,,,,0
9215900,,1,,,,,,,,,,0
9215901,,1,,,,,,,,,,0
9215902,,1,,,,,,,,,,0
9215903,,1,,,,,,,,,,0
9215904,,1,,,,,,,,,,0
9215905,,1,,,,,,,,,,0
9215906,,1,,,,,,,,,,0
9215907,,1,,,,,,,,,,0
9215908,,1,,,,,,,,,,0
9215909,,1,,,,,,,,,,0
9215910,,1,,,,,,,,,,0
9215911,,1,,,,,,,,,,0
9215912,,1,,,,,,,,,,0
9215913,,1,,,,,,,,,,0
9215914,,1,,,,,,,,,,0
9215915,,1,,,,,,,,,,0
9215916,,1,,,,,,,,,,0
9215917,,1,,,,,,,,,,0
9215918,,1,,,,,,,,,,0
9215919,,1,,,,,,,,,,0
9215920,,1,,,,,,,,,,0
9215921,,1,,,,,,,,,,0
9215922,,1,,,,,,,,,,0
9215923,,1,,,,,,,,,,0
9215924,,1,,,,,,,,,,0
9215925,,1,,,,,,,,,,0
9215926,,1,,,,,,,,,,0
9215927,,1,,,,,,,,,,0
9215928,,1,,,,,,,,,,0
9215929,,1,,,,,,,,,,0
9215930,,1,,,,,,,,,,0
9215931,,1,,,,,,,,,,0
9215932,,1,,,,,,,,,,0
9215933,,1,,,,,,,,,,0
9215934,,1,,,,,,,,,,0
9215935,,1,,,,,,,,,,0
9215936,,1,,,,,,,,,,0
9215937,,1,,,,,,,,,,0
9215938,,1,,,,,,,,,,0
9215939,,1,,,,,,,,,,0
9215940,,1,,,,,,,,,,0
9215941,,1,,,,,,,,,,0
9215942,,1,,,,,,,,,,0
9215943,,1,,,,,,,,,,0
9215944,,1,,,,,,,,,,0
9215945,,1,,,,,,,,,,0
9215946,,1,,,,,,,,,,0
9215947,,1,,,,,,,,,,0
9215948,,1,,,,,,,,,,0
9215949,,1,,,,,,,,,,0
9215950,,1,,,,,,,,,,0
9215951,,1,,,,,,,,,,0
9215952,,1,,,,,,,,,,0
9215953,,1,,,,,,,,,,0
9215954,,1,,,,,,,,,,0
9215955,,1,,,,,,,,,,0
9215956,,1,,,,,,,,,,0
9215957,,1,,,,,,,,,,0
9215958,,1,,,,,,,,,,0
9215959,,1,,,,,,,,,,0
9215960,,1,,,,,,,,,,0
9215961,,1,,,,,,,,,,0
9215962,,1,,,,,,,,,,0
9215963,,1,,,,,,,,,,0
9215964,,1,,,,,,,,,,0
9215965,,1,,,,,,,,,,0
9215966,,1,,,,,,,,,,0
9215967,,1,,,,,,,,,,0
9215968,,1,,,,,,,,,,0
9215969,,1,,,,,,,,,,0
9215970,,1,,,,,,,,,,0
9215971,,1,,,,,,,,,,0
9215972,,1,,,,,,,,,,0
9215973,,1,,,,,,,,,,0
9215974,,1,,,,,,,,,,0
9215975,,1,,,,,,,,,,0
9215976,,1,,,,,,,,,,0
9215977,,1,,,,,,,,,,0
9215978,,1,,,,,,,,,,0
9215979,,1,,,,,,,,,,0
9215980,,1,,,,,,,,,,0
9215981,,1,,,,,,,,,,0
9215982,,1,,,,,,,,,,0
9215983,,1,,,,,,,,,,0
9215984,,1,,,,,,,,,,0
9215985,,1,,,,,,,,,,0
9215986,,1,,,,,,,,,,0
9215987,,1,,,,,,,,,,0
1405474,,2,,,,,,,,,,0
1405475,,2,,,,,,,,,,0
1405476,,2,,,,,,,,,,0
1405477,,2,,,,,,,,,,0
1405478,,2,,,,,,,,,,0
1405479,,2,,,,,,,,,,0
1405480,,2,,,,,,,,,,0
1405481,,2,,,,,,,,,,0
1405482,,2,,,,,,,,,,0
1405483,,2,,,,,,,,,,0
1405484,,2,,,,,,,,,,0
1405485,,2,,,,,,,,,,0
1405486,,2,,,,,,,,,,0
1405487,,2,,,,,,,,,,0
1405488,,2,,,,,,,,,,0
1405489,,2,,,,,,,,,,0
1405490,,2,,,,,,,,,,0
1405491,,2,,,,,,,,,,0
1405492,,2,,,,,,,,,,0
1405493,,2,,,,,,,,,,0
1405494,,2,,,,,,,,,,0
1405495,,2,,,,,,,,,,0
1405496,,2,,,,,,,,,,0
1405497,,2,,,,,,,,,,0
1405498,,2,,,,,,,,,,0
1405499,,2,,,,,,,,,,0
1405500,,2,,,,,,,,,,0
1405501,,2,,,,,,,,,,0
1405502,,2,,,,,,,,,,0
1405503,,2,,,,,,,,,,0
1405504,,2,,,,,,,,,,0
1405505,,2,,,,,,,,,,0
1405506,,2,,,,,,,,,,0
1405507,,2,,,,,,,,,,0
1405508,,2,,,,,,,,,,0
1405509,,2,,,,,,,,,,0
1405510,,2,,,,,,,,,,0
1405511,,2,,,,,,,,,,0
1405512,,2,,,,,,,,,,0
1405513,,2,,,,,,,,,,0
1405514,,2,,,,,,,,,,0
1405515,,2,,,,,,,,,,0
1405516,,2,,,,,,,,,,0
1405517,,2,,,,,,,,,,0
1405518,,2,,,,,,,,,,0
1405519,,2,,,,,,,,,,0
1405520,,2,,,,,,,,,,0
1405521,,2,,,,,,,,,,0
1405522,,2,,,,,,,,,,0
1405523,,2,,,,,,,,,,0
1405524,,2,,,,,,,,,,0
1405525,,2,,,,,,,,,,0
1405526,,2,,,,,,,,,,0
1405527,,2,,,,,,,,,,0
1405528,,2,,,,,,,,,,0
1405529,,2,,,,,,,,,,0
1405530,,2,,,,,,,,,,0
1405531,,2,,,,,,,,,,0
1405532,,2,,,,,,,,,,0
1405533,,2,,,,,,,,,,0
1405534,,2,,,,,,,,,,0
1405535,,2,,,,,,,,,,0
1405536,,2,,,,,,,,,,0
1405537,,2,,,,,,,,,,0
1405538,,2,,,,,,,,,,0
1405539,,2,,,,,,,,,,0
1405540,,2,,,,,,,,,,0
1405541,,2,,,,,,,,,,0
1405542,,2,,,,,,,,,,0
1405543,,2,,,,,,,,,,0
1405544,,2,,,,,,,,,,0
1405545,,2,,,,,,,,,,0
1405546,,2,,,,,,,,,,0
1405547,,2,,,,,,,,,,0
1405548,,2,,,,,,,,,,0
1405549,,2,,,,,,,,,,0
1405550,,2,,,,,,,,,,0
1405551,,2,,,,,,,,,,0
1405552,,2,,,,,,,,,,0
1405553,,2,,,,,,,,,,0
1405554,,2,,,,,,,,,,0
1405555,,2,,,,,,,,,,0
1405556,,2,,,,,,,,,,0
1405557,,2,,,,,,,,,,0
1405558,,2,,,,,,,,,,0
1405559,,2,,,,,,,,,,0
1405560,,2,,,,,,,,,,0
1405561,,2,,,,,,,,,,0
1405562,,2,,,,,,,,,,0
1405563,,2,,,,,,,,,,0
1405564,,2,,,,,,,,,,0
1405565,,2,,,,,,,,,,0
1405566,,2,,,,,,,,,,0
1405567,,2,,,,,,,,,,0
1405568,,2,,,,,,,,,,0
1405569,,2,,,,,,,,,,0
1405570,,2,,,,,,,,,,0
1405571,,2,,,,,,,,,,0
1405572,,2,,,,,,,,,,0
1405573,,2,,,,,,,,,,0
1405574,,2,,,,,,,,,,0
1405575,,2,,,,,,,,,,0
1405576,,2,,,,,,,,,,0
1405577,,2,,,,,,,,,,0
1405578,,2,,,,,,,,,,0
1405579,,2,,,,,,,,,,0
1405580,,2,,,,,,,,,,0
1405581,,2,,,,,,,,,,0
1405582,,2,,,,,,,,,,0
1405583,,2,,,,,,,,,,0
1405584,,2,,,,,,,,,,0
1405585,,2,,,,,,,,,,0
1405586,,2,,,,,,,,,,0
1405587,,2,,,,,,,,,,0
1405588,,2,,,,,,,,,,0
1405589,,2,,,,,,,,,,0
1405590,,2,,,,,,,,,,0
1405591,,2,,,,,,,,,,0
1405592,,2,,,,,,,,,,0
1405593,,2,,,,,,,,,,0
1405594,,2,,,,,,,,,,0
1405595,,2,,,,,,,,,,0
1405596,,2,,,,,,,,,,0
1405597,,2,,,,,,,,,,0
1405598,,2,,,,,,,,,,0
1405599,,2,,,,,,,,,,0
1405600,,2,,,,,,,,,,0
1405601,,2,,,,,,,,,,0
1405602,,2,,,,,,,,,,0
1405603,,2,,,,,,,,,,0
1405604,,2,,,,,,,,,,0
1405605,,2,,,,,,,,,,0
1405606,,2,,,,,,,,,,0
1405607,,2,,,,,,,,,,0
1405608,,2,,,,,,,,,,0
1405609,,2,,,,,,,,,,0
1405610,,2,,,,,,,,,,0
1405611,,2,,,,,,,,,,0
1405612,,2,,,,,,,,,,0
1405613,,2,,,,,,,,,,0
1405614,,2,,,,,,,,,,0
1405615,,2,,,,,,,,,,0
1405616,,2,,,,,,,,,,0
1405617,,2,,,,,,,,,,0
1405618,,2,,,,,,,,,,0
1405619,,2,,,,,,,,,,0
1405620,,2,,,,,,,,,,0
1405621,,2,,,,,,,,,,0
1405622,,2,,,,,,,,,,0
1405623,,2,,,,,,,,,,0
1405624,,2,,,,,,,,,,0
1405625,,2,,,,,,,,,,0
1405626,,2,,,,,,,,,,0
1405627,,2,,,,,,,,,,0
1405628,,2,,,,,,,,,,0
1405629,,2,,,,,,,,,,0
1405630,,2,,,,,,,,,,0
1405631,,2,,,,,,,,,,0
1405632,,2,,,,,,,,,,0
1405633,,2,,,,,,,,,,0
1405634,,2,,,,,,,,,,0
1405635,,2,,,,,,,,,,0
1405636,,2,,,,,,,,,,0
1405637,,2,,,,,,,,,,0
1405638,,2,,,,,,,,,,0
1405639,,2,,,,,,,,,,0
1405640,,2,,,,,,,,,,0
1405641,,2,,,,,,,,,,0
1405642,,2,,,,,,,,,,0
1405643,,2,,,,,,,,,,0
1405644,,2,,,,,,,,,,0
1405645,,2,,,,,,,,,,0
1405646,,2,,,,,,,,,,0
1405647,,2,,,,,,,,,,0
1405648,,2,,,,,,,,,,0
1405649,,2,,,,,,,,,,0
1405650,,2,,,,,,,,,,0
1405651,,2,,,,,,,,,,0
1405652,,2,,,,,,,,,,0
1405653,,2,,,,,,,,,,0
1405654,,2,,,,,,,,,,0
1405655,,2,,,,,,,,,,0
1405656,,2,,,,,,,,,,0
1405657,,2,,,,,,,,,,0
1405658,,2,,,,,,,,,,0
1405659,,2,,,,,,,,,,0
1405660,,2,,,,,,,,,,0
1405661,,2,,,,,,,,,,0
1405662,,2,,,,,,,,,,0
1405663,,2,,,,,,,,,,0
1405664,,2,,,,,,,,,,0
1405665,,2,,,,,,,,,,0
1405666,,2,,,,,,,,,,0
1405667,,2,,,,,,,,,,0
1405668,,2,,,,,,,,,,0
1405669,,2,,,,,,,,,,0
1405670,,2,,,,,,,,,,0
1405671,,2,,,,,,,,,,0
1405672,,2,,,,,,,,,,0
1405673,,2,,,,,,,,,,0
1405674,,2,,,,,,,,,,0
1405675,,2,,,,,,,,,,0
1405676,,2,,,,,,,,,,0
1405677,,2,,,,,,,,,,0
1405678,,2,,,,,,,,,,0
1405679,,2,,,,,,,,,,0
1405680,,2,,,,,,,,,,0
1405681,,2,,,,,,,,,,0
1405682,,2,,,,,,,,,,0
1405683,,2,,,,,,,,,,0
1405684,,2,,,,,,,,,,0
1405685,,2,,,,,,,,,,0
1405686,,2,,,,,,,,,,0
1405687,,2,,,,,,,,,,0
1405688,,2,,,,,,,,,,0
1405689,,2,,,,,,,,,,0
1405690,,2,,,,,,,,,,0
1405691,,2,,,,,,,,,,0
1405692,,2,,,,,,,,,,0
1405693,,2,,,,,,,,,,0
1405694,,2,,,,,,,,,,0
1405695,,2,,,,,,,,,,0
1405696,,2,,,,,,,,,,0
1405697,,2,,,,,,,,,,0
1405698,,2,,,,,,,,,,0
1405699,,2,,,,,,,,,,0
1405700,,2,,,,,,,,,,0
1405701,,2,,,,,,,,,,0
1405702,,2,,,,,,,,,,0
1405703,,2,,,,,,,,,,0
1405704,,2,,,,,,,,,,0
1405705,,2,,,,,,,,,,0
1405706,,2,,,,,,,,,,0
1405707,,2,,,,,,,,,,0
1405708,,2,,,,,,,,,,0
1405709,,2,,,,,,,,,,0
1405710,,2,,,,,,,,,,0
1405711,,2,,,,,,,,,,0
1405712,,2,,,,,,,,,,0
1405713,,2,,,,,,,,,,0
1405714,,2,,,,,,,,,,0
1405715,,2,,,,,,,,,,0
1405716,,2,,,,,,,,,,0
1405717,,2,,,,,,,,,,0
1405718,,2,,,,,,,,,,0
1405719,,2,,,,,,,,,,0
1405720,,2,,,,,,,,,,0
1405721,,2,,,,,,,,,,0
1405722,,2,,,,,,,,,,0
1405723,,2,,,,,,,,,,0
1405724,,2,,,,,,,,,,0
1405725,,2,,,,,,,,,,0
1405726,,2,,,,,,,,,,0
1405727,,2,,,,,,,,,,0
1405728,,2,,,,,,,,,,0
1405729,,2,,,,,,,,,,0
1405730,,2,,,,,,,,,,0
1405731,,2,,,,,,,,,,0
1405732,,2,,,,,,,,,,0
1405733,,2,,,,,,,,,,0
1405734,,2,,,,,,,,,,0
1405735,,2,,,,,,,,,,0
1405736,,2,,,,,,,,,,0
1405737,,2,,,,,,,,,,0
1405738,,2,,,,,,,,,,0
1405739,,2,,,,,,,,,,0
1405740,,2,,,,,,,,,,0
1405741,,2,,,,,,,,,,0
1405742,,2,,,,,,,,,,0
1405743,,2,,,,,,,,,,0
1405744,,2,,,,,,,,,,0
1405745,,2,,,,,,,,,,0
1405746,,2,,,,,,,,,,0
1405747,,2,,,,,,,,,,0
1405748,,2,,,,,,,,,,0
1405749,,2,,,,,,,,,,0
1405750,,2,,,,,,,,,,0
1405751,,2,,,,,,,,,,0
1405752,,2,,,,,,,,,,0
1405753,,2,,,,,,,,,,0
1405754,,2,,,,,,,,,,0
1405755,,2,,,,,,,,,,0
1405756,,2,,,,,,,,,,0
1405757,,2,,,,,,,,,,0
1405758,,2,,,,,,,,,,0
1405759,,2,,,,,,,,,,0
1405760,,2,,,,,,,,,,0
1405761,,2,,,,,,,,,,0
1405762,,2,,,,,,,,,,0
1405763,,2,,,,,,,,,,0
1405764,,2,,,,,,,,,,0
1405765,,2,,,,,,,,,,0
1405766,,2,,,,,,,,,,0
1405767,,2,,,,,,,,,,0
1405768,,2,,,,,,,,,,0
1405769,,2,,,,,,,,,,0
1405770,,2,,,,,,,,,,0
1405771,,2,,,,,,,,,,0
1405772,,2,,,,,,,,,,0
1405773,,2,,,,,,,,,,0
1405774,,2,,,,,,,,,,0
1405775,,2,,,,,,,,,,0
1405776,,2,,,,,,,,,,0
1405777,,2,,,,,,,,,,0
1405778,,2,,,,,,,,,,0
1405779,,2,,,,,,,,,,0
1405780,,2,,,,,,,,,,0
1405781,,2,,,,,,,,,,0
1405782,,2,,,,,,,,,,0
1405783,,2,,,,,,,,,,0
1405784,,2,,,,,,,,,,0
1405785,,2,,,,,,,,,,0
1405786,,2,,,,,,,,,,0
1405787,,2,,,,,,,,,,0
1405788,,2,,,,,,,,,,0
1405789,,2,,,,,,,,,,0
1405790,,2,,,,,,,,,,0
1405791,,2,,,,,,,,,,0
1405792,,2,,,,,,,,,,0
1405793,,2,,,,,,,,,,0
1405794,,2,,,,,,,,,,0
1405795,,2,,,,,,,,,,0
1405796,,2,,,,,,,,,,0
1405797,,2,,,,,,,,,,0
1405798,,2,,,,,,,,,,0
1405799,,2,,,,,,,,,,0
1405800,,2,,,,,,,,,,0
1405801,,2,,,,,,,,,,0
1405802,,2,,,,,,,,,,0
1405803,,2,,,,,,,,,,0
1405804,,2,,,,,,,,,,0
1405805,,2,,,,,,,,,,0
1405806,,2,,,,,,,,,,0
1405807,,2,,,,,,,,,,0
1405808,,2,,,,,,,,,,0
1405809,,2,,,,,,,,,,0
1405810,,2,,,,,,,,,,0
1405811,,2,,,,,,,,,,0
1405812,,2,,,,,,,,,,0
1405813,,2,,,,,,,,,,0
1405814,,2,,,,,,,,,,0
1405815,,2,,,,,,,,,,0
1405816,,2,,,,,,,,,,0
1405817,,2,,,,,,,,,,0
1405818,,2,,,,,,,,,,0
1405819,,2,,,,,,,,,,0
1405820,,2,,,,,,,,,,0
1405821,,2,,,,,,,,,,0
1405822,,2,,,,,,,,,,0
1405823,,2,,,,,,,,,,0
1405824,,2,,,,,,,,,,0
1405825,,2,,,,,,,,,,0
1405826,,2,,,,,,,,,,0
1405827,,2,,,,,,,,,,0
1405828,,2,,,,,,,,,,0
1405829,,2,,,,,,,,,,0
1405830,,2,,,,,,,,,,0
1405831,,2,,,,,,,,,,0
1405832,,2,,,,,,,,,,0
1405833,,2,,,,,,,,,,0
1405834,,2,,,,,,,,,,0
1405835,,2,,,,,,,,,,0
1405836,,2,,,,,,,,,,0
1405837,,2,,,,,,,,,,0
1405838,,2,,,,,,,,,,0
1405839,,2,,,,,,,,,,0
1405840,,2,,,,,,,,,,0
1405841,,2,,,,,,,,,,0
1405842,,2,,,,,,,,,,0
1405843,,2,,,,,,,,,,0
1405844,,2,,,,,,,,,,0
1405845,,2,,,,,,,,,,0
1405846,,2,,,,,,,,,,0
1405847,,2,,,,,,,,,,0
1405848,,2,,,,,,,,,,0
1405849,,2,,,,,,,,,,0
1405850,,2,,,,,,,,,,0
1405851,,2,,,,,,,,,,0
1405852,,2,,,,,,,,,,0
1405853,,2,,,,,,,,,,0
1405854,,2,,,,,,,,,,0
1405855,,2,,,,,,,,,,0
1405856,,2,,,,,,,,,,0
1405857,,2,,,,,,,,,,0
1405858,,2,,,,,,,,,,0
1405859,,2,,,,,,,,,,0
1405860,,2,,,,,,,,,,0
1405861,,2,,,,,,,,,,0
1405862,,2,,,,,,,,,,0
1405863,,2,,,,,,,,,,0
1405864,,2,,,,,,,,,,0
1405865,,2,,,,,,,,,,0
1405866,,2,,,,,,,,,,0
1405867,,2,,,,,,,,,,0
1405868,,2,,,,,,,,,,0
1405869,,2,,,,,,,,,,0
1405870,,2,,,,,,,,,,0
1405871,,2,,,,,,,,,,0
1405872,,2,,,,,,,,,,0
1405873,,2,,,,,,,,,,0
1405874,,2,,,,,,,,,,0
1405875,,2,,,,,,,,,,0
1405876,,2,,,,,,,,,,0
1405877,,2,,,,,,,,,,0
1405878,,2,,,,,,,,,,0
1405879,,2,,,,,,,,,,0
1405880,,2,,,,,,,,,,0
1405881,,2,,,,,,,,,,0
1405882,,2,,,,,,,,,,0
1405883,,2,,,,,,,,,,0
1405884,,2,,,,,,,,,,0
1405885,,2,,,,,,,,,,0
1405886,,2,,,,,,,,,,0
1405887,,2,,,,,,,,,,0
1405888,,2,,,,,,,,,,0
1405889,,2,,,,,,,,,,0
1405890,,2,,,,,,,,,,0
1405891,,2,,,,,,,,,,0
1405892,,2,,,,,,,,,,0
1405893,,2,,,,,,,,,,0
1405894,,2,,,,,,,,,,0
1405895,,2,,,,,,,,,,0
1405896,,2,,,,,,,,,,0
1405897,,2,,,,,,,,,,0
1405898,,2,,,,,,,,,,0
1405899,,2,,,,,,,,,,0
1405900,,2,,,,,,,,,,0
1405901,,2,,,,,,,,,,0
1405902,,2,,,,,,,,,,0
1405903,,2,,,,,,,,,,0
1405904,,2,,,,,,,,,,0
1405905,,2,,,,,,,,,,0
1405906,,2,,,,,,,,,,0
1405907,,2,,,,,,,,,,0
1405908,,2,,,,,,,,,,0
1405909,,2,,,,,,,,,,0
1405910,,2,,,,,,,,,,0
1405911,,2,,,,,,,,,,0
1405912,,2,,,,,,,,,,0
1405913,,2,,,,,,,,,,0
1405914,,2,,,,,,,,,,0
1405915,,2,,,,,,,,,,0
1405916,,2,,,,,,,,,,0
1405917,,2,,,,,,,,,,0
1405918,,2,,,,,,,,,,0
1405919,,2,,,,,,,,,,0
1405920,,2,,,,,,,,,,0
1405921,,2,,,,,,,,,,0
1405922,,2,,,,,,,,,,0
1405923,,2,,,,,,,,,,0
1405924,,2,,,,,,,,,,0
1405925,,2,,,,,,,,,,0
1405926,,2,,,,,,,,,,0
1405927,,2,,,,,,,,,,0
1405928,,2,,,,,,,,,,0
1405929,,2,,,,,,,,,,0
1405930,,2,,,,,,,,,,0
1405931,,2,,,,,,,,,,0
1405932,,2,,,,,,,,,,0
1405933,,2,,,,,,,,,,0
1405934,,2,,,,,,,,,,0
1405935,,2,,,,,,,,,,0
1405936,,2,,,,,,,,,,0
1405937,,2,,,,,,,,,,0
1405938,,2,,,,,,,,,,0
1405939,,2,,,,,,,,,,0
1405940,,2,,,,,,,,,,0
1405941,,2,,,,,,,,,,0
1405942,,2,,,,,,,,,,0
1405943,,2,,,,,,,,,,0
1405944,,2,,,,,,,,,,0
1405945,,2,,,,,,,,,,0
1405946,,2,,,,,,,,,,0
1405947,,2,,,,,,,,,,0
1405948,,2,,,,,,,,,,0
1405949,,2,,,,,,,,,,0
1405950,,2,,,,,,,,,,0
1405951,,2,,,,,,,,,,0
1405952,,2,,,,,,,,,,0
1405953,,2,,,,,,,,,,0
1405954,,2,,,,,,,,,,0
1405955,,2,,,,,,,,,,0
1405956,,2,,,,,,,,,,0
1405957,,2,,,,,,,,,,0
1405958,,2,,,,,,,,,,0
1405959,,2,,,,,,,,,,0
1405960,,2,,,,,,,,,,0
1405961,,2,,,,,,,,,,0
1405962,,2,,,,,,,,,,0
1405963,,2,,,,,,,,,,0
1405964,,2,,,,,,,,,,0
1405965,,2,,,,,,,,,,0
1405966,,2,,,,,,,,,,0
1405967,,2,,,,,,,,,,0
1405968,,2,,,,,,,,,,0
1405969,,2,,,,,,,,,,0
1405970,,2,,,,,,,,,,0
1405971,,2,,,,,,,,,,0
1405972,,2,,,,,,,,,,0
1405973,,2,,,,,,,,,,0
9215988,,1,,,,,,,,,,0
9215989,,1,,,,,,,,,,0
9215990,,1,,,,,,,,,,0
9215991,,1,,,,,,,,,,0
9215992,,1,,,,,,,,,,0
9215993,,1,,,,,,,,,,0
9215994,,1,,,,,,,,,,0
9215995,,1,,,,,,,,,,0
9215996,,1,,,,,,,,,,0
9215997,,1,,,,,,,,,,0
9215998,,1,,,,,,,,,,0
9215999,,1,,,,,,,,,,0
9216000,,1,,,,,,,,,,0
9216001,,1,,,,,,,,,,0
9216002,,1,,,,,,,,,,0
9216003,,1,,,,,,,,,,0
9216004,,1,,,,,,,,,,0
9216005,,1,,,,,,,,,,0
9216006,,1,,,,,,,,,,0
9216007,,1,,,,,,,,,,0
9216008,,1,,,,,,,,,,0
9216009,,1,,,,,,,,,,0
9216010,,1,,,,,,,,,,0
9216011,,1,,,,,,,,,,0
9216012,,1,,,,,,,,,,0
9216013,,1,,,,,,,,,,0
9216014,,1,,,,,,,,,,0
9216015,,1,,,,,,,,,,0
9216016,,1,,,,,,,,,,0
9216017,,1,,,,,,,,,,0
9216018,,1,,,,,,,,,,0
9216019,,1,,,,,,,,,,0
9216020,,1,,,,,,,,,,0
9216021,,1,,,,,,,,,,0
9216022,,1,,,,,,,,,,0
9216023,,1,,,,,,,,,,0
9216024,,1,,,,,,,,,,0
9216025,,1,,,,,,,,,,0
9216026,,1,,,,,,,,,,0
9216027,,1,,,,,,,,,,0
9216028,,1,,,,,,,,,,0
9216029,,1,,,,,,,,,,0
9216030,,1,,,,,,,,,,0
9216031,,1,,,,,,,,,,0
9216032,,1,,,,,,,,,,0
9216033,,1,,,,,,,,,,0
9216034,,1,,,,,,,,,,0
9216035,,1,,,,,,,,,,0
9216036,,1,,,,,,,,,,0
9216037,,1,,,,,,,,,,0
9216038,,1,,,,,,,,,,0
9216039,,1,,,,,,,,,,0
9216040,,1,,,,,,,,,,0
9216041,,1,,,,,,,,,,0
9216042,,1,,,,,,,,,,0
9216043,,1,,,,,,,,,,0
9216044,,1,,,,,,,,,,0
9216045,,1,,,,,,,,,,0
9216046,,1,,,,,,,,,,0
9216047,,1,,,,,,,,,,0
9216048,,1,,,,,,,,,,0
9216049,,1,,,,,,,,,,0
9216050,,1,,,,,,,,,,0
9216051,,1,,,,,,,,,,0
9216052,,1,,,,,,,,,,0
9216053,,1,,,,,,,,,,0
9216054,,1,,,,,,,,,,0
9216055,,1,,,,,,,,,,0
9216056,,1,,,,,,,,,,0
9216057,,1,,,,,,,,,,0
9216058,,1,,,,,,,,,,0
9216059,,1,,,,,,,,,,0
9216060,,1,,,,,,,,,,0
9216061,,1,,,,,,,,,,0
9216062,,1,,,,,,,,,,0
9216063,,1,,,,,,,,,,0
9216064,,1,,,,,,,,,,0
9216065,,1,,,,,,,,,,0
9216066,,1,,,,,,,,,,0
9216067,,1,,,,,,,,,,0
9216068,,1,,,,,,,,,,0
9216069,,1,,,,,,,,,,0
9216070,,1,,,,,,,,,,0
9216071,,1,,,,,,,,,,0
9216072,,1,,,,,,,,,,0
9216073,,1,,,,,,,,,,0
9216074,,1,,,,,,,,,,0
9216075,,1,,,,,,,,,,0
9216076,,1,,,,,,,,,,0
9216077,,1,,,,,,,,,,0
9216078,,1,,,,,,,,,,0
9216079,,1,,,,,,,,,,0
9216080,,1,,,,,,,,,,0
9216081,,1,,,,,,,,,,0
9216082,,1,,,,,,,,,,0
9216083,,1,,,,,,,,,,0
9216084,,1,,,,,,,,,,0
9216085,,1,,,,,,,,,,0
9216086,,1,,,,,,,,,,0
9216087,,1,,,,,,,,,,0
9216088,,1,,,,,,,,,,0
9216089,,1,,,,,,,,,,0
9216090,,1,,,,,,,,,,0
9216091,,1,,,,,,,,,,0
9216092,,1,,,,,,,,,,0
9216093,,1,,,,,,,,,,0
9216094,,1,,,,,,,,,,0
9216095,,1,,,,,,,,,,0
9216096,,1,,,,,,,,,,0
9216097,,1,,,,,,,,,,0
9216098,,1,,,,,,,,,,0
9216099,,1,,,,,,,,,,0
9216100,,1,,,,,,,,,,0
9216101,,1,,,,,,,,,,0
9216102,,1,,,,,,,,,,0
9216103,,1,,,,,,,,,,0
9216104,,1,,,,,,,,,,0
9216105,,1,,,,,,,,,,0
9216106,,1,,,,,,,,,,0
9216107,,1,,,,,,,,,,0
9216108,,1,,,,,,,,,,0
9216109,,1,,,,,,,,,,0
9216110,,1,,,,,,,,,,0
9216111,,1,,,,,,,,,,0
9216112,,1,,,,,,,,,,0
9216113,,1,,,,,,,,,,0
9216114,,1,,,,,,,,,,0
9216115,,1,,,,,,,,,,0
9216116,,1,,,,,,,,,,0
9216117,,1,,,,,,,,,,0
9216118,,1,,,,,,,,,,0
9216119,,1,,,,,,,,,,0
9216120,,1,,,,,,,,,,0
9216121,,1,,,,,,,,,,0
9216122,,1,,,,,,,,,,0
9216123,,1,,,,,,,,,,0
9216124,,1,,,,,,,,,,0
9216125,,1,,,,,,,,,,0
9216126,,1,,,,,,,,,,0
9216127,,1,,,,,,,,,,0
9216128,,1,,,,,,,,,,0
9216129,,1,,,,,,,,,,0
9216130,,1,,,,,,,,,,0
9216131,,1,,,,,,,,,,0
9216132,,1,,,,,,,,,,0
9216133,,1,,,,,,,,,,0
9216134,,1,,,,,,,,,,0
9216135,,1,,,,,,,,,,0
9216136,,1,,,,,,,,,,0
9216137,,1,,,,,,,,,,0
9216138,,1,,,,,,,,,,0
9216139,,1,,,,,,,,,,0
9216140,,1,,,,,,,,,,0
9216141,,1,,,,,,,,,,0
9216142,,1,,,,,,,,,,0
9216143,,1,,,,,,,,,,0
9216144,,1,,,,,,,,,,0
9216145,,1,,,,,,,,,,0
9216146,,1,,,,,,,,,,0
9216147,,1,,,,,,,,,,0
9216148,,1,,,,,,,,,,0
9216149,,1,,,,,,,,,,0
9216150,,1,,,,,,,,,,0
9216151,,1,,,,,,,,,,0
9216152,,1,,,,,,,,,,0
9216153,,1,,,,,,,,,,0
9216154,,1,,,,,,,,,,0
9216155,,1,,,,,,,,,,0
9216156,,1,,,,,,,,,,0
9216157,,1,,,,,,,,,,0
9216158,,1,,,,,,,,,,0
9216159,,1,,,,,,,,,,0
9216160,,1,,,,,,,,,,0
9216161,,1,,,,,,,,,,0
9216162,,1,,,,,,,,,,0
9216163,,1,,,,,,,,,,0
9216164,,1,,,,,,,,,,0
9216165,,1,,,,,,,,,,0
9216166,,1,,,,,,,,,,0
9216167,,1,,,,,,,,,,0
9216168,,1,,,,,,,,,,0
9216169,,1,,,,,,,,,,0
9216170,,1,,,,,,,,,,0
9216171,,1,,,,,,,,,,0
9216172,,1,,,,,,,,,,0
9216173,,1,,,,,,,,,,0
9216174,,1,,,,,,,,,,0
9216175,,1,,,,,,,,,,0
9216176,,1,,,,,,,,,,0
9216177,,1,,,,,,,,,,0
9216178,,1,,,,,,,,,,0
9216179,,1,,,,,,,,,,0
9216180,,1,,,,,,,,,,0
9216181,,1,,,,,,,,,,0
9216182,,1,,,,,,,,,,0
9216183,,1,,,,,,,,,,0
9216184,,1,,,,,,,,,,0
9216185,,1,,,,,,,,,,0
9216186,,1,,,,,,,,,,0
9216187,,1,,,,,,,,,,0
9216188,,1,,,,,,,,,,0
9216189,,1,,,,,,,,,,0
9216190,,1,,,,,,,,,,0
9216191,,1,,,,,,,,,,0
9216192,,1,,,,,,,,,,0
9216193,,1,,,,,,,,,,0
9216194,,1,,,,,,,,,,0
9216195,,1,,,,,,,,,,0
9216196,,1,,,,,,,,,,0
9216197,,1,,,,,,,,,,0
9216198,,1,,,,,,,,,,0
9216199,,1,,,,,,,,,,0
9216200,,1,,,,,,,,,,0
9216201,,1,,,,,,,,,,0
9216202,,1,,,,,,,,,,0
9216203,,1,,,,,,,,,,0
9216204,,1,,,,,,,,,,0
9216205,,1,,,,,,,,,,0
9216206,,1,,,,,,,,,,0
9216207,,1,,,,,,,,,,0
9216208,,1,,,,,,,,,,0
9216209,,1,,,,,,,,,,0
9216210,,1,,,,,,,,,,0
9216211,,1,,,,,,,,,,0
9216212,,1,,,,,,,,,,0
9216213,,1,,,,,,,,,,0
9216214,,1,,,,,,,,,,0
9216215,,1,,,,,,,,,,0
9216216,,1,,,,,,,,,,0
9216217,,1,,,,,,,,,,0
9216218,,1,,,,,,,,,,0
9216219,,1,,,,,,,,,,0
9216220,,1,,,,,,,,,,0
9216221,,1,,,,,,,,,,0
9216222,,1,,,,,,,,,,0
9216223,,1,,,,,,,,,,0
9216224,,1,,,,,,,,,,0
9216225,,1,,,,,,,,,,0
9216226,,1,,,,,,,,,,0
9216227,,1,,,,,,,,,,0
9216228,,1,,,,,,,,,,0
9216229,,1,,,,,,,,,,0
9216230,,1,,,,,,,,,,0
9216231,,1,,,,,,,,,,0
9216232,,1,,,,,,,,,,0
9216233,,1,,,,,,,,,,0
9216234,,1,,,,,,,,,,0
9216235,,1,,,,,,,,,,0
9216236,,1,,,,,,,,,,0
9216237,,1,,,,,,,,,,0
9216238,,1,,,,,,,,,,0
9216239,,1,,,,,,,,,,0
9216240,,1,,,,,,,,,,0
9216241,,1,,,,,,,,,,0
9216242,,1,,,,,,,,,,0
9216243,,1,,,,,,,,,,0
9216244,,1,,,,,,,,,,0
9216245,,1,,,,,,,,,,0
9216246,,1,,,,,,,,,,0
9216247,,1,,,,,,,,,,0
9216248,,1,,,,,,,,,,0
9216249,,1,,,,,,,,,,0
9216250,,1,,,,,,,,,,0
9216251,,1,,,,,,,,,,0
9216252,,1,,,,,,,,,,0
9216253,,1,,,,,,,,,,0
9216254,,1,,,,,,,,,,0
9216255,,1,,,,,,,,,,0
9216256,,1,,,,,,,,,,0
9216257,,1,,,,,,,,,,0
9216258,,1,,,,,,,,,,0
9216259,,1,,,,,,,,,,0
9216260,,1,,,,,,,,,,0
9216261,,1,,,,,,,,,,0
9216262,,1,,,,,,,,,,0
9216263,,1,,,,,,,,,,0
9216264,,1,,,,,,,,,,0
9216265,,1,,,,,,,,,,0
9216266,,1,,,,,,,,,,0
9216267,,1,,,,,,,,,,0
9216268,,1,,,,,,,,,,0
9216269,,1,,,,,,,,,,0
9216270,,1,,,,,,,,,,0
9216271,,1,,,,,,,,,,0
9216272,,1,,,,,,,,,,0
9216273,,1,,,,,,,,,,0
9216274,,1,,,,,,,,,,0
9216275,,1,,,,,,,,,,0
9216276,,1,,,,,,,,,,0
9216277,,1,,,,,,,,,,0
9216278,,1,,,,,,,,,,0
9216279,,1,,,,,,,,,,0
9216280,,1,,,,,,,,,,0
9216281,,1,,,,,,,,,,0
9216282,,1,,,,,,,,,,0
9216283,,1,,,,,,,,,,0
9216284,,1,,,,,,,,,,0
9216285,,1,,,,,,,,,,0
9216286,,1,,,,,,,,,,0
9216287,,1,,,,,,,,,,0
9216288,,1,,,,,,,,,,0
9216289,,1,,,,,,,,,,0
9216290,,1,,,,,,,,,,0
9216291,,1,,,,,,,,,,0
9216292,,1,,,,,,,,,,0
9216293,,1,,,,,,,,,,0
9216294,,1,,,,,,,,,,0
9216295,,1,,,,,,,,,,0
9216296,,1,,,,,,,,,,0
9216297,,1,,,,,,,,,,0
9216298,,1,,,,,,,,,,0
9216299,,1,,,,,,,,,,0
9216300,,1,,,,,,,,,,0
9216301,,1,,,,,,,,,,0
9216302,,1,,,,,,,,,,0
9216303,,1,,,,,,,,,,0
9216304,,1,,,,,,,,,,0
9216305,,1,,,,,,,,,,0
9216306,,1,,,,,,,,,,0
9216307,,1,,,,,,,,,,0
9216308,,1,,,,,,,,,,0
9216309,,1,,,,,,,,,,0
9216310,,1,,,,,,,,,,0
9216311,,1,,,,,,,,,,0
9216312,,1,,,,,,,,,,0
9216313,,1,,,,,,,,,,0
9216314,,1,,,,,,,,,,0
9216315,,1,,,,,,,,,,0
9216316,,1,,,,,,,,,,0
9216317,,1,,,,,,,,,,0
9216318,,1,,,,,,,,,,0
9216319,,1,,,,,,,,,,0
9216320,,1,,,,,,,,,,0
9216321,,1,,,,,,,,,,0
9216322,,1,,,,,,,,,,0
9216323,,1,,,,,,,,,,0
9216324,,1,,,,,,,,,,0
9216325,,1,,,,,,,,,,0
9216326,,1,,,,,,,,,,0
9216327,,1,,,,,,,,,,0
9216328,,1,,,,,,,,,,0
9216329,,1,,,,,,,,,,0
9216330,,1,,,,,,,,,,0
9216331,,1,,,,,,,,,,0
9216332,,1,,,,,,,,,,0
9216333,,1,,,,,,,,,,0
9216334,,1,,,,,,,,,,0
9216335,,1,,,,,,,,,,0
9216336,,1,,,,,,,,,,0
9216337,,1,,,,,,,,,,0
9216338,,1,,,,,,,,,,0
9216339,,1,,,,,,,,,,0
9216340,,1,,,,,,,,,,0
9216341,,1,,,,,,,,,,0
9216342,,1,,,,,,,,,,0
9216343,,1,,,,,,,,,,0
9216344,,1,,,,,,,,,,0
9216345,,1,,,,,,,,,,0
9216346,,1,,,,,,,,,,0
9216347,,1,,,,,,,,,,0
9216348,,1,,,,,,,,,,0
9216349,,1,,,,,,,,,,0
9216350,,1,,,,,,,,,,0
9216351,,1,,,,,,,,,,0
9216352,,1,,,,,,,,,,0
9216353,,1,,,,,,,,,,0
9216354,,1,,,,,,,,,,0
9216355,,1,,,,,,,,,,0
9216356,,1,,,,,,,,,,0
9216357,,1,,,,,,,,,,0
9216358,,1,,,,,,,,,,0
9216359,,1,,,,,,,,,,0
9216360,,1,,,,,,,,,,0
9216361,,1,,,,,,,,,,0
9216362,,1,,,,,,,,,,0
9216363,,1,,,,,,,,,,0
9216364,,1,,,,,,,,,,0
9216365,,1,,,,,,,,,,0
9216366,,1,,,,,,,,,,0
9216367,,1,,,,,,,,,,0
9216368,,1,,,,,,,,,,0
9216369,,1,,,,,,,,,,0
9216370,,1,,,,,,,,,,0
9216371,,1,,,,,,,,,,0
9216372,,1,,,,,,,,,,0
9216373,,1,,,,,,,,,,0
9216374,,1,,,,,,,,,,0
9216375,,1,,,,,,,,,,0
9216376,,1,,,,,,,,,,0
9216377,,1,,,,,,,,,,0
9216378,,1,,,,,,,,,,0
9216379,,1,,,,,,,,,,0
9216380,,1,,,,,,,,,,0
9216381,,1,,,,,,,,,,0
9216382,,1,,,,,,,,,,0
9216383,,1,,,,,,,,,,0
9216384,,1,,,,,,,,,,0
9216385,,1,,,,,,,,,,0
9216386,,1,,,,,,,,,,0
9216387,,1,,,,,,,,,,0
9216388,,1,,,,,,,,,,0
9216389,,1,,,,,,,,,,0
9216390,,1,,,,,,,,,,0
9216391,,1,,,,,,,,,,0
9216392,,1,,,,,,,,,,0
9216393,,1,,,,,,,,,,0
9216394,,1,,,,,,,,,,0
9216395,,1,,,,,,,,,,0
9216396,,1,,,,,,,,,,0
9216397,,1,,,,,,,,,,0
9216398,,1,,,,,,,,,,0
9216399,,1,,,,,,,,,,0
9216400,,1,,,,,,,,,,0
9216401,,1,,,,,,,,,,0
9216402,,1,,,,,,,,,,0
9216403,,1,,,,,,,,,,0
9216404,,1,,,,,,,,,,0
9216405,,1,,,,,,,,,,0
9216406,,1,,,,,,,,,,0
9216407,,1,,,,,,,,,,0
9216408,,1,,,,,,,,,,0
9216409,,1,,,,,,,,,,0
9216410,,1,,,,,,,,,,0
9216411,,1,,,,,,,,,,0
9216412,,1,,,,,,,,,,0
9216413,,1,,,,,,,,,,0
9216414,,1,,,,,,,,,,0
9216415,,1,,,,,,,,,,0
9216416,,1,,,,,,,,,,0
9216417,,1,,,,,,,,,,0
9216418,,1,,,,,,,,,,0
9216419,,1,,,,,,,,,,0
9216420,,1,,,,,,,,,,0
9216421,,1,,,,,,,,,,0
9216422,,1,,,,,,,,,,0
9216423,,1,,,,,,,,,,0
9216424,,1,,,,,,,,,,0
9216425,,1,,,,,,,,,,0
9216426,,1,,,,,,,,,,0
9216427,,1,,,,,,,,,,0
9216428,,1,,,,,,,,,,0
9216429,,1,,,,,,,,,,0
9216430,,1,,,,,,,,,,0
9216431,,1,,,,,,,,,,0
9216432,,1,,,,,,,,,,0
9216433,,1,,,,,,,,,,0
9216434,,1,,,,,,,,,,0
9216435,,1,,,,,,,,,,0
9216436,,1,,,,,,,,,,0
9216437,,1,,,,,,,,,,0
9216438,,1,,,,,,,,,,0
9216439,,1,,,,,,,,,,0
9216440,,1,,,,,,,,,,0
9216441,,1,,,,,,,,,,0
9216442,,1,,,,,,,,,,0
9216443,,1,,,,,,,,,,0
9216444,,1,,,,,,,,,,0
9216445,,1,,,,,,,,,,0
9216446,,1,,,,,,,,,,0
9216447,,1,,,,,,,,,,0
9216448,,1,,,,,,,,,,0
9216449,,1,,,,,,,,,,0
9216450,,1,,,,,,,,,,0
9216451,,1,,,,,,,,,,0
9216452,,1,,,,,,,,,,0
9216453,,1,,,,,,,,,,0
9216454,,1,,,,,,,,,,0
9216455,,1,,,,,,,,,,0
9216456,,1,,,,,,,,,,0
9216457,,1,,,,,,,,,,0
9216458,,1,,,,,,,,,,0
9216459,,1,,,,,,,,,,0
9216460,,1,,,,,,,,,,0
9216461,,1,,,,,,,,,,0
9216462,,1,,,,,,,,,,0
9216463,,1,,,,,,,,,,0
9216464,,1,,,,,,,,,,0
9216465,,1,,,,,,,,,,0
9216466,,1,,,,,,,,,,0
9216467,,1,,,,,,,,,,0
9216468,,1,,,,,,,,,,0
9216469,,1,,,,,,,,,,0
9216470,,1,,,,,,,,,,0
9216471,,1,,,,,,,,,,0
9216472,,1,,,,,,,,,,0
9216473,,1,,,,,,,,,,0
9216474,,1,,,,,,,,,,0
9216475,,1,,,,,,,,,,0
9216476,,1,,,,,,,,,,0
9216477,,1,,,,,,,,,,0
9216478,,1,,,,,,,,,,0
9216479,,1,,,,,,,,,,0
9216480,,1,,,,,,,,,,0
9216481,,1,,,,,,,,,,0
9216482,,1,,,,,,,,,,0
9216483,,1,,,,,,,,,,0
9216484,,1,,,,,,,,,,0
9216485,,1,,,,,,,,,,0
9216486,,1,,,,,,,,,,0
9216487,,1,,,,,,,,,,0
1405974,,2,,,,,,,,,,0
1405975,,2,,,,,,,,,,0
1405976,,2,,,,,,,,,,0
1405977,,2,,,,,,,,,,0
1405978,,2,,,,,,,,,,0
1405979,,2,,,,,,,,,,0
1405980,,2,,,,,,,,,,0
1405981,,2,,,,,,,,,,0
1405982,,2,,,,,,,,,,0
1405983,,2,,,,,,,,,,0
1405984,,2,,,,,,,,,,0
1405985,,2,,,,,,,,,,0
1405986,,2,,,,,,,,,,0
1405987,,2,,,,,,,,,,0
1405988,,2,,,,,,,,,,0
1405989,,2,,,,,,,,,,0
1405990,,2,,,,,,,,,,0
1405991,,2,,,,,,,,,,0
1405992,,2,,,,,,,,,,0
1405993,,2,,,,,,,,,,0
1405994,,2,,,,,,,,,,0
1405995,,2,,,,,,,,,,0
1405996,,2,,,,,,,,,,0
1405997,,2,,,,,,,,,,0
1405998,,2,,,,,,,,,,0
1405999,,2,,,,,,,,,,0
1406000,,2,,,,,,,,,,0
1406001,,2,,,,,,,,,,0
1406002,,2,,,,,,,,,,0
1406003,,2,,,,,,,,,,0
1406004,,2,,,,,,,,,,0
1406005,,2,,,,,,,,,,0
1406006,,2,,,,,,,,,,0
1406007,,2,,,,,,,,,,0
1406008,,2,,,,,,,,,,0
1406009,,2,,,,,,,,,,0
1406010,,2,,,,,,,,,,0
1406011,,2,,,,,,,,,,0
1406012,,2,,,,,,,,,,0
1406013,,2,,,,,,,,,,0
1406014,,2,,,,,,,,,,0
1406015,,2,,,,,,,,,,0
1406016,,2,,,,,,,,,,0
1406017,,2,,,,,,,,,,0
1406018,,2,,,,,,,,,,0
1406019,,2,,,,,,,,,,0
1406020,,2,,,,,,,,,,0
1406021,,2,,,,,,,,,,0
1406022,,2,,,,,,,,,,0
1406023,,2,,,,,,,,,,0
1406024,,2,,,,,,,,,,0
1406025,,2,,,,,,,,,,0
1406026,,2,,,,,,,,,,0
1406027,,2,,,,,,,,,,0
1406028,,2,,,,,,,,,,0
1406029,,2,,,,,,,,,,0
1406030,,2,,,,,,,,,,0
1406031,,2,,,,,,,,,,0
1406032,,2,,,,,,,,,,0
1406033,,2,,,,,,,,,,0
1406034,,2,,,,,,,,,,0
1406035,,2,,,,,,,,,,0
1406036,,2,,,,,,,,,,0
1406037,,2,,,,,,,,,,0
1406038,,2,,,,,,,,,,0
1406039,,2,,,,,,,,,,0
1406040,,2,,,,,,,,,,0
1406041,,2,,,,,,,,,,0
1406042,,2,,,,,,,,,,0
1406043,,2,,,,,,,,,,0
1406044,,2,,,,,,,,,,0
1406045,,2,,,,,,,,,,0
1406046,,2,,,,,,,,,,0
1406047,,2,,,,,,,,,,0
1406048,,2,,,,,,,,,,0
1406049,,2,,,,,,,,,,0
1406050,,2,,,,,,,,,,0
1406051,,2,,,,,,,,,,0
1406052,,2,,,,,,,,,,0
1406053,,2,,,,,,,,,,0
1406054,,2,,,,,,,,,,0
1406055,,2,,,,,,,,,,0
1406056,,2,,,,,,,,,,0
1406057,,2,,,,,,,,,,0
1406058,,2,,,,,,,,,,0
1406059,,2,,,,,,,,,,0
1406060,,2,,,,,,,,,,0
1406061,,2,,,,,,,,,,0
1406062,,2,,,,,,,,,,0
1406063,,2,,,,,,,,,,0
1406064,,2,,,,,,,,,,0
1406065,,2,,,,,,,,,,0
1406066,,2,,,,,,,,,,0
1406067,,2,,,,,,,,,,0
1406068,,2,,,,,,,,,,0
1406069,,2,,,,,,,,,,0
1406070,,2,,,,,,,,,,0
1406071,,2,,,,,,,,,,0
1406072,,2,,,,,,,,,,0
1406073,,2,,,,,,,,,,0
1406074,,2,,,,,,,,,,0
1406075,,2,,,,,,,,,,0
1406076,,2,,,,,,,,,,0
1406077,,2,,,,,,,,,,0
1406078,,2,,,,,,,,,,0
1406079,,2,,,,,,,,,,0
1406080,,2,,,,,,,,,,0
1406081,,2,,,,,,,,,,0
1406082,,2,,,,,,,,,,0
1406083,,2,,,,,,,,,,0
1406084,,2,,,,,,,,,,0
1406085,,2,,,,,,,,,,0
1406086,,2,,,,,,,,,,0
1406087,,2,,,,,,,,,,0
1406088,,2,,,,,,,,,,0
1406089,,2,,,,,,,,,,0
1406090,,2,,,,,,,,,,0
1406091,,2,,,,,,,,,,0
1406092,,2,,,,,,,,,,0
1406093,,2,,,,,,,,,,0
1406094,,2,,,,,,,,,,0
1406095,,2,,,,,,,,,,0
1406096,,2,,,,,,,,,,0
1406097,,2,,,,,,,,,,0
1406098,,2,,,,,,,,,,0
1406099,,2,,,,,,,,,,0
1406100,,2,,,,,,,,,,0
1406101,,2,,,,,,,,,,0
1406102,,2,,,,,,,,,,0
1406103,,2,,,,,,,,,,0
1406104,,2,,,,,,,,,,0
1406105,,2,,,,,,,,,,0
1406106,,2,,,,,,,,,,0
1406107,,2,,,,,,,,,,0
1406108,,2,,,,,,,,,,0
1406109,,2,,,,,,,,,,0
1406110,,2,,,,,,,,,,0
1406111,,2,,,,,,,,,,0
1406112,,2,,,,,,,,,,0
1406113,,2,,,,,,,,,,0
1406114,,2,,,,,,,,,,0
1406115,,2,,,,,,,,,,0
1406116,,2,,,,,,,,,,0
1406117,,2,,,,,,,,,,0
1406118,,2,,,,,,,,,,0
1406119,,2,,,,,,,,,,0
1406120,,2,,,,,,,,,,0
1406121,,2,,,,,,,,,,0
1406122,,2,,,,,,,,,,0
1406123,,2,,,,,,,,,,0
1406124,,2,,,,,,,,,,0
1406125,,2,,,,,,,,,,0
1406126,,2,,,,,,,,,,0
1406127,,2,,,,,,,,,,0
1406128,,2,,,,,,,,,,0
1406129,,2,,,,,,,,,,0
1406130,,2,,,,,,,,,,0
1406131,,2,,,,,,,,,,0
1406132,,2,,,,,,,,,,0
1406133,,2,,,,,,,,,,0
1406134,,2,,,,,,,,,,0
1406135,,2,,,,,,,,,,0
1406136,,2,,,,,,,,,,0
1406137,,2,,,,,,,,,,0
1406138,,2,,,,,,,,,,0
1406139,,2,,,,,,,,,,0
1406140,,2,,,,,,,,,,0
1406141,,2,,,,,,,,,,0
1406142,,2,,,,,,,,,,0
1406143,,2,,,,,,,,,,0
1406144,,2,,,,,,,,,,0
1406145,,2,,,,,,,,,,0
1406146,,2,,,,,,,,,,0
1406147,,2,,,,,,,,,,0
1406148,,2,,,,,,,,,,0
1406149,,2,,,,,,,,,,0
1406150,,2,,,,,,,,,,0
1406151,,2,,,,,,,,,,0
1406152,,2,,,,,,,,,,0
1406153,,2,,,,,,,,,,0
1406154,,2,,,,,,,,,,0
1406155,,2,,,,,,,,,,0
1406156,,2,,,,,,,,,,0
1406157,,2,,,,,,,,,,0
1406158,,2,,,,,,,,,,0
1406159,,2,,,,,,,,,,0
1406160,,2,,,,,,,,,,0
1406161,,2,,,,,,,,,,0
1406162,,2,,,,,,,,,,0
1406163,,2,,,,,,,,,,0
1406164,,2,,,,,,,,,,0
1406165,,2,,,,,,,,,,0
1406166,,2,,,,,,,,,,0
1406167,,2,,,,,,,,,,0
1406168,,2,,,,,,,,,,0
1406169,,2,,,,,,,,,,0
1406170,,2,,,,,,,,,,0
1406171,,2,,,,,,,,,,0
1406172,,2,,,,,,,,,,0
1406173,,2,,,,,,,,,,0
1406174,,2,,,,,,,,,,0
1406175,,2,,,,,,,,,,0
1406176,,2,,,,,,,,,,0
1406177,,2,,,,,,,,,,0
1406178,,2,,,,,,,,,,0
1406179,,2,,,,,,,,,,0
1406180,,2,,,,,,,,,,0
1406181,,2,,,,,,,,,,0
1406182,,2,,,,,,,,,,0
1406183,,2,,,,,,,,,,0
1406184,,2,,,,,,,,,,0
1406185,,2,,,,,,,,,,0
1406186,,2,,,,,,,,,,0
1406187,,2,,,,,,,,,,0
1406188,,2,,,,,,,,,,0
1406189,,2,,,,,,,,,,0
1406190,,2,,,,,,,,,,0
1406191,,2,,,,,,,,,,0
1406192,,2,,,,,,,,,,0
1406193,,2,,,,,,,,,,0
1406194,,2,,,,,,,,,,0
1406195,,2,,,,,,,,,,0
1406196,,2,,,,,,,,,,0
1406197,,2,,,,,,,,,,0
1406198,,2,,,,,,,,,,0
1406199,,2,,,,,,,,,,0
1406200,,2,,,,,,,,,,0
1406201,,2,,,,,,,,,,0
1406202,,2,,,,,,,,,,0
1406203,,2,,,,,,,,,,0
1406204,,2,,,,,,,,,,0
1406205,,2,,,,,,,,,,0
1406206,,2,,,,,,,,,,0
1406207,,2,,,,,,,,,,0
1406208,,2,,,,,,,,,,0
1406209,,2,,,,,,,,,,0
1406210,,2,,,,,,,,,,0
1406211,,2,,,,,,,,,,0
1406212,,2,,,,,,,,,,0
1406213,,2,,,,,,,,,,0
1406214,,2,,,,,,,,,,0
1406215,,2,,,,,,,,,,0
1406216,,2,,,,,,,,,,0
1406217,,2,,,,,,,,,,0
1406218,,2,,,,,,,,,,0
1406219,,2,,,,,,,,,,0
1406220,,2,,,,,,,,,,0
1406221,,2,,,,,,,,,,0
1406222,,2,,,,,,,,,,0
1406223,,2,,,,,,,,,,0
1406224,,2,,,,,,,,,,0
1406225,,2,,,,,,,,,,0
1406226,,2,,,,,,,,,,0
1406227,,2,,,,,,,,,,0
1406228,,2,,,,,,,,,,0
1406229,,2,,,,,,,,,,0
1406230,,2,,,,,,,,,,0
1406231,,2,,,,,,,,,,0
1406232,,2,,,,,,,,,,0
1406233,,2,,,,,,,,,,0
1406234,,2,,,,,,,,,,0
1406235,,2,,,,,,,,,,0
1406236,,2,,,,,,,,,,0
1406237,,2,,,,,,,,,,0
1406238,,2,,,,,,,,,,0
1406239,,2,,,,,,,,,,0
1406240,,2,,,,,,,,,,0
1406241,,2,,,,,,,,,,0
1406242,,2,,,,,,,,,,0
1406243,,2,,,,,,,,,,0
1406244,,2,,,,,,,,,,0
1406245,,2,,,,,,,,,,0
1406246,,2,,,,,,,,,,0
1406247,,2,,,,,,,,,,0
1406248,,2,,,,,,,,,,0
1406249,,2,,,,,,,,,,0
1406250,,2,,,,,,,,,,0
1406251,,2,,,,,,,,,,0
1406252,,2,,,,,,,,,,0
1406253,,2,,,,,,,,,,0
1406254,,2,,,,,,,,,,0
1406255,,2,,,,,,,,,,0
1406256,,2,,,,,,,,,,0
1406257,,2,,,,,,,,,,0
1406258,,2,,,,,,,,,,0
1406259,,2,,,,,,,,,,0
1406260,,2,,,,,,,,,,0
1406261,,2,,,,,,,,,,0
1406262,,2,,,,,,,,,,0
1406263,,2,,,,,,,,,,0
1406264,,2,,,,,,,,,,0
1406265,,2,,,,,,,,,,0
1406266,,2,,,,,,,,,,0
1406267,,2,,,,,,,,,,0
1406268,,2,,,,,,,,,,0
1406269,,2,,,,,,,,,,0
1406270,,2,,,,,,,,,,0
1406271,,2,,,,,,,,,,0
1406272,,2,,,,,,,,,,0
1406273,,2,,,,,,,,,,0
1406274,,2,,,,,,,,,,0
1406275,,2,,,,,,,,,,0
1406276,,2,,,,,,,,,,0
1406277,,2,,,,,,,,,,0
1406278,,2,,,,,,,,,,0
1406279,,2,,,,,,,,,,0
1406280,,2,,,,,,,,,,0
1406281,,2,,,,,,,,,,0
1406282,,2,,,,,,,,,,0
1406283,,2,,,,,,,,,,0
1406284,,2,,,,,,,,,,0
1406285,,2,,,,,,,,,,0
1406286,,2,,,,,,,,,,0
1406287,,2,,,,,,,,,,0
1406288,,2,,,,,,,,,,0
1406289,,2,,,,,,,,,,0
1406290,,2,,,,,,,,,,0
1406291,,2,,,,,,,,,,0
1406292,,2,,,,,,,,,,0
1406293,,2,,,,,,,,,,0
1406294,,2,,,,,,,,,,0
1406295,,2,,,,,,,,,,0
1406296,,2,,,,,,,,,,0
1406297,,2,,,,,,,,,,0
1406298,,2,,,,,,,,,,0
1406299,,2,,,,,,,,,,0
1406300,,2,,,,,,,,,,0
1406301,,2,,,,,,,,,,0
1406302,,2,,,,,,,,,,0
1406303,,2,,,,,,,,,,0
1406304,,2,,,,,,,,,,0
1406305,,2,,,,,,,,,,0
1406306,,2,,,,,,,,,,0
1406307,,2,,,,,,,,,,0
1406308,,2,,,,,,,,,,0
1406309,,2,,,,,,,,,,0
1406310,,2,,,,,,,,,,0
1406311,,2,,,,,,,,,,0
1406312,,2,,,,,,,,,,0
1406313,,2,,,,,,,,,,0
1406314,,2,,,,,,,,,,0
1406315,,2,,,,,,,,,,0
1406316,,2,,,,,,,,,,0
1406317,,2,,,,,,,,,,0
1406318,,2,,,,,,,,,,0
1406319,,2,,,,,,,,,,0
1406320,,2,,,,,,,,,,0
1406321,,2,,,,,,,,,,0
1406322,,2,,,,,,,,,,0
1406323,,2,,,,,,,,,,0
1406324,,2,,,,,,,,,,0
1406325,,2,,,,,,,,,,0
1406326,,2,,,,,,,,,,0
1406327,,2,,,,,,,,,,0
1406328,,2,,,,,,,,,,0
1406329,,2,,,,,,,,,,0
1406330,,2,,,,,,,,,,0
1406331,,2,,,,,,,,,,0
1406332,,2,,,,,,,,,,0
1406333,,2,,,,,,,,,,0
1406334,,2,,,,,,,,,,0
1406335,,2,,,,,,,,,,0
1406336,,2,,,,,,,,,,0
1406337,,2,,,,,,,,,,0
1406338,,2,,,,,,,,,,0
1406339,,2,,,,,,,,,,0
1406340,,2,,,,,,,,,,0
1406341,,2,,,,,,,,,,0
1406342,,2,,,,,,,,,,0
1406343,,2,,,,,,,,,,0
1406344,,2,,,,,,,,,,0
1406345,,2,,,,,,,,,,0
1406346,,2,,,,,,,,,,0
1406347,,2,,,,,,,,,,0
1406348,,2,,,,,,,,,,0
1406349,,2,,,,,,,,,,0
1406350,,2,,,,,,,,,,0
1406351,,2,,,,,,,,,,0
1406352,,2,,,,,,,,,,0
1406353,,2,,,,,,,,,,0
1406354,,2,,,,,,,,,,0
1406355,,2,,,,,,,,,,0
1406356,,2,,,,,,,,,,0
1406357,,2,,,,,,,,,,0
1406358,,2,,,,,,,,,,0
1406359,,2,,,,,,,,,,0
1406360,,2,,,,,,,,,,0
1406361,,2,,,,,,,,,,0
1406362,,2,,,,,,,,,,0
1406363,,2,,,,,,,,,,0
1406364,,2,,,,,,,,,,0
1406365,,2,,,,,,,,,,0
1406366,,2,,,,,,,,,,0
1406367,,2,,,,,,,,,,0
1406368,,2,,,,,,,,,,0
1406369,,2,,,,,,,,,,0
1406370,,2,,,,,,,,,,0
1406371,,2,,,,,,,,,,0
1406372,,2,,,,,,,,,,0
1406373,,2,,,,,,,,,,0
1406374,,2,,,,,,,,,,0
1406375,,2,,,,,,,,,,0
1406376,,2,,,,,,,,,,0
1406377,,2,,,,,,,,,,0
1406378,,2,,,,,,,,,,0
1406379,,2,,,,,,,,,,0
1406380,,2,,,,,,,,,,0
1406381,,2,,,,,,,,,,0
1406382,,2,,,,,,,,,,0
1406383,,2,,,,,,,,,,0
1406384,,2,,,,,,,,,,0
1406385,,2,,,,,,,,,,0
1406386,,2,,,,,,,,,,0
1406387,,2,,,,,,,,,,0
1406388,,2,,,,,,,,,,0
1406389,,2,,,,,,,,,,0
1406390,,2,,,,,,,,,,0
1406391,,2,,,,,,,,,,0
1406392,,2,,,,,,,,,,0
1406393,,2,,,,,,,,,,0
1406394,,2,,,,,,,,,,0
1406395,,2,,,,,,,,,,0
1406396,,2,,,,,,,,,,0
1406397,,2,,,,,,,,,,0
1406398,,2,,,,,,,,,,0
1406399,,2,,,,,,,,,,0
1406400,,2,,,,,,,,,,0
1406401,,2,,,,,,,,,,0
1406402,,2,,,,,,,,,,0
1406403,,2,,,,,,,,,,0
1406404,,2,,,,,,,,,,0
1406405,,2,,,,,,,,,,0
1406406,,2,,,,,,,,,,0
1406407,,2,,,,,,,,,,0
1406408,,2,,,,,,,,,,0
1406409,,2,,,,,,,,,,0
1406410,,2,,,,,,,,,,0
1406411,,2,,,,,,,,,,0
1406412,,2,,,,,,,,,,0
1406413,,2,,,,,,,,,,0
1406414,,2,,,,,,,,,,0
1406415,,2,,,,,,,,,,0
1406416,,2,,,,,,,,,,0
1406417,,2,,,,,,,,,,0
1406418,,2,,,,,,,,,,0
1406419,,2,,,,,,,,,,0
1406420,,2,,,,,,,,,,0
1406421,,2,,,,,,,,,,0
1406422,,2,,,,,,,,,,0
1406423,,2,,,,,,,,,,0
1406424,,2,,,,,,,,,,0
1406425,,2,,,,,,,,,,0
1406426,,2,,,,,,,,,,0
1406427,,2,,,,,,,,,,0
1406428,,2,,,,,,,,,,0
1406429,,2,,,,,,,,,,0
1406430,,2,,,,,,,,,,0
1406431,,2,,,,,,,,,,0
1406432,,2,,,,,,,,,,0
1406433,,2,,,,,,,,,,0
1406434,,2,,,,,,,,,,0
1406435,,2,,,,,,,,,,0
1406436,,2,,,,,,,,,,0
1406437,,2,,,,,,,,,,0
1406438,,2,,,,,,,,,,0
1406439,,2,,,,,,,,,,0
1406440,,2,,,,,,,,,,0
1406441,,2,,,,,,,,,,0
1406442,,2,,,,,,,,,,0
1406443,,2,,,,,,,,,,0
1406444,,2,,,,,,,,,,0
1406445,,2,,,,,,,,,,0
1406446,,2,,,,,,,,,,0
1406447,,2,,,,,,,,,,0
1406448,,2,,,,,,,,,,0
1406449,,2,,,,,,,,,,0
1406450,,2,,,,,,,,,,0
1406451,,2,,,,,,,,,,0
1406452,,2,,,,,,,,,,0
1406453,,2,,,,,,,,,,0
1406454,,2,,,,,,,,,,0
1406455,,2,,,,,,,,,,0
1406456,,2,,,,,,,,,,0
1406457,,2,,,,,,,,,,0
1406458,,2,,,,,,,,,,0
1406459,,2,,,,,,,,,,0
1406460,,2,,,,,,,,,,0
1406461,,2,,,,,,,,,,0
1406462,,2,,,,,,,,,,0
1406463,,2,,,,,,,,,,0
1406464,,2,,,,,,,,,,0
1406465,,2,,,,,,,,,,0
1406466,,2,,,,,,,,,,0
1406467,,2,,,,,,,,,,0
1406468,,2,,,,,,,,,,0
1406469,,2,,,,,,,,,,0
1406470,,2,,,,,,,,,,0
1406471,,2,,,,,,,,,,0
1406472,,2,,,,,,,,,,0
1406473,,2,,,,,,,,,,0
9216488,,1,,,,,,,,,,0
9216489,,1,,,,,,,,,,0
9216490,,1,,,,,,,,,,0
9216491,,1,,,,,,,,,,0
9216492,,1,,,,,,,,,,0
9216493,,1,,,,,,,,,,0
9216494,,1,,,,,,,,,,0
9216495,,1,,,,,,,,,,0
9216496,,1,,,,,,,,,,0
9216497,,1,,,,,,,,,,0
9216498,,1,,,,,,,,,,0
9216499,,1,,,,,,,,,,0
9216500,,1,,,,,,,,,,0
9216501,,1,,,,,,,,,,0
9216502,,1,,,,,,,,,,0
9216503,,1,,,,,,,,,,0
9216504,,1,,,,,,,,,,0
9216505,,1,,,,,,,,,,0
9216506,,1,,,,,,,,,,0
9216507,,1,,,,,,,,,,0
9216508,,1,,,,,,,,,,0
9216509,,1,,,,,,,,,,0
9216510,,1,,,,,,,,,,0
9216511,,1,,,,,,,,,,0
9216512,,1,,,,,,,,,,0
9216513,,1,,,,,,,,,,0
9216514,,1,,,,,,,,,,0
9216515,,1,,,,,,,,,,0
9216516,,1,,,,,,,,,,0
9216517,,1,,,,,,,,,,0
9216518,,1,,,,,,,,,,0
9216519,,1,,,,,,,,,,0
9216520,,1,,,,,,,,,,0
9216521,,1,,,,,,,,,,0
9216522,,1,,,,,,,,,,0
9216523,,1,,,,,,,,,,0
9216524,,1,,,,,,,,,,0
9216525,,1,,,,,,,,,,0
9216526,,1,,,,,,,,,,0
9216527,,1,,,,,,,,,,0
9216528,,1,,,,,,,,,,0
9216529,,1,,,,,,,,,,0
9216530,,1,,,,,,,,,,0
9216531,,1,,,,,,,,,,0
9216532,,1,,,,,,,,,,0
9216533,,1,,,,,,,,,,0
9216534,,1,,,,,,,,,,0
9216535,,1,,,,,,,,,,0
9216536,,1,,,,,,,,,,0
9216537,,1,,,,,,,,,,0
9216538,,1,,,,,,,,,,0
9216539,,1,,,,,,,,,,0
9216540,,1,,,,,,,,,,0
9216541,,1,,,,,,,,,,0
9216542,,1,,,,,,,,,,0
9216543,,1,,,,,,,,,,0
9216544,,1,,,,,,,,,,0
9216545,,1,,,,,,,,,,0
9216546,,1,,,,,,,,,,0
9216547,,1,,,,,,,,,,0
9216548,,1,,,,,,,,,,0
9216549,,1,,,,,,,,,,0
9216550,,1,,,,,,,,,,0
9216551,,1,,,,,,,,,,0
9216552,,1,,,,,,,,,,0
9216553,,1,,,,,,,,,,0
9216554,,1,,,,,,,,,,0
9216555,,1,,,,,,,,,,0
9216556,,1,,,,,,,,,,0
9216557,,1,,,,,,,,,,0
9216558,,1,,,,,,,,,,0
9216559,,1,,,,,,,,,,0
9216560,,1,,,,,,,,,,0
9216561,,1,,,,,,,,,,0
9216562,,1,,,,,,,,,,0
9216563,,1,,,,,,,,,,0
9216564,,1,,,,,,,,,,0
9216565,,1,,,,,,,,,,0
9216566,,1,,,,,,,,,,0
9216567,,1,,,,,,,,,,0
9216568,,1,,,,,,,,,,0
9216569,,1,,,,,,,,,,0
9216570,,1,,,,,,,,,,0
9216571,,1,,,,,,,,,,0
9216572,,1,,,,,,,,,,0
9216573,,1,,,,,,,,,,0
9216574,,1,,,,,,,,,,0
9216575,,1,,,,,,,,,,0
9216576,,1,,,,,,,,,,0
9216577,,1,,,,,,,,,,0
9216578,,1,,,,,,,,,,0
9216579,,1,,,,,,,,,,0
9216580,,1,,,,,,,,,,0
9216581,,1,,,,,,,,,,0
9216582,,1,,,,,,,,,,0
9216583,,1,,,,,,,,,,0
9216584,,1,,,,,,,,,,0
9216585,,1,,,,,,,,,,0
9216586,,1,,,,,,,,,,0
9216587,,1,,,,,,,,,,0
9216588,,1,,,,,,,,,,0
9216589,,1,,,,,,,,,,0
9216590,,1,,,,,,,,,,0
9216591,,1,,,,,,,,,,0
9216592,,1,,,,,,,,,,0
9216593,,1,,,,,,,,,,0
9216594,,1,,,,,,,,,,0
9216595,,1,,,,,,,,,,0
9216596,,1,,,,,,,,,,0
9216597,,1,,,,,,,,,,0
9216598,,1,,,,,,,,,,0
9216599,,1,,,,,,,,,,0
9216600,,1,,,,,,,,,,0
9216601,,1,,,,,,,,,,0
9216602,,1,,,,,,,,,,0
9216603,,1,,,,,,,,,,0
9216604,,1,,,,,,,,,,0
9216605,,1,,,,,,,,,,0
9216606,,1,,,,,,,,,,0
9216607,,1,,,,,,,,,,0
9216608,,1,,,,,,,,,,0
9216609,,1,,,,,,,,,,0
9216610,,1,,,,,,,,,,0
9216611,,1,,,,,,,,,,0
9216612,,1,,,,,,,,,,0
9216613,,1,,,,,,,,,,0
9216614,,1,,,,,,,,,,0
9216615,,1,,,,,,,,,,0
9216616,,1,,,,,,,,,,0
9216617,,1,,,,,,,,,,0
9216618,,1,,,,,,,,,,0
9216619,,1,,,,,,,,,,0
9216620,,1,,,,,,,,,,0
9216621,,1,,,,,,,,,,0
9216622,,1,,,,,,,,,,0
9216623,,1,,,,,,,,,,0
9216624,,1,,,,,,,,,,0
9216625,,1,,,,,,,,,,0
9216626,,1,,,,,,,,,,0
9216627,,1,,,,,,,,,,0
9216628,,1,,,,,,,,,,0
9216629,,1,,,,,,,,,,0
9216630,,1,,,,,,,,,,0
9216631,,1,,,,,,,,,,0
9216632,,1,,,,,,,,,,0
9216633,,1,,,,,,,,,,0
9216634,,1,,,,,,,,,,0
9216635,,1,,,,,,,,,,0
9216636,,1,,,,,,,,,,0
9216637,,1,,,,,,,,,,0
9216638,,1,,,,,,,,,,0
9216639,,1,,,,,,,,,,0
9216640,,1,,,,,,,,,,0
9216641,,1,,,,,,,,,,0
9216642,,1,,,,,,,,,,0
9216643,,1,,,,,,,,,,0
9216644,,1,,,,,,,,,,0
9216645,,1,,,,,,,,,,0
9216646,,1,,,,,,,,,,0
9216647,,1,,,,,,,,,,0
9216648,,1,,,,,,,,,,0
9216649,,1,,,,,,,,,,0
9216650,,1,,,,,,,,,,0
9216651,,1,,,,,,,,,,0
9216652,,1,,,,,,,,,,0
9216653,,1,,,,,,,,,,0
9216654,,1,,,,,,,,,,0
9216655,,1,,,,,,,,,,0
9216656,,1,,,,,,,,,,0
9216657,,1,,,,,,,,,,0
9216658,,1,,,,,,,,,,0
9216659,,1,,,,,,,,,,0
9216660,,1,,,,,,,,,,0
9216661,,1,,,,,,,,,,0
9216662,,1,,,,,,,,,,0
9216663,,1,,,,,,,,,,0
9216664,,1,,,,,,,,,,0
9216665,,1,,,,,,,,,,0
9216666,,1,,,,,,,,,,0
9216667,,1,,,,,,,,,,0
9216668,,1,,,,,,,,,,0
9216669,,1,,,,,,,,,,0
9216670,,1,,,,,,,,,,0
9216671,,1,,,,,,,,,,0
9216672,,1,,,,,,,,,,0
9216673,,1,,,,,,,,,,0
9216674,,1,,,,,,,,,,0
9216675,,1,,,,,,,,,,0
9216676,,1,,,,,,,,,,0
9216677,,1,,,,,,,,,,0
9216678,,1,,,,,,,,,,0
9216679,,1,,,,,,,,,,0
9216680,,1,,,,,,,,,,0
9216681,,1,,,,,,,,,,0
9216682,,1,,,,,,,,,,0
9216683,,1,,,,,,,,,,0
9216684,,1,,,,,,,,,,0
9216685,,1,,,,,,,,,,0
9216686,,1,,,,,,,,,,0
9216687,,1,,,,,,,,,,0
9216688,,1,,,,,,,,,,0
9216689,,1,,,,,,,,,,0
9216690,,1,,,,,,,,,,0
9216691,,1,,,,,,,,,,0
9216692,,1,,,,,,,,,,0
9216693,,1,,,,,,,,,,0
9216694,,1,,,,,,,,,,0
9216695,,1,,,,,,,,,,0
9216696,,1,,,,,,,,,,0
9216697,,1,,,,,,,,,,0
9216698,,1,,,,,,,,,,0
9216699,,1,,,,,,,,,,0
9216700,,1,,,,,,,,,,0
9216701,,1,,,,,,,,,,0
9216702,,1,,,,,,,,,,0
9216703,,1,,,,,,,,,,0
9216704,,1,,,,,,,,,,0
9216705,,1,,,,,,,,,,0
9216706,,1,,,,,,,,,,0
9216707,,1,,,,,,,,,,0
9216708,,1,,,,,,,,,,0
9216709,,1,,,,,,,,,,0
9216710,,1,,,,,,,,,,0
9216711,,1,,,,,,,,,,0
9216712,,1,,,,,,,,,,0
9216713,,1,,,,,,,,,,0
9216714,,1,,,,,,,,,,0
9216715,,1,,,,,,,,,,0
9216716,,1,,,,,,,,,,0
9216717,,1,,,,,,,,,,0
9216718,,1,,,,,,,,,,0
9216719,,1,,,,,,,,,,0
9216720,,1,,,,,,,,,,0
9216721,,1,,,,,,,,,,0
9216722,,1,,,,,,,,,,0
9216723,,1,,,,,,,,,,0
9216724,,1,,,,,,,,,,0
9216725,,1,,,,,,,,,,0
9216726,,1,,,,,,,,,,0
9216727,,1,,,,,,,,,,0
9216728,,1,,,,,,,,,,0
9216729,,1,,,,,,,,,,0
9216730,,1,,,,,,,,,,0
9216731,,1,,,,,,,,,,0
9216732,,1,,,,,,,,,,0
9216733,,1,,,,,,,,,,0
9216734,,1,,,,,,,,,,0
9216735,,1,,,,,,,,,,0
9216736,,1,,,,,,,,,,0
9216737,,1,,,,,,,,,,0
9216738,,1,,,,,,,,,,0
9216739,,1,,,,,,,,,,0
9216740,,1,,,,,,,,,,0
9216741,,1,,,,,,,,,,0
9216742,,1,,,,,,,,,,0
9216743,,1,,,,,,,,,,0
9216744,,1,,,,,,,,,,0
9216745,,1,,,,,,,,,,0
9216746,,1,,,,,,,,,,0
9216747,,1,,,,,,,,,,0
9216748,,1,,,,,,,,,,0
9216749,,1,,,,,,,,,,0
9216750,,1,,,,,,,,,,0
9216751,,1,,,,,,,,,,0
9216752,,1,,,,,,,,,,0
9216753,,1,,,,,,,,,,0
9216754,,1,,,,,,,,,,0
9216755,,1,,,,,,,,,,0
9216756,,1,,,,,,,,,,0
9216757,,1,,,,,,,,,,0
9216758,,1,,,,,,,,,,0
9216759,,1,,,,,,,,,,0
9216760,,1,,,,,,,,,,0
9216761,,1,,,,,,,,,,0
9216762,,1,,,,,,,,,,0
9216763,,1,,,,,,,,,,0
9216764,,1,,,,,,,,,,0
9216765,,1,,,,,,,,,,0
9216766,,1,,,,,,,,,,0
9216767,,1,,,,,,,,,,0
9216768,,1,,,,,,,,,,0
9216769,,1,,,,,,,,,,0
9216770,,1,,,,,,,,,,0
9216771,,1,,,,,,,,,,0
9216772,,1,,,,,,,,,,0
9216773,,1,,,,,,,,,,0
9216774,,1,,,,,,,,,,0
9216775,,1,,,,,,,,,,0
9216776,,1,,,,,,,,,,0
9216777,,1,,,,,,,,,,0
9216778,,1,,,,,,,,,,0
9216779,,1,,,,,,,,,,0
9216780,,1,,,,,,,,,,0
9216781,,1,,,,,,,,,,0
9216782,,1,,,,,,,,,,0
9216783,,1,,,,,,,,,,0
9216784,,1,,,,,,,,,,0
9216785,,1,,,,,,,,,,0
9216786,,1,,,,,,,,,,0
9216787,,1,,,,,,,,,,0
9216788,,1,,,,,,,,,,0
9216789,,1,,,,,,,,,,0
9216790,,1,,,,,,,,,,0
9216791,,1,,,,,,,,,,0
9216792,,1,,,,,,,,,,0
9216793,,1,,,,,,,,,,0
9216794,,1,,,,,,,,,,0
9216795,,1,,,,,,,,,,0
9216796,,1,,,,,,,,,,0
9216797,,1,,,,,,,,,,0
9216798,,1,,,,,,,,,,0
9216799,,1,,,,,,,,,,0
9216800,,1,,,,,,,,,,0
9216801,,1,,,,,,,,,,0
9216802,,1,,,,,,,,,,0
9216803,,1,,,,,,,,,,0
9216804,,1,,,,,,,,,,0
9216805,,1,,,,,,,,,,0
9216806,,1,,,,,,,,,,0
9216807,,1,,,,,,,,,,0
9216808,,1,,,,,,,,,,0
9216809,,1,,,,,,,,,,0
9216810,,1,,,,,,,,,,0
9216811,,1,,,,,,,,,,0
9216812,,1,,,,,,,,,,0
9216813,,1,,,,,,,,,,0
9216814,,1,,,,,,,,,,0
9216815,,1,,,,,,,,,,0
9216816,,1,,,,,,,,,,0
9216817,,1,,,,,,,,,,0
9216818,,1,,,,,,,,,,0
9216819,,1,,,,,,,,,,0
9216820,,1,,,,,,,,,,0
9216821,,1,,,,,,,,,,0
9216822,,1,,,,,,,,,,0
9216823,,1,,,,,,,,,,0
9216824,,1,,,,,,,,,,0
9216825,,1,,,,,,,,,,0
9216826,,1,,,,,,,,,,0
9216827,,1,,,,,,,,,,0
9216828,,1,,,,,,,,,,0
9216829,,1,,,,,,,,,,0
9216830,,1,,,,,,,,,,0
9216831,,1,,,,,,,,,,0
9216832,,1,,,,,,,,,,0
9216833,,1,,,,,,,,,,0
9216834,,1,,,,,,,,,,0
9216835,,1,,,,,,,,,,0
9216836,,1,,,,,,,,,,0
9216837,,1,,,,,,,,,,0
9216838,,1,,,,,,,,,,0
9216839,,1,,,,,,,,,,0
9216840,,1,,,,,,,,,,0
9216841,,1,,,,,,,,,,0
9216842,,1,,,,,,,,,,0
9216843,,1,,,,,,,,,,0
9216844,,1,,,,,,,,,,0
9216845,,1,,,,,,,,,,0
9216846,,1,,,,,,,,,,0
9216847,,1,,,,,,,,,,0
9216848,,1,,,,,,,,,,0
9216849,,1,,,,,,,,,,0
9216850,,1,,,,,,,,,,0
9216851,,1,,,,,,,,,,0
9216852,,1,,,,,,,,,,0
9216853,,1,,,,,,,,,,0
9216854,,1,,,,,,,,,,0
9216855,,1,,,,,,,,,,0
9216856,,1,,,,,,,,,,0
9216857,,1,,,,,,,,,,0
9216858,,1,,,,,,,,,,0
9216859,,1,,,,,,,,,,0
9216860,,1,,,,,,,,,,0
9216861,,1,,,,,,,,,,0
9216862,,1,,,,,,,,,,0
9216863,,1,,,,,,,,,,0
9216864,,1,,,,,,,,,,0
9216865,,1,,,,,,,,,,0
9216866,,1,,,,,,,,,,0
9216867,,1,,,,,,,,,,0
9216868,,1,,,,,,,,,,0
9216869,,1,,,,,,,,,,0
9216870,,1,,,,,,,,,,0
9216871,,1,,,,,,,,,,0
9216872,,1,,,,,,,,,,0
9216873,,1,,,,,,,,,,0
9216874,,1,,,,,,,,,,0
9216875,,1,,,,,,,,,,0
9216876,,1,,,,,,,,,,0
9216877,,1,,,,,,,,,,0
9216878,,1,,,,,,,,,,0
9216879,,1,,,,,,,,,,0
9216880,,1,,,,,,,,,,0
9216881,,1,,,,,,,,,,0
9216882,,1,,,,,,,,,,0
9216883,,1,,,,,,,,,,0
9216884,,1,,,,,,,,,,0
9216885,,1,,,,,,,,,,0
9216886,,1,,,,,,,,,,0
9216887,,1,,,,,,,,,,0
9216888,,1,,,,,,,,,,0
9216889,,1,,,,,,,,,,0
9216890,,1,,,,,,,,,,0
9216891,,1,,,,,,,,,,0
9216892,,1,,,,,,,,,,0
9216893,,1,,,,,,,,,,0
9216894,,1,,,,,,,,,,0
9216895,,1,,,,,,,,,,0
9216896,,1,,,,,,,,,,0
9216897,,1,,,,,,,,,,0
9216898,,1,,,,,,,,,,0
9216899,,1,,,,,,,,,,0
9216900,,1,,,,,,,,,,0
9216901,,1,,,,,,,,,,0
9216902,,1,,,,,,,,,,0
9216903,,1,,,,,,,,,,0
9216904,,1,,,,,,,,,,0
9216905,,1,,,,,,,,,,0
9216906,,1,,,,,,,,,,0
9216907,,1,,,,,,,,,,0
9216908,,1,,,,,,,,,,0
9216909,,1,,,,,,,,,,0
9216910,,1,,,,,,,,,,0
9216911,,1,,,,,,,,,,0
9216912,,1,,,,,,,,,,0
9216913,,1,,,,,,,,,,0
9216914,,1,,,,,,,,,,0
9216915,,1,,,,,,,,,,0
9216916,,1,,,,,,,,,,0
9216917,,1,,,,,,,,,,0
9216918,,1,,,,,,,,,,0
9216919,,1,,,,,,,,,,0
9216920,,1,,,,,,,,,,0
9216921,,1,,,,,,,,,,0
9216922,,1,,,,,,,,,,0
9216923,,1,,,,,,,,,,0
9216924,,1,,,,,,,,,,0
9216925,,1,,,,,,,,,,0
9216926,,1,,,,,,,,,,0
9216927,,1,,,,,,,,,,0
9216928,,1,,,,,,,,,,0
9216929,,1,,,,,,,,,,0
9216930,,1,,,,,,,,,,0
9216931,,1,,,,,,,,,,0
9216932,,1,,,,,,,,,,0
9216933,,1,,,,,,,,,,0
9216934,,1,,,,,,,,,,0
9216935,,1,,,,,,,,,,0
9216936,,1,,,,,,,,,,0
9216937,,1,,,,,,,,,,0
9216938,,1,,,,,,,,,,0
9216939,,1,,,,,,,,,,0
9216940,,1,,,,,,,,,,0
9216941,,1,,,,,,,,,,0
9216942,,1,,,,,,,,,,0
9216943,,1,,,,,,,,,,0
9216944,,1,,,,,,,,,,0
9216945,,1,,,,,,,,,,0
9216946,,1,,,,,,,,,,0
9216947,,1,,,,,,,,,,0
9216948,,1,,,,,,,,,,0
9216949,,1,,,,,,,,,,0
9216950,,1,,,,,,,,,,0
9216951,,1,,,,,,,,,,0
9216952,,1,,,,,,,,,,0
9216953,,1,,,,,,,,,,0
9216954,,1,,,,,,,,,,0
9216955,,1,,,,,,,,,,0
9216956,,1,,,,,,,,,,0
9216957,,1,,,,,,,,,,0
9216958,,1,,,,,,,,,,0
9216959,,1,,,,,,,,,,0
9216960,,1,,,,,,,,,,0
9216961,,1,,,,,,,,,,0
9216962,,1,,,,,,,,,,0
9216963,,1,,,,,,,,,,0
9216964,,1,,,,,,,,,,0
9216965,,1,,,,,,,,,,0
9216966,,1,,,,,,,,,,0
9216967,,1,,,,,,,,,,0
9216968,,1,,,,,,,,,,0
9216969,,1,,,,,,,,,,0
9216970,,1,,,,,,,,,,0
9216971,,1,,,,,,,,,,0
9216972,,1,,,,,,,,,,0
9216973,,1,,,,,,,,,,0
9216974,,1,,,,,,,,,,0
9216975,,1,,,,,,,,,,0
9216976,,1,,,,,,,,,,0
9216977,,1,,,,,,,,,,0
9216978,,1,,,,,,,,,,0
9216979,,1,,,,,,,,,,0
9216980,,1,,,,,,,,,,0
9216981,,1,,,,,,,,,,0
9216982,,1,,,,,,,,,,0
9216983,,1,,,,,,,,,,0
9216984,,1,,,,,,,,,,0
9216985,,1,,,,,,,,,,0
9216986,,1,,,,,,,,,,0
9216987,,1,,,,,,,,,,0
1406474,,2,,,,,,,,,,0
1406475,,2,,,,,,,,,,0
1406476,,2,,,,,,,,,,0
1406477,,2,,,,,,,,,,0
1406478,,2,,,,,,,,,,0
1406479,,2,,,,,,,,,,0
1406480,,2,,,,,,,,,,0
1406481,,2,,,,,,,,,,0
1406482,,2,,,,,,,,,,0
1406483,,2,,,,,,,,,,0
1406484,,2,,,,,,,,,,0
1406485,,2,,,,,,,,,,0
1406486,,2,,,,,,,,,,0
1406487,,2,,,,,,,,,,0
1406488,,2,,,,,,,,,,0
1406489,,2,,,,,,,,,,0
1406490,,2,,,,,,,,,,0
1406491,,2,,,,,,,,,,0
1406492,,2,,,,,,,,,,0
1406493,,2,,,,,,,,,,0
1406494,,2,,,,,,,,,,0
1406495,,2,,,,,,,,,,0
1406496,,2,,,,,,,,,,0
1406497,,2,,,,,,,,,,0
1406498,,2,,,,,,,,,,0
1406499,,2,,,,,,,,,,0
1406500,,2,,,,,,,,,,0
1406501,,2,,,,,,,,,,0
1406502,,2,,,,,,,,,,0
1406503,,2,,,,,,,,,,0
1406504,,2,,,,,,,,,,0
1406505,,2,,,,,,,,,,0
1406506,,2,,,,,,,,,,0
1406507,,2,,,,,,,,,,0
1406508,,2,,,,,,,,,,0
1406509,,2,,,,,,,,,,0
1406510,,2,,,,,,,,,,0
1406511,,2,,,,,,,,,,0
1406512,,2,,,,,,,,,,0
1406513,,2,,,,,,,,,,0
1406514,,2,,,,,,,,,,0
1406515,,2,,,,,,,,,,0
1406516,,2,,,,,,,,,,0
1406517,,2,,,,,,,,,,0
1406518,,2,,,,,,,,,,0
1406519,,2,,,,,,,,,,0
1406520,,2,,,,,,,,,,0
1406521,,2,,,,,,,,,,0
1406522,,2,,,,,,,,,,0
1406523,,2,,,,,,,,,,0
1406524,,2,,,,,,,,,,0
1406525,,2,,,,,,,,,,0
1406526,,2,,,,,,,,,,0
1406527,,2,,,,,,,,,,0
1406528,,2,,,,,,,,,,0
1406529,,2,,,,,,,,,,0
1406530,,2,,,,,,,,,,0
1406531,,2,,,,,,,,,,0
1406532,,2,,,,,,,,,,0
1406533,,2,,,,,,,,,,0
1406534,,2,,,,,,,,,,0
1406535,,2,,,,,,,,,,0
1406536,,2,,,,,,,,,,0
1406537,,2,,,,,,,,,,0
1406538,,2,,,,,,,,,,0
1406539,,2,,,,,,,,,,0
1406540,,2,,,,,,,,,,0
1406541,,2,,,,,,,,,,0
1406542,,2,,,,,,,,,,0
1406543,,2,,,,,,,,,,0
1406544,,2,,,,,,,,,,0
1406545,,2,,,,,,,,,,0
1406546,,2,,,,,,,,,,0
1406547,,2,,,,,,,,,,0
1406548,,2,,,,,,,,,,0
1406549,,2,,,,,,,,,,0
1406550,,2,,,,,,,,,,0
1406551,,2,,,,,,,,,,0
1406552,,2,,,,,,,,,,0
1406553,,2,,,,,,,,,,0
1406554,,2,,,,,,,,,,0
1406555,,2,,,,,,,,,,0
1406556,,2,,,,,,,,,,0
1406557,,2,,,,,,,,,,0
1406558,,2,,,,,,,,,,0
1406559,,2,,,,,,,,,,0
1406560,,2,,,,,,,,,,0
1406561,,2,,,,,,,,,,0
1406562,,2,,,,,,,,,,0
1406563,,2,,,,,,,,,,0
1406564,,2,,,,,,,,,,0
1406565,,2,,,,,,,,,,0
1406566,,2,,,,,,,,,,0
1406567,,2,,,,,,,,,,0
1406568,,2,,,,,,,,,,0
1406569,,2,,,,,,,,,,0
1406570,,2,,,,,,,,,,0
1406571,,2,,,,,,,,,,0
1406572,,2,,,,,,,,,,0
1406573,,2,,,,,,,,,,0
1406574,,2,,,,,,,,,,0
1406575,,2,,,,,,,,,,0
1406576,,2,,,,,,,,,,0
1406577,,2,,,,,,,,,,0
1406578,,2,,,,,,,,,,0
1406579,,2,,,,,,,,,,0
1406580,,2,,,,,,,,,,0
1406581,,2,,,,,,,,,,0
1406582,,2,,,,,,,,,,0
1406583,,2,,,,,,,,,,0
1406584,,2,,,,,,,,,,0
1406585,,2,,,,,,,,,,0
1406586,,2,,,,,,,,,,0
1406587,,2,,,,,,,,,,0
1406588,,2,,,,,,,,,,0
1406589,,2,,,,,,,,,,0
1406590,,2,,,,,,,,,,0
1406591,,2,,,,,,,,,,0
1406592,,2,,,,,,,,,,0
1406593,,2,,,,,,,,,,0
1406594,,2,,,,,,,,,,0
1406595,,2,,,,,,,,,,0
1406596,,2,,,,,,,,,,0
1406597,,2,,,,,,,,,,0
1406598,,2,,,,,,,,,,0
1406599,,2,,,,,,,,,,0
1406600,,2,,,,,,,,,,0
1406601,,2,,,,,,,,,,0
1406602,,2,,,,,,,,,,0
1406603,,2,,,,,,,,,,0
1406604,,2,,,,,,,,,,0
1406605,,2,,,,,,,,,,0
1406606,,2,,,,,,,,,,0
1406607,,2,,,,,,,,,,0
1406608,,2,,,,,,,,,,0
1406609,,2,,,,,,,,,,0
1406610,,2,,,,,,,,,,0
1406611,,2,,,,,,,,,,0
1406612,,2,,,,,,,,,,0
1406613,,2,,,,,,,,,,0
1406614,,2,,,,,,,,,,0
1406615,,2,,,,,,,,,,0
1406616,,2,,,,,,,,,,0
1406617,,2,,,,,,,,,,0
1406618,,2,,,,,,,,,,0
1406619,,2,,,,,,,,,,0
1406620,,2,,,,,,,,,,0
1406621,,2,,,,,,,,,,0
1406622,,2,,,,,,,,,,0
1406623,,2,,,,,,,,,,0
1406624,,2,,,,,,,,,,0
1406625,,2,,,,,,,,,,0
1406626,,2,,,,,,,,,,0
1406627,,2,,,,,,,,,,0
1406628,,2,,,,,,,,,,0
1406629,,2,,,,,,,,,,0
1406630,,2,,,,,,,,,,0
1406631,,2,,,,,,,,,,0
1406632,,2,,,,,,,,,,0
1406633,,2,,,,,,,,,,0
1406634,,2,,,,,,,,,,0
1406635,,2,,,,,,,,,,0
1406636,,2,,,,,,,,,,0
1406637,,2,,,,,,,,,,0
1406638,,2,,,,,,,,,,0
1406639,,2,,,,,,,,,,0
1406640,,2,,,,,,,,,,0
1406641,,2,,,,,,,,,,0
1406642,,2,,,,,,,,,,0
1406643,,2,,,,,,,,,,0
1406644,,2,,,,,,,,,,0
1406645,,2,,,,,,,,,,0
1406646,,2,,,,,,,,,,0
1406647,,2,,,,,,,,,,0
1406648,,2,,,,,,,,,,0
1406649,,2,,,,,,,,,,0
1406650,,2,,,,,,,,,,0
1406651,,2,,,,,,,,,,0
1406652,,2,,,,,,,,,,0
1406653,,2,,,,,,,,,,0
1406654,,2,,,,,,,,,,0
1406655,,2,,,,,,,,,,0
1406656,,2,,,,,,,,,,0
1406657,,2,,,,,,,,,,0
1406658,,2,,,,,,,,,,0
1406659,,2,,,,,,,,,,0
1406660,,2,,,,,,,,,,0
1406661,,2,,,,,,,,,,0
1406662,,2,,,,,,,,,,0
1406663,,2,,,,,,,,,,0
1406664,,2,,,,,,,,,,0
1406665,,2,,,,,,,,,,0
1406666,,2,,,,,,,,,,0
1406667,,2,,,,,,,,,,0
1406668,,2,,,,,,,,,,0
1406669,,2,,,,,,,,,,0
1406670,,2,,,,,,,,,,0
1406671,,2,,,,,,,,,,0
1406672,,2,,,,,,,,,,0
1406673,,2,,,,,,,,,,0
1406674,,2,,,,,,,,,,0
1406675,,2,,,,,,,,,,0
1406676,,2,,,,,,,,,,0
1406677,,2,,,,,,,,,,0
1406678,,2,,,,,,,,,,0
1406679,,2,,,,,,,,,,0
1406680,,2,,,,,,,,,,0
1406681,,2,,,,,,,,,,0
1406682,,2,,,,,,,,,,0
1406683,,2,,,,,,,,,,0
1406684,,2,,,,,,,,,,0
1406685,,2,,,,,,,,,,0
1406686,,2,,,,,,,,,,0
1406687,,2,,,,,,,,,,0
1406688,,2,,,,,,,,,,0
1406689,,2,,,,,,,,,,0
1406690,,2,,,,,,,,,,0
1406691,,2,,,,,,,,,,0
1406692,,2,,,,,,,,,,0
1406693,,2,,,,,,,,,,0
1406694,,2,,,,,,,,,,0
1406695,,2,,,,,,,,,,0
1406696,,2,,,,,,,,,,0
1406697,,2,,,,,,,,,,0
1406698,,2,,,,,,,,,,0
1406699,,2,,,,,,,,,,0
1406700,,2,,,,,,,,,,0
1406701,,2,,,,,,,,,,0
1406702,,2,,,,,,,,,,0
1406703,,2,,,,,,,,,,0
1406704,,2,,,,,,,,,,0
1406705,,2,,,,,,,,,,0
1406706,,2,,,,,,,,,,0
1406707,,2,,,,,,,,,,0
1406708,,2,,,,,,,,,,0
1406709,,2,,,,,,,,,,0
1406710,,2,,,,,,,,,,0
1406711,,2,,,,,,,,,,0
1406712,,2,,,,,,,,,,0
1406713,,2,,,,,,,,,,0
1406714,,2,,,,,,,,,,0
1406715,,2,,,,,,,,,,0
1406716,,2,,,,,,,,,,0
1406717,,2,,,,,,,,,,0
1406718,,2,,,,,,,,,,0
1406719,,2,,,,,,,,,,0
1406720,,2,,,,,,,,,,0
1406721,,2,,,,,,,,,,0
1406722,,2,,,,,,,,,,0
1406723,,2,,,,,,,,,,0
1406724,,2,,,,,,,,,,0
1406725,,2,,,,,,,,,,0
1406726,,2,,,,,,,,,,0
1406727,,2,,,,,,,,,,0
1406728,,2,,,,,,,,,,0
1406729,,2,,,,,,,,,,0
1406730,,2,,,,,,,,,,0
1406731,,2,,,,,,,,,,0
1406732,,2,,,,,,,,,,0
1406733,,2,,,,,,,,,,0
1406734,,2,,,,,,,,,,0
1406735,,2,,,,,,,,,,0
1406736,,2,,,,,,,,,,0
1406737,,2,,,,,,,,,,0
1406738,,2,,,,,,,,,,0
1406739,,2,,,,,,,,,,0
1406740,,2,,,,,,,,,,0
1406741,,2,,,,,,,,,,0
1406742,,2,,,,,,,,,,0
1406743,,2,,,,,,,,,,0
1406744,,2,,,,,,,,,,0
1406745,,2,,,,,,,,,,0
1406746,,2,,,,,,,,,,0
1406747,,2,,,,,,,,,,0
1406748,,2,,,,,,,,,,0
1406749,,2,,,,,,,,,,0
1406750,,2,,,,,,,,,,0
1406751,,2,,,,,,,,,,0
1406752,,2,,,,,,,,,,0
1406753,,2,,,,,,,,,,0
1406754,,2,,,,,,,,,,0
1406755,,2,,,,,,,,,,0
1406756,,2,,,,,,,,,,0
1406757,,2,,,,,,,,,,0
1406758,,2,,,,,,,,,,0
1406759,,2,,,,,,,,,,0
1406760,,2,,,,,,,,,,0
1406761,,2,,,,,,,,,,0
1406762,,2,,,,,,,,,,0
1406763,,2,,,,,,,,,,0
1406764,,2,,,,,,,,,,0
1406765,,2,,,,,,,,,,0
1406766,,2,,,,,,,,,,0
1406767,,2,,,,,,,,,,0
1406768,,2,,,,,,,,,,0
1406769,,2,,,,,,,,,,0
1406770,,2,,,,,,,,,,0
1406771,,2,,,,,,,,,,0
1406772,,2,,,,,,,,,,0
1406773,,2,,,,,,,,,,0
1406774,,2,,,,,,,,,,0
1406775,,2,,,,,,,,,,0
1406776,,2,,,,,,,,,,0
1406777,,2,,,,,,,,,,0
1406778,,2,,,,,,,,,,0
1406779,,2,,,,,,,,,,0
1406780,,2,,,,,,,,,,0
1406781,,2,,,,,,,,,,0
1406782,,2,,,,,,,,,,0
1406783,,2,,,,,,,,,,0
1406784,,2,,,,,,,,,,0
1406785,,2,,,,,,,,,,0
1406786,,2,,,,,,,,,,0
1406787,,2,,,,,,,,,,0
1406788,,2,,,,,,,,,,0
1406789,,2,,,,,,,,,,0
1406790,,2,,,,,,,,,,0
1406791,,2,,,,,,,,,,0
1406792,,2,,,,,,,,,,0
1406793,,2,,,,,,,,,,0
1406794,,2,,,,,,,,,,0
1406795,,2,,,,,,,,,,0
1406796,,2,,,,,,,,,,0
1406797,,2,,,,,,,,,,0
1406798,,2,,,,,,,,,,0
1406799,,2,,,,,,,,,,0
1406800,,2,,,,,,,,,,0
1406801,,2,,,,,,,,,,0
1406802,,2,,,,,,,,,,0
1406803,,2,,,,,,,,,,0
1406804,,2,,,,,,,,,,0
1406805,,2,,,,,,,,,,0
1406806,,2,,,,,,,,,,0
1406807,,2,,,,,,,,,,0
1406808,,2,,,,,,,,,,0
1406809,,2,,,,,,,,,,0
1406810,,2,,,,,,,,,,0
1406811,,2,,,,,,,,,,0
1406812,,2,,,,,,,,,,0
1406813,,2,,,,,,,,,,0
1406814,,2,,,,,,,,,,0
1406815,,2,,,,,,,,,,0
1406816,,2,,,,,,,,,,0
1406817,,2,,,,,,,,,,0
1406818,,2,,,,,,,,,,0
1406819,,2,,,,,,,,,,0
1406820,,2,,,,,,,,,,0
1406821,,2,,,,,,,,,,0
1406822,,2,,,,,,,,,,0
1406823,,2,,,,,,,,,,0
1406824,,2,,,,,,,,,,0
1406825,,2,,,,,,,,,,0
1406826,,2,,,,,,,,,,0
1406827,,2,,,,,,,,,,0
1406828,,2,,,,,,,,,,0
1406829,,2,,,,,,,,,,0
1406830,,2,,,,,,,,,,0
1406831,,2,,,,,,,,,,0
1406832,,2,,,,,,,,,,0
1406833,,2,,,,,,,,,,0
1406834,,2,,,,,,,,,,0
1406835,,2,,,,,,,,,,0
1406836,,2,,,,,,,,,,0
1406837,,2,,,,,,,,,,0
1406838,,2,,,,,,,,,,0
1406839,,2,,,,,,,,,,0
1406840,,2,,,,,,,,,,0
1406841,,2,,,,,,,,,,0
1406842,,2,,,,,,,,,,0
1406843,,2,,,,,,,,,,0
1406844,,2,,,,,,,,,,0
1406845,,2,,,,,,,,,,0
1406846,,2,,,,,,,,,,0
1406847,,2,,,,,,,,,,0
1406848,,2,,,,,,,,,,0
1406849,,2,,,,,,,,,,0
1406850,,2,,,,,,,,,,0
1406851,,2,,,,,,,,,,0
1406852,,2,,,,,,,,,,0
1406853,,2,,,,,,,,,,0
1406854,,2,,,,,,,,,,0
1406855,,2,,,,,,,,,,0
1406856,,2,,,,,,,,,,0
1406857,,2,,,,,,,,,,0
1406858,,2,,,,,,,,,,0
1406859,,2,,,,,,,,,,0
1406860,,2,,,,,,,,,,0
1406861,,2,,,,,,,,,,0
1406862,,2,,,,,,,,,,0
1406863,,2,,,,,,,,,,0
1406864,,2,,,,,,,,,,0
1406865,,2,,,,,,,,,,0
1406866,,2,,,,,,,,,,0
1406867,,2,,,,,,,,,,0
1406868,,2,,,,,,,,,,0
1406869,,2,,,,,,,,,,0
1406870,,2,,,,,,,,,,0
1406871,,2,,,,,,,,,,0
1406872,,2,,,,,,,,,,0
1406873,,2,,,,,,,,,,0
1406874,,2,,,,,,,,,,0
1406875,,2,,,,,,,,,,0
1406876,,2,,,,,,,,,,0
1406877,,2,,,,,,,,,,0
1406878,,2,,,,,,,,,,0
1406879,,2,,,,,,,,,,0
1406880,,2,,,,,,,,,,0
1406881,,2,,,,,,,,,,0
1406882,,2,,,,,,,,,,0
1406883,,2,,,,,,,,,,0
1406884,,2,,,,,,,,,,0
1406885,,2,,,,,,,,,,0
1406886,,2,,,,,,,,,,0
1406887,,2,,,,,,,,,,0
1406888,,2,,,,,,,,,,0
1406889,,2,,,,,,,,,,0
1406890,,2,,,,,,,,,,0
1406891,,2,,,,,,,,,,0
1406892,,2,,,,,,,,,,0
1406893,,2,,,,,,,,,,0
1406894,,2,,,,,,,,,,0
1406895,,2,,,,,,,,,,0
1406896,,2,,,,,,,,,,0
1406897,,2,,,,,,,,,,0
1406898,,2,,,,,,,,,,0
1406899,,2,,,,,,,,,,0
1406900,,2,,,,,,,,,,0
1406901,,2,,,,,,,,,,0
1406902,,2,,,,,,,,,,0
1406903,,2,,,,,,,,,,0
1406904,,2,,,,,,,,,,0
1406905,,2,,,,,,,,,,0
1406906,,2,,,,,,,,,,0
1406907,,2,,,,,,,,,,0
1406908,,2,,,,,,,,,,0
1406909,,2,,,,,,,,,,0
1406910,,2,,,,,,,,,,0
1406911,,2,,,,,,,,,,0
1406912,,2,,,,,,,,,,0
1406913,,2,,,,,,,,,,0
1406914,,2,,,,,,,,,,0
1406915,,2,,,,,,,,,,0
1406916,,2,,,,,,,,,,0
1406917,,2,,,,,,,,,,0
1406918,,2,,,,,,,,,,0
1406919,,2,,,,,,,,,,0
1406920,,2,,,,,,,,,,0
1406921,,2,,,,,,,,,,0
1406922,,2,,,,,,,,,,0
1406923,,2,,,,,,,,,,0
1406924,,2,,,,,,,,,,0
1406925,,2,,,,,,,,,,0
1406926,,2,,,,,,,,,,0
1406927,,2,,,,,,,,,,0
1406928,,2,,,,,,,,,,0
1406929,,2,,,,,,,,,,0
1406930,,2,,,,,,,,,,0
1406931,,2,,,,,,,,,,0
1406932,,2,,,,,,,,,,0
1406933,,2,,,,,,,,,,0
1406934,,2,,,,,,,,,,0
1406935,,2,,,,,,,,,,0
1406936,,2,,,,,,,,,,0
1406937,,2,,,,,,,,,,0
1406938,,2,,,,,,,,,,0
1406939,,2,,,,,,,,,,0
1406940,,2,,,,,,,,,,0
1406941,,2,,,,,,,,,,0
1406942,,2,,,,,,,,,,0
1406943,,2,,,,,,,,,,0
1406944,,2,,,,,,,,,,0
1406945,,2,,,,,,,,,,0
1406946,,2,,,,,,,,,,0
1406947,,2,,,,,,,,,,0
1406948,,2,,,,,,,,,,0
1406949,,2,,,,,,,,,,0
1406950,,2,,,,,,,,,,0
1406951,,2,,,,,,,,,,0
1406952,,2,,,,,,,,,,0
1406953,,2,,,,,,,,,,0
1406954,,2,,,,,,,,,,0
1406955,,2,,,,,,,,,,0
1406956,,2,,,,,,,,,,0
1406957,,2,,,,,,,,,,0
1406958,,2,,,,,,,,,,0
1406959,,2,,,,,,,,,,0
1406960,,2,,,,,,,,,,0
1406961,,2,,,,,,,,,,0
1406962,,2,,,,,,,,,,0
1406963,,2,,,,,,,,,,0
1406964,,2,,,,,,,,,,0
1406965,,2,,,,,,,,,,0
1406966,,2,,,,,,,,,,0
1406967,,2,,,,,,,,,,0
1406968,,2,,,,,,,,,,0
1406969,,2,,,,,,,,,,0
1406970,,2,,,,,,,,,,0
1406971,,2,,,,,,,,,,0
1406972,,2,,,,,,,,,,0
1406973,,2,,,,,,,,,,0
9216988,,1,,,,,,,,,,0
9216989,,1,,,,,,,,,,0
9216990,,1,,,,,,,,,,0
9216991,,1,,,,,,,,,,0
9216992,,1,,,,,,,,,,0
9216993,,1,,,,,,,,,,0
9216994,,1,,,,,,,,,,0
9216995,,1,,,,,,,,,,0
9216996,,1,,,,,,,,,,0
9216997,,1,,,,,,,,,,0
9216998,,1,,,,,,,,,,0
9216999,,1,,,,,,,,,,0
9217000,,1,,,,,,,,,,0
9217001,,1,,,,,,,,,,0
9217002,,1,,,,,,,,,,0
9217003,,1,,,,,,,,,,0
9217004,,1,,,,,,,,,,0
9217005,,1,,,,,,,,,,0
9217006,,1,,,,,,,,,,0
9217007,,1,,,,,,,,,,0
9217008,,1,,,,,,,,,,0
9217009,,1,,,,,,,,,,0
9217010,,1,,,,,,,,,,0
9217011,,1,,,,,,,,,,0
9217012,,1,,,,,,,,,,0
9217013,,1,,,,,,,,,,0
9217014,,1,,,,,,,,,,0
9217015,,1,,,,,,,,,,0
9217016,,1,,,,,,,,,,0
9217017,,1,,,,,,,,,,0
9217018,,1,,,,,,,,,,0
9217019,,1,,,,,,,,,,0
9217020,,1,,,,,,,,,,0
9217021,,1,,,,,,,,,,0
9217022,,1,,,,,,,,,,0
9217023,,1,,,,,,,,,,0
9217024,,1,,,,,,,,,,0
9217025,,1,,,,,,,,,,0
9217026,,1,,,,,,,,,,0
9217027,,1,,,,,,,,,,0
9217028,,1,,,,,,,,,,0
9217029,,1,,,,,,,,,,0
9217030,,1,,,,,,,,,,0
9217031,,1,,,,,,,,,,0
9217032,,1,,,,,,,,,,0
9217033,,1,,,,,,,,,,0
9217034,,1,,,,,,,,,,0
9217035,,1,,,,,,,,,,0
9217036,,1,,,,,,,,,,0
9217037,,1,,,,,,,,,,0
9217038,,1,,,,,,,,,,0
9217039,,1,,,,,,,,,,0
9217040,,1,,,,,,,,,,0
9217041,,1,,,,,,,,,,0
9217042,,1,,,,,,,,,,0
9217043,,1,,,,,,,,,,0
9217044,,1,,,,,,,,,,0
9217045,,1,,,,,,,,,,0
9217046,,1,,,,,,,,,,0
9217047,,1,,,,,,,,,,0
9217048,,1,,,,,,,,,,0
9217049,,1,,,,,,,,,,0
9217050,,1,,,,,,,,,,0
9217051,,1,,,,,,,,,,0
9217052,,1,,,,,,,,,,0
9217053,,1,,,,,,,,,,0
9217054,,1,,,,,,,,,,0
9217055,,1,,,,,,,,,,0
9217056,,1,,,,,,,,,,0
9217057,,1,,,,,,,,,,0
9217058,,1,,,,,,,,,,0
9217059,,1,,,,,,,,,,0
9217060,,1,,,,,,,,,,0
9217061,,1,,,,,,,,,,0
9217062,,1,,,,,,,,,,0
9217063,,1,,,,,,,,,,0
9217064,,1,,,,,,,,,,0
9217065,,1,,,,,,,,,,0
9217066,,1,,,,,,,,,,0
9217067,,1,,,,,,,,,,0
9217068,,1,,,,,,,,,,0
9217069,,1,,,,,,,,,,0
9217070,,1,,,,,,,,,,0
9217071,,1,,,,,,,,,,0
9217072,,1,,,,,,,,,,0
9217073,,1,,,,,,,,,,0
9217074,,1,,,,,,,,,,0
9217075,,1,,,,,,,,,,0
9217076,,1,,,,,,,,,,0
9217077,,1,,,,,,,,,,0
9217078,,1,,,,,,,,,,0
9217079,,1,,,,,,,,,,0
9217080,,1,,,,,,,,,,0
9217081,,1,,,,,,,,,,0
9217082,,1,,,,,,,,,,0
9217083,,1,,,,,,,,,,0
9217084,,1,,,,,,,,,,0
9217085,,1,,,,,,,,,,0
9217086,,1,,,,,,,,,,0
9217087,,1,,,,,,,,,,0
9217088,,1,,,,,,,,,,0
9217089,,1,,,,,,,,,,0
9217090,,1,,,,,,,,,,0
9217091,,1,,,,,,,,,,0
9217092,,1,,,,,,,,,,0
9217093,,1,,,,,,,,,,0
9217094,,1,,,,,,,,,,0
9217095,,1,,,,,,,,,,0
9217096,,1,,,,,,,,,,0
9217097,,1,,,,,,,,,,0
9217098,,1,,,,,,,,,,0
9217099,,1,,,,,,,,,,0
9217100,,1,,,,,,,,,,0
9217101,,1,,,,,,,,,,0
9217102,,1,,,,,,,,,,0
9217103,,1,,,,,,,,,,0
9217104,,1,,,,,,,,,,0
9217105,,1,,,,,,,,,,0
9217106,,1,,,,,,,,,,0
9217107,,1,,,,,,,,,,0
9217108,,1,,,,,,,,,,0
9217109,,1,,,,,,,,,,0
9217110,,1,,,,,,,,,,0
9217111,,1,,,,,,,,,,0
9217112,,1,,,,,,,,,,0
9217113,,1,,,,,,,,,,0
9217114,,1,,,,,,,,,,0
9217115,,1,,,,,,,,,,0
9217116,,1,,,,,,,,,,0
9217117,,1,,,,,,,,,,0
9217118,,1,,,,,,,,,,0
9217119,,1,,,,,,,,,,0
9217120,,1,,,,,,,,,,0
9217121,,1,,,,,,,,,,0
9217122,,1,,,,,,,,,,0
9217123,,1,,,,,,,,,,0
9217124,,1,,,,,,,,,,0
9217125,,1,,,,,,,,,,0
9217126,,1,,,,,,,,,,0
9217127,,1,,,,,,,,,,0
9217128,,1,,,,,,,,,,0
9217129,,1,,,,,,,,,,0
9217130,,1,,,,,,,,,,0
9217131,,1,,,,,,,,,,0
9217132,,1,,,,,,,,,,0
9217133,,1,,,,,,,,,,0
9217134,,1,,,,,,,,,,0
9217135,,1,,,,,,,,,,0
9217136,,1,,,,,,,,,,0
9217137,,1,,,,,,,,,,0
9217138,,1,,,,,,,,,,0
9217139,,1,,,,,,,,,,0
9217140,,1,,,,,,,,,,0
9217141,,1,,,,,,,,,,0
9217142,,1,,,,,,,,,,0
9217143,,1,,,,,,,,,,0
9217144,,1,,,,,,,,,,0
9217145,,1,,,,,,,,,,0
9217146,,1,,,,,,,,,,0
9217147,,1,,,,,,,,,,0
9217148,,1,,,,,,,,,,0
9217149,,1,,,,,,,,,,0
9217150,,1,,,,,,,,,,0
9217151,,1,,,,,,,,,,0
9217152,,1,,,,,,,,,,0
9217153,,1,,,,,,,,,,0
9217154,,1,,,,,,,,,,0
9217155,,1,,,,,,,,,,0
9217156,,1,,,,,,,,,,0
9217157,,1,,,,,,,,,,0
9217158,,1,,,,,,,,,,0
9217159,,1,,,,,,,,,,0
9217160,,1,,,,,,,,,,0
9217161,,1,,,,,,,,,,0
9217162,,1,,,,,,,,,,0
9217163,,1,,,,,,,,,,0
9217164,,1,,,,,,,,,,0
9217165,,1,,,,,,,,,,0
9217166,,1,,,,,,,,,,0
9217167,,1,,,,,,,,,,0
9217168,,1,,,,,,,,,,0
9217169,,1,,,,,,,,,,0
9217170,,1,,,,,,,,,,0
9217171,,1,,,,,,,,,,0
9217172,,1,,,,,,,,,,0
9217173,,1,,,,,,,,,,0
9217174,,1,,,,,,,,,,0
9217175,,1,,,,,,,,,,0
9217176,,1,,,,,,,,,,0
9217177,,1,,,,,,,,,,0
9217178,,1,,,,,,,,,,0
9217179,,1,,,,,,,,,,0
9217180,,1,,,,,,,,,,0
9217181,,1,,,,,,,,,,0
9217182,,1,,,,,,,,,,0
9217183,,1,,,,,,,,,,0
9217184,,1,,,,,,,,,,0
9217185,,1,,,,,,,,,,0
9217186,,1,,,,,,,,,,0
9217187,,1,,,,,,,,,,0
9217188,,1,,,,,,,,,,0
9217189,,1,,,,,,,,,,0
9217190,,1,,,,,,,,,,0
9217191,,1,,,,,,,,,,0
9217192,,1,,,,,,,,,,0
9217193,,1,,,,,,,,,,0
9217194,,1,,,,,,,,,,0
9217195,,1,,,,,,,,,,0
9217196,,1,,,,,,,,,,0
9217197,,1,,,,,,,,,,0
9217198,,1,,,,,,,,,,0
9217199,,1,,,,,,,,,,0
9217200,,1,,,,,,,,,,0
9217201,,1,,,,,,,,,,0
9217202,,1,,,,,,,,,,0
9217203,,1,,,,,,,,,,0
9217204,,1,,,,,,,,,,0
9217205,,1,,,,,,,,,,0
9217206,,1,,,,,,,,,,0
9217207,,1,,,,,,,,,,0
9217208,,1,,,,,,,,,,0
9217209,,1,,,,,,,,,,0
9217210,,1,,,,,,,,,,0
9217211,,1,,,,,,,,,,0
9217212,,1,,,,,,,,,,0
9217213,,1,,,,,,,,,,0
9217214,,1,,,,,,,,,,0
9217215,,1,,,,,,,,,,0
9217216,,1,,,,,,,,,,0
9217217,,1,,,,,,,,,,0
9217218,,1,,,,,,,,,,0
9217219,,1,,,,,,,,,,0
9217220,,1,,,,,,,,,,0
9217221,,1,,,,,,,,,,0
9217222,,1,,,,,,,,,,0
9217223,,1,,,,,,,,,,0
9217224,,1,,,,,,,,,,0
9217225,,1,,,,,,,,,,0
9217226,,1,,,,,,,,,,0
9217227,,1,,,,,,,,,,0
9217228,,1,,,,,,,,,,0
9217229,,1,,,,,,,,,,0
9217230,,1,,,,,,,,,,0
9217231,,1,,,,,,,,,,0
9217232,,1,,,,,,,,,,0
9217233,,1,,,,,,,,,,0
9217234,,1,,,,,,,,,,0
9217235,,1,,,,,,,,,,0
9217236,,1,,,,,,,,,,0
9217237,,1,,,,,,,,,,0
9217238,,1,,,,,,,,,,0
9217239,,1,,,,,,,,,,0
9217240,,1,,,,,,,,,,0
9217241,,1,,,,,,,,,,0
9217242,,1,,,,,,,,,,0
9217243,,1,,,,,,,,,,0
9217244,,1,,,,,,,,,,0
9217245,,1,,,,,,,,,,0
9217246,,1,,,,,,,,,,0
9217247,,1,,,,,,,,,,0
9217248,,1,,,,,,,,,,0
9217249,,1,,,,,,,,,,0
9217250,,1,,,,,,,,,,0
9217251,,1,,,,,,,,,,0
9217252,,1,,,,,,,,,,0
9217253,,1,,,,,,,,,,0
9217254,,1,,,,,,,,,,0
9217255,,1,,,,,,,,,,0
9217256,,1,,,,,,,,,,0
9217257,,1,,,,,,,,,,0
9217258,,1,,,,,,,,,,0
9217259,,1,,,,,,,,,,0
9217260,,1,,,,,,,,,,0
9217261,,1,,,,,,,,,,0
9217262,,1,,,,,,,,,,0
9217263,,1,,,,,,,,,,0
9217264,,1,,,,,,,,,,0
9217265,,1,,,,,,,,,,0
9217266,,1,,,,,,,,,,0
9217267,,1,,,,,,,,,,0
9217268,,1,,,,,,,,,,0
9217269,,1,,,,,,,,,,0
9217270,,1,,,,,,,,,,0
9217271,,1,,,,,,,,,,0
9217272,,1,,,,,,,,,,0
9217273,,1,,,,,,,,,,0
9217274,,1,,,,,,,,,,0
9217275,,1,,,,,,,,,,0
9217276,,1,,,,,,,,,,0
9217277,,1,,,,,,,,,,0
9217278,,1,,,,,,,,,,0
9217279,,1,,,,,,,,,,0
9217280,,1,,,,,,,,,,0
9217281,,1,,,,,,,,,,0
9217282,,1,,,,,,,,,,0
9217283,,1,,,,,,,,,,0
9217284,,1,,,,,,,,,,0
9217285,,1,,,,,,,,,,0
9217286,,1,,,,,,,,,,0
9217287,,1,,,,,,,,,,0
9217288,,1,,,,,,,,,,0
9217289,,1,,,,,,,,,,0
9217290,,1,,,,,,,,,,0
9217291,,1,,,,,,,,,,0
9217292,,1,,,,,,,,,,0
9217293,,1,,,,,,,,,,0
9217294,,1,,,,,,,,,,0
9217295,,1,,,,,,,,,,0
9217296,,1,,,,,,,,,,0
9217297,,1,,,,,,,,,,0
9217298,,1,,,,,,,,,,0
9217299,,1,,,,,,,,,,0
9217300,,1,,,,,,,,,,0
9217301,,1,,,,,,,,,,0
9217302,,1,,,,,,,,,,0
9217303,,1,,,,,,,,,,0
9217304,,1,,,,,,,,,,0
9217305,,1,,,,,,,,,,0
9217306,,1,,,,,,,,,,0
9217307,,1,,,,,,,,,,0
9217308,,1,,,,,,,,,,0
9217309,,1,,,,,,,,,,0
9217310,,1,,,,,,,,,,0
9217311,,1,,,,,,,,,,0
9217312,,1,,,,,,,,,,0
9217313,,1,,,,,,,,,,0
9217314,,1,,,,,,,,,,0
9217315,,1,,,,,,,,,,0
9217316,,1,,,,,,,,,,0
9217317,,1,,,,,,,,,,0
9217318,,1,,,,,,,,,,0
9217319,,1,,,,,,,,,,0
9217320,,1,,,,,,,,,,0
9217321,,1,,,,,,,,,,0
9217322,,1,,,,,,,,,,0
9217323,,1,,,,,,,,,,0
9217324,,1,,,,,,,,,,0
9217325,,1,,,,,,,,,,0
9217326,,1,,,,,,,,,,0
9217327,,1,,,,,,,,,,0
9217328,,1,,,,,,,,,,0
9217329,,1,,,,,,,,,,0
9217330,,1,,,,,,,,,,0
9217331,,1,,,,,,,,,,0
9217332,,1,,,,,,,,,,0
9217333,,1,,,,,,,,,,0
9217334,,1,,,,,,,,,,0
9217335,,1,,,,,,,,,,0
9217336,,1,,,,,,,,,,0
9217337,,1,,,,,,,,,,0
9217338,,1,,,,,,,,,,0
9217339,,1,,,,,,,,,,0
9217340,,1,,,,,,,,,,0
9217341,,1,,,,,,,,,,0
9217342,,1,,,,,,,,,,0
9217343,,1,,,,,,,,,,0
9217344,,1,,,,,,,,,,0
9217345,,1,,,,,,,,,,0
9217346,,1,,,,,,,,,,0
9217347,,1,,,,,,,,,,0
9217348,,1,,,,,,,,,,0
9217349,,1,,,,,,,,,,0
9217350,,1,,,,,,,,,,0
9217351,,1,,,,,,,,,,0
9217352,,1,,,,,,,,,,0
9217353,,1,,,,,,,,,,0
9217354,,1,,,,,,,,,,0
9217355,,1,,,,,,,,,,0
9217356,,1,,,,,,,,,,0
9217357,,1,,,,,,,,,,0
9217358,,1,,,,,,,,,,0
9217359,,1,,,,,,,,,,0
9217360,,1,,,,,,,,,,0
9217361,,1,,,,,,,,,,0
9217362,,1,,,,,,,,,,0
9217363,,1,,,,,,,,,,0
9217364,,1,,,,,,,,,,0
9217365,,1,,,,,,,,,,0
9217366,,1,,,,,,,,,,0
9217367,,1,,,,,,,,,,0
9217368,,1,,,,,,,,,,0
9217369,,1,,,,,,,,,,0
9217370,,1,,,,,,,,,,0
9217371,,1,,,,,,,,,,0
9217372,,1,,,,,,,,,,0
9217373,,1,,,,,,,,,,0
9217374,,1,,,,,,,,,,0
9217375,,1,,,,,,,,,,0
9217376,,1,,,,,,,,,,0
9217377,,1,,,,,,,,,,0
9217378,,1,,,,,,,,,,0
9217379,,1,,,,,,,,,,0
9217380,,1,,,,,,,,,,0
9217381,,1,,,,,,,,,,0
9217382,,1,,,,,,,,,,0
9217383,,1,,,,,,,,,,0
9217384,,1,,,,,,,,,,0
9217385,,1,,,,,,,,,,0
9217386,,1,,,,,,,,,,0
9217387,,1,,,,,,,,,,0
9217388,,1,,,,,,,,,,0
9217389,,1,,,,,,,,,,0
9217390,,1,,,,,,,,,,0
9217391,,1,,,,,,,,,,0
9217392,,1,,,,,,,,,,0
9217393,,1,,,,,,,,,,0
9217394,,1,,,,,,,,,,0
9217395,,1,,,,,,,,,,0
9217396,,1,,,,,,,,,,0
9217397,,1,,,,,,,,,,0
9217398,,1,,,,,,,,,,0
9217399,,1,,,,,,,,,,0
9217400,,1,,,,,,,,,,0
9217401,,1,,,,,,,,,,0
9217402,,1,,,,,,,,,,0
9217403,,1,,,,,,,,,,0
9217404,,1,,,,,,,,,,0
9217405,,1,,,,,,,,,,0
9217406,,1,,,,,,,,,,0
9217407,,1,,,,,,,,,,0
9217408,,1,,,,,,,,,,0
9217409,,1,,,,,,,,,,0
9217410,,1,,,,,,,,,,0
9217411,,1,,,,,,,,,,0
9217412,,1,,,,,,,,,,0
9217413,,1,,,,,,,,,,0
9217414,,1,,,,,,,,,,0
9217415,,1,,,,,,,,,,0
9217416,,1,,,,,,,,,,0
9217417,,1,,,,,,,,,,0
9217418,,1,,,,,,,,,,0
9217419,,1,,,,,,,,,,0
9217420,,1,,,,,,,,,,0
9217421,,1,,,,,,,,,,0
9217422,,1,,,,,,,,,,0
9217423,,1,,,,,,,,,,0
9217424,,1,,,,,,,,,,0
9217425,,1,,,,,,,,,,0
9217426,,1,,,,,,,,,,0
9217427,,1,,,,,,,,,,0
9217428,,1,,,,,,,,,,0
9217429,,1,,,,,,,,,,0
9217430,,1,,,,,,,,,,0
9217431,,1,,,,,,,,,,0
9217432,,1,,,,,,,,,,0
9217433,,1,,,,,,,,,,0
9217434,,1,,,,,,,,,,0
9217435,,1,,,,,,,,,,0
9217436,,1,,,,,,,,,,0
9217437,,1,,,,,,,,,,0
9217438,,1,,,,,,,,,,0
9217439,,1,,,,,,,,,,0
9217440,,1,,,,,,,,,,0
9217441,,1,,,,,,,,,,0
9217442,,1,,,,,,,,,,0
9217443,,1,,,,,,,,,,0
9217444,,1,,,,,,,,,,0
9217445,,1,,,,,,,,,,0
9217446,,1,,,,,,,,,,0
9217447,,1,,,,,,,,,,0
9217448,,1,,,,,,,,,,0
9217449,,1,,,,,,,,,,0
9217450,,1,,,,,,,,,,0
9217451,,1,,,,,,,,,,0
9217452,,1,,,,,,,,,,0
9217453,,1,,,,,,,,,,0
9217454,,1,,,,,,,,,,0
9217455,,1,,,,,,,,,,0
9217456,,1,,,,,,,,,,0
9217457,,1,,,,,,,,,,0
9217458,,1,,,,,,,,,,0
9217459,,1,,,,,,,,,,0
9217460,,1,,,,,,,,,,0
9217461,,1,,,,,,,,,,0
9217462,,1,,,,,,,,,,0
9217463,,1,,,,,,,,,,0
9217464,,1,,,,,,,,,,0
9217465,,1,,,,,,,,,,0
9217466,,1,,,,,,,,,,0
9217467,,1,,,,,,,,,,0
9217468,,1,,,,,,,,,,0
9217469,,1,,,,,,,,,,0
9217470,,1,,,,,,,,,,0
9217471,,1,,,,,,,,,,0
9217472,,1,,,,,,,,,,0
9217473,,1,,,,,,,,,,0
9217474,,1,,,,,,,,,,0
9217475,,1,,,,,,,,,,0
9217476,,1,,,,,,,,,,0
9217477,,1,,,,,,,,,,0
9217478,,1,,,,,,,,,,0
9217479,,1,,,,,,,,,,0
9217480,,1,,,,,,,,,,0
9217481,,1,,,,,,,,,,0
9217482,,1,,,,,,,,,,0
9217483,,1,,,,,,,,,,0
9217484,,1,,,,,,,,,,0
9217485,,1,,,,,,,,,,0
9217486,,1,,,,,,,,,,0
9217487,,1,,,,,,,,,,0
1406974,,2,,,,,,,,,,0
1406975,,2,,,,,,,,,,0
1406976,,2,,,,,,,,,,0
1406977,,2,,,,,,,,,,0
1406978,,2,,,,,,,,,,0
1406979,,2,,,,,,,,,,0
1406980,,2,,,,,,,,,,0
1406981,,2,,,,,,,,,,0
1406982,,2,,,,,,,,,,0
1406983,,2,,,,,,,,,,0
1406984,,2,,,,,,,,,,0
1406985,,2,,,,,,,,,,0
1406986,,2,,,,,,,,,,0
1406987,,2,,,,,,,,,,0
1406988,,2,,,,,,,,,,0
1406989,,2,,,,,,,,,,0
1406990,,2,,,,,,,,,,0
1406991,,2,,,,,,,,,,0
1406992,,2,,,,,,,,,,0
1406993,,2,,,,,,,,,,0
1406994,,2,,,,,,,,,,0
1406995,,2,,,,,,,,,,0
1406996,,2,,,,,,,,,,0
1406997,,2,,,,,,,,,,0
1406998,,2,,,,,,,,,,0
1406999,,2,,,,,,,,,,0
1407000,,2,,,,,,,,,,0
1407001,,2,,,,,,,,,,0
1407002,,2,,,,,,,,,,0
1407003,,2,,,,,,,,,,0
1407004,,2,,,,,,,,,,0
1407005,,2,,,,,,,,,,0
1407006,,2,,,,,,,,,,0
1407007,,2,,,,,,,,,,0
1407008,,2,,,,,,,,,,0
1407009,,2,,,,,,,,,,0
1407010,,2,,,,,,,,,,0
1407011,,2,,,,,,,,,,0
1407012,,2,,,,,,,,,,0
1407013,,2,,,,,,,,,,0
1407014,,2,,,,,,,,,,0
1407015,,2,,,,,,,,,,0
1407016,,2,,,,,,,,,,0
1407017,,2,,,,,,,,,,0
1407018,,2,,,,,,,,,,0
1407019,,2,,,,,,,,,,0
1407020,,2,,,,,,,,,,0
1407021,,2,,,,,,,,,,0
1407022,,2,,,,,,,,,,0
1407023,,2,,,,,,,,,,0
1407024,,2,,,,,,,,,,0
1407025,,2,,,,,,,,,,0
1407026,,2,,,,,,,,,,0
1407027,,2,,,,,,,,,,0
1407028,,2,,,,,,,,,,0
1407029,,2,,,,,,,,,,0
1407030,,2,,,,,,,,,,0
1407031,,2,,,,,,,,,,0
1407032,,2,,,,,,,,,,0
1407033,,2,,,,,,,,,,0
1407034,,2,,,,,,,,,,0
1407035,,2,,,,,,,,,,0
1407036,,2,,,,,,,,,,0
1407037,,2,,,,,,,,,,0
1407038,,2,,,,,,,,,,0
1407039,,2,,,,,,,,,,0
1407040,,2,,,,,,,,,,0
1407041,,2,,,,,,,,,,0
1407042,,2,,,,,,,,,,0
1407043,,2,,,,,,,,,,0
1407044,,2,,,,,,,,,,0
1407045,,2,,,,,,,,,,0
1407046,,2,,,,,,,,,,0
1407047,,2,,,,,,,,,,0
1407048,,2,,,,,,,,,,0
1407049,,2,,,,,,,,,,0
1407050,,2,,,,,,,,,,0
1407051,,2,,,,,,,,,,0
1407052,,2,,,,,,,,,,0
1407053,,2,,,,,,,,,,0
1407054,,2,,,,,,,,,,0
1407055,,2,,,,,,,,,,0
1407056,,2,,,,,,,,,,0
1407057,,2,,,,,,,,,,0
1407058,,2,,,,,,,,,,0
1407059,,2,,,,,,,,,,0
1407060,,2,,,,,,,,,,0
1407061,,2,,,,,,,,,,0
1407062,,2,,,,,,,,,,0
1407063,,2,,,,,,,,,,0
1407064,,2,,,,,,,,,,0
1407065,,2,,,,,,,,,,0
1407066,,2,,,,,,,,,,0
1407067,,2,,,,,,,,,,0
1407068,,2,,,,,,,,,,0
1407069,,2,,,,,,,,,,0
1407070,,2,,,,,,,,,,0
1407071,,2,,,,,,,,,,0
1407072,,2,,,,,,,,,,0
1407073,,2,,,,,,,,,,0
1407074,,2,,,,,,,,,,0
1407075,,2,,,,,,,,,,0
1407076,,2,,,,,,,,,,0
1407077,,2,,,,,,,,,,0
1407078,,2,,,,,,,,,,0
1407079,,2,,,,,,,,,,0
1407080,,2,,,,,,,,,,0
1407081,,2,,,,,,,,,,0
1407082,,2,,,,,,,,,,0
1407083,,2,,,,,,,,,,0
1407084,,2,,,,,,,,,,0
1407085,,2,,,,,,,,,,0
1407086,,2,,,,,,,,,,0
1407087,,2,,,,,,,,,,0
1407088,,2,,,,,,,,,,0
1407089,,2,,,,,,,,,,0
1407090,,2,,,,,,,,,,0
1407091,,2,,,,,,,,,,0
1407092,,2,,,,,,,,,,0
1407093,,2,,,,,,,,,,0
1407094,,2,,,,,,,,,,0
1407095,,2,,,,,,,,,,0
1407096,,2,,,,,,,,,,0
1407097,,2,,,,,,,,,,0
1407098,,2,,,,,,,,,,0
1407099,,2,,,,,,,,,,0
1407100,,2,,,,,,,,,,0
1407101,,2,,,,,,,,,,0
1407102,,2,,,,,,,,,,0
1407103,,2,,,,,,,,,,0
1407104,,2,,,,,,,,,,0
1407105,,2,,,,,,,,,,0
1407106,,2,,,,,,,,,,0
1407107,,2,,,,,,,,,,0
1407108,,2,,,,,,,,,,0
1407109,,2,,,,,,,,,,0
1407110,,2,,,,,,,,,,0
1407111,,2,,,,,,,,,,0
1407112,,2,,,,,,,,,,0
1407113,,2,,,,,,,,,,0
1407114,,2,,,,,,,,,,0
1407115,,2,,,,,,,,,,0
1407116,,2,,,,,,,,,,0
1407117,,2,,,,,,,,,,0
1407118,,2,,,,,,,,,,0
1407119,,2,,,,,,,,,,0
1407120,,2,,,,,,,,,,0
1407121,,2,,,,,,,,,,0
1407122,,2,,,,,,,,,,0
1407123,,2,,,,,,,,,,0
1407124,,2,,,,,,,,,,0
1407125,,2,,,,,,,,,,0
1407126,,2,,,,,,,,,,0
1407127,,2,,,,,,,,,,0
1407128,,2,,,,,,,,,,0
1407129,,2,,,,,,,,,,0
1407130,,2,,,,,,,,,,0
1407131,,2,,,,,,,,,,0
1407132,,2,,,,,,,,,,0
1407133,,2,,,,,,,,,,0
1407134,,2,,,,,,,,,,0
1407135,,2,,,,,,,,,,0
1407136,,2,,,,,,,,,,0
1407137,,2,,,,,,,,,,0
1407138,,2,,,,,,,,,,0
1407139,,2,,,,,,,,,,0
1407140,,2,,,,,,,,,,0
1407141,,2,,,,,,,,,,0
1407142,,2,,,,,,,,,,0
1407143,,2,,,,,,,,,,0
1407144,,2,,,,,,,,,,0
1407145,,2,,,,,,,,,,0
1407146,,2,,,,,,,,,,0
1407147,,2,,,,,,,,,,0
1407148,,2,,,,,,,,,,0
1407149,,2,,,,,,,,,,0
1407150,,2,,,,,,,,,,0
1407151,,2,,,,,,,,,,0
1407152,,2,,,,,,,,,,0
1407153,,2,,,,,,,,,,0
1407154,,2,,,,,,,,,,0
1407155,,2,,,,,,,,,,0
1407156,,2,,,,,,,,,,0
1407157,,2,,,,,,,,,,0
1407158,,2,,,,,,,,,,0
1407159,,2,,,,,,,,,,0
1407160,,2,,,,,,,,,,0
1407161,,2,,,,,,,,,,0
1407162,,2,,,,,,,,,,0
1407163,,2,,,,,,,,,,0
1407164,,2,,,,,,,,,,0
1407165,,2,,,,,,,,,,0
1407166,,2,,,,,,,,,,0
1407167,,2,,,,,,,,,,0
1407168,,2,,,,,,,,,,0
1407169,,2,,,,,,,,,,0
1407170,,2,,,,,,,,,,0
1407171,,2,,,,,,,,,,0
1407172,,2,,,,,,,,,,0
1407173,,2,,,,,,,,,,0
1407174,,2,,,,,,,,,,0
1407175,,2,,,,,,,,,,0
1407176,,2,,,,,,,,,,0
1407177,,2,,,,,,,,,,0
1407178,,2,,,,,,,,,,0
1407179,,2,,,,,,,,,,0
1407180,,2,,,,,,,,,,0
1407181,,2,,,,,,,,,,0
1407182,,2,,,,,,,,,,0
1407183,,2,,,,,,,,,,0
1407184,,2,,,,,,,,,,0
1407185,,2,,,,,,,,,,0
1407186,,2,,,,,,,,,,0
1407187,,2,,,,,,,,,,0
1407188,,2,,,,,,,,,,0
1407189,,2,,,,,,,,,,0
1407190,,2,,,,,,,,,,0
1407191,,2,,,,,,,,,,0
1407192,,2,,,,,,,,,,0
1407193,,2,,,,,,,,,,0
1407194,,2,,,,,,,,,,0
1407195,,2,,,,,,,,,,0
1407196,,2,,,,,,,,,,0
1407197,,2,,,,,,,,,,0
1407198,,2,,,,,,,,,,0
1407199,,2,,,,,,,,,,0
1407200,,2,,,,,,,,,,0
1407201,,2,,,,,,,,,,0
1407202,,2,,,,,,,,,,0
1407203,,2,,,,,,,,,,0
1407204,,2,,,,,,,,,,0
1407205,,2,,,,,,,,,,0
1407206,,2,,,,,,,,,,0
1407207,,2,,,,,,,,,,0
1407208,,2,,,,,,,,,,0
1407209,,2,,,,,,,,,,0
1407210,,2,,,,,,,,,,0
1407211,,2,,,,,,,,,,0
1407212,,2,,,,,,,,,,0
1407213,,2,,,,,,,,,,0
1407214,,2,,,,,,,,,,0
1407215,,2,,,,,,,,,,0
1407216,,2,,,,,,,,,,0
1407217,,2,,,,,,,,,,0
1407218,,2,,,,,,,,,,0
1407219,,2,,,,,,,,,,0
1407220,,2,,,,,,,,,,0
1407221,,2,,,,,,,,,,0
1407222,,2,,,,,,,,,,0
1407223,,2,,,,,,,,,,0
1407224,,2,,,,,,,,,,0
1407225,,2,,,,,,,,,,0
1407226,,2,,,,,,,,,,0
1407227,,2,,,,,,,,,,0
1407228,,2,,,,,,,,,,0
1407229,,2,,,,,,,,,,0
1407230,,2,,,,,,,,,,0
1407231,,2,,,,,,,,,,0
1407232,,2,,,,,,,,,,0
1407233,,2,,,,,,,,,,0
1407234,,2,,,,,,,,,,0
1407235,,2,,,,,,,,,,0
1407236,,2,,,,,,,,,,0
1407237,,2,,,,,,,,,,0
1407238,,2,,,,,,,,,,0
1407239,,2,,,,,,,,,,0
1407240,,2,,,,,,,,,,0
1407241,,2,,,,,,,,,,0
1407242,,2,,,,,,,,,,0
1407243,,2,,,,,,,,,,0
1407244,,2,,,,,,,,,,0
1407245,,2,,,,,,,,,,0
1407246,,2,,,,,,,,,,0
1407247,,2,,,,,,,,,,0
1407248,,2,,,,,,,,,,0
1407249,,2,,,,,,,,,,0
1407250,,2,,,,,,,,,,0
1407251,,2,,,,,,,,,,0
1407252,,2,,,,,,,,,,0
1407253,,2,,,,,,,,,,0
1407254,,2,,,,,,,,,,0
1407255,,2,,,,,,,,,,0
1407256,,2,,,,,,,,,,0
1407257,,2,,,,,,,,,,0
1407258,,2,,,,,,,,,,0
1407259,,2,,,,,,,,,,0
1407260,,2,,,,,,,,,,0
1407261,,2,,,,,,,,,,0
1407262,,2,,,,,,,,,,0
1407263,,2,,,,,,,,,,0
1407264,,2,,,,,,,,,,0
1407265,,2,,,,,,,,,,0
1407266,,2,,,,,,,,,,0
1407267,,2,,,,,,,,,,0
1407268,,2,,,,,,,,,,0
1407269,,2,,,,,,,,,,0
1407270,,2,,,,,,,,,,0
1407271,,2,,,,,,,,,,0
1407272,,2,,,,,,,,,,0
1407273,,2,,,,,,,,,,0
1407274,,2,,,,,,,,,,0
1407275,,2,,,,,,,,,,0
1407276,,2,,,,,,,,,,0
1407277,,2,,,,,,,,,,0
1407278,,2,,,,,,,,,,0
1407279,,2,,,,,,,,,,0
1407280,,2,,,,,,,,,,0
1407281,,2,,,,,,,,,,0
1407282,,2,,,,,,,,,,0
1407283,,2,,,,,,,,,,0
1407284,,2,,,,,,,,,,0
1407285,,2,,,,,,,,,,0
1407286,,2,,,,,,,,,,0
1407287,,2,,,,,,,,,,0
1407288,,2,,,,,,,,,,0
1407289,,2,,,,,,,,,,0
1407290,,2,,,,,,,,,,0
1407291,,2,,,,,,,,,,0
1407292,,2,,,,,,,,,,0
1407293,,2,,,,,,,,,,0
1407294,,2,,,,,,,,,,0
1407295,,2,,,,,,,,,,0
1407296,,2,,,,,,,,,,0
1407297,,2,,,,,,,,,,0
1407298,,2,,,,,,,,,,0
1407299,,2,,,,,,,,,,0
1407300,,2,,,,,,,,,,0
1407301,,2,,,,,,,,,,0
1407302,,2,,,,,,,,,,0
1407303,,2,,,,,,,,,,0
1407304,,2,,,,,,,,,,0
1407305,,2,,,,,,,,,,0
1407306,,2,,,,,,,,,,0
1407307,,2,,,,,,,,,,0
1407308,,2,,,,,,,,,,0
1407309,,2,,,,,,,,,,0
1407310,,2,,,,,,,,,,0
1407311,,2,,,,,,,,,,0
1407312,,2,,,,,,,,,,0
1407313,,2,,,,,,,,,,0
1407314,,2,,,,,,,,,,0
1407315,,2,,,,,,,,,,0
1407316,,2,,,,,,,,,,0
1407317,,2,,,,,,,,,,0
1407318,,2,,,,,,,,,,0
1407319,,2,,,,,,,,,,0
1407320,,2,,,,,,,,,,0
1407321,,2,,,,,,,,,,0
1407322,,2,,,,,,,,,,0
1407323,,2,,,,,,,,,,0
1407324,,2,,,,,,,,,,0
1407325,,2,,,,,,,,,,0
1407326,,2,,,,,,,,,,0
1407327,,2,,,,,,,,,,0
1407328,,2,,,,,,,,,,0
1407329,,2,,,,,,,,,,0
1407330,,2,,,,,,,,,,0
1407331,,2,,,,,,,,,,0
1407332,,2,,,,,,,,,,0
1407333,,2,,,,,,,,,,0
1407334,,2,,,,,,,,,,0
1407335,,2,,,,,,,,,,0
1407336,,2,,,,,,,,,,0
1407337,,2,,,,,,,,,,0
1407338,,2,,,,,,,,,,0
1407339,,2,,,,,,,,,,0
1407340,,2,,,,,,,,,,0
1407341,,2,,,,,,,,,,0
1407342,,2,,,,,,,,,,0
1407343,,2,,,,,,,,,,0
1407344,,2,,,,,,,,,,0
1407345,,2,,,,,,,,,,0
1407346,,2,,,,,,,,,,0
1407347,,2,,,,,,,,,,0
1407348,,2,,,,,,,,,,0
1407349,,2,,,,,,,,,,0
1407350,,2,,,,,,,,,,0
1407351,,2,,,,,,,,,,0
1407352,,2,,,,,,,,,,0
1407353,,2,,,,,,,,,,0
1407354,,2,,,,,,,,,,0
1407355,,2,,,,,,,,,,0
1407356,,2,,,,,,,,,,0
1407357,,2,,,,,,,,,,0
1407358,,2,,,,,,,,,,0
1407359,,2,,,,,,,,,,0
1407360,,2,,,,,,,,,,0
1407361,,2,,,,,,,,,,0
1407362,,2,,,,,,,,,,0
1407363,,2,,,,,,,,,,0
1407364,,2,,,,,,,,,,0
1407365,,2,,,,,,,,,,0
1407366,,2,,,,,,,,,,0
1407367,,2,,,,,,,,,,0
1407368,,2,,,,,,,,,,0
1407369,,2,,,,,,,,,,0
1407370,,2,,,,,,,,,,0
1407371,,2,,,,,,,,,,0
1407372,,2,,,,,,,,,,0
1407373,,2,,,,,,,,,,0
1407374,,2,,,,,,,,,,0
1407375,,2,,,,,,,,,,0
1407376,,2,,,,,,,,,,0
1407377,,2,,,,,,,,,,0
1407378,,2,,,,,,,,,,0
1407379,,2,,,,,,,,,,0
1407380,,2,,,,,,,,,,0
1407381,,2,,,,,,,,,,0
1407382,,2,,,,,,,,,,0
1407383,,2,,,,,,,,,,0
1407384,,2,,,,,,,,,,0
1407385,,2,,,,,,,,,,0
1407386,,2,,,,,,,,,,0
1407387,,2,,,,,,,,,,0
1407388,,2,,,,,,,,,,0
1407389,,2,,,,,,,,,,0
1407390,,2,,,,,,,,,,0
1407391,,2,,,,,,,,,,0
1407392,,2,,,,,,,,,,0
1407393,,2,,,,,,,,,,0
1407394,,2,,,,,,,,,,0
1407395,,2,,,,,,,,,,0
1407396,,2,,,,,,,,,,0
1407397,,2,,,,,,,,,,0
1407398,,2,,,,,,,,,,0
1407399,,2,,,,,,,,,,0
1407400,,2,,,,,,,,,,0
1407401,,2,,,,,,,,,,0
1407402,,2,,,,,,,,,,0
1407403,,2,,,,,,,,,,0
1407404,,2,,,,,,,,,,0
1407405,,2,,,,,,,,,,0
1407406,,2,,,,,,,,,,0
1407407,,2,,,,,,,,,,0
1407408,,2,,,,,,,,,,0
1407409,,2,,,,,,,,,,0
1407410,,2,,,,,,,,,,0
1407411,,2,,,,,,,,,,0
1407412,,2,,,,,,,,,,0
1407413,,2,,,,,,,,,,0
1407414,,2,,,,,,,,,,0
1407415,,2,,,,,,,,,,0
1407416,,2,,,,,,,,,,0
1407417,,2,,,,,,,,,,0
1407418,,2,,,,,,,,,,0
1407419,,2,,,,,,,,,,0
1407420,,2,,,,,,,,,,0
1407421,,2,,,,,,,,,,0
1407422,,2,,,,,,,,,,0
1407423,,2,,,,,,,,,,0
1407424,,2,,,,,,,,,,0
1407425,,2,,,,,,,,,,0
1407426,,2,,,,,,,,,,0
1407427,,2,,,,,,,,,,0
1407428,,2,,,,,,,,,,0
1407429,,2,,,,,,,,,,0
1407430,,2,,,,,,,,,,0
1407431,,2,,,,,,,,,,0
1407432,,2,,,,,,,,,,0
1407433,,2,,,,,,,,,,0
1407434,,2,,,,,,,,,,0
1407435,,2,,,,,,,,,,0
1407436,,2,,,,,,,,,,0
1407437,,2,,,,,,,,,,0
1407438,,2,,,,,,,,,,0
1407439,,2,,,,,,,,,,0
1407440,,2,,,,,,,,,,0
1407441,,2,,,,,,,,,,0
1407442,,2,,,,,,,,,,0
1407443,,2,,,,,,,,,,0
1407444,,2,,,,,,,,,,0
1407445,,2,,,,,,,,,,0
1407446,,2,,,,,,,,,,0
1407447,,2,,,,,,,,,,0
1407448,,2,,,,,,,,,,0
1407449,,2,,,,,,,,,,0
1407450,,2,,,,,,,,,,0
1407451,,2,,,,,,,,,,0
1407452,,2,,,,,,,,,,0
1407453,,2,,,,,,,,,,0
1407454,,2,,,,,,,,,,0
1407455,,2,,,,,,,,,,0
1407456,,2,,,,,,,,,,0
1407457,,2,,,,,,,,,,0
1407458,,2,,,,,,,,,,0
1407459,,2,,,,,,,,,,0
1407460,,2,,,,,,,,,,0
1407461,,2,,,,,,,,,,0
1407462,,2,,,,,,,,,,0
1407463,,2,,,,,,,,,,0
1407464,,2,,,,,,,,,,0
1407465,,2,,,,,,,,,,0
1407466,,2,,,,,,,,,,0
1407467,,2,,,,,,,,,,0
1407468,,2,,,,,,,,,,0
1407469,,2,,,,,,,,,,0
1407470,,2,,,,,,,,,,0
1407471,,2,,,,,,,,,,0
1407472,,2,,,,,,,,,,0
1407473,,2,,,,,,,,,,0
9217488,,1,,,,,,,,,,0
9217489,,1,,,,,,,,,,0
9217490,,1,,,,,,,,,,0
9217491,,1,,,,,,,,,,0
9217492,,1,,,,,,,,,,0
9217493,,1,,,,,,,,,,0
9217494,,1,,,,,,,,,,0
9217495,,1,,,,,,,,,,0
9217496,,1,,,,,,,,,,0
9217497,,1,,,,,,,,,,0
9217498,,1,,,,,,,,,,0
9217499,,1,,,,,,,,,,0
9217500,,1,,,,,,,,,,0
9217501,,1,,,,,,,,,,0
9217502,,1,,,,,,,,,,0
9217503,,1,,,,,,,,,,0
9217504,,1,,,,,,,,,,0
9217505,,1,,,,,,,,,,0
9217506,,1,,,,,,,,,,0
9217507,,1,,,,,,,,,,0
9217508,,1,,,,,,,,,,0
9217509,,1,,,,,,,,,,0
9217510,,1,,,,,,,,,,0
9217511,,1,,,,,,,,,,0
9217512,,1,,,,,,,,,,0
9217513,,1,,,,,,,,,,0
9217514,,1,,,,,,,,,,0
9217515,,1,,,,,,,,,,0
9217516,,1,,,,,,,,,,0
9217517,,1,,,,,,,,,,0
9217518,,1,,,,,,,,,,0
9217519,,1,,,,,,,,,,0
9217520,,1,,,,,,,,,,0
9217521,,1,,,,,,,,,,0
9217522,,1,,,,,,,,,,0
9217523,,1,,,,,,,,,,0
9217524,,1,,,,,,,,,,0
9217525,,1,,,,,,,,,,0
9217526,,1,,,,,,,,,,0
9217527,,1,,,,,,,,,,0
9217528,,1,,,,,,,,,,0
9217529,,1,,,,,,,,,,0
9217530,,1,,,,,,,,,,0
9217531,,1,,,,,,,,,,0
9217532,,1,,,,,,,,,,0
9217533,,1,,,,,,,,,,0
9217534,,1,,,,,,,,,,0
9217535,,1,,,,,,,,,,0
9217536,,1,,,,,,,,,,0
9217537,,1,,,,,,,,,,0
9217538,,1,,,,,,,,,,0
9217539,,1,,,,,,,,,,0
9217540,,1,,,,,,,,,,0
9217541,,1,,,,,,,,,,0
9217542,,1,,,,,,,,,,0
9217543,,1,,,,,,,,,,0
9217544,,1,,,,,,,,,,0
9217545,,1,,,,,,,,,,0
9217546,,1,,,,,,,,,,0
9217547,,1,,,,,,,,,,0
9217548,,1,,,,,,,,,,0
9217549,,1,,,,,,,,,,0
9217550,,1,,,,,,,,,,0
9217551,,1,,,,,,,,,,0
9217552,,1,,,,,,,,,,0
9217553,,1,,,,,,,,,,0
9217554,,1,,,,,,,,,,0
9217555,,1,,,,,,,,,,0
9217556,,1,,,,,,,,,,0
9217557,,1,,,,,,,,,,0
9217558,,1,,,,,,,,,,0
9217559,,1,,,,,,,,,,0
9217560,,1,,,,,,,,,,0
9217561,,1,,,,,,,,,,0
9217562,,1,,,,,,,,,,0
9217563,,1,,,,,,,,,,0
9217564,,1,,,,,,,,,,0
9217565,,1,,,,,,,,,,0
9217566,,1,,,,,,,,,,0
9217567,,1,,,,,,,,,,0
9217568,,1,,,,,,,,,,0
9217569,,1,,,,,,,,,,0
9217570,,1,,,,,,,,,,0
9217571,,1,,,,,,,,,,0
9217572,,1,,,,,,,,,,0
9217573,,1,,,,,,,,,,0
9217574,,1,,,,,,,,,,0
9217575,,1,,,,,,,,,,0
9217576,,1,,,,,,,,,,0
9217577,,1,,,,,,,,,,0
9217578,,1,,,,,,,,,,0
9217579,,1,,,,,,,,,,0
9217580,,1,,,,,,,,,,0
9217581,,1,,,,,,,,,,0
9217582,,1,,,,,,,,,,0
9217583,,1,,,,,,,,,,0
9217584,,1,,,,,,,,,,0
9217585,,1,,,,,,,,,,0
9217586,,1,,,,,,,,,,0
9217587,,1,,,,,,,,,,0
9217588,,1,,,,,,,,,,0
9217589,,1,,,,,,,,,,0
9217590,,1,,,,,,,,,,0
9217591,,1,,,,,,,,,,0
9217592,,1,,,,,,,,,,0
9217593,,1,,,,,,,,,,0
9217594,,1,,,,,,,,,,0
9217595,,1,,,,,,,,,,0
9217596,,1,,,,,,,,,,0
9217597,,1,,,,,,,,,,0
9217598,,1,,,,,,,,,,0
9217599,,1,,,,,,,,,,0
9217600,,1,,,,,,,,,,0
9217601,,1,,,,,,,,,,0
9217602,,1,,,,,,,,,,0
9217603,,1,,,,,,,,,,0
9217604,,1,,,,,,,,,,0
9217605,,1,,,,,,,,,,0
9217606,,1,,,,,,,,,,0
9217607,,1,,,,,,,,,,0
9217608,,1,,,,,,,,,,0
9217609,,1,,,,,,,,,,0
9217610,,1,,,,,,,,,,0
9217611,,1,,,,,,,,,,0
9217612,,1,,,,,,,,,,0
9217613,,1,,,,,,,,,,0
9217614,,1,,,,,,,,,,0
9217615,,1,,,,,,,,,,0
9217616,,1,,,,,,,,,,0
9217617,,1,,,,,,,,,,0
9217618,,1,,,,,,,,,,0
9217619,,1,,,,,,,,,,0
9217620,,1,,,,,,,,,,0
9217621,,1,,,,,,,,,,0
9217622,,1,,,,,,,,,,0
9217623,,1,,,,,,,,,,0
9217624,,1,,,,,,,,,,0
9217625,,1,,,,,,,,,,0
9217626,,1,,,,,,,,,,0
9217627,,1,,,,,,,,,,0
9217628,,1,,,,,,,,,,0
9217629,,1,,,,,,,,,,0
9217630,,1,,,,,,,,,,0
9217631,,1,,,,,,,,,,0
9217632,,1,,,,,,,,,,0
9217633,,1,,,,,,,,,,0
9217634,,1,,,,,,,,,,0
9217635,,1,,,,,,,,,,0
9217636,,1,,,,,,,,,,0
9217637,,1,,,,,,,,,,0
9217638,,1,,,,,,,,,,0
9217639,,1,,,,,,,,,,0
9217640,,1,,,,,,,,,,0
9217641,,1,,,,,,,,,,0
9217642,,1,,,,,,,,,,0
9217643,,1,,,,,,,,,,0
9217644,,1,,,,,,,,,,0
9217645,,1,,,,,,,,,,0
9217646,,1,,,,,,,,,,0
9217647,,1,,,,,,,,,,0
9217648,,1,,,,,,,,,,0
9217649,,1,,,,,,,,,,0
9217650,,1,,,,,,,,,,0
9217651,,1,,,,,,,,,,0
9217652,,1,,,,,,,,,,0
9217653,,1,,,,,,,,,,0
9217654,,1,,,,,,,,,,0
9217655,,1,,,,,,,,,,0
9217656,,1,,,,,,,,,,0
9217657,,1,,,,,,,,,,0
9217658,,1,,,,,,,,,,0
9217659,,1,,,,,,,,,,0
9217660,,1,,,,,,,,,,0
9217661,,1,,,,,,,,,,0
9217662,,1,,,,,,,,,,0
9217663,,1,,,,,,,,,,0
9217664,,1,,,,,,,,,,0
9217665,,1,,,,,,,,,,0
9217666,,1,,,,,,,,,,0
9217667,,1,,,,,,,,,,0
9217668,,1,,,,,,,,,,0
9217669,,1,,,,,,,,,,0
9217670,,1,,,,,,,,,,0
9217671,,1,,,,,,,,,,0
9217672,,1,,,,,,,,,,0
9217673,,1,,,,,,,,,,0
9217674,,1,,,,,,,,,,0
9217675,,1,,,,,,,,,,0
9217676,,1,,,,,,,,,,0
9217677,,1,,,,,,,,,,0
9217678,,1,,,,,,,,,,0
9217679,,1,,,,,,,,,,0
9217680,,1,,,,,,,,,,0
9217681,,1,,,,,,,,,,0
9217682,,1,,,,,,,,,,0
9217683,,1,,,,,,,,,,0
9217684,,1,,,,,,,,,,0
9217685,,1,,,,,,,,,,0
9217686,,1,,,,,,,,,,0
9217687,,1,,,,,,,,,,0
9217688,,1,,,,,,,,,,0
9217689,,1,,,,,,,,,,0
9217690,,1,,,,,,,,,,0
9217691,,1,,,,,,,,,,0
9217692,,1,,,,,,,,,,0
9217693,,1,,,,,,,,,,0
9217694,,1,,,,,,,,,,0
9217695,,1,,,,,,,,,,0
9217696,,1,,,,,,,,,,0
9217697,,1,,,,,,,,,,0
9217698,,1,,,,,,,,,,0
9217699,,1,,,,,,,,,,0
9217700,,1,,,,,,,,,,0
9217701,,1,,,,,,,,,,0
9217702,,1,,,,,,,,,,0
9217703,,1,,,,,,,,,,0
9217704,,1,,,,,,,,,,0
9217705,,1,,,,,,,,,,0
9217706,,1,,,,,,,,,,0
9217707,,1,,,,,,,,,,0
9217708,,1,,,,,,,,,,0
9217709,,1,,,,,,,,,,0
9217710,,1,,,,,,,,,,0
9217711,,1,,,,,,,,,,0
9217712,,1,,,,,,,,,,0
9217713,,1,,,,,,,,,,0
9217714,,1,,,,,,,,,,0
9217715,,1,,,,,,,,,,0
9217716,,1,,,,,,,,,,0
9217717,,1,,,,,,,,,,0
9217718,,1,,,,,,,,,,0
9217719,,1,,,,,,,,,,0
9217720,,1,,,,,,,,,,0
9217721,,1,,,,,,,,,,0
9217722,,1,,,,,,,,,,0
9217723,,1,,,,,,,,,,0
9217724,,1,,,,,,,,,,0
9217725,,1,,,,,,,,,,0
9217726,,1,,,,,,,,,,0
9217727,,1,,,,,,,,,,0
9217728,,1,,,,,,,,,,0
9217729,,1,,,,,,,,,,0
9217730,,1,,,,,,,,,,0
9217731,,1,,,,,,,,,,0
9217732,,1,,,,,,,,,,0
9217733,,1,,,,,,,,,,0
9217734,,1,,,,,,,,,,0
9217735,,1,,,,,,,,,,0
9217736,,1,,,,,,,,,,0
9217737,,1,,,,,,,,,,0
9217738,,1,,,,,,,,,,0
9217739,,1,,,,,,,,,,0
9217740,,1,,,,,,,,,,0
9217741,,1,,,,,,,,,,0
9217742,,1,,,,,,,,,,0
9217743,,1,,,,,,,,,,0
9217744,,1,,,,,,,,,,0
9217745,,1,,,,,,,,,,0
9217746,,1,,,,,,,,,,0
9217747,,1,,,,,,,,,,0
9217748,,1,,,,,,,,,,0
9217749,,1,,,,,,,,,,0
9217750,,1,,,,,,,,,,0
9217751,,1,,,,,,,,,,0
9217752,,1,,,,,,,,,,0
9217753,,1,,,,,,,,,,0
9217754,,1,,,,,,,,,,0
9217755,,1,,,,,,,,,,0
9217756,,1,,,,,,,,,,0
9217757,,1,,,,,,,,,,0
9217758,,1,,,,,,,,,,0
9217759,,1,,,,,,,,,,0
9217760,,1,,,,,,,,,,0
9217761,,1,,,,,,,,,,0
9217762,,1,,,,,,,,,,0
9217763,,1,,,,,,,,,,0
9217764,,1,,,,,,,,,,0
9217765,,1,,,,,,,,,,0
9217766,,1,,,,,,,,,,0
9217767,,1,,,,,,,,,,0
9217768,,1,,,,,,,,,,0
9217769,,1,,,,,,,,,,0
9217770,,1,,,,,,,,,,0
9217771,,1,,,,,,,,,,0
9217772,,1,,,,,,,,,,0
9217773,,1,,,,,,,,,,0
9217774,,1,,,,,,,,,,0
9217775,,1,,,,,,,,,,0
9217776,,1,,,,,,,,,,0
9217777,,1,,,,,,,,,,0
9217778,,1,,,,,,,,,,0
9217779,,1,,,,,,,,,,0
9217780,,1,,,,,,,,,,0
9217781,,1,,,,,,,,,,0
9217782,,1,,,,,,,,,,0
9217783,,1,,,,,,,,,,0
9217784,,1,,,,,,,,,,0
9217785,,1,,,,,,,,,,0
9217786,,1,,,,,,,,,,0
9217787,,1,,,,,,,,,,0
9217788,,1,,,,,,,,,,0
9217789,,1,,,,,,,,,,0
9217790,,1,,,,,,,,,,0
9217791,,1,,,,,,,,,,0
9217792,,1,,,,,,,,,,0
9217793,,1,,,,,,,,,,0
9217794,,1,,,,,,,,,,0
9217795,,1,,,,,,,,,,0
9217796,,1,,,,,,,,,,0
9217797,,1,,,,,,,,,,0
9217798,,1,,,,,,,,,,0
9217799,,1,,,,,,,,,,0
9217800,,1,,,,,,,,,,0
9217801,,1,,,,,,,,,,0
9217802,,1,,,,,,,,,,0
9217803,,1,,,,,,,,,,0
9217804,,1,,,,,,,,,,0
9217805,,1,,,,,,,,,,0
9217806,,1,,,,,,,,,,0
9217807,,1,,,,,,,,,,0
9217808,,1,,,,,,,,,,0
9217809,,1,,,,,,,,,,0
9217810,,1,,,,,,,,,,0
9217811,,1,,,,,,,,,,0
9217812,,1,,,,,,,,,,0
9217813,,1,,,,,,,,,,0
9217814,,1,,,,,,,,,,0
9217815,,1,,,,,,,,,,0
9217816,,1,,,,,,,,,,0
9217817,,1,,,,,,,,,,0
9217818,,1,,,,,,,,,,0
9217819,,1,,,,,,,,,,0
9217820,,1,,,,,,,,,,0
9217821,,1,,,,,,,,,,0
9217822,,1,,,,,,,,,,0
9217823,,1,,,,,,,,,,0
9217824,,1,,,,,,,,,,0
9217825,,1,,,,,,,,,,0
9217826,,1,,,,,,,,,,0
9217827,,1,,,,,,,,,,0
9217828,,1,,,,,,,,,,0
9217829,,1,,,,,,,,,,0
9217830,,1,,,,,,,,,,0
9217831,,1,,,,,,,,,,0
9217832,,1,,,,,,,,,,0
9217833,,1,,,,,,,,,,0
9217834,,1,,,,,,,,,,0
9217835,,1,,,,,,,,,,0
9217836,,1,,,,,,,,,,0
9217837,,1,,,,,,,,,,0
9217838,,1,,,,,,,,,,0
9217839,,1,,,,,,,,,,0
9217840,,1,,,,,,,,,,0
9217841,,1,,,,,,,,,,0
9217842,,1,,,,,,,,,,0
9217843,,1,,,,,,,,,,0
9217844,,1,,,,,,,,,,0
9217845,,1,,,,,,,,,,0
9217846,,1,,,,,,,,,,0
9217847,,1,,,,,,,,,,0
9217848,,1,,,,,,,,,,0
9217849,,1,,,,,,,,,,0
9217850,,1,,,,,,,,,,0
9217851,,1,,,,,,,,,,0
9217852,,1,,,,,,,,,,0
9217853,,1,,,,,,,,,,0
9217854,,1,,,,,,,,,,0
9217855,,1,,,,,,,,,,0
9217856,,1,,,,,,,,,,0
9217857,,1,,,,,,,,,,0
9217858,,1,,,,,,,,,,0
9217859,,1,,,,,,,,,,0
9217860,,1,,,,,,,,,,0
9217861,,1,,,,,,,,,,0
9217862,,1,,,,,,,,,,0
9217863,,1,,,,,,,,,,0
9217864,,1,,,,,,,,,,0
9217865,,1,,,,,,,,,,0
9217866,,1,,,,,,,,,,0
9217867,,1,,,,,,,,,,0
9217868,,1,,,,,,,,,,0
9217869,,1,,,,,,,,,,0
9217870,,1,,,,,,,,,,0
9217871,,1,,,,,,,,,,0
9217872,,1,,,,,,,,,,0
9217873,,1,,,,,,,,,,0
9217874,,1,,,,,,,,,,0
9217875,,1,,,,,,,,,,0
9217876,,1,,,,,,,,,,0
9217877,,1,,,,,,,,,,0
9217878,,1,,,,,,,,,,0
9217879,,1,,,,,,,,,,0
9217880,,1,,,,,,,,,,0
9217881,,1,,,,,,,,,,0
9217882,,1,,,,,,,,,,0
9217883,,1,,,,,,,,,,0
9217884,,1,,,,,,,,,,0
9217885,,1,,,,,,,,,,0
9217886,,1,,,,,,,,,,0
9217887,,1,,,,,,,,,,0
9217888,,1,,,,,,,,,,0
9217889,,1,,,,,,,,,,0
9217890,,1,,,,,,,,,,0
9217891,,1,,,,,,,,,,0
9217892,,1,,,,,,,,,,0
9217893,,1,,,,,,,,,,0
9217894,,1,,,,,,,,,,0
9217895,,1,,,,,,,,,,0
9217896,,1,,,,,,,,,,0
9217897,,1,,,,,,,,,,0
9217898,,1,,,,,,,,,,0
9217899,,1,,,,,,,,,,0
9217900,,1,,,,,,,,,,0
9217901,,1,,,,,,,,,,0
9217902,,1,,,,,,,,,,0
9217903,,1,,,,,,,,,,0
9217904,,1,,,,,,,,,,0
9217905,,1,,,,,,,,,,0
9217906,,1,,,,,,,,,,0
9217907,,1,,,,,,,,,,0
9217908,,1,,,,,,,,,,0
9217909,,1,,,,,,,,,,0
9217910,,1,,,,,,,,,,0
9217911,,1,,,,,,,,,,0
9217912,,1,,,,,,,,,,0
9217913,,1,,,,,,,,,,0
9217914,,1,,,,,,,,,,0
9217915,,1,,,,,,,,,,0
9217916,,1,,,,,,,,,,0
9217917,,1,,,,,,,,,,0
9217918,,1,,,,,,,,,,0
9217919,,1,,,,,,,,,,0
9217920,,1,,,,,,,,,,0
9217921,,1,,,,,,,,,,0
9217922,,1,,,,,,,,,,0
9217923,,1,,,,,,,,,,0
9217924,,1,,,,,,,,,,0
9217925,,1,,,,,,,,,,0
9217926,,1,,,,,,,,,,0
9217927,,1,,,,,,,,,,0
9217928,,1,,,,,,,,,,0
9217929,,1,,,,,,,,,,0
9217930,,1,,,,,,,,,,0
9217931,,1,,,,,,,,,,0
9217932,,1,,,,,,,,,,0
9217933,,1,,,,,,,,,,0
9217934,,1,,,,,,,,,,0
9217935,,1,,,,,,,,,,0
9217936,,1,,,,,,,,,,0
9217937,,1,,,,,,,,,,0
9217938,,1,,,,,,,,,,0
9217939,,1,,,,,,,,,,0
9217940,,1,,,,,,,,,,0
9217941,,1,,,,,,,,,,0
9217942,,1,,,,,,,,,,0
9217943,,1,,,,,,,,,,0
9217944,,1,,,,,,,,,,0
9217945,,1,,,,,,,,,,0
9217946,,1,,,,,,,,,,0
9217947,,1,,,,,,,,,,0
9217948,,1,,,,,,,,,,0
9217949,,1,,,,,,,,,,0
9217950,,1,,,,,,,,,,0
9217951,,1,,,,,,,,,,0
9217952,,1,,,,,,,,,,0
9217953,,1,,,,,,,,,,0
9217954,,1,,,,,,,,,,0
9217955,,1,,,,,,,,,,0
9217956,,1,,,,,,,,,,0
9217957,,1,,,,,,,,,,0
9217958,,1,,,,,,,,,,0
9217959,,1,,,,,,,,,,0
9217960,,1,,,,,,,,,,0
9217961,,1,,,,,,,,,,0
9217962,,1,,,,,,,,,,0
9217963,,1,,,,,,,,,,0
9217964,,1,,,,,,,,,,0
9217965,,1,,,,,,,,,,0
9217966,,1,,,,,,,,,,0
9217967,,1,,,,,,,,,,0
9217968,,1,,,,,,,,,,0
9217969,,1,,,,,,,,,,0
9217970,,1,,,,,,,,,,0
9217971,,1,,,,,,,,,,0
9217972,,1,,,,,,,,,,0
9217973,,1,,,,,,,,,,0
9217974,,1,,,,,,,,,,0
9217975,,1,,,,,,,,,,0
9217976,,1,,,,,,,,,,0
9217977,,1,,,,,,,,,,0
9217978,,1,,,,,,,,,,0
9217979,,1,,,,,,,,,,0
9217980,,1,,,,,,,,,,0
9217981,,1,,,,,,,,,,0
9217982,,1,,,,,,,,,,0
9217983,,1,,,,,,,,,,0
9217984,,1,,,,,,,,,,0
9217985,,1,,,,,,,,,,0
9217986,,1,,,,,,,,,,0
9217987,,1,,,,,,,,,,0
1407474,,2,,,,,,,,,,0
1407475,,2,,,,,,,,,,0
1407476,,2,,,,,,,,,,0
1407477,,2,,,,,,,,,,0
1407478,,2,,,,,,,,,,0
1407479,,2,,,,,,,,,,0
1407480,,2,,,,,,,,,,0
1407481,,2,,,,,,,,,,0
1407482,,2,,,,,,,,,,0
1407483,,2,,,,,,,,,,0
1407484,,2,,,,,,,,,,0
1407485,,2,,,,,,,,,,0
1407486,,2,,,,,,,,,,0
1407487,,2,,,,,,,,,,0
1407488,,2,,,,,,,,,,0
1407489,,2,,,,,,,,,,0
1407490,,2,,,,,,,,,,0
1407491,,2,,,,,,,,,,0
1407492,,2,,,,,,,,,,0
1407493,,2,,,,,,,,,,0
1407494,,2,,,,,,,,,,0
1407495,,2,,,,,,,,,,0
1407496,,2,,,,,,,,,,0
1407497,,2,,,,,,,,,,0
1407498,,2,,,,,,,,,,0
1407499,,2,,,,,,,,,,0
1407500,,2,,,,,,,,,,0
1407501,,2,,,,,,,,,,0
1407502,,2,,,,,,,,,,0
1407503,,2,,,,,,,,,,0
1407504,,2,,,,,,,,,,0
1407505,,2,,,,,,,,,,0
1407506,,2,,,,,,,,,,0
1407507,,2,,,,,,,,,,0
1407508,,2,,,,,,,,,,0
1407509,,2,,,,,,,,,,0
1407510,,2,,,,,,,,,,0
1407511,,2,,,,,,,,,,0
1407512,,2,,,,,,,,,,0
1407513,,2,,,,,,,,,,0
1407514,,2,,,,,,,,,,0
1407515,,2,,,,,,,,,,0
1407516,,2,,,,,,,,,,0
1407517,,2,,,,,,,,,,0
1407518,,2,,,,,,,,,,0
1407519,,2,,,,,,,,,,0
1407520,,2,,,,,,,,,,0
1407521,,2,,,,,,,,,,0
1407522,,2,,,,,,,,,,0
1407523,,2,,,,,,,,,,0
1407524,,2,,,,,,,,,,0
1407525,,2,,,,,,,,,,0
1407526,,2,,,,,,,,,,0
1407527,,2,,,,,,,,,,0
1407528,,2,,,,,,,,,,0
1407529,,2,,,,,,,,,,0
1407530,,2,,,,,,,,,,0
1407531,,2,,,,,,,,,,0
1407532,,2,,,,,,,,,,0
1407533,,2,,,,,,,,,,0
1407534,,2,,,,,,,,,,0
1407535,,2,,,,,,,,,,0
1407536,,2,,,,,,,,,,0
1407537,,2,,,,,,,,,,0
1407538,,2,,,,,,,,,,0
1407539,,2,,,,,,,,,,0
1407540,,2,,,,,,,,,,0
1407541,,2,,,,,,,,,,0
1407542,,2,,,,,,,,,,0
1407543,,2,,,,,,,,,,0
1407544,,2,,,,,,,,,,0
1407545,,2,,,,,,,,,,0
1407546,,2,,,,,,,,,,0
1407547,,2,,,,,,,,,,0
1407548,,2,,,,,,,,,,0
1407549,,2,,,,,,,,,,0
1407550,,2,,,,,,,,,,0
1407551,,2,,,,,,,,,,0
1407552,,2,,,,,,,,,,0
1407553,,2,,,,,,,,,,0
1407554,,2,,,,,,,,,,0
1407555,,2,,,,,,,,,,0
1407556,,2,,,,,,,,,,0
1407557,,2,,,,,,,,,,0
1407558,,2,,,,,,,,,,0
1407559,,2,,,,,,,,,,0
1407560,,2,,,,,,,,,,0
1407561,,2,,,,,,,,,,0
1407562,,2,,,,,,,,,,0
1407563,,2,,,,,,,,,,0
1407564,,2,,,,,,,,,,0
1407565,,2,,,,,,,,,,0
1407566,,2,,,,,,,,,,0
1407567,,2,,,,,,,,,,0
1407568,,2,,,,,,,,,,0
1407569,,2,,,,,,,,,,0
1407570,,2,,,,,,,,,,0
1407571,,2,,,,,,,,,,0
1407572,,2,,,,,,,,,,0
1407573,,2,,,,,,,,,,0
1407574,,2,,,,,,,,,,0
1407575,,2,,,,,,,,,,0
1407576,,2,,,,,,,,,,0
1407577,,2,,,,,,,,,,0
1407578,,2,,,,,,,,,,0
1407579,,2,,,,,,,,,,0
1407580,,2,,,,,,,,,,0
1407581,,2,,,,,,,,,,0
1407582,,2,,,,,,,,,,0
1407583,,2,,,,,,,,,,0
1407584,,2,,,,,,,,,,0
1407585,,2,,,,,,,,,,0
1407586,,2,,,,,,,,,,0
1407587,,2,,,,,,,,,,0
1407588,,2,,,,,,,,,,0
1407589,,2,,,,,,,,,,0
1407590,,2,,,,,,,,,,0
1407591,,2,,,,,,,,,,0
1407592,,2,,,,,,,,,,0
1407593,,2,,,,,,,,,,0
1407594,,2,,,,,,,,,,0
1407595,,2,,,,,,,,,,0
1407596,,2,,,,,,,,,,0
1407597,,2,,,,,,,,,,0
1407598,,2,,,,,,,,,,0
1407599,,2,,,,,,,,,,0
1407600,,2,,,,,,,,,,0
1407601,,2,,,,,,,,,,0
1407602,,2,,,,,,,,,,0
1407603,,2,,,,,,,,,,0
1407604,,2,,,,,,,,,,0
1407605,,2,,,,,,,,,,0
1407606,,2,,,,,,,,,,0
1407607,,2,,,,,,,,,,0
1407608,,2,,,,,,,,,,0
1407609,,2,,,,,,,,,,0
1407610,,2,,,,,,,,,,0
1407611,,2,,,,,,,,,,0
1407612,,2,,,,,,,,,,0
1407613,,2,,,,,,,,,,0
1407614,,2,,,,,,,,,,0
1407615,,2,,,,,,,,,,0
1407616,,2,,,,,,,,,,0
1407617,,2,,,,,,,,,,0
1407618,,2,,,,,,,,,,0
1407619,,2,,,,,,,,,,0
1407620,,2,,,,,,,,,,0
1407621,,2,,,,,,,,,,0
1407622,,2,,,,,,,,,,0
1407623,,2,,,,,,,,,,0
1407624,,2,,,,,,,,,,0
1407625,,2,,,,,,,,,,0
1407626,,2,,,,,,,,,,0
1407627,,2,,,,,,,,,,0
1407628,,2,,,,,,,,,,0
1407629,,2,,,,,,,,,,0
1407630,,2,,,,,,,,,,0
1407631,,2,,,,,,,,,,0
1407632,,2,,,,,,,,,,0
1407633,,2,,,,,,,,,,0
1407634,,2,,,,,,,,,,0
1407635,,2,,,,,,,,,,0
1407636,,2,,,,,,,,,,0
1407637,,2,,,,,,,,,,0
1407638,,2,,,,,,,,,,0
1407639,,2,,,,,,,,,,0
1407640,,2,,,,,,,,,,0
1407641,,2,,,,,,,,,,0
1407642,,2,,,,,,,,,,0
1407643,,2,,,,,,,,,,0
1407644,,2,,,,,,,,,,0
1407645,,2,,,,,,,,,,0
1407646,,2,,,,,,,,,,0
1407647,,2,,,,,,,,,,0
1407648,,2,,,,,,,,,,0
1407649,,2,,,,,,,,,,0
1407650,,2,,,,,,,,,,0
1407651,,2,,,,,,,,,,0
1407652,,2,,,,,,,,,,0
1407653,,2,,,,,,,,,,0
1407654,,2,,,,,,,,,,0
1407655,,2,,,,,,,,,,0
1407656,,2,,,,,,,,,,0
1407657,,2,,,,,,,,,,0
1407658,,2,,,,,,,,,,0
1407659,,2,,,,,,,,,,0
1407660,,2,,,,,,,,,,0
1407661,,2,,,,,,,,,,0
1407662,,2,,,,,,,,,,0
1407663,,2,,,,,,,,,,0
1407664,,2,,,,,,,,,,0
1407665,,2,,,,,,,,,,0
1407666,,2,,,,,,,,,,0
1407667,,2,,,,,,,,,,0
1407668,,2,,,,,,,,,,0
1407669,,2,,,,,,,,,,0
1407670,,2,,,,,,,,,,0
1407671,,2,,,,,,,,,,0
1407672,,2,,,,,,,,,,0
1407673,,2,,,,,,,,,,0
1407674,,2,,,,,,,,,,0
1407675,,2,,,,,,,,,,0
1407676,,2,,,,,,,,,,0
1407677,,2,,,,,,,,,,0
1407678,,2,,,,,,,,,,0
1407679,,2,,,,,,,,,,0
1407680,,2,,,,,,,,,,0
1407681,,2,,,,,,,,,,0
1407682,,2,,,,,,,,,,0
1407683,,2,,,,,,,,,,0
1407684,,2,,,,,,,,,,0
1407685,,2,,,,,,,,,,0
1407686,,2,,,,,,,,,,0
1407687,,2,,,,,,,,,,0
1407688,,2,,,,,,,,,,0
1407689,,2,,,,,,,,,,0
1407690,,2,,,,,,,,,,0
1407691,,2,,,,,,,,,,0
1407692,,2,,,,,,,,,,0
1407693,,2,,,,,,,,,,0
1407694,,2,,,,,,,,,,0
1407695,,2,,,,,,,,,,0
1407696,,2,,,,,,,,,,0
1407697,,2,,,,,,,,,,0
1407698,,2,,,,,,,,,,0
1407699,,2,,,,,,,,,,0
1407700,,2,,,,,,,,,,0
1407701,,2,,,,,,,,,,0
1407702,,2,,,,,,,,,,0
1407703,,2,,,,,,,,,,0
1407704,,2,,,,,,,,,,0
1407705,,2,,,,,,,,,,0
1407706,,2,,,,,,,,,,0
1407707,,2,,,,,,,,,,0
1407708,,2,,,,,,,,,,0
1407709,,2,,,,,,,,,,0
1407710,,2,,,,,,,,,,0
1407711,,2,,,,,,,,,,0
1407712,,2,,,,,,,,,,0
1407713,,2,,,,,,,,,,0
1407714,,2,,,,,,,,,,0
1407715,,2,,,,,,,,,,0
1407716,,2,,,,,,,,,,0
1407717,,2,,,,,,,,,,0
1407718,,2,,,,,,,,,,0
1407719,,2,,,,,,,,,,0
1407720,,2,,,,,,,,,,0
1407721,,2,,,,,,,,,,0
1407722,,2,,,,,,,,,,0
1407723,,2,,,,,,,,,,0
1407724,,2,,,,,,,,,,0
1407725,,2,,,,,,,,,,0
1407726,,2,,,,,,,,,,0
1407727,,2,,,,,,,,,,0
1407728,,2,,,,,,,,,,0
1407729,,2,,,,,,,,,,0
1407730,,2,,,,,,,,,,0
1407731,,2,,,,,,,,,,0
1407732,,2,,,,,,,,,,0
1407733,,2,,,,,,,,,,0
1407734,,2,,,,,,,,,,0
1407735,,2,,,,,,,,,,0
1407736,,2,,,,,,,,,,0
1407737,,2,,,,,,,,,,0
1407738,,2,,,,,,,,,,0
1407739,,2,,,,,,,,,,0
1407740,,2,,,,,,,,,,0
1407741,,2,,,,,,,,,,0
1407742,,2,,,,,,,,,,0
1407743,,2,,,,,,,,,,0
1407744,,2,,,,,,,,,,0
1407745,,2,,,,,,,,,,0
1407746,,2,,,,,,,,,,0
1407747,,2,,,,,,,,,,0
1407748,,2,,,,,,,,,,0
1407749,,2,,,,,,,,,,0
1407750,,2,,,,,,,,,,0
1407751,,2,,,,,,,,,,0
1407752,,2,,,,,,,,,,0
1407753,,2,,,,,,,,,,0
1407754,,2,,,,,,,,,,0
1407755,,2,,,,,,,,,,0
1407756,,2,,,,,,,,,,0
1407757,,2,,,,,,,,,,0
1407758,,2,,,,,,,,,,0
1407759,,2,,,,,,,,,,0
1407760,,2,,,,,,,,,,0
1407761,,2,,,,,,,,,,0
1407762,,2,,,,,,,,,,0
1407763,,2,,,,,,,,,,0
1407764,,2,,,,,,,,,,0
1407765,,2,,,,,,,,,,0
1407766,,2,,,,,,,,,,0
1407767,,2,,,,,,,,,,0
1407768,,2,,,,,,,,,,0
1407769,,2,,,,,,,,,,0
1407770,,2,,,,,,,,,,0
1407771,,2,,,,,,,,,,0
1407772,,2,,,,,,,,,,0
1407773,,2,,,,,,,,,,0
1407774,,2,,,,,,,,,,0
1407775,,2,,,,,,,,,,0
1407776,,2,,,,,,,,,,0
1407777,,2,,,,,,,,,,0
1407778,,2,,,,,,,,,,0
1407779,,2,,,,,,,,,,0
1407780,,2,,,,,,,,,,0
1407781,,2,,,,,,,,,,0
1407782,,2,,,,,,,,,,0
1407783,,2,,,,,,,,,,0
1407784,,2,,,,,,,,,,0
1407785,,2,,,,,,,,,,0
1407786,,2,,,,,,,,,,0
1407787,,2,,,,,,,,,,0
1407788,,2,,,,,,,,,,0
1407789,,2,,,,,,,,,,0
1407790,,2,,,,,,,,,,0
1407791,,2,,,,,,,,,,0
1407792,,2,,,,,,,,,,0
1407793,,2,,,,,,,,,,0
1407794,,2,,,,,,,,,,0
1407795,,2,,,,,,,,,,0
1407796,,2,,,,,,,,,,0
1407797,,2,,,,,,,,,,0
1407798,,2,,,,,,,,,,0
1407799,,2,,,,,,,,,,0
1407800,,2,,,,,,,,,,0
1407801,,2,,,,,,,,,,0
1407802,,2,,,,,,,,,,0
1407803,,2,,,,,,,,,,0
1407804,,2,,,,,,,,,,0
1407805,,2,,,,,,,,,,0
1407806,,2,,,,,,,,,,0
1407807,,2,,,,,,,,,,0
1407808,,2,,,,,,,,,,0
1407809,,2,,,,,,,,,,0
1407810,,2,,,,,,,,,,0
1407811,,2,,,,,,,,,,0
1407812,,2,,,,,,,,,,0
1407813,,2,,,,,,,,,,0
1407814,,2,,,,,,,,,,0
1407815,,2,,,,,,,,,,0
1407816,,2,,,,,,,,,,0
1407817,,2,,,,,,,,,,0
1407818,,2,,,,,,,,,,0
1407819,,2,,,,,,,,,,0
1407820,,2,,,,,,,,,,0
1407821,,2,,,,,,,,,,0
1407822,,2,,,,,,,,,,0
1407823,,2,,,,,,,,,,0
1407824,,2,,,,,,,,,,0
1407825,,2,,,,,,,,,,0
1407826,,2,,,,,,,,,,0
1407827,,2,,,,,,,,,,0
1407828,,2,,,,,,,,,,0
1407829,,2,,,,,,,,,,0
1407830,,2,,,,,,,,,,0
1407831,,2,,,,,,,,,,0
1407832,,2,,,,,,,,,,0
1407833,,2,,,,,,,,,,0
1407834,,2,,,,,,,,,,0
1407835,,2,,,,,,,,,,0
1407836,,2,,,,,,,,,,0
1407837,,2,,,,,,,,,,0
1407838,,2,,,,,,,,,,0
1407839,,2,,,,,,,,,,0
1407840,,2,,,,,,,,,,0
1407841,,2,,,,,,,,,,0
1407842,,2,,,,,,,,,,0
1407843,,2,,,,,,,,,,0
1407844,,2,,,,,,,,,,0
1407845,,2,,,,,,,,,,0
1407846,,2,,,,,,,,,,0
1407847,,2,,,,,,,,,,0
1407848,,2,,,,,,,,,,0
1407849,,2,,,,,,,,,,0
1407850,,2,,,,,,,,,,0
1407851,,2,,,,,,,,,,0
1407852,,2,,,,,,,,,,0
1407853,,2,,,,,,,,,,0
1407854,,2,,,,,,,,,,0
1407855,,2,,,,,,,,,,0
1407856,,2,,,,,,,,,,0
1407857,,2,,,,,,,,,,0
1407858,,2,,,,,,,,,,0
1407859,,2,,,,,,,,,,0
1407860,,2,,,,,,,,,,0
1407861,,2,,,,,,,,,,0
1407862,,2,,,,,,,,,,0
1407863,,2,,,,,,,,,,0
1407864,,2,,,,,,,,,,0
1407865,,2,,,,,,,,,,0
1407866,,2,,,,,,,,,,0
1407867,,2,,,,,,,,,,0
1407868,,2,,,,,,,,,,0
1407869,,2,,,,,,,,,,0
1407870,,2,,,,,,,,,,0
1407871,,2,,,,,,,,,,0
1407872,,2,,,,,,,,,,0
1407873,,2,,,,,,,,,,0
1407874,,2,,,,,,,,,,0
1407875,,2,,,,,,,,,,0
1407876,,2,,,,,,,,,,0
1407877,,2,,,,,,,,,,0
1407878,,2,,,,,,,,,,0
1407879,,2,,,,,,,,,,0
1407880,,2,,,,,,,,,,0
1407881,,2,,,,,,,,,,0
1407882,,2,,,,,,,,,,0
1407883,,2,,,,,,,,,,0
1407884,,2,,,,,,,,,,0
1407885,,2,,,,,,,,,,0
1407886,,2,,,,,,,,,,0
1407887,,2,,,,,,,,,,0
1407888,,2,,,,,,,,,,0
1407889,,2,,,,,,,,,,0
1407890,,2,,,,,,,,,,0
1407891,,2,,,,,,,,,,0
1407892,,2,,,,,,,,,,0
1407893,,2,,,,,,,,,,0
1407894,,2,,,,,,,,,,0
1407895,,2,,,,,,,,,,0
1407896,,2,,,,,,,,,,0
1407897,,2,,,,,,,,,,0
1407898,,2,,,,,,,,,,0
1407899,,2,,,,,,,,,,0
1407900,,2,,,,,,,,,,0
1407901,,2,,,,,,,,,,0
1407902,,2,,,,,,,,,,0
1407903,,2,,,,,,,,,,0
1407904,,2,,,,,,,,,,0
1407905,,2,,,,,,,,,,0
1407906,,2,,,,,,,,,,0
1407907,,2,,,,,,,,,,0
1407908,,2,,,,,,,,,,0
1407909,,2,,,,,,,,,,0
1407910,,2,,,,,,,,,,0
1407911,,2,,,,,,,,,,0
1407912,,2,,,,,,,,,,0
1407913,,2,,,,,,,,,,0
1407914,,2,,,,,,,,,,0
1407915,,2,,,,,,,,,,0
1407916,,2,,,,,,,,,,0
1407917,,2,,,,,,,,,,0
1407918,,2,,,,,,,,,,0
1407919,,2,,,,,,,,,,0
1407920,,2,,,,,,,,,,0
1407921,,2,,,,,,,,,,0
1407922,,2,,,,,,,,,,0
1407923,,2,,,,,,,,,,0
1407924,,2,,,,,,,,,,0
1407925,,2,,,,,,,,,,0
1407926,,2,,,,,,,,,,0
1407927,,2,,,,,,,,,,0
1407928,,2,,,,,,,,,,0
1407929,,2,,,,,,,,,,0
1407930,,2,,,,,,,,,,0
1407931,,2,,,,,,,,,,0
1407932,,2,,,,,,,,,,0
1407933,,2,,,,,,,,,,0
1407934,,2,,,,,,,,,,0
1407935,,2,,,,,,,,,,0
1407936,,2,,,,,,,,,,0
1407937,,2,,,,,,,,,,0
1407938,,2,,,,,,,,,,0
1407939,,2,,,,,,,,,,0
1407940,,2,,,,,,,,,,0
1407941,,2,,,,,,,,,,0
1407942,,2,,,,,,,,,,0
1407943,,2,,,,,,,,,,0
1407944,,2,,,,,,,,,,0
1407945,,2,,,,,,,,,,0
1407946,,2,,,,,,,,,,0
1407947,,2,,,,,,,,,,0
1407948,,2,,,,,,,,,,0
1407949,,2,,,,,,,,,,0
1407950,,2,,,,,,,,,,0
1407951,,2,,,,,,,,,,0
1407952,,2,,,,,,,,,,0
1407953,,2,,,,,,,,,,0
1407954,,2,,,,,,,,,,0
1407955,,2,,,,,,,,,,0
1407956,,2,,,,,,,,,,0
1407957,,2,,,,,,,,,,0
1407958,,2,,,,,,,,,,0
1407959,,2,,,,,,,,,,0
1407960,,2,,,,,,,,,,0
1407961,,2,,,,,,,,,,0
1407962,,2,,,,,,,,,,0
1407963,,2,,,,,,,,,,0
1407964,,2,,,,,,,,,,0
1407965,,2,,,,,,,,,,0
1407966,,2,,,,,,,,,,0
1407967,,2,,,,,,,,,,0
1407968,,2,,,,,,,,,,0
1407969,,2,,,,,,,,,,0
1407970,,2,,,,,,,,,,0
1407971,,2,,,,,,,,,,0
1407972,,2,,,,,,,,,,0
1407973,,2,,,,,,,,,,0
9217988,,1,,,,,,,,,,0
9217989,,1,,,,,,,,,,0
9217990,,1,,,,,,,,,,0
9217991,,1,,,,,,,,,,0
9217992,,1,,,,,,,,,,0
9217993,,1,,,,,,,,,,0
9217994,,1,,,,,,,,,,0
9217995,,1,,,,,,,,,,0
9217996,,1,,,,,,,,,,0
9217997,,1,,,,,,,,,,0
9217998,,1,,,,,,,,,,0
9217999,,1,,,,,,,,,,0
9218000,,1,,,,,,,,,,0
9218001,,1,,,,,,,,,,0
9218002,,1,,,,,,,,,,0
9218003,,1,,,,,,,,,,0
9218004,,1,,,,,,,,,,0
9218005,,1,,,,,,,,,,0
9218006,,1,,,,,,,,,,0
9218007,,1,,,,,,,,,,0
9218008,,1,,,,,,,,,,0
9218009,,1,,,,,,,,,,0
9218010,,1,,,,,,,,,,0
9218011,,1,,,,,,,,,,0
9218012,,1,,,,,,,,,,0
9218013,,1,,,,,,,,,,0
9218014,,1,,,,,,,,,,0
9218015,,1,,,,,,,,,,0
9218016,,1,,,,,,,,,,0
9218017,,1,,,,,,,,,,0
9218018,,1,,,,,,,,,,0
9218019,,1,,,,,,,,,,0
9218020,,1,,,,,,,,,,0
9218021,,1,,,,,,,,,,0
9218022,,1,,,,,,,,,,0
9218023,,1,,,,,,,,,,0
9218024,,1,,,,,,,,,,0
9218025,,1,,,,,,,,,,0
9218026,,1,,,,,,,,,,0
9218027,,1,,,,,,,,,,0
9218028,,1,,,,,,,,,,0
9218029,,1,,,,,,,,,,0
9218030,,1,,,,,,,,,,0
9218031,,1,,,,,,,,,,0
9218032,,1,,,,,,,,,,0
9218033,,1,,,,,,,,,,0
9218034,,1,,,,,,,,,,0
9218035,,1,,,,,,,,,,0
9218036,,1,,,,,,,,,,0
9218037,,1,,,,,,,,,,0
9218038,,1,,,,,,,,,,0
9218039,,1,,,,,,,,,,0
9218040,,1,,,,,,,,,,0
9218041,,1,,,,,,,,,,0
9218042,,1,,,,,,,,,,0
9218043,,1,,,,,,,,,,0
9218044,,1,,,,,,,,,,0
9218045,,1,,,,,,,,,,0
9218046,,1,,,,,,,,,,0
9218047,,1,,,,,,,,,,0
9218048,,1,,,,,,,,,,0
9218049,,1,,,,,,,,,,0
9218050,,1,,,,,,,,,,0
9218051,,1,,,,,,,,,,0
9218052,,1,,,,,,,,,,0
9218053,,1,,,,,,,,,,0
9218054,,1,,,,,,,,,,0
9218055,,1,,,,,,,,,,0
9218056,,1,,,,,,,,,,0
9218057,,1,,,,,,,,,,0
9218058,,1,,,,,,,,,,0
9218059,,1,,,,,,,,,,0
9218060,,1,,,,,,,,,,0
9218061,,1,,,,,,,,,,0
9218062,,1,,,,,,,,,,0
9218063,,1,,,,,,,,,,0
9218064,,1,,,,,,,,,,0
9218065,,1,,,,,,,,,,0
9218066,,1,,,,,,,,,,0
9218067,,1,,,,,,,,,,0
9218068,,1,,,,,,,,,,0
9218069,,1,,,,,,,,,,0
9218070,,1,,,,,,,,,,0
9218071,,1,,,,,,,,,,0
9218072,,1,,,,,,,,,,0
9218073,,1,,,,,,,,,,0
9218074,,1,,,,,,,,,,0
9218075,,1,,,,,,,,,,0
9218076,,1,,,,,,,,,,0
9218077,,1,,,,,,,,,,0
9218078,,1,,,,,,,,,,0
9218079,,1,,,,,,,,,,0
9218080,,1,,,,,,,,,,0
9218081,,1,,,,,,,,,,0
9218082,,1,,,,,,,,,,0
9218083,,1,,,,,,,,,,0
9218084,,1,,,,,,,,,,0
9218085,,1,,,,,,,,,,0
9218086,,1,,,,,,,,,,0
9218087,,1,,,,,,,,,,0
9218088,,1,,,,,,,,,,0
9218089,,1,,,,,,,,,,0
9218090,,1,,,,,,,,,,0
9218091,,1,,,,,,,,,,0
9218092,,1,,,,,,,,,,0
9218093,,1,,,,,,,,,,0
9218094,,1,,,,,,,,,,0
9218095,,1,,,,,,,,,,0
9218096,,1,,,,,,,,,,0
9218097,,1,,,,,,,,,,0
9218098,,1,,,,,,,,,,0
9218099,,1,,,,,,,,,,0
9218100,,1,,,,,,,,,,0
9218101,,1,,,,,,,,,,0
9218102,,1,,,,,,,,,,0
9218103,,1,,,,,,,,,,0
9218104,,1,,,,,,,,,,0
9218105,,1,,,,,,,,,,0
9218106,,1,,,,,,,,,,0
9218107,,1,,,,,,,,,,0
9218108,,1,,,,,,,,,,0
9218109,,1,,,,,,,,,,0
9218110,,1,,,,,,,,,,0
9218111,,1,,,,,,,,,,0
9218112,,1,,,,,,,,,,0
9218113,,1,,,,,,,,,,0
9218114,,1,,,,,,,,,,0
9218115,,1,,,,,,,,,,0
9218116,,1,,,,,,,,,,0
9218117,,1,,,,,,,,,,0
9218118,,1,,,,,,,,,,0
9218119,,1,,,,,,,,,,0
9218120,,1,,,,,,,,,,0
9218121,,1,,,,,,,,,,0
9218122,,1,,,,,,,,,,0
9218123,,1,,,,,,,,,,0
9218124,,1,,,,,,,,,,0
9218125,,1,,,,,,,,,,0
9218126,,1,,,,,,,,,,0
9218127,,1,,,,,,,,,,0
9218128,,1,,,,,,,,,,0
9218129,,1,,,,,,,,,,0
9218130,,1,,,,,,,,,,0
9218131,,1,,,,,,,,,,0
9218132,,1,,,,,,,,,,0
9218133,,1,,,,,,,,,,0
9218134,,1,,,,,,,,,,0
9218135,,1,,,,,,,,,,0
9218136,,1,,,,,,,,,,0
9218137,,1,,,,,,,,,,0
9218138,,1,,,,,,,,,,0
9218139,,1,,,,,,,,,,0
9218140,,1,,,,,,,,,,0
9218141,,1,,,,,,,,,,0
9218142,,1,,,,,,,,,,0
9218143,,1,,,,,,,,,,0
9218144,,1,,,,,,,,,,0
9218145,,1,,,,,,,,,,0
9218146,,1,,,,,,,,,,0
9218147,,1,,,,,,,,,,0
9218148,,1,,,,,,,,,,0
9218149,,1,,,,,,,,,,0
9218150,,1,,,,,,,,,,0
9218151,,1,,,,,,,,,,0
9218152,,1,,,,,,,,,,0
9218153,,1,,,,,,,,,,0
9218154,,1,,,,,,,,,,0
9218155,,1,,,,,,,,,,0
9218156,,1,,,,,,,,,,0
9218157,,1,,,,,,,,,,0
9218158,,1,,,,,,,,,,0
9218159,,1,,,,,,,,,,0
9218160,,1,,,,,,,,,,0
9218161,,1,,,,,,,,,,0
9218162,,1,,,,,,,,,,0
9218163,,1,,,,,,,,,,0
9218164,,1,,,,,,,,,,0
9218165,,1,,,,,,,,,,0
9218166,,1,,,,,,,,,,0
9218167,,1,,,,,,,,,,0
9218168,,1,,,,,,,,,,0
9218169,,1,,,,,,,,,,0
9218170,,1,,,,,,,,,,0
9218171,,1,,,,,,,,,,0
9218172,,1,,,,,,,,,,0
9218173,,1,,,,,,,,,,0
9218174,,1,,,,,,,,,,0
9218175,,1,,,,,,,,,,0
9218176,,1,,,,,,,,,,0
9218177,,1,,,,,,,,,,0
9218178,,1,,,,,,,,,,0
9218179,,1,,,,,,,,,,0
9218180,,1,,,,,,,,,,0
9218181,,1,,,,,,,,,,0
9218182,,1,,,,,,,,,,0
9218183,,1,,,,,,,,,,0
9218184,,1,,,,,,,,,,0
9218185,,1,,,,,,,,,,0
9218186,,1,,,,,,,,,,0
9218187,,1,,,,,,,,,,0
9218188,,1,,,,,,,,,,0
9218189,,1,,,,,,,,,,0
9218190,,1,,,,,,,,,,0
9218191,,1,,,,,,,,,,0
9218192,,1,,,,,,,,,,0
9218193,,1,,,,,,,,,,0
9218194,,1,,,,,,,,,,0
9218195,,1,,,,,,,,,,0
9218196,,1,,,,,,,,,,0
9218197,,1,,,,,,,,,,0
9218198,,1,,,,,,,,,,0
9218199,,1,,,,,,,,,,0
9218200,,1,,,,,,,,,,0
9218201,,1,,,,,,,,,,0
9218202,,1,,,,,,,,,,0
9218203,,1,,,,,,,,,,0
9218204,,1,,,,,,,,,,0
9218205,,1,,,,,,,,,,0
9218206,,1,,,,,,,,,,0
9218207,,1,,,,,,,,,,0
9218208,,1,,,,,,,,,,0
9218209,,1,,,,,,,,,,0
9218210,,1,,,,,,,,,,0
9218211,,1,,,,,,,,,,0
9218212,,1,,,,,,,,,,0
9218213,,1,,,,,,,,,,0
9218214,,1,,,,,,,,,,0
9218215,,1,,,,,,,,,,0
9218216,,1,,,,,,,,,,0
9218217,,1,,,,,,,,,,0
9218218,,1,,,,,,,,,,0
9218219,,1,,,,,,,,,,0
9218220,,1,,,,,,,,,,0
9218221,,1,,,,,,,,,,0
9218222,,1,,,,,,,,,,0
9218223,,1,,,,,,,,,,0
9218224,,1,,,,,,,,,,0
9218225,,1,,,,,,,,,,0
9218226,,1,,,,,,,,,,0
9218227,,1,,,,,,,,,,0
9218228,,1,,,,,,,,,,0
9218229,,1,,,,,,,,,,0
9218230,,1,,,,,,,,,,0
9218231,,1,,,,,,,,,,0
9218232,,1,,,,,,,,,,0
9218233,,1,,,,,,,,,,0
9218234,,1,,,,,,,,,,0
9218235,,1,,,,,,,,,,0
9218236,,1,,,,,,,,,,0
9218237,,1,,,,,,,,,,0
9218238,,1,,,,,,,,,,0
9218239,,1,,,,,,,,,,0
9218240,,1,,,,,,,,,,0
9218241,,1,,,,,,,,,,0
9218242,,1,,,,,,,,,,0
9218243,,1,,,,,,,,,,0
9218244,,1,,,,,,,,,,0
9218245,,1,,,,,,,,,,0
9218246,,1,,,,,,,,,,0
9218247,,1,,,,,,,,,,0
9218248,,1,,,,,,,,,,0
9218249,,1,,,,,,,,,,0
9218250,,1,,,,,,,,,,0
9218251,,1,,,,,,,,,,0
9218252,,1,,,,,,,,,,0
9218253,,1,,,,,,,,,,0
9218254,,1,,,,,,,,,,0
9218255,,1,,,,,,,,,,0
9218256,,1,,,,,,,,,,0
9218257,,1,,,,,,,,,,0
9218258,,1,,,,,,,,,,0
9218259,,1,,,,,,,,,,0
9218260,,1,,,,,,,,,,0
9218261,,1,,,,,,,,,,0
9218262,,1,,,,,,,,,,0
9218263,,1,,,,,,,,,,0
9218264,,1,,,,,,,,,,0
9218265,,1,,,,,,,,,,0
9218266,,1,,,,,,,,,,0
9218267,,1,,,,,,,,,,0
9218268,,1,,,,,,,,,,0
9218269,,1,,,,,,,,,,0
9218270,,1,,,,,,,,,,0
9218271,,1,,,,,,,,,,0
9218272,,1,,,,,,,,,,0
9218273,,1,,,,,,,,,,0
9218274,,1,,,,,,,,,,0
9218275,,1,,,,,,,,,,0
9218276,,1,,,,,,,,,,0
9218277,,1,,,,,,,,,,0
9218278,,1,,,,,,,,,,0
9218279,,1,,,,,,,,,,0
9218280,,1,,,,,,,,,,0
9218281,,1,,,,,,,,,,0
9218282,,1,,,,,,,,,,0
9218283,,1,,,,,,,,,,0
9218284,,1,,,,,,,,,,0
9218285,,1,,,,,,,,,,0
9218286,,1,,,,,,,,,,0
9218287,,1,,,,,,,,,,0
9218288,,1,,,,,,,,,,0
9218289,,1,,,,,,,,,,0
9218290,,1,,,,,,,,,,0
9218291,,1,,,,,,,,,,0
9218292,,1,,,,,,,,,,0
9218293,,1,,,,,,,,,,0
9218294,,1,,,,,,,,,,0
9218295,,1,,,,,,,,,,0
9218296,,1,,,,,,,,,,0
9218297,,1,,,,,,,,,,0
9218298,,1,,,,,,,,,,0
9218299,,1,,,,,,,,,,0
9218300,,1,,,,,,,,,,0
9218301,,1,,,,,,,,,,0
9218302,,1,,,,,,,,,,0
9218303,,1,,,,,,,,,,0
9218304,,1,,,,,,,,,,0
9218305,,1,,,,,,,,,,0
9218306,,1,,,,,,,,,,0
9218307,,1,,,,,,,,,,0
9218308,,1,,,,,,,,,,0
9218309,,1,,,,,,,,,,0
9218310,,1,,,,,,,,,,0
9218311,,1,,,,,,,,,,0
9218312,,1,,,,,,,,,,0
9218313,,1,,,,,,,,,,0
9218314,,1,,,,,,,,,,0
9218315,,1,,,,,,,,,,0
9218316,,1,,,,,,,,,,0
9218317,,1,,,,,,,,,,0
9218318,,1,,,,,,,,,,0
9218319,,1,,,,,,,,,,0
9218320,,1,,,,,,,,,,0
9218321,,1,,,,,,,,,,0
9218322,,1,,,,,,,,,,0
9218323,,1,,,,,,,,,,0
9218324,,1,,,,,,,,,,0
9218325,,1,,,,,,,,,,0
9218326,,1,,,,,,,,,,0
9218327,,1,,,,,,,,,,0
9218328,,1,,,,,,,,,,0
9218329,,1,,,,,,,,,,0
9218330,,1,,,,,,,,,,0
9218331,,1,,,,,,,,,,0
9218332,,1,,,,,,,,,,0
9218333,,1,,,,,,,,,,0
9218334,,1,,,,,,,,,,0
9218335,,1,,,,,,,,,,0
9218336,,1,,,,,,,,,,0
9218337,,1,,,,,,,,,,0
9218338,,1,,,,,,,,,,0
9218339,,1,,,,,,,,,,0
9218340,,1,,,,,,,,,,0
9218341,,1,,,,,,,,,,0
9218342,,1,,,,,,,,,,0
9218343,,1,,,,,,,,,,0
9218344,,1,,,,,,,,,,0
9218345,,1,,,,,,,,,,0
9218346,,1,,,,,,,,,,0
9218347,,1,,,,,,,,,,0
9218348,,1,,,,,,,,,,0
9218349,,1,,,,,,,,,,0
9218350,,1,,,,,,,,,,0
9218351,,1,,,,,,,,,,0
9218352,,1,,,,,,,,,,0
9218353,,1,,,,,,,,,,0
9218354,,1,,,,,,,,,,0
9218355,,1,,,,,,,,,,0
9218356,,1,,,,,,,,,,0
9218357,,1,,,,,,,,,,0
9218358,,1,,,,,,,,,,0
9218359,,1,,,,,,,,,,0
9218360,,1,,,,,,,,,,0
9218361,,1,,,,,,,,,,0
9218362,,1,,,,,,,,,,0
9218363,,1,,,,,,,,,,0
9218364,,1,,,,,,,,,,0
9218365,,1,,,,,,,,,,0
9218366,,1,,,,,,,,,,0
9218367,,1,,,,,,,,,,0
9218368,,1,,,,,,,,,,0
9218369,,1,,,,,,,,,,0
9218370,,1,,,,,,,,,,0
9218371,,1,,,,,,,,,,0
9218372,,1,,,,,,,,,,0
9218373,,1,,,,,,,,,,0
9218374,,1,,,,,,,,,,0
9218375,,1,,,,,,,,,,0
9218376,,1,,,,,,,,,,0
9218377,,1,,,,,,,,,,0
9218378,,1,,,,,,,,,,0
9218379,,1,,,,,,,,,,0
9218380,,1,,,,,,,,,,0
9218381,,1,,,,,,,,,,0
9218382,,1,,,,,,,,,,0
9218383,,1,,,,,,,,,,0
9218384,,1,,,,,,,,,,0
9218385,,1,,,,,,,,,,0
9218386,,1,,,,,,,,,,0
9218387,,1,,,,,,,,,,0
9218388,,1,,,,,,,,,,0
9218389,,1,,,,,,,,,,0
9218390,,1,,,,,,,,,,0
9218391,,1,,,,,,,,,,0
9218392,,1,,,,,,,,,,0
9218393,,1,,,,,,,,,,0
9218394,,1,,,,,,,,,,0
9218395,,1,,,,,,,,,,0
9218396,,1,,,,,,,,,,0
9218397,,1,,,,,,,,,,0
9218398,,1,,,,,,,,,,0
9218399,,1,,,,,,,,,,0
9218400,,1,,,,,,,,,,0
9218401,,1,,,,,,,,,,0
9218402,,1,,,,,,,,,,0
9218403,,1,,,,,,,,,,0
9218404,,1,,,,,,,,,,0
9218405,,1,,,,,,,,,,0
9218406,,1,,,,,,,,,,0
9218407,,1,,,,,,,,,,0
9218408,,1,,,,,,,,,,0
9218409,,1,,,,,,,,,,0
9218410,,1,,,,,,,,,,0
9218411,,1,,,,,,,,,,0
9218412,,1,,,,,,,,,,0
9218413,,1,,,,,,,,,,0
9218414,,1,,,,,,,,,,0
9218415,,1,,,,,,,,,,0
9218416,,1,,,,,,,,,,0
9218417,,1,,,,,,,,,,0
9218418,,1,,,,,,,,,,0
9218419,,1,,,,,,,,,,0
9218420,,1,,,,,,,,,,0
9218421,,1,,,,,,,,,,0
9218422,,1,,,,,,,,,,0
9218423,,1,,,,,,,,,,0
9218424,,1,,,,,,,,,,0
9218425,,1,,,,,,,,,,0
9218426,,1,,,,,,,,,,0
9218427,,1,,,,,,,,,,0
9218428,,1,,,,,,,,,,0
9218429,,1,,,,,,,,,,0
9218430,,1,,,,,,,,,,0
9218431,,1,,,,,,,,,,0
9218432,,1,,,,,,,,,,0
9218433,,1,,,,,,,,,,0
9218434,,1,,,,,,,,,,0
9218435,,1,,,,,,,,,,0
9218436,,1,,,,,,,,,,0
9218437,,1,,,,,,,,,,0
9218438,,1,,,,,,,,,,0
9218439,,1,,,,,,,,,,0
9218440,,1,,,,,,,,,,0
9218441,,1,,,,,,,,,,0
9218442,,1,,,,,,,,,,0
9218443,,1,,,,,,,,,,0
9218444,,1,,,,,,,,,,0
9218445,,1,,,,,,,,,,0
9218446,,1,,,,,,,,,,0
9218447,,1,,,,,,,,,,0
9218448,,1,,,,,,,,,,0
9218449,,1,,,,,,,,,,0
9218450,,1,,,,,,,,,,0
9218451,,1,,,,,,,,,,0
9218452,,1,,,,,,,,,,0
9218453,,1,,,,,,,,,,0
9218454,,1,,,,,,,,,,0
9218455,,1,,,,,,,,,,0
9218456,,1,,,,,,,,,,0
9218457,,1,,,,,,,,,,0
9218458,,1,,,,,,,,,,0
9218459,,1,,,,,,,,,,0
9218460,,1,,,,,,,,,,0
9218461,,1,,,,,,,,,,0
9218462,,1,,,,,,,,,,0
9218463,,1,,,,,,,,,,0
9218464,,1,,,,,,,,,,0
9218465,,1,,,,,,,,,,0
9218466,,1,,,,,,,,,,0
9218467,,1,,,,,,,,,,0
9218468,,1,,,,,,,,,,0
9218469,,1,,,,,,,,,,0
9218470,,1,,,,,,,,,,0
9218471,,1,,,,,,,,,,0
9218472,,1,,,,,,,,,,0
9218473,,1,,,,,,,,,,0
9218474,,1,,,,,,,,,,0
9218475,,1,,,,,,,,,,0
9218476,,1,,,,,,,,,,0
9218477,,1,,,,,,,,,,0
9218478,,1,,,,,,,,,,0
9218479,,1,,,,,,,,,,0
9218480,,1,,,,,,,,,,0
9218481,,1,,,,,,,,,,0
9218482,,1,,,,,,,,,,0
9218483,,1,,,,,,,,,,0
9218484,,1,,,,,,,,,,0
9218485,,1,,,,,,,,,,0
9218486,,1,,,,,,,,,,0
9218487,,1,,,,,,,,,,0
1407974,,2,,,,,,,,,,0
1407975,,2,,,,,,,,,,0
1407976,,2,,,,,,,,,,0
1407977,,2,,,,,,,,,,0
1407978,,2,,,,,,,,,,0
1407979,,2,,,,,,,,,,0
1407980,,2,,,,,,,,,,0
1407981,,2,,,,,,,,,,0
1407982,,2,,,,,,,,,,0
1407983,,2,,,,,,,,,,0
1407984,,2,,,,,,,,,,0
1407985,,2,,,,,,,,,,0
1407986,,2,,,,,,,,,,0
1407987,,2,,,,,,,,,,0
1407988,,2,,,,,,,,,,0
1407989,,2,,,,,,,,,,0
1407990,,2,,,,,,,,,,0
1407991,,2,,,,,,,,,,0
1407992,,2,,,,,,,,,,0
1407993,,2,,,,,,,,,,0
1407994,,2,,,,,,,,,,0
1407995,,2,,,,,,,,,,0
1407996,,2,,,,,,,,,,0
1407997,,2,,,,,,,,,,0
1407998,,2,,,,,,,,,,0
1407999,,2,,,,,,,,,,0
1408000,,2,,,,,,,,,,0
1408001,,2,,,,,,,,,,0
1408002,,2,,,,,,,,,,0
1408003,,2,,,,,,,,,,0
1408004,,2,,,,,,,,,,0
1408005,,2,,,,,,,,,,0
1408006,,2,,,,,,,,,,0
1408007,,2,,,,,,,,,,0
1408008,,2,,,,,,,,,,0
1408009,,2,,,,,,,,,,0
1408010,,2,,,,,,,,,,0
1408011,,2,,,,,,,,,,0
1408012,,2,,,,,,,,,,0
1408013,,2,,,,,,,,,,0
1408014,,2,,,,,,,,,,0
1408015,,2,,,,,,,,,,0
1408016,,2,,,,,,,,,,0
1408017,,2,,,,,,,,,,0
1408018,,2,,,,,,,,,,0
1408019,,2,,,,,,,,,,0
1408020,,2,,,,,,,,,,0
1408021,,2,,,,,,,,,,0
1408022,,2,,,,,,,,,,0
1408023,,2,,,,,,,,,,0
1408024,,2,,,,,,,,,,0
1408025,,2,,,,,,,,,,0
1408026,,2,,,,,,,,,,0
1408027,,2,,,,,,,,,,0
1408028,,2,,,,,,,,,,0
1408029,,2,,,,,,,,,,0
1408030,,2,,,,,,,,,,0
1408031,,2,,,,,,,,,,0
1408032,,2,,,,,,,,,,0
1408033,,2,,,,,,,,,,0
1408034,,2,,,,,,,,,,0
1408035,,2,,,,,,,,,,0
1408036,,2,,,,,,,,,,0
1408037,,2,,,,,,,,,,0
1408038,,2,,,,,,,,,,0
1408039,,2,,,,,,,,,,0
1408040,,2,,,,,,,,,,0
1408041,,2,,,,,,,,,,0
1408042,,2,,,,,,,,,,0
1408043,,2,,,,,,,,,,0
1408044,,2,,,,,,,,,,0
1408045,,2,,,,,,,,,,0
1408046,,2,,,,,,,,,,0
1408047,,2,,,,,,,,,,0
1408048,,2,,,,,,,,,,0
1408049,,2,,,,,,,,,,0
1408050,,2,,,,,,,,,,0
1408051,,2,,,,,,,,,,0
1408052,,2,,,,,,,,,,0
1408053,,2,,,,,,,,,,0
1408054,,2,,,,,,,,,,0
1408055,,2,,,,,,,,,,0
1408056,,2,,,,,,,,,,0
1408057,,2,,,,,,,,,,0
1408058,,2,,,,,,,,,,0
1408059,,2,,,,,,,,,,0
1408060,,2,,,,,,,,,,0
1408061,,2,,,,,,,,,,0
1408062,,2,,,,,,,,,,0
1408063,,2,,,,,,,,,,0
1408064,,2,,,,,,,,,,0
1408065,,2,,,,,,,,,,0
1408066,,2,,,,,,,,,,0
1408067,,2,,,,,,,,,,0
1408068,,2,,,,,,,,,,0
1408069,,2,,,,,,,,,,0
1408070,,2,,,,,,,,,,0
1408071,,2,,,,,,,,,,0
1408072,,2,,,,,,,,,,0
1408073,,2,,,,,,,,,,0
1408074,,2,,,,,,,,,,0
1408075,,2,,,,,,,,,,0
1408076,,2,,,,,,,,,,0
1408077,,2,,,,,,,,,,0
1408078,,2,,,,,,,,,,0
1408079,,2,,,,,,,,,,0
1408080,,2,,,,,,,,,,0
1408081,,2,,,,,,,,,,0
1408082,,2,,,,,,,,,,0
1408083,,2,,,,,,,,,,0
1408084,,2,,,,,,,,,,0
1408085,,2,,,,,,,,,,0
1408086,,2,,,,,,,,,,0
1408087,,2,,,,,,,,,,0
1408088,,2,,,,,,,,,,0
1408089,,2,,,,,,,,,,0
1408090,,2,,,,,,,,,,0
1408091,,2,,,,,,,,,,0
1408092,,2,,,,,,,,,,0
1408093,,2,,,,,,,,,,0
1408094,,2,,,,,,,,,,0
1408095,,2,,,,,,,,,,0
1408096,,2,,,,,,,,,,0
1408097,,2,,,,,,,,,,0
1408098,,2,,,,,,,,,,0
1408099,,2,,,,,,,,,,0
1408100,,2,,,,,,,,,,0
1408101,,2,,,,,,,,,,0
1408102,,2,,,,,,,,,,0
1408103,,2,,,,,,,,,,0
1408104,,2,,,,,,,,,,0
1408105,,2,,,,,,,,,,0
1408106,,2,,,,,,,,,,0
1408107,,2,,,,,,,,,,0
1408108,,2,,,,,,,,,,0
1408109,,2,,,,,,,,,,0
1408110,,2,,,,,,,,,,0
1408111,,2,,,,,,,,,,0
1408112,,2,,,,,,,,,,0
1408113,,2,,,,,,,,,,0
1408114,,2,,,,,,,,,,0
1408115,,2,,,,,,,,,,0
1408116,,2,,,,,,,,,,0
1408117,,2,,,,,,,,,,0
1408118,,2,,,,,,,,,,0
1408119,,2,,,,,,,,,,0
1408120,,2,,,,,,,,,,0
1408121,,2,,,,,,,,,,0
1408122,,2,,,,,,,,,,0
1408123,,2,,,,,,,,,,0
1408124,,2,,,,,,,,,,0
1408125,,2,,,,,,,,,,0
1408126,,2,,,,,,,,,,0
1408127,,2,,,,,,,,,,0
1408128,,2,,,,,,,,,,0
1408129,,2,,,,,,,,,,0
1408130,,2,,,,,,,,,,0
1408131,,2,,,,,,,,,,0
1408132,,2,,,,,,,,,,0
1408133,,2,,,,,,,,,,0
1408134,,2,,,,,,,,,,0
1408135,,2,,,,,,,,,,0
1408136,,2,,,,,,,,,,0
1408137,,2,,,,,,,,,,0
1408138,,2,,,,,,,,,,0
1408139,,2,,,,,,,,,,0
1408140,,2,,,,,,,,,,0
1408141,,2,,,,,,,,,,0
1408142,,2,,,,,,,,,,0
1408143,,2,,,,,,,,,,0
1408144,,2,,,,,,,,,,0
1408145,,2,,,,,,,,,,0
1408146,,2,,,,,,,,,,0
1408147,,2,,,,,,,,,,0
1408148,,2,,,,,,,,,,0
1408149,,2,,,,,,,,,,0
1408150,,2,,,,,,,,,,0
1408151,,2,,,,,,,,,,0
1408152,,2,,,,,,,,,,0
1408153,,2,,,,,,,,,,0
1408154,,2,,,,,,,,,,0
1408155,,2,,,,,,,,,,0
1408156,,2,,,,,,,,,,0
1408157,,2,,,,,,,,,,0
1408158,,2,,,,,,,,,,0
1408159,,2,,,,,,,,,,0
1408160,,2,,,,,,,,,,0
1408161,,2,,,,,,,,,,0
1408162,,2,,,,,,,,,,0
1408163,,2,,,,,,,,,,0
1408164,,2,,,,,,,,,,0
1408165,,2,,,,,,,,,,0
1408166,,2,,,,,,,,,,0
1408167,,2,,,,,,,,,,0
1408168,,2,,,,,,,,,,0
1408169,,2,,,,,,,,,,0
1408170,,2,,,,,,,,,,0
1408171,,2,,,,,,,,,,0
1408172,,2,,,,,,,,,,0
1408173,,2,,,,,,,,,,0
1408174,,2,,,,,,,,,,0
1408175,,2,,,,,,,,,,0
1408176,,2,,,,,,,,,,0
1408177,,2,,,,,,,,,,0
1408178,,2,,,,,,,,,,0
1408179,,2,,,,,,,,,,0
1408180,,2,,,,,,,,,,0
1408181,,2,,,,,,,,,,0
1408182,,2,,,,,,,,,,0
1408183,,2,,,,,,,,,,0
1408184,,2,,,,,,,,,,0
1408185,,2,,,,,,,,,,0
1408186,,2,,,,,,,,,,0
1408187,,2,,,,,,,,,,0
1408188,,2,,,,,,,,,,0
1408189,,2,,,,,,,,,,0
1408190,,2,,,,,,,,,,0
1408191,,2,,,,,,,,,,0
1408192,,2,,,,,,,,,,0
1408193,,2,,,,,,,,,,0
1408194,,2,,,,,,,,,,0
1408195,,2,,,,,,,,,,0
1408196,,2,,,,,,,,,,0
1408197,,2,,,,,,,,,,0
1408198,,2,,,,,,,,,,0
1408199,,2,,,,,,,,,,0
1408200,,2,,,,,,,,,,0
1408201,,2,,,,,,,,,,0
1408202,,2,,,,,,,,,,0
1408203,,2,,,,,,,,,,0
1408204,,2,,,,,,,,,,0
1408205,,2,,,,,,,,,,0
1408206,,2,,,,,,,,,,0
1408207,,2,,,,,,,,,,0
1408208,,2,,,,,,,,,,0
1408209,,2,,,,,,,,,,0
1408210,,2,,,,,,,,,,0
1408211,,2,,,,,,,,,,0
1408212,,2,,,,,,,,,,0
1408213,,2,,,,,,,,,,0
1408214,,2,,,,,,,,,,0
1408215,,2,,,,,,,,,,0
1408216,,2,,,,,,,,,,0
1408217,,2,,,,,,,,,,0
1408218,,2,,,,,,,,,,0
1408219,,2,,,,,,,,,,0
1408220,,2,,,,,,,,,,0
1408221,,2,,,,,,,,,,0
1408222,,2,,,,,,,,,,0
1408223,,2,,,,,,,,,,0
1408224,,2,,,,,,,,,,0
1408225,,2,,,,,,,,,,0
1408226,,2,,,,,,,,,,0
1408227,,2,,,,,,,,,,0
1408228,,2,,,,,,,,,,0
1408229,,2,,,,,,,,,,0
1408230,,2,,,,,,,,,,0
1408231,,2,,,,,,,,,,0
1408232,,2,,,,,,,,,,0
1408233,,2,,,,,,,,,,0
1408234,,2,,,,,,,,,,0
1408235,,2,,,,,,,,,,0
1408236,,2,,,,,,,,,,0
1408237,,2,,,,,,,,,,0
1408238,,2,,,,,,,,,,0
1408239,,2,,,,,,,,,,0
1408240,,2,,,,,,,,,,0
1408241,,2,,,,,,,,,,0
1408242,,2,,,,,,,,,,0
1408243,,2,,,,,,,,,,0
1408244,,2,,,,,,,,,,0
1408245,,2,,,,,,,,,,0
1408246,,2,,,,,,,,,,0
1408247,,2,,,,,,,,,,0
1408248,,2,,,,,,,,,,0
1408249,,2,,,,,,,,,,0
1408250,,2,,,,,,,,,,0
1408251,,2,,,,,,,,,,0
1408252,,2,,,,,,,,,,0
1408253,,2,,,,,,,,,,0
1408254,,2,,,,,,,,,,0
1408255,,2,,,,,,,,,,0
1408256,,2,,,,,,,,,,0
1408257,,2,,,,,,,,,,0
1408258,,2,,,,,,,,,,0
1408259,,2,,,,,,,,,,0
1408260,,2,,,,,,,,,,0
1408261,,2,,,,,,,,,,0
1408262,,2,,,,,,,,,,0
1408263,,2,,,,,,,,,,0
1408264,,2,,,,,,,,,,0
1408265,,2,,,,,,,,,,0
1408266,,2,,,,,,,,,,0
1408267,,2,,,,,,,,,,0
1408268,,2,,,,,,,,,,0
1408269,,2,,,,,,,,,,0
1408270,,2,,,,,,,,,,0
1408271,,2,,,,,,,,,,0
1408272,,2,,,,,,,,,,0
1408273,,2,,,,,,,,,,0
1408274,,2,,,,,,,,,,0
1408275,,2,,,,,,,,,,0
1408276,,2,,,,,,,,,,0
1408277,,2,,,,,,,,,,0
1408278,,2,,,,,,,,,,0
1408279,,2,,,,,,,,,,0
1408280,,2,,,,,,,,,,0
1408281,,2,,,,,,,,,,0
1408282,,2,,,,,,,,,,0
1408283,,2,,,,,,,,,,0
1408284,,2,,,,,,,,,,0
1408285,,2,,,,,,,,,,0
1408286,,2,,,,,,,,,,0
1408287,,2,,,,,,,,,,0
1408288,,2,,,,,,,,,,0
1408289,,2,,,,,,,,,,0
1408290,,2,,,,,,,,,,0
1408291,,2,,,,,,,,,,0
1408292,,2,,,,,,,,,,0
1408293,,2,,,,,,,,,,0
1408294,,2,,,,,,,,,,0
1408295,,2,,,,,,,,,,0
1408296,,2,,,,,,,,,,0
1408297,,2,,,,,,,,,,0
1408298,,2,,,,,,,,,,0
1408299,,2,,,,,,,,,,0
1408300,,2,,,,,,,,,,0
1408301,,2,,,,,,,,,,0
1408302,,2,,,,,,,,,,0
1408303,,2,,,,,,,,,,0
1408304,,2,,,,,,,,,,0
1408305,,2,,,,,,,,,,0
1408306,,2,,,,,,,,,,0
1408307,,2,,,,,,,,,,0
1408308,,2,,,,,,,,,,0
1408309,,2,,,,,,,,,,0
1408310,,2,,,,,,,,,,0
1408311,,2,,,,,,,,,,0
1408312,,2,,,,,,,,,,0
1408313,,2,,,,,,,,,,0
1408314,,2,,,,,,,,,,0
1408315,,2,,,,,,,,,,0
1408316,,2,,,,,,,,,,0
1408317,,2,,,,,,,,,,0
1408318,,2,,,,,,,,,,0
1408319,,2,,,,,,,,,,0
1408320,,2,,,,,,,,,,0
1408321,,2,,,,,,,,,,0
1408322,,2,,,,,,,,,,0
1408323,,2,,,,,,,,,,0
1408324,,2,,,,,,,,,,0
1408325,,2,,,,,,,,,,0
1408326,,2,,,,,,,,,,0
1408327,,2,,,,,,,,,,0
1408328,,2,,,,,,,,,,0
1408329,,2,,,,,,,,,,0
1408330,,2,,,,,,,,,,0
1408331,,2,,,,,,,,,,0
1408332,,2,,,,,,,,,,0
1408333,,2,,,,,,,,,,0
1408334,,2,,,,,,,,,,0
1408335,,2,,,,,,,,,,0
1408336,,2,,,,,,,,,,0
1408337,,2,,,,,,,,,,0
1408338,,2,,,,,,,,,,0
1408339,,2,,,,,,,,,,0
1408340,,2,,,,,,,,,,0
1408341,,2,,,,,,,,,,0
1408342,,2,,,,,,,,,,0
1408343,,2,,,,,,,,,,0
1408344,,2,,,,,,,,,,0
1408345,,2,,,,,,,,,,0
1408346,,2,,,,,,,,,,0
1408347,,2,,,,,,,,,,0
1408348,,2,,,,,,,,,,0
1408349,,2,,,,,,,,,,0
1408350,,2,,,,,,,,,,0
1408351,,2,,,,,,,,,,0
1408352,,2,,,,,,,,,,0
1408353,,2,,,,,,,,,,0
1408354,,2,,,,,,,,,,0
1408355,,2,,,,,,,,,,0
1408356,,2,,,,,,,,,,0
1408357,,2,,,,,,,,,,0
1408358,,2,,,,,,,,,,0
1408359,,2,,,,,,,,,,0
1408360,,2,,,,,,,,,,0
1408361,,2,,,,,,,,,,0
1408362,,2,,,,,,,,,,0
1408363,,2,,,,,,,,,,0
1408364,,2,,,,,,,,,,0
1408365,,2,,,,,,,,,,0
1408366,,2,,,,,,,,,,0
1408367,,2,,,,,,,,,,0
1408368,,2,,,,,,,,,,0
1408369,,2,,,,,,,,,,0
1408370,,2,,,,,,,,,,0
1408371,,2,,,,,,,,,,0
1408372,,2,,,,,,,,,,0
1408373,,2,,,,,,,,,,0
1408374,,2,,,,,,,,,,0
1408375,,2,,,,,,,,,,0
1408376,,2,,,,,,,,,,0
1408377,,2,,,,,,,,,,0
1408378,,2,,,,,,,,,,0
1408379,,2,,,,,,,,,,0
1408380,,2,,,,,,,,,,0
1408381,,2,,,,,,,,,,0
1408382,,2,,,,,,,,,,0
1408383,,2,,,,,,,,,,0
1408384,,2,,,,,,,,,,0
1408385,,2,,,,,,,,,,0
1408386,,2,,,,,,,,,,0
1408387,,2,,,,,,,,,,0
1408388,,2,,,,,,,,,,0
1408389,,2,,,,,,,,,,0
1408390,,2,,,,,,,,,,0
1408391,,2,,,,,,,,,,0
1408392,,2,,,,,,,,,,0
1408393,,2,,,,,,,,,,0
1408394,,2,,,,,,,,,,0
1408395,,2,,,,,,,,,,0
1408396,,2,,,,,,,,,,0
1408397,,2,,,,,,,,,,0
1408398,,2,,,,,,,,,,0
1408399,,2,,,,,,,,,,0
1408400,,2,,,,,,,,,,0
1408401,,2,,,,,,,,,,0
1408402,,2,,,,,,,,,,0
1408403,,2,,,,,,,,,,0
1408404,,2,,,,,,,,,,0
1408405,,2,,,,,,,,,,0
1408406,,2,,,,,,,,,,0
1408407,,2,,,,,,,,,,0
1408408,,2,,,,,,,,,,0
1408409,,2,,,,,,,,,,0
1408410,,2,,,,,,,,,,0
1408411,,2,,,,,,,,,,0
1408412,,2,,,,,,,,,,0
1408413,,2,,,,,,,,,,0
1408414,,2,,,,,,,,,,0
1408415,,2,,,,,,,,,,0
1408416,,2,,,,,,,,,,0
1408417,,2,,,,,,,,,,0
1408418,,2,,,,,,,,,,0
1408419,,2,,,,,,,,,,0
1408420,,2,,,,,,,,,,0
1408421,,2,,,,,,,,,,0
1408422,,2,,,,,,,,,,0
1408423,,2,,,,,,,,,,0
1408424,,2,,,,,,,,,,0
1408425,,2,,,,,,,,,,0
1408426,,2,,,,,,,,,,0
1408427,,2,,,,,,,,,,0
1408428,,2,,,,,,,,,,0
1408429,,2,,,,,,,,,,0
1408430,,2,,,,,,,,,,0
1408431,,2,,,,,,,,,,0
1408432,,2,,,,,,,,,,0
1408433,,2,,,,,,,,,,0
1408434,,2,,,,,,,,,,0
1408435,,2,,,,,,,,,,0
1408436,,2,,,,,,,,,,0
1408437,,2,,,,,,,,,,0
1408438,,2,,,,,,,,,,0
1408439,,2,,,,,,,,,,0
1408440,,2,,,,,,,,,,0
1408441,,2,,,,,,,,,,0
1408442,,2,,,,,,,,,,0
1408443,,2,,,,,,,,,,0
1408444,,2,,,,,,,,,,0
1408445,,2,,,,,,,,,,0
1408446,,2,,,,,,,,,,0
1408447,,2,,,,,,,,,,0
1408448,,2,,,,,,,,,,0
1408449,,2,,,,,,,,,,0
1408450,,2,,,,,,,,,,0
1408451,,2,,,,,,,,,,0
1408452,,2,,,,,,,,,,0
1408453,,2,,,,,,,,,,0
1408454,,2,,,,,,,,,,0
1408455,,2,,,,,,,,,,0
1408456,,2,,,,,,,,,,0
1408457,,2,,,,,,,,,,0
1408458,,2,,,,,,,,,,0
1408459,,2,,,,,,,,,,0
1408460,,2,,,,,,,,,,0
1408461,,2,,,,,,,,,,0
1408462,,2,,,,,,,,,,0
1408463,,2,,,,,,,,,,0
1408464,,2,,,,,,,,,,0
1408465,,2,,,,,,,,,,0
1408466,,2,,,,,,,,,,0
1408467,,2,,,,,,,,,,0
1408468,,2,,,,,,,,,,0
1408469,,2,,,,,,,,,,0
1408470,,2,,,,,,,,,,0
1408471,,2,,,,,,,,,,0
1408472,,2,,,,,,,,,,0
1408473,,2,,,,,,,,,,0
9218488,,1,,,,,,,,,,0
9218489,,1,,,,,,,,,,0
9218490,,1,,,,,,,,,,0
9218491,,1,,,,,,,,,,0
9218492,,1,,,,,,,,,,0
9218493,,1,,,,,,,,,,0
9218494,,1,,,,,,,,,,0
9218495,,1,,,,,,,,,,0
9218496,,1,,,,,,,,,,0
9218497,,1,,,,,,,,,,0
9218498,,1,,,,,,,,,,0
9218499,,1,,,,,,,,,,0
9218500,,1,,,,,,,,,,0
9218501,,1,,,,,,,,,,0
9218502,,1,,,,,,,,,,0
9218503,,1,,,,,,,,,,0
9218504,,1,,,,,,,,,,0
9218505,,1,,,,,,,,,,0
9218506,,1,,,,,,,,,,0
9218507,,1,,,,,,,,,,0
9218508,,1,,,,,,,,,,0
9218509,,1,,,,,,,,,,0
9218510,,1,,,,,,,,,,0
9218511,,1,,,,,,,,,,0
9218512,,1,,,,,,,,,,0
9218513,,1,,,,,,,,,,0
9218514,,1,,,,,,,,,,0
9218515,,1,,,,,,,,,,0
9218516,,1,,,,,,,,,,0
9218517,,1,,,,,,,,,,0
9218518,,1,,,,,,,,,,0
9218519,,1,,,,,,,,,,0
9218520,,1,,,,,,,,,,0
9218521,,1,,,,,,,,,,0
9218522,,1,,,,,,,,,,0
9218523,,1,,,,,,,,,,0
9218524,,1,,,,,,,,,,0
9218525,,1,,,,,,,,,,0
9218526,,1,,,,,,,,,,0
9218527,,1,,,,,,,,,,0
9218528,,1,,,,,,,,,,0
9218529,,1,,,,,,,,,,0
9218530,,1,,,,,,,,,,0
9218531,,1,,,,,,,,,,0
9218532,,1,,,,,,,,,,0
9218533,,1,,,,,,,,,,0
9218534,,1,,,,,,,,,,0
9218535,,1,,,,,,,,,,0
9218536,,1,,,,,,,,,,0
9218537,,1,,,,,,,,,,0
9218538,,1,,,,,,,,,,0
9218539,,1,,,,,,,,,,0
9218540,,1,,,,,,,,,,0
9218541,,1,,,,,,,,,,0
9218542,,1,,,,,,,,,,0
9218543,,1,,,,,,,,,,0
9218544,,1,,,,,,,,,,0
9218545,,1,,,,,,,,,,0
9218546,,1,,,,,,,,,,0
9218547,,1,,,,,,,,,,0
9218548,,1,,,,,,,,,,0
9218549,,1,,,,,,,,,,0
9218550,,1,,,,,,,,,,0
9218551,,1,,,,,,,,,,0
9218552,,1,,,,,,,,,,0
9218553,,1,,,,,,,,,,0
9218554,,1,,,,,,,,,,0
9218555,,1,,,,,,,,,,0
9218556,,1,,,,,,,,,,0
9218557,,1,,,,,,,,,,0
9218558,,1,,,,,,,,,,0
9218559,,1,,,,,,,,,,0
9218560,,1,,,,,,,,,,0
9218561,,1,,,,,,,,,,0
9218562,,1,,,,,,,,,,0
9218563,,1,,,,,,,,,,0
9218564,,1,,,,,,,,,,0
9218565,,1,,,,,,,,,,0
9218566,,1,,,,,,,,,,0
9218567,,1,,,,,,,,,,0
9218568,,1,,,,,,,,,,0
9218569,,1,,,,,,,,,,0
9218570,,1,,,,,,,,,,0
9218571,,1,,,,,,,,,,0
9218572,,1,,,,,,,,,,0
9218573,,1,,,,,,,,,,0
9218574,,1,,,,,,,,,,0
9218575,,1,,,,,,,,,,0
9218576,,1,,,,,,,,,,0
9218577,,1,,,,,,,,,,0
9218578,,1,,,,,,,,,,0
9218579,,1,,,,,,,,,,0
9218580,,1,,,,,,,,,,0
9218581,,1,,,,,,,,,,0
9218582,,1,,,,,,,,,,0
9218583,,1,,,,,,,,,,0
9218584,,1,,,,,,,,,,0
9218585,,1,,,,,,,,,,0
9218586,,1,,,,,,,,,,0
9218587,,1,,,,,,,,,,0
9218588,,1,,,,,,,,,,0
9218589,,1,,,,,,,,,,0
9218590,,1,,,,,,,,,,0
9218591,,1,,,,,,,,,,0
9218592,,1,,,,,,,,,,0
9218593,,1,,,,,,,,,,0
9218594,,1,,,,,,,,,,0
9218595,,1,,,,,,,,,,0
9218596,,1,,,,,,,,,,0
9218597,,1,,,,,,,,,,0
9218598,,1,,,,,,,,,,0
9218599,,1,,,,,,,,,,0
9218600,,1,,,,,,,,,,0
9218601,,1,,,,,,,,,,0
9218602,,1,,,,,,,,,,0
9218603,,1,,,,,,,,,,0
9218604,,1,,,,,,,,,,0
9218605,,1,,,,,,,,,,0
9218606,,1,,,,,,,,,,0
9218607,,1,,,,,,,,,,0
9218608,,1,,,,,,,,,,0
9218609,,1,,,,,,,,,,0
9218610,,1,,,,,,,,,,0
9218611,,1,,,,,,,,,,0
9218612,,1,,,,,,,,,,0
9218613,,1,,,,,,,,,,0
9218614,,1,,,,,,,,,,0
9218615,,1,,,,,,,,,,0
9218616,,1,,,,,,,,,,0
9218617,,1,,,,,,,,,,0
9218618,,1,,,,,,,,,,0
9218619,,1,,,,,,,,,,0
9218620,,1,,,,,,,,,,0
9218621,,1,,,,,,,,,,0
9218622,,1,,,,,,,,,,0
9218623,,1,,,,,,,,,,0
9218624,,1,,,,,,,,,,0
9218625,,1,,,,,,,,,,0
9218626,,1,,,,,,,,,,0
9218627,,1,,,,,,,,,,0
9218628,,1,,,,,,,,,,0
9218629,,1,,,,,,,,,,0
9218630,,1,,,,,,,,,,0
9218631,,1,,,,,,,,,,0
9218632,,1,,,,,,,,,,0
9218633,,1,,,,,,,,,,0
9218634,,1,,,,,,,,,,0
9218635,,1,,,,,,,,,,0
9218636,,1,,,,,,,,,,0
9218637,,1,,,,,,,,,,0
9218638,,1,,,,,,,,,,0
9218639,,1,,,,,,,,,,0
9218640,,1,,,,,,,,,,0
9218641,,1,,,,,,,,,,0
9218642,,1,,,,,,,,,,0
9218643,,1,,,,,,,,,,0
9218644,,1,,,,,,,,,,0
9218645,,1,,,,,,,,,,0
9218646,,1,,,,,,,,,,0
9218647,,1,,,,,,,,,,0
9218648,,1,,,,,,,,,,0
9218649,,1,,,,,,,,,,0
9218650,,1,,,,,,,,,,0
9218651,,1,,,,,,,,,,0
9218652,,1,,,,,,,,,,0
9218653,,1,,,,,,,,,,0
9218654,,1,,,,,,,,,,0
9218655,,1,,,,,,,,,,0
9218656,,1,,,,,,,,,,0
9218657,,1,,,,,,,,,,0
9218658,,1,,,,,,,,,,0
9218659,,1,,,,,,,,,,0
9218660,,1,,,,,,,,,,0
9218661,,1,,,,,,,,,,0
9218662,,1,,,,,,,,,,0
9218663,,1,,,,,,,,,,0
9218664,,1,,,,,,,,,,0
9218665,,1,,,,,,,,,,0
9218666,,1,,,,,,,,,,0
9218667,,1,,,,,,,,,,0
9218668,,1,,,,,,,,,,0
9218669,,1,,,,,,,,,,0
9218670,,1,,,,,,,,,,0
9218671,,1,,,,,,,,,,0
9218672,,1,,,,,,,,,,0
9218673,,1,,,,,,,,,,0
9218674,,1,,,,,,,,,,0
9218675,,1,,,,,,,,,,0
9218676,,1,,,,,,,,,,0
9218677,,1,,,,,,,,,,0
9218678,,1,,,,,,,,,,0
9218679,,1,,,,,,,,,,0
9218680,,1,,,,,,,,,,0
9218681,,1,,,,,,,,,,0
9218682,,1,,,,,,,,,,0
9218683,,1,,,,,,,,,,0
9218684,,1,,,,,,,,,,0
9218685,,1,,,,,,,,,,0
9218686,,1,,,,,,,,,,0
9218687,,1,,,,,,,,,,0
9218688,,1,,,,,,,,,,0
9218689,,1,,,,,,,,,,0
9218690,,1,,,,,,,,,,0
9218691,,1,,,,,,,,,,0
9218692,,1,,,,,,,,,,0
9218693,,1,,,,,,,,,,0
9218694,,1,,,,,,,,,,0
9218695,,1,,,,,,,,,,0
9218696,,1,,,,,,,,,,0
9218697,,1,,,,,,,,,,0
9218698,,1,,,,,,,,,,0
9218699,,1,,,,,,,,,,0
9218700,,1,,,,,,,,,,0
9218701,,1,,,,,,,,,,0
9218702,,1,,,,,,,,,,0
9218703,,1,,,,,,,,,,0
9218704,,1,,,,,,,,,,0
9218705,,1,,,,,,,,,,0
9218706,,1,,,,,,,,,,0
9218707,,1,,,,,,,,,,0
9218708,,1,,,,,,,,,,0
9218709,,1,,,,,,,,,,0
9218710,,1,,,,,,,,,,0
9218711,,1,,,,,,,,,,0
9218712,,1,,,,,,,,,,0
9218713,,1,,,,,,,,,,0
9218714,,1,,,,,,,,,,0
9218715,,1,,,,,,,,,,0
9218716,,1,,,,,,,,,,0
9218717,,1,,,,,,,,,,0
9218718,,1,,,,,,,,,,0
9218719,,1,,,,,,,,,,0
9218720,,1,,,,,,,,,,0
9218721,,1,,,,,,,,,,0
9218722,,1,,,,,,,,,,0
9218723,,1,,,,,,,,,,0
9218724,,1,,,,,,,,,,0
9218725,,1,,,,,,,,,,0
9218726,,1,,,,,,,,,,0
9218727,,1,,,,,,,,,,0
9218728,,1,,,,,,,,,,0
9218729,,1,,,,,,,,,,0
9218730,,1,,,,,,,,,,0
9218731,,1,,,,,,,,,,0
9218732,,1,,,,,,,,,,0
9218733,,1,,,,,,,,,,0
9218734,,1,,,,,,,,,,0
9218735,,1,,,,,,,,,,0
9218736,,1,,,,,,,,,,0
9218737,,1,,,,,,,,,,0
9218738,,1,,,,,,,,,,0
9218739,,1,,,,,,,,,,0
9218740,,1,,,,,,,,,,0
9218741,,1,,,,,,,,,,0
9218742,,1,,,,,,,,,,0
9218743,,1,,,,,,,,,,0
9218744,,1,,,,,,,,,,0
9218745,,1,,,,,,,,,,0
9218746,,1,,,,,,,,,,0
9218747,,1,,,,,,,,,,0
9218748,,1,,,,,,,,,,0
9218749,,1,,,,,,,,,,0
9218750,,1,,,,,,,,,,0
9218751,,1,,,,,,,,,,0
9218752,,1,,,,,,,,,,0
9218753,,1,,,,,,,,,,0
9218754,,1,,,,,,,,,,0
9218755,,1,,,,,,,,,,0
9218756,,1,,,,,,,,,,0
9218757,,1,,,,,,,,,,0
9218758,,1,,,,,,,,,,0
9218759,,1,,,,,,,,,,0
9218760,,1,,,,,,,,,,0
9218761,,1,,,,,,,,,,0
9218762,,1,,,,,,,,,,0
9218763,,1,,,,,,,,,,0
9218764,,1,,,,,,,,,,0
9218765,,1,,,,,,,,,,0
9218766,,1,,,,,,,,,,0
9218767,,1,,,,,,,,,,0
9218768,,1,,,,,,,,,,0
9218769,,1,,,,,,,,,,0
9218770,,1,,,,,,,,,,0
9218771,,1,,,,,,,,,,0
9218772,,1,,,,,,,,,,0
9218773,,1,,,,,,,,,,0
9218774,,1,,,,,,,,,,0
9218775,,1,,,,,,,,,,0
9218776,,1,,,,,,,,,,0
9218777,,1,,,,,,,,,,0
9218778,,1,,,,,,,,,,0
9218779,,1,,,,,,,,,,0
9218780,,1,,,,,,,,,,0
9218781,,1,,,,,,,,,,0
9218782,,1,,,,,,,,,,0
9218783,,1,,,,,,,,,,0
9218784,,1,,,,,,,,,,0
9218785,,1,,,,,,,,,,0
9218786,,1,,,,,,,,,,0
9218787,,1,,,,,,,,,,0
9218788,,1,,,,,,,,,,0
9218789,,1,,,,,,,,,,0
9218790,,1,,,,,,,,,,0
9218791,,1,,,,,,,,,,0
9218792,,1,,,,,,,,,,0
9218793,,1,,,,,,,,,,0
9218794,,1,,,,,,,,,,0
9218795,,1,,,,,,,,,,0
9218796,,1,,,,,,,,,,0
9218797,,1,,,,,,,,,,0
9218798,,1,,,,,,,,,,0
9218799,,1,,,,,,,,,,0
9218800,,1,,,,,,,,,,0
9218801,,1,,,,,,,,,,0
9218802,,1,,,,,,,,,,0
9218803,,1,,,,,,,,,,0
9218804,,1,,,,,,,,,,0
9218805,,1,,,,,,,,,,0
9218806,,1,,,,,,,,,,0
9218807,,1,,,,,,,,,,0
9218808,,1,,,,,,,,,,0
9218809,,1,,,,,,,,,,0
9218810,,1,,,,,,,,,,0
9218811,,1,,,,,,,,,,0
9218812,,1,,,,,,,,,,0
9218813,,1,,,,,,,,,,0
9218814,,1,,,,,,,,,,0
9218815,,1,,,,,,,,,,0
9218816,,1,,,,,,,,,,0
9218817,,1,,,,,,,,,,0
9218818,,1,,,,,,,,,,0
9218819,,1,,,,,,,,,,0
9218820,,1,,,,,,,,,,0
9218821,,1,,,,,,,,,,0
9218822,,1,,,,,,,,,,0
9218823,,1,,,,,,,,,,0
9218824,,1,,,,,,,,,,0
9218825,,1,,,,,,,,,,0
9218826,,1,,,,,,,,,,0
9218827,,1,,,,,,,,,,0
9218828,,1,,,,,,,,,,0
9218829,,1,,,,,,,,,,0
9218830,,1,,,,,,,,,,0
9218831,,1,,,,,,,,,,0
9218832,,1,,,,,,,,,,0
9218833,,1,,,,,,,,,,0
9218834,,1,,,,,,,,,,0
9218835,,1,,,,,,,,,,0
9218836,,1,,,,,,,,,,0
9218837,,1,,,,,,,,,,0
9218838,,1,,,,,,,,,,0
9218839,,1,,,,,,,,,,0
9218840,,1,,,,,,,,,,0
9218841,,1,,,,,,,,,,0
9218842,,1,,,,,,,,,,0
9218843,,1,,,,,,,,,,0
9218844,,1,,,,,,,,,,0
9218845,,1,,,,,,,,,,0
9218846,,1,,,,,,,,,,0
9218847,,1,,,,,,,,,,0
9218848,,1,,,,,,,,,,0
9218849,,1,,,,,,,,,,0
9218850,,1,,,,,,,,,,0
9218851,,1,,,,,,,,,,0
9218852,,1,,,,,,,,,,0
9218853,,1,,,,,,,,,,0
9218854,,1,,,,,,,,,,0
9218855,,1,,,,,,,,,,0
9218856,,1,,,,,,,,,,0
9218857,,1,,,,,,,,,,0
9218858,,1,,,,,,,,,,0
9218859,,1,,,,,,,,,,0
9218860,,1,,,,,,,,,,0
9218861,,1,,,,,,,,,,0
9218862,,1,,,,,,,,,,0
9218863,,1,,,,,,,,,,0
9218864,,1,,,,,,,,,,0
9218865,,1,,,,,,,,,,0
9218866,,1,,,,,,,,,,0
9218867,,1,,,,,,,,,,0
9218868,,1,,,,,,,,,,0
9218869,,1,,,,,,,,,,0
9218870,,1,,,,,,,,,,0
9218871,,1,,,,,,,,,,0
9218872,,1,,,,,,,,,,0
9218873,,1,,,,,,,,,,0
9218874,,1,,,,,,,,,,0
9218875,,1,,,,,,,,,,0
9218876,,1,,,,,,,,,,0
9218877,,1,,,,,,,,,,0
9218878,,1,,,,,,,,,,0
9218879,,1,,,,,,,,,,0
9218880,,1,,,,,,,,,,0
9218881,,1,,,,,,,,,,0
9218882,,1,,,,,,,,,,0
9218883,,1,,,,,,,,,,0
9218884,,1,,,,,,,,,,0
9218885,,1,,,,,,,,,,0
9218886,,1,,,,,,,,,,0
9218887,,1,,,,,,,,,,0
9218888,,1,,,,,,,,,,0
9218889,,1,,,,,,,,,,0
9218890,,1,,,,,,,,,,0
9218891,,1,,,,,,,,,,0
9218892,,1,,,,,,,,,,0
9218893,,1,,,,,,,,,,0
9218894,,1,,,,,,,,,,0
9218895,,1,,,,,,,,,,0
9218896,,1,,,,,,,,,,0
9218897,,1,,,,,,,,,,0
9218898,,1,,,,,,,,,,0
9218899,,1,,,,,,,,,,0
9218900,,1,,,,,,,,,,0
9218901,,1,,,,,,,,,,0
9218902,,1,,,,,,,,,,0
9218903,,1,,,,,,,,,,0
9218904,,1,,,,,,,,,,0
9218905,,1,,,,,,,,,,0
9218906,,1,,,,,,,,,,0
9218907,,1,,,,,,,,,,0
9218908,,1,,,,,,,,,,0
9218909,,1,,,,,,,,,,0
9218910,,1,,,,,,,,,,0
9218911,,1,,,,,,,,,,0
9218912,,1,,,,,,,,,,0
9218913,,1,,,,,,,,,,0
9218914,,1,,,,,,,,,,0
9218915,,1,,,,,,,,,,0
9218916,,1,,,,,,,,,,0
9218917,,1,,,,,,,,,,0
9218918,,1,,,,,,,,,,0
9218919,,1,,,,,,,,,,0
9218920,,1,,,,,,,,,,0
9218921,,1,,,,,,,,,,0
9218922,,1,,,,,,,,,,0
9218923,,1,,,,,,,,,,0
9218924,,1,,,,,,,,,,0
9218925,,1,,,,,,,,,,0
9218926,,1,,,,,,,,,,0
9218927,,1,,,,,,,,,,0
9218928,,1,,,,,,,,,,0
9218929,,1,,,,,,,,,,0
9218930,,1,,,,,,,,,,0
9218931,,1,,,,,,,,,,0
9218932,,1,,,,,,,,,,0
9218933,,1,,,,,,,,,,0
9218934,,1,,,,,,,,,,0
9218935,,1,,,,,,,,,,0
9218936,,1,,,,,,,,,,0
9218937,,1,,,,,,,,,,0
9218938,,1,,,,,,,,,,0
9218939,,1,,,,,,,,,,0
9218940,,1,,,,,,,,,,0
9218941,,1,,,,,,,,,,0
9218942,,1,,,,,,,,,,0
9218943,,1,,,,,,,,,,0
9218944,,1,,,,,,,,,,0
9218945,,1,,,,,,,,,,0
9218946,,1,,,,,,,,,,0
9218947,,1,,,,,,,,,,0
9218948,,1,,,,,,,,,,0
9218949,,1,,,,,,,,,,0
9218950,,1,,,,,,,,,,0
9218951,,1,,,,,,,,,,0
9218952,,1,,,,,,,,,,0
9218953,,1,,,,,,,,,,0
9218954,,1,,,,,,,,,,0
9218955,,1,,,,,,,,,,0
9218956,,1,,,,,,,,,,0
9218957,,1,,,,,,,,,,0
9218958,,1,,,,,,,,,,0
9218959,,1,,,,,,,,,,0
9218960,,1,,,,,,,,,,0
9218961,,1,,,,,,,,,,0
9218962,,1,,,,,,,,,,0
9218963,,1,,,,,,,,,,0
9218964,,1,,,,,,,,,,0
9218965,,1,,,,,,,,,,0
9218966,,1,,,,,,,,,,0
9218967,,1,,,,,,,,,,0
9218968,,1,,,,,,,,,,0
9218969,,1,,,,,,,,,,0
9218970,,1,,,,,,,,,,0
9218971,,1,,,,,,,,,,0
9218972,,1,,,,,,,,,,0
9218973,,1,,,,,,,,,,0
9218974,,1,,,,,,,,,,0
9218975,,1,,,,,,,,,,0
9218976,,1,,,,,,,,,,0
9218977,,1,,,,,,,,,,0
9218978,,1,,,,,,,,,,0
9218979,,1,,,,,,,,,,0
9218980,,1,,,,,,,,,,0
9218981,,1,,,,,,,,,,0
9218982,,1,,,,,,,,,,0
9218983,,1,,,,,,,,,,0
9218984,,1,,,,,,,,,,0
9218985,,1,,,,,,,,,,0
9218986,,1,,,,,,,,,,0
9218987,,1,,,,,,,,,,0
1408474,,2,,,,,,,,,,0
1408475,,2,,,,,,,,,,0
1408476,,2,,,,,,,,,,0
1408477,,2,,,,,,,,,,0
1408478,,2,,,,,,,,,,0
1408479,,2,,,,,,,,,,0
1408480,,2,,,,,,,,,,0
1408481,,2,,,,,,,,,,0
1408482,,2,,,,,,,,,,0
1408483,,2,,,,,,,,,,0
1408484,,2,,,,,,,,,,0
1408485,,2,,,,,,,,,,0
1408486,,2,,,,,,,,,,0
1408487,,2,,,,,,,,,,0
1408488,,2,,,,,,,,,,0
1408489,,2,,,,,,,,,,0
1408490,,2,,,,,,,,,,0
1408491,,2,,,,,,,,,,0
1408492,,2,,,,,,,,,,0
1408493,,2,,,,,,,,,,0
1408494,,2,,,,,,,,,,0
1408495,,2,,,,,,,,,,0
1408496,,2,,,,,,,,,,0
1408497,,2,,,,,,,,,,0
1408498,,2,,,,,,,,,,0
1408499,,2,,,,,,,,,,0
1408500,,2,,,,,,,,,,0
1408501,,2,,,,,,,,,,0
1408502,,2,,,,,,,,,,0
1408503,,2,,,,,,,,,,0
1408504,,2,,,,,,,,,,0
1408505,,2,,,,,,,,,,0
1408506,,2,,,,,,,,,,0
1408507,,2,,,,,,,,,,0
1408508,,2,,,,,,,,,,0
1408509,,2,,,,,,,,,,0
1408510,,2,,,,,,,,,,0
1408511,,2,,,,,,,,,,0
1408512,,2,,,,,,,,,,0
1408513,,2,,,,,,,,,,0
1408514,,2,,,,,,,,,,0
1408515,,2,,,,,,,,,,0
1408516,,2,,,,,,,,,,0
1408517,,2,,,,,,,,,,0
1408518,,2,,,,,,,,,,0
1408519,,2,,,,,,,,,,0
1408520,,2,,,,,,,,,,0
1408521,,2,,,,,,,,,,0
1408522,,2,,,,,,,,,,0
1408523,,2,,,,,,,,,,0
1408524,,2,,,,,,,,,,0
1408525,,2,,,,,,,,,,0
1408526,,2,,,,,,,,,,0
1408527,,2,,,,,,,,,,0
1408528,,2,,,,,,,,,,0
1408529,,2,,,,,,,,,,0
1408530,,2,,,,,,,,,,0
1408531,,2,,,,,,,,,,0
1408532,,2,,,,,,,,,,0
1408533,,2,,,,,,,,,,0
1408534,,2,,,,,,,,,,0
1408535,,2,,,,,,,,,,0
1408536,,2,,,,,,,,,,0
1408537,,2,,,,,,,,,,0
1408538,,2,,,,,,,,,,0
1408539,,2,,,,,,,,,,0
1408540,,2,,,,,,,,,,0
1408541,,2,,,,,,,,,,0
1408542,,2,,,,,,,,,,0
1408543,,2,,,,,,,,,,0
1408544,,2,,,,,,,,,,0
1408545,,2,,,,,,,,,,0
1408546,,2,,,,,,,,,,0
1408547,,2,,,,,,,,,,0
1408548,,2,,,,,,,,,,0
1408549,,2,,,,,,,,,,0
1408550,,2,,,,,,,,,,0
1408551,,2,,,,,,,,,,0
1408552,,2,,,,,,,,,,0
1408553,,2,,,,,,,,,,0
1408554,,2,,,,,,,,,,0
1408555,,2,,,,,,,,,,0
1408556,,2,,,,,,,,,,0
1408557,,2,,,,,,,,,,0
1408558,,2,,,,,,,,,,0
1408559,,2,,,,,,,,,,0
1408560,,2,,,,,,,,,,0
1408561,,2,,,,,,,,,,0
1408562,,2,,,,,,,,,,0
1408563,,2,,,,,,,,,,0
1408564,,2,,,,,,,,,,0
1408565,,2,,,,,,,,,,0
1408566,,2,,,,,,,,,,0
1408567,,2,,,,,,,,,,0
1408568,,2,,,,,,,,,,0
1408569,,2,,,,,,,,,,0
1408570,,2,,,,,,,,,,0
1408571,,2,,,,,,,,,,0
1408572,,2,,,,,,,,,,0
1408573,,2,,,,,,,,,,0
1408574,,2,,,,,,,,,,0
1408575,,2,,,,,,,,,,0
1408576,,2,,,,,,,,,,0
1408577,,2,,,,,,,,,,0
1408578,,2,,,,,,,,,,0
1408579,,2,,,,,,,,,,0
1408580,,2,,,,,,,,,,0
1408581,,2,,,,,,,,,,0
1408582,,2,,,,,,,,,,0
1408583,,2,,,,,,,,,,0
1408584,,2,,,,,,,,,,0
1408585,,2,,,,,,,,,,0
1408586,,2,,,,,,,,,,0
1408587,,2,,,,,,,,,,0
1408588,,2,,,,,,,,,,0
1408589,,2,,,,,,,,,,0
1408590,,2,,,,,,,,,,0
1408591,,2,,,,,,,,,,0
1408592,,2,,,,,,,,,,0
1408593,,2,,,,,,,,,,0
1408594,,2,,,,,,,,,,0
1408595,,2,,,,,,,,,,0
1408596,,2,,,,,,,,,,0
1408597,,2,,,,,,,,,,0
1408598,,2,,,,,,,,,,0
1408599,,2,,,,,,,,,,0
1408600,,2,,,,,,,,,,0
1408601,,2,,,,,,,,,,0
1408602,,2,,,,,,,,,,0
1408603,,2,,,,,,,,,,0
1408604,,2,,,,,,,,,,0
1408605,,2,,,,,,,,,,0
1408606,,2,,,,,,,,,,0
1408607,,2,,,,,,,,,,0
1408608,,2,,,,,,,,,,0
1408609,,2,,,,,,,,,,0
1408610,,2,,,,,,,,,,0
1408611,,2,,,,,,,,,,0
1408612,,2,,,,,,,,,,0
1408613,,2,,,,,,,,,,0
1408614,,2,,,,,,,,,,0
1408615,,2,,,,,,,,,,0
1408616,,2,,,,,,,,,,0
1408617,,2,,,,,,,,,,0
1408618,,2,,,,,,,,,,0
1408619,,2,,,,,,,,,,0
1408620,,2,,,,,,,,,,0
1408621,,2,,,,,,,,,,0
1408622,,2,,,,,,,,,,0
1408623,,2,,,,,,,,,,0
1408624,,2,,,,,,,,,,0
1408625,,2,,,,,,,,,,0
1408626,,2,,,,,,,,,,0
1408627,,2,,,,,,,,,,0
1408628,,2,,,,,,,,,,0
1408629,,2,,,,,,,,,,0
1408630,,2,,,,,,,,,,0
1408631,,2,,,,,,,,,,0
1408632,,2,,,,,,,,,,0
1408633,,2,,,,,,,,,,0
1408634,,2,,,,,,,,,,0
1408635,,2,,,,,,,,,,0
1408636,,2,,,,,,,,,,0
1408637,,2,,,,,,,,,,0
1408638,,2,,,,,,,,,,0
1408639,,2,,,,,,,,,,0
1408640,,2,,,,,,,,,,0
1408641,,2,,,,,,,,,,0
1408642,,2,,,,,,,,,,0
1408643,,2,,,,,,,,,,0
1408644,,2,,,,,,,,,,0
1408645,,2,,,,,,,,,,0
1408646,,2,,,,,,,,,,0
1408647,,2,,,,,,,,,,0
1408648,,2,,,,,,,,,,0
1408649,,2,,,,,,,,,,0
1408650,,2,,,,,,,,,,0
1408651,,2,,,,,,,,,,0
1408652,,2,,,,,,,,,,0
1408653,,2,,,,,,,,,,0
1408654,,2,,,,,,,,,,0
1408655,,2,,,,,,,,,,0
1408656,,2,,,,,,,,,,0
1408657,,2,,,,,,,,,,0
1408658,,2,,,,,,,,,,0
1408659,,2,,,,,,,,,,0
1408660,,2,,,,,,,,,,0
1408661,,2,,,,,,,,,,0
1408662,,2,,,,,,,,,,0
1408663,,2,,,,,,,,,,0
1408664,,2,,,,,,,,,,0
1408665,,2,,,,,,,,,,0
1408666,,2,,,,,,,,,,0
1408667,,2,,,,,,,,,,0
1408668,,2,,,,,,,,,,0
1408669,,2,,,,,,,,,,0
1408670,,2,,,,,,,,,,0
1408671,,2,,,,,,,,,,0
1408672,,2,,,,,,,,,,0
1408673,,2,,,,,,,,,,0
1408674,,2,,,,,,,,,,0
1408675,,2,,,,,,,,,,0
1408676,,2,,,,,,,,,,0
1408677,,2,,,,,,,,,,0
1408678,,2,,,,,,,,,,0
1408679,,2,,,,,,,,,,0
1408680,,2,,,,,,,,,,0
1408681,,2,,,,,,,,,,0
1408682,,2,,,,,,,,,,0
1408683,,2,,,,,,,,,,0
1408684,,2,,,,,,,,,,0
1408685,,2,,,,,,,,,,0
1408686,,2,,,,,,,,,,0
1408687,,2,,,,,,,,,,0
1408688,,2,,,,,,,,,,0
1408689,,2,,,,,,,,,,0
1408690,,2,,,,,,,,,,0
1408691,,2,,,,,,,,,,0
1408692,,2,,,,,,,,,,0
1408693,,2,,,,,,,,,,0
1408694,,2,,,,,,,,,,0
1408695,,2,,,,,,,,,,0
1408696,,2,,,,,,,,,,0
1408697,,2,,,,,,,,,,0
1408698,,2,,,,,,,,,,0
1408699,,2,,,,,,,,,,0
1408700,,2,,,,,,,,,,0
1408701,,2,,,,,,,,,,0
1408702,,2,,,,,,,,,,0
1408703,,2,,,,,,,,,,0
1408704,,2,,,,,,,,,,0
1408705,,2,,,,,,,,,,0
1408706,,2,,,,,,,,,,0
1408707,,2,,,,,,,,,,0
1408708,,2,,,,,,,,,,0
1408709,,2,,,,,,,,,,0
1408710,,2,,,,,,,,,,0
1408711,,2,,,,,,,,,,0
1408712,,2,,,,,,,,,,0
1408713,,2,,,,,,,,,,0
1408714,,2,,,,,,,,,,0
1408715,,2,,,,,,,,,,0
1408716,,2,,,,,,,,,,0
1408717,,2,,,,,,,,,,0
1408718,,2,,,,,,,,,,0
1408719,,2,,,,,,,,,,0
1408720,,2,,,,,,,,,,0
1408721,,2,,,,,,,,,,0
1408722,,2,,,,,,,,,,0
1408723,,2,,,,,,,,,,0
1408724,,2,,,,,,,,,,0
1408725,,2,,,,,,,,,,0
1408726,,2,,,,,,,,,,0
1408727,,2,,,,,,,,,,0
1408728,,2,,,,,,,,,,0
1408729,,2,,,,,,,,,,0
1408730,,2,,,,,,,,,,0
1408731,,2,,,,,,,,,,0
1408732,,2,,,,,,,,,,0
1408733,,2,,,,,,,,,,0
1408734,,2,,,,,,,,,,0
1408735,,2,,,,,,,,,,0
1408736,,2,,,,,,,,,,0
1408737,,2,,,,,,,,,,0
1408738,,2,,,,,,,,,,0
1408739,,2,,,,,,,,,,0
1408740,,2,,,,,,,,,,0
1408741,,2,,,,,,,,,,0
1408742,,2,,,,,,,,,,0
1408743,,2,,,,,,,,,,0
1408744,,2,,,,,,,,,,0
1408745,,2,,,,,,,,,,0
1408746,,2,,,,,,,,,,0
1408747,,2,,,,,,,,,,0
1408748,,2,,,,,,,,,,0
1408749,,2,,,,,,,,,,0
1408750,,2,,,,,,,,,,0
1408751,,2,,,,,,,,,,0
1408752,,2,,,,,,,,,,0
1408753,,2,,,,,,,,,,0
1408754,,2,,,,,,,,,,0
1408755,,2,,,,,,,,,,0
1408756,,2,,,,,,,,,,0
1408757,,2,,,,,,,,,,0
1408758,,2,,,,,,,,,,0
1408759,,2,,,,,,,,,,0
1408760,,2,,,,,,,,,,0
1408761,,2,,,,,,,,,,0
1408762,,2,,,,,,,,,,0
1408763,,2,,,,,,,,,,0
1408764,,2,,,,,,,,,,0
1408765,,2,,,,,,,,,,0
1408766,,2,,,,,,,,,,0
1408767,,2,,,,,,,,,,0
1408768,,2,,,,,,,,,,0
1408769,,2,,,,,,,,,,0
1408770,,2,,,,,,,,,,0
1408771,,2,,,,,,,,,,0
1408772,,2,,,,,,,,,,0
1408773,,2,,,,,,,,,,0
1408774,,2,,,,,,,,,,0
1408775,,2,,,,,,,,,,0
1408776,,2,,,,,,,,,,0
1408777,,2,,,,,,,,,,0
1408778,,2,,,,,,,,,,0
1408779,,2,,,,,,,,,,0
1408780,,2,,,,,,,,,,0
1408781,,2,,,,,,,,,,0
1408782,,2,,,,,,,,,,0
1408783,,2,,,,,,,,,,0
1408784,,2,,,,,,,,,,0
1408785,,2,,,,,,,,,,0
1408786,,2,,,,,,,,,,0
1408787,,2,,,,,,,,,,0
1408788,,2,,,,,,,,,,0
1408789,,2,,,,,,,,,,0
1408790,,2,,,,,,,,,,0
1408791,,2,,,,,,,,,,0
1408792,,2,,,,,,,,,,0
1408793,,2,,,,,,,,,,0
1408794,,2,,,,,,,,,,0
1408795,,2,,,,,,,,,,0
1408796,,2,,,,,,,,,,0
1408797,,2,,,,,,,,,,0
1408798,,2,,,,,,,,,,0
1408799,,2,,,,,,,,,,0
1408800,,2,,,,,,,,,,0
1408801,,2,,,,,,,,,,0
1408802,,2,,,,,,,,,,0
1408803,,2,,,,,,,,,,0
1408804,,2,,,,,,,,,,0
1408805,,2,,,,,,,,,,0
1408806,,2,,,,,,,,,,0
1408807,,2,,,,,,,,,,0
1408808,,2,,,,,,,,,,0
1408809,,2,,,,,,,,,,0
1408810,,2,,,,,,,,,,0
1408811,,2,,,,,,,,,,0
1408812,,2,,,,,,,,,,0
1408813,,2,,,,,,,,,,0
1408814,,2,,,,,,,,,,0
1408815,,2,,,,,,,,,,0
1408816,,2,,,,,,,,,,0
1408817,,2,,,,,,,,,,0
1408818,,2,,,,,,,,,,0
1408819,,2,,,,,,,,,,0
1408820,,2,,,,,,,,,,0
1408821,,2,,,,,,,,,,0
1408822,,2,,,,,,,,,,0
1408823,,2,,,,,,,,,,0
1408824,,2,,,,,,,,,,0
1408825,,2,,,,,,,,,,0
1408826,,2,,,,,,,,,,0
1408827,,2,,,,,,,,,,0
1408828,,2,,,,,,,,,,0
1408829,,2,,,,,,,,,,0
1408830,,2,,,,,,,,,,0
1408831,,2,,,,,,,,,,0
1408832,,2,,,,,,,,,,0
1408833,,2,,,,,,,,,,0
1408834,,2,,,,,,,,,,0
1408835,,2,,,,,,,,,,0
1408836,,2,,,,,,,,,,0
1408837,,2,,,,,,,,,,0
1408838,,2,,,,,,,,,,0
1408839,,2,,,,,,,,,,0
1408840,,2,,,,,,,,,,0
1408841,,2,,,,,,,,,,0
1408842,,2,,,,,,,,,,0
1408843,,2,,,,,,,,,,0
1408844,,2,,,,,,,,,,0
1408845,,2,,,,,,,,,,0
1408846,,2,,,,,,,,,,0
1408847,,2,,,,,,,,,,0
1408848,,2,,,,,,,,,,0
1408849,,2,,,,,,,,,,0
1408850,,2,,,,,,,,,,0
1408851,,2,,,,,,,,,,0
1408852,,2,,,,,,,,,,0
1408853,,2,,,,,,,,,,0
1408854,,2,,,,,,,,,,0
1408855,,2,,,,,,,,,,0
1408856,,2,,,,,,,,,,0
1408857,,2,,,,,,,,,,0
1408858,,2,,,,,,,,,,0
1408859,,2,,,,,,,,,,0
1408860,,2,,,,,,,,,,0
1408861,,2,,,,,,,,,,0
1408862,,2,,,,,,,,,,0
1408863,,2,,,,,,,,,,0
1408864,,2,,,,,,,,,,0
1408865,,2,,,,,,,,,,0
1408866,,2,,,,,,,,,,0
1408867,,2,,,,,,,,,,0
1408868,,2,,,,,,,,,,0
1408869,,2,,,,,,,,,,0
1408870,,2,,,,,,,,,,0
1408871,,2,,,,,,,,,,0
1408872,,2,,,,,,,,,,0
1408873,,2,,,,,,,,,,0
1408874,,2,,,,,,,,,,0
1408875,,2,,,,,,,,,,0
1408876,,2,,,,,,,,,,0
1408877,,2,,,,,,,,,,0
1408878,,2,,,,,,,,,,0
1408879,,2,,,,,,,,,,0
1408880,,2,,,,,,,,,,0
1408881,,2,,,,,,,,,,0
1408882,,2,,,,,,,,,,0
1408883,,2,,,,,,,,,,0
1408884,,2,,,,,,,,,,0
1408885,,2,,,,,,,,,,0
1408886,,2,,,,,,,,,,0
1408887,,2,,,,,,,,,,0
1408888,,2,,,,,,,,,,0
1408889,,2,,,,,,,,,,0
1408890,,2,,,,,,,,,,0
1408891,,2,,,,,,,,,,0
1408892,,2,,,,,,,,,,0
1408893,,2,,,,,,,,,,0
1408894,,2,,,,,,,,,,0
1408895,,2,,,,,,,,,,0
1408896,,2,,,,,,,,,,0
1408897,,2,,,,,,,,,,0
1408898,,2,,,,,,,,,,0
1408899,,2,,,,,,,,,,0
1408900,,2,,,,,,,,,,0
1408901,,2,,,,,,,,,,0
1408902,,2,,,,,,,,,,0
1408903,,2,,,,,,,,,,0
1408904,,2,,,,,,,,,,0
1408905,,2,,,,,,,,,,0
1408906,,2,,,,,,,,,,0
1408907,,2,,,,,,,,,,0
1408908,,2,,,,,,,,,,0
1408909,,2,,,,,,,,,,0
1408910,,2,,,,,,,,,,0
1408911,,2,,,,,,,,,,0
1408912,,2,,,,,,,,,,0
1408913,,2,,,,,,,,,,0
1408914,,2,,,,,,,,,,0
1408915,,2,,,,,,,,,,0
1408916,,2,,,,,,,,,,0
1408917,,2,,,,,,,,,,0
1408918,,2,,,,,,,,,,0
1408919,,2,,,,,,,,,,0
1408920,,2,,,,,,,,,,0
1408921,,2,,,,,,,,,,0
1408922,,2,,,,,,,,,,0
1408923,,2,,,,,,,,,,0
1408924,,2,,,,,,,,,,0
1408925,,2,,,,,,,,,,0
1408926,,2,,,,,,,,,,0
1408927,,2,,,,,,,,,,0
1408928,,2,,,,,,,,,,0
1408929,,2,,,,,,,,,,0
1408930,,2,,,,,,,,,,0
1408931,,2,,,,,,,,,,0
1408932,,2,,,,,,,,,,0
1408933,,2,,,,,,,,,,0
1408934,,2,,,,,,,,,,0
1408935,,2,,,,,,,,,,0
1408936,,2,,,,,,,,,,0
1408937,,2,,,,,,,,,,0
1408938,,2,,,,,,,,,,0
1408939,,2,,,,,,,,,,0
1408940,,2,,,,,,,,,,0
1408941,,2,,,,,,,,,,0
1408942,,2,,,,,,,,,,0
1408943,,2,,,,,,,,,,0
1408944,,2,,,,,,,,,,0
1408945,,2,,,,,,,,,,0
1408946,,2,,,,,,,,,,0
1408947,,2,,,,,,,,,,0
1408948,,2,,,,,,,,,,0
1408949,,2,,,,,,,,,,0
1408950,,2,,,,,,,,,,0
1408951,,2,,,,,,,,,,0
1408952,,2,,,,,,,,,,0
1408953,,2,,,,,,,,,,0
1408954,,2,,,,,,,,,,0
1408955,,2,,,,,,,,,,0
1408956,,2,,,,,,,,,,0
1408957,,2,,,,,,,,,,0
1408958,,2,,,,,,,,,,0
1408959,,2,,,,,,,,,,0
1408960,,2,,,,,,,,,,0
1408961,,2,,,,,,,,,,0
1408962,,2,,,,,,,,,,0
1408963,,2,,,,,,,,,,0
1408964,,2,,,,,,,,,,0
1408965,,2,,,,,,,,,,0
1408966,,2,,,,,,,,,,0
1408967,,2,,,,,,,,,,0
1408968,,2,,,,,,,,,,0
1408969,,2,,,,,,,,,,0
1408970,,2,,,,,,,,,,0
1408971,,2,,,,,,,,,,0
1408972,,2,,,,,,,,,,0
1408973,,2,,,,,,,,,,0
9218988,,1,,,,,,,,,,0
9218989,,1,,,,,,,,,,0
9218990,,1,,,,,,,,,,0
9218991,,1,,,,,,,,,,0
9218992,,1,,,,,,,,,,0
9218993,,1,,,,,,,,,,0
9218994,,1,,,,,,,,,,0
9218995,,1,,,,,,,,,,0
9218996,,1,,,,,,,,,,0
9218997,,1,,,,,,,,,,0
9218998,,1,,,,,,,,,,0
9218999,,1,,,,,,,,,,0
9219000,,1,,,,,,,,,,0
9219001,,1,,,,,,,,,,0
9219002,,1,,,,,,,,,,0
9219003,,1,,,,,,,,,,0
9219004,,1,,,,,,,,,,0
9219005,,1,,,,,,,,,,0
9219006,,1,,,,,,,,,,0
9219007,,1,,,,,,,,,,0
9219008,,1,,,,,,,,,,0
9219009,,1,,,,,,,,,,0
9219010,,1,,,,,,,,,,0
9219011,,1,,,,,,,,,,0
9219012,,1,,,,,,,,,,0
9219013,,1,,,,,,,,,,0
9219014,,1,,,,,,,,,,0
9219015,,1,,,,,,,,,,0
9219016,,1,,,,,,,,,,0
9219017,,1,,,,,,,,,,0
9219018,,1,,,,,,,,,,0
9219019,,1,,,,,,,,,,0
9219020,,1,,,,,,,,,,0
9219021,,1,,,,,,,,,,0
9219022,,1,,,,,,,,,,0
9219023,,1,,,,,,,,,,0
9219024,,1,,,,,,,,,,0
9219025,,1,,,,,,,,,,0
9219026,,1,,,,,,,,,,0
9219027,,1,,,,,,,,,,0
9219028,,1,,,,,,,,,,0
9219029,,1,,,,,,,,,,0
9219030,,1,,,,,,,,,,0
9219031,,1,,,,,,,,,,0
9219032,,1,,,,,,,,,,0
9219033,,1,,,,,,,,,,0
9219034,,1,,,,,,,,,,0
9219035,,1,,,,,,,,,,0
9219036,,1,,,,,,,,,,0
9219037,,1,,,,,,,,,,0
9219038,,1,,,,,,,,,,0
9219039,,1,,,,,,,,,,0
9219040,,1,,,,,,,,,,0
9219041,,1,,,,,,,,,,0
9219042,,1,,,,,,,,,,0
9219043,,1,,,,,,,,,,0
9219044,,1,,,,,,,,,,0
9219045,,1,,,,,,,,,,0
9219046,,1,,,,,,,,,,0
9219047,,1,,,,,,,,,,0
9219048,,1,,,,,,,,,,0
9219049,,1,,,,,,,,,,0
9219050,,1,,,,,,,,,,0
9219051,,1,,,,,,,,,,0
9219052,,1,,,,,,,,,,0
9219053,,1,,,,,,,,,,0
9219054,,1,,,,,,,,,,0
9219055,,1,,,,,,,,,,0
9219056,,1,,,,,,,,,,0
9219057,,1,,,,,,,,,,0
9219058,,1,,,,,,,,,,0
9219059,,1,,,,,,,,,,0
9219060,,1,,,,,,,,,,0
9219061,,1,,,,,,,,,,0
9219062,,1,,,,,,,,,,0
9219063,,1,,,,,,,,,,0
9219064,,1,,,,,,,,,,0
9219065,,1,,,,,,,,,,0
9219066,,1,,,,,,,,,,0
9219067,,1,,,,,,,,,,0
9219068,,1,,,,,,,,,,0
9219069,,1,,,,,,,,,,0
9219070,,1,,,,,,,,,,0
9219071,,1,,,,,,,,,,0
9219072,,1,,,,,,,,,,0
9219073,,1,,,,,,,,,,0
9219074,,1,,,,,,,,,,0
9219075,,1,,,,,,,,,,0
9219076,,1,,,,,,,,,,0
9219077,,1,,,,,,,,,,0
9219078,,1,,,,,,,,,,0
9219079,,1,,,,,,,,,,0
9219080,,1,,,,,,,,,,0
9219081,,1,,,,,,,,,,0
9219082,,1,,,,,,,,,,0
9219083,,1,,,,,,,,,,0
9219084,,1,,,,,,,,,,0
9219085,,1,,,,,,,,,,0
9219086,,1,,,,,,,,,,0
9219087,,1,,,,,,,,,,0
9219088,,1,,,,,,,,,,0
9219089,,1,,,,,,,,,,0
9219090,,1,,,,,,,,,,0
9219091,,1,,,,,,,,,,0
9219092,,1,,,,,,,,,,0
9219093,,1,,,,,,,,,,0
9219094,,1,,,,,,,,,,0
9219095,,1,,,,,,,,,,0
9219096,,1,,,,,,,,,,0
9219097,,1,,,,,,,,,,0
9219098,,1,,,,,,,,,,0
9219099,,1,,,,,,,,,,0
9219100,,1,,,,,,,,,,0
9219101,,1,,,,,,,,,,0
9219102,,1,,,,,,,,,,0
9219103,,1,,,,,,,,,,0
9219104,,1,,,,,,,,,,0
9219105,,1,,,,,,,,,,0
9219106,,1,,,,,,,,,,0
9219107,,1,,,,,,,,,,0
9219108,,1,,,,,,,,,,0
9219109,,1,,,,,,,,,,0
9219110,,1,,,,,,,,,,0
9219111,,1,,,,,,,,,,0
9219112,,1,,,,,,,,,,0
9219113,,1,,,,,,,,,,0
9219114,,1,,,,,,,,,,0
9219115,,1,,,,,,,,,,0
9219116,,1,,,,,,,,,,0
9219117,,1,,,,,,,,,,0
9219118,,1,,,,,,,,,,0
9219119,,1,,,,,,,,,,0
9219120,,1,,,,,,,,,,0
9219121,,1,,,,,,,,,,0
9219122,,1,,,,,,,,,,0
9219123,,1,,,,,,,,,,0
9219124,,1,,,,,,,,,,0
9219125,,1,,,,,,,,,,0
9219126,,1,,,,,,,,,,0
9219127,,1,,,,,,,,,,0
9219128,,1,,,,,,,,,,0
9219129,,1,,,,,,,,,,0
9219130,,1,,,,,,,,,,0
9219131,,1,,,,,,,,,,0
9219132,,1,,,,,,,,,,0
9219133,,1,,,,,,,,,,0
9219134,,1,,,,,,,,,,0
9219135,,1,,,,,,,,,,0
9219136,,1,,,,,,,,,,0
9219137,,1,,,,,,,,,,0
9219138,,1,,,,,,,,,,0
9219139,,1,,,,,,,,,,0
9219140,,1,,,,,,,,,,0
9219141,,1,,,,,,,,,,0
9219142,,1,,,,,,,,,,0
9219143,,1,,,,,,,,,,0
9219144,,1,,,,,,,,,,0
9219145,,1,,,,,,,,,,0
9219146,,1,,,,,,,,,,0
9219147,,1,,,,,,,,,,0
9219148,,1,,,,,,,,,,0
9219149,,1,,,,,,,,,,0
9219150,,1,,,,,,,,,,0
9219151,,1,,,,,,,,,,0
9219152,,1,,,,,,,,,,0
9219153,,1,,,,,,,,,,0
9219154,,1,,,,,,,,,,0
9219155,,1,,,,,,,,,,0
9219156,,1,,,,,,,,,,0
9219157,,1,,,,,,,,,,0
9219158,,1,,,,,,,,,,0
9219159,,1,,,,,,,,,,0
9219160,,1,,,,,,,,,,0
9219161,,1,,,,,,,,,,0
9219162,,1,,,,,,,,,,0
9219163,,1,,,,,,,,,,0
9219164,,1,,,,,,,,,,0
9219165,,1,,,,,,,,,,0
9219166,,1,,,,,,,,,,0
9219167,,1,,,,,,,,,,0
9219168,,1,,,,,,,,,,0
9219169,,1,,,,,,,,,,0
9219170,,1,,,,,,,,,,0
9219171,,1,,,,,,,,,,0
9219172,,1,,,,,,,,,,0
9219173,,1,,,,,,,,,,0
9219174,,1,,,,,,,,,,0
9219175,,1,,,,,,,,,,0
9219176,,1,,,,,,,,,,0
9219177,,1,,,,,,,,,,0
9219178,,1,,,,,,,,,,0
9219179,,1,,,,,,,,,,0
9219180,,1,,,,,,,,,,0
9219181,,1,,,,,,,,,,0
9219182,,1,,,,,,,,,,0
9219183,,1,,,,,,,,,,0
9219184,,1,,,,,,,,,,0
9219185,,1,,,,,,,,,,0
9219186,,1,,,,,,,,,,0
9219187,,1,,,,,,,,,,0
9219188,,1,,,,,,,,,,0
9219189,,1,,,,,,,,,,0
9219190,,1,,,,,,,,,,0
9219191,,1,,,,,,,,,,0
9219192,,1,,,,,,,,,,0
9219193,,1,,,,,,,,,,0
9219194,,1,,,,,,,,,,0
9219195,,1,,,,,,,,,,0
9219196,,1,,,,,,,,,,0
9219197,,1,,,,,,,,,,0
9219198,,1,,,,,,,,,,0
9219199,,1,,,,,,,,,,0
9219200,,1,,,,,,,,,,0
9219201,,1,,,,,,,,,,0
9219202,,1,,,,,,,,,,0
9219203,,1,,,,,,,,,,0
9219204,,1,,,,,,,,,,0
9219205,,1,,,,,,,,,,0
9219206,,1,,,,,,,,,,0
9219207,,1,,,,,,,,,,0
9219208,,1,,,,,,,,,,0
9219209,,1,,,,,,,,,,0
9219210,,1,,,,,,,,,,0
9219211,,1,,,,,,,,,,0
9219212,,1,,,,,,,,,,0
9219213,,1,,,,,,,,,,0
9219214,,1,,,,,,,,,,0
9219215,,1,,,,,,,,,,0
9219216,,1,,,,,,,,,,0
9219217,,1,,,,,,,,,,0
9219218,,1,,,,,,,,,,0
9219219,,1,,,,,,,,,,0
9219220,,1,,,,,,,,,,0
9219221,,1,,,,,,,,,,0
9219222,,1,,,,,,,,,,0
9219223,,1,,,,,,,,,,0
9219224,,1,,,,,,,,,,0
9219225,,1,,,,,,,,,,0
9219226,,1,,,,,,,,,,0
9219227,,1,,,,,,,,,,0
9219228,,1,,,,,,,,,,0
9219229,,1,,,,,,,,,,0
9219230,,1,,,,,,,,,,0
9219231,,1,,,,,,,,,,0
9219232,,1,,,,,,,,,,0
9219233,,1,,,,,,,,,,0
9219234,,1,,,,,,,,,,0
9219235,,1,,,,,,,,,,0
9219236,,1,,,,,,,,,,0
9219237,,1,,,,,,,,,,0
9219238,,1,,,,,,,,,,0
9219239,,1,,,,,,,,,,0
9219240,,1,,,,,,,,,,0
9219241,,1,,,,,,,,,,0
9219242,,1,,,,,,,,,,0
9219243,,1,,,,,,,,,,0
9219244,,1,,,,,,,,,,0
9219245,,1,,,,,,,,,,0
9219246,,1,,,,,,,,,,0
9219247,,1,,,,,,,,,,0
9219248,,1,,,,,,,,,,0
9219249,,1,,,,,,,,,,0
9219250,,1,,,,,,,,,,0
9219251,,1,,,,,,,,,,0
9219252,,1,,,,,,,,,,0
9219253,,1,,,,,,,,,,0
9219254,,1,,,,,,,,,,0
9219255,,1,,,,,,,,,,0
9219256,,1,,,,,,,,,,0
9219257,,1,,,,,,,,,,0
9219258,,1,,,,,,,,,,0
9219259,,1,,,,,,,,,,0
9219260,,1,,,,,,,,,,0
9219261,,1,,,,,,,,,,0
9219262,,1,,,,,,,,,,0
9219263,,1,,,,,,,,,,0
9219264,,1,,,,,,,,,,0
9219265,,1,,,,,,,,,,0
9219266,,1,,,,,,,,,,0
9219267,,1,,,,,,,,,,0
9219268,,1,,,,,,,,,,0
9219269,,1,,,,,,,,,,0
9219270,,1,,,,,,,,,,0
9219271,,1,,,,,,,,,,0
9219272,,1,,,,,,,,,,0
9219273,,1,,,,,,,,,,0
9219274,,1,,,,,,,,,,0
9219275,,1,,,,,,,,,,0
9219276,,1,,,,,,,,,,0
9219277,,1,,,,,,,,,,0
9219278,,1,,,,,,,,,,0
9219279,,1,,,,,,,,,,0
9219280,,1,,,,,,,,,,0
9219281,,1,,,,,,,,,,0
9219282,,1,,,,,,,,,,0
9219283,,1,,,,,,,,,,0
9219284,,1,,,,,,,,,,0
9219285,,1,,,,,,,,,,0
9219286,,1,,,,,,,,,,0
9219287,,1,,,,,,,,,,0
9219288,,1,,,,,,,,,,0
9219289,,1,,,,,,,,,,0
9219290,,1,,,,,,,,,,0
9219291,,1,,,,,,,,,,0
9219292,,1,,,,,,,,,,0
9219293,,1,,,,,,,,,,0
9219294,,1,,,,,,,,,,0
9219295,,1,,,,,,,,,,0
9219296,,1,,,,,,,,,,0
9219297,,1,,,,,,,,,,0
9219298,,1,,,,,,,,,,0
9219299,,1,,,,,,,,,,0
9219300,,1,,,,,,,,,,0
9219301,,1,,,,,,,,,,0
9219302,,1,,,,,,,,,,0
9219303,,1,,,,,,,,,,0
9219304,,1,,,,,,,,,,0
9219305,,1,,,,,,,,,,0
9219306,,1,,,,,,,,,,0
9219307,,1,,,,,,,,,,0
9219308,,1,,,,,,,,,,0
9219309,,1,,,,,,,,,,0
9219310,,1,,,,,,,,,,0
9219311,,1,,,,,,,,,,0
9219312,,1,,,,,,,,,,0
9219313,,1,,,,,,,,,,0
9219314,,1,,,,,,,,,,0
9219315,,1,,,,,,,,,,0
9219316,,1,,,,,,,,,,0
9219317,,1,,,,,,,,,,0
9219318,,1,,,,,,,,,,0
9219319,,1,,,,,,,,,,0
9219320,,1,,,,,,,,,,0
9219321,,1,,,,,,,,,,0
9219322,,1,,,,,,,,,,0
9219323,,1,,,,,,,,,,0
9219324,,1,,,,,,,,,,0
9219325,,1,,,,,,,,,,0
9219326,,1,,,,,,,,,,0
9219327,,1,,,,,,,,,,0
9219328,,1,,,,,,,,,,0
9219329,,1,,,,,,,,,,0
9219330,,1,,,,,,,,,,0
9219331,,1,,,,,,,,,,0
9219332,,1,,,,,,,,,,0
9219333,,1,,,,,,,,,,0
9219334,,1,,,,,,,,,,0
9219335,,1,,,,,,,,,,0
9219336,,1,,,,,,,,,,0
9219337,,1,,,,,,,,,,0
9219338,,1,,,,,,,,,,0
9219339,,1,,,,,,,,,,0
9219340,,1,,,,,,,,,,0
9219341,,1,,,,,,,,,,0
9219342,,1,,,,,,,,,,0
9219343,,1,,,,,,,,,,0
9219344,,1,,,,,,,,,,0
9219345,,1,,,,,,,,,,0
9219346,,1,,,,,,,,,,0
9219347,,1,,,,,,,,,,0
9219348,,1,,,,,,,,,,0
9219349,,1,,,,,,,,,,0
9219350,,1,,,,,,,,,,0
9219351,,1,,,,,,,,,,0
9219352,,1,,,,,,,,,,0
9219353,,1,,,,,,,,,,0
9219354,,1,,,,,,,,,,0
9219355,,1,,,,,,,,,,0
9219356,,1,,,,,,,,,,0
9219357,,1,,,,,,,,,,0
9219358,,1,,,,,,,,,,0
9219359,,1,,,,,,,,,,0
9219360,,1,,,,,,,,,,0
9219361,,1,,,,,,,,,,0
9219362,,1,,,,,,,,,,0
9219363,,1,,,,,,,,,,0
9219364,,1,,,,,,,,,,0
9219365,,1,,,,,,,,,,0
9219366,,1,,,,,,,,,,0
9219367,,1,,,,,,,,,,0
9219368,,1,,,,,,,,,,0
9219369,,1,,,,,,,,,,0
9219370,,1,,,,,,,,,,0
9219371,,1,,,,,,,,,,0
9219372,,1,,,,,,,,,,0
9219373,,1,,,,,,,,,,0
9219374,,1,,,,,,,,,,0
9219375,,1,,,,,,,,,,0
9219376,,1,,,,,,,,,,0
9219377,,1,,,,,,,,,,0
9219378,,1,,,,,,,,,,0
9219379,,1,,,,,,,,,,0
9219380,,1,,,,,,,,,,0
9219381,,1,,,,,,,,,,0
9219382,,1,,,,,,,,,,0
9219383,,1,,,,,,,,,,0
9219384,,1,,,,,,,,,,0
9219385,,1,,,,,,,,,,0
9219386,,1,,,,,,,,,,0
9219387,,1,,,,,,,,,,0
9219388,,1,,,,,,,,,,0
9219389,,1,,,,,,,,,,0
9219390,,1,,,,,,,,,,0
9219391,,1,,,,,,,,,,0
9219392,,1,,,,,,,,,,0
9219393,,1,,,,,,,,,,0
9219394,,1,,,,,,,,,,0
9219395,,1,,,,,,,,,,0
9219396,,1,,,,,,,,,,0
9219397,,1,,,,,,,,,,0
9219398,,1,,,,,,,,,,0
9219399,,1,,,,,,,,,,0
9219400,,1,,,,,,,,,,0
9219401,,1,,,,,,,,,,0
9219402,,1,,,,,,,,,,0
9219403,,1,,,,,,,,,,0
9219404,,1,,,,,,,,,,0
9219405,,1,,,,,,,,,,0
9219406,,1,,,,,,,,,,0
9219407,,1,,,,,,,,,,0
9219408,,1,,,,,,,,,,0
9219409,,1,,,,,,,,,,0
9219410,,1,,,,,,,,,,0
9219411,,1,,,,,,,,,,0
9219412,,1,,,,,,,,,,0
9219413,,1,,,,,,,,,,0
9219414,,1,,,,,,,,,,0
9219415,,1,,,,,,,,,,0
9219416,,1,,,,,,,,,,0
9219417,,1,,,,,,,,,,0
9219418,,1,,,,,,,,,,0
9219419,,1,,,,,,,,,,0
9219420,,1,,,,,,,,,,0
9219421,,1,,,,,,,,,,0
9219422,,1,,,,,,,,,,0
9219423,,1,,,,,,,,,,0
9219424,,1,,,,,,,,,,0
9219425,,1,,,,,,,,,,0
9219426,,1,,,,,,,,,,0
9219427,,1,,,,,,,,,,0
9219428,,1,,,,,,,,,,0
9219429,,1,,,,,,,,,,0
9219430,,1,,,,,,,,,,0
9219431,,1,,,,,,,,,,0
9219432,,1,,,,,,,,,,0
9219433,,1,,,,,,,,,,0
9219434,,1,,,,,,,,,,0
9219435,,1,,,,,,,,,,0
9219436,,1,,,,,,,,,,0
9219437,,1,,,,,,,,,,0
9219438,,1,,,,,,,,,,0
9219439,,1,,,,,,,,,,0
9219440,,1,,,,,,,,,,0
9219441,,1,,,,,,,,,,0
9219442,,1,,,,,,,,,,0
9219443,,1,,,,,,,,,,0
9219444,,1,,,,,,,,,,0
9219445,,1,,,,,,,,,,0
9219446,,1,,,,,,,,,,0
9219447,,1,,,,,,,,,,0
9219448,,1,,,,,,,,,,0
9219449,,1,,,,,,,,,,0
9219450,,1,,,,,,,,,,0
9219451,,1,,,,,,,,,,0
9219452,,1,,,,,,,,,,0
9219453,,1,,,,,,,,,,0
9219454,,1,,,,,,,,,,0
9219455,,1,,,,,,,,,,0
9219456,,1,,,,,,,,,,0
9219457,,1,,,,,,,,,,0
9219458,,1,,,,,,,,,,0
9219459,,1,,,,,,,,,,0
9219460,,1,,,,,,,,,,0
9219461,,1,,,,,,,,,,0
9219462,,1,,,,,,,,,,0
9219463,,1,,,,,,,,,,0
9219464,,1,,,,,,,,,,0
9219465,,1,,,,,,,,,,0
9219466,,1,,,,,,,,,,0
9219467,,1,,,,,,,,,,0
9219468,,1,,,,,,,,,,0
9219469,,1,,,,,,,,,,0
9219470,,1,,,,,,,,,,0
9219471,,1,,,,,,,,,,0
9219472,,1,,,,,,,,,,0
9219473,,1,,,,,,,,,,0
9219474,,1,,,,,,,,,,0
9219475,,1,,,,,,,,,,0
9219476,,1,,,,,,,,,,0
9219477,,1,,,,,,,,,,0
9219478,,1,,,,,,,,,,0
9219479,,1,,,,,,,,,,0
9219480,,1,,,,,,,,,,0
9219481,,1,,,,,,,,,,0
9219482,,1,,,,,,,,,,0
9219483,,1,,,,,,,,,,0
9219484,,1,,,,,,,,,,0
9219485,,1,,,,,,,,,,0
9219486,,1,,,,,,,,,,0
9219487,,1,,,,,,,,,,0
1408974,,2,,,,,,,,,,0
1408975,,2,,,,,,,,,,0
1408976,,2,,,,,,,,,,0
1408977,,2,,,,,,,,,,0
1408978,,2,,,,,,,,,,0
1408979,,2,,,,,,,,,,0
1408980,,2,,,,,,,,,,0
1408981,,2,,,,,,,,,,0
1408982,,2,,,,,,,,,,0
1408983,,2,,,,,,,,,,0
1408984,,2,,,,,,,,,,0
1408985,,2,,,,,,,,,,0
1408986,,2,,,,,,,,,,0
1408987,,2,,,,,,,,,,0
1408988,,2,,,,,,,,,,0
1408989,,2,,,,,,,,,,0
1408990,,2,,,,,,,,,,0
1408991,,2,,,,,,,,,,0
1408992,,2,,,,,,,,,,0
1408993,,2,,,,,,,,,,0
1408994,,2,,,,,,,,,,0
1408995,,2,,,,,,,,,,0
1408996,,2,,,,,,,,,,0
1408997,,2,,,,,,,,,,0
1408998,,2,,,,,,,,,,0
1408999,,2,,,,,,,,,,0
1409000,,2,,,,,,,,,,0
1409001,,2,,,,,,,,,,0
1409002,,2,,,,,,,,,,0
1409003,,2,,,,,,,,,,0
1409004,,2,,,,,,,,,,0
1409005,,2,,,,,,,,,,0
1409006,,2,,,,,,,,,,0
1409007,,2,,,,,,,,,,0
1409008,,2,,,,,,,,,,0
1409009,,2,,,,,,,,,,0
1409010,,2,,,,,,,,,,0
1409011,,2,,,,,,,,,,0
1409012,,2,,,,,,,,,,0
1409013,,2,,,,,,,,,,0
1409014,,2,,,,,,,,,,0
1409015,,2,,,,,,,,,,0
1409016,,2,,,,,,,,,,0
1409017,,2,,,,,,,,,,0
1409018,,2,,,,,,,,,,0
1409019,,2,,,,,,,,,,0
1409020,,2,,,,,,,,,,0
1409021,,2,,,,,,,,,,0
1409022,,2,,,,,,,,,,0
1409023,,2,,,,,,,,,,0
1409024,,2,,,,,,,,,,0
1409025,,2,,,,,,,,,,0
1409026,,2,,,,,,,,,,0
1409027,,2,,,,,,,,,,0
1409028,,2,,,,,,,,,,0
1409029,,2,,,,,,,,,,0
1409030,,2,,,,,,,,,,0
1409031,,2,,,,,,,,,,0
1409032,,2,,,,,,,,,,0
1409033,,2,,,,,,,,,,0
1409034,,2,,,,,,,,,,0
1409035,,2,,,,,,,,,,0
1409036,,2,,,,,,,,,,0
1409037,,2,,,,,,,,,,0
1409038,,2,,,,,,,,,,0
1409039,,2,,,,,,,,,,0
1409040,,2,,,,,,,,,,0
1409041,,2,,,,,,,,,,0
1409042,,2,,,,,,,,,,0
1409043,,2,,,,,,,,,,0
1409044,,2,,,,,,,,,,0
1409045,,2,,,,,,,,,,0
1409046,,2,,,,,,,,,,0
1409047,,2,,,,,,,,,,0
1409048,,2,,,,,,,,,,0
1409049,,2,,,,,,,,,,0
1409050,,2,,,,,,,,,,0
1409051,,2,,,,,,,,,,0
1409052,,2,,,,,,,,,,0
1409053,,2,,,,,,,,,,0
1409054,,2,,,,,,,,,,0
1409055,,2,,,,,,,,,,0
1409056,,2,,,,,,,,,,0
1409057,,2,,,,,,,,,,0
1409058,,2,,,,,,,,,,0
1409059,,2,,,,,,,,,,0
1409060,,2,,,,,,,,,,0
1409061,,2,,,,,,,,,,0
1409062,,2,,,,,,,,,,0
1409063,,2,,,,,,,,,,0
1409064,,2,,,,,,,,,,0
1409065,,2,,,,,,,,,,0
1409066,,2,,,,,,,,,,0
1409067,,2,,,,,,,,,,0
1409068,,2,,,,,,,,,,0
1409069,,2,,,,,,,,,,0
1409070,,2,,,,,,,,,,0
1409071,,2,,,,,,,,,,0
1409072,,2,,,,,,,,,,0
1409073,,2,,,,,,,,,,0
1409074,,2,,,,,,,,,,0
1409075,,2,,,,,,,,,,0
1409076,,2,,,,,,,,,,0
1409077,,2,,,,,,,,,,0
1409078,,2,,,,,,,,,,0
1409079,,2,,,,,,,,,,0
1409080,,2,,,,,,,,,,0
1409081,,2,,,,,,,,,,0
1409082,,2,,,,,,,,,,0
1409083,,2,,,,,,,,,,0
1409084,,2,,,,,,,,,,0
1409085,,2,,,,,,,,,,0
1409086,,2,,,,,,,,,,0
1409087,,2,,,,,,,,,,0
1409088,,2,,,,,,,,,,0
1409089,,2,,,,,,,,,,0
1409090,,2,,,,,,,,,,0
1409091,,2,,,,,,,,,,0
1409092,,2,,,,,,,,,,0
1409093,,2,,,,,,,,,,0
1409094,,2,,,,,,,,,,0
1409095,,2,,,,,,,,,,0
1409096,,2,,,,,,,,,,0
1409097,,2,,,,,,,,,,0
1409098,,2,,,,,,,,,,0
1409099,,2,,,,,,,,,,0
1409100,,2,,,,,,,,,,0
1409101,,2,,,,,,,,,,0
1409102,,2,,,,,,,,,,0
1409103,,2,,,,,,,,,,0
1409104,,2,,,,,,,,,,0
1409105,,2,,,,,,,,,,0
1409106,,2,,,,,,,,,,0
1409107,,2,,,,,,,,,,0
1409108,,2,,,,,,,,,,0
1409109,,2,,,,,,,,,,0
1409110,,2,,,,,,,,,,0
1409111,,2,,,,,,,,,,0
1409112,,2,,,,,,,,,,0
1409113,,2,,,,,,,,,,0
1409114,,2,,,,,,,,,,0
1409115,,2,,,,,,,,,,0
1409116,,2,,,,,,,,,,0
1409117,,2,,,,,,,,,,0
1409118,,2,,,,,,,,,,0
1409119,,2,,,,,,,,,,0
1409120,,2,,,,,,,,,,0
1409121,,2,,,,,,,,,,0
1409122,,2,,,,,,,,,,0
1409123,,2,,,,,,,,,,0
1409124,,2,,,,,,,,,,0
1409125,,2,,,,,,,,,,0
1409126,,2,,,,,,,,,,0
1409127,,2,,,,,,,,,,0
1409128,,2,,,,,,,,,,0
1409129,,2,,,,,,,,,,0
1409130,,2,,,,,,,,,,0
1409131,,2,,,,,,,,,,0
1409132,,2,,,,,,,,,,0
1409133,,2,,,,,,,,,,0
1409134,,2,,,,,,,,,,0
1409135,,2,,,,,,,,,,0
1409136,,2,,,,,,,,,,0
1409137,,2,,,,,,,,,,0
1409138,,2,,,,,,,,,,0
1409139,,2,,,,,,,,,,0
1409140,,2,,,,,,,,,,0
1409141,,2,,,,,,,,,,0
1409142,,2,,,,,,,,,,0
1409143,,2,,,,,,,,,,0
1409144,,2,,,,,,,,,,0
1409145,,2,,,,,,,,,,0
1409146,,2,,,,,,,,,,0
1409147,,2,,,,,,,,,,0
1409148,,2,,,,,,,,,,0
1409149,,2,,,,,,,,,,0
1409150,,2,,,,,,,,,,0
1409151,,2,,,,,,,,,,0
1409152,,2,,,,,,,,,,0
1409153,,2,,,,,,,,,,0
1409154,,2,,,,,,,,,,0
1409155,,2,,,,,,,,,,0
1409156,,2,,,,,,,,,,0
1409157,,2,,,,,,,,,,0
1409158,,2,,,,,,,,,,0
1409159,,2,,,,,,,,,,0
1409160,,2,,,,,,,,,,0
1409161,,2,,,,,,,,,,0
1409162,,2,,,,,,,,,,0
1409163,,2,,,,,,,,,,0
1409164,,2,,,,,,,,,,0
1409165,,2,,,,,,,,,,0
1409166,,2,,,,,,,,,,0
1409167,,2,,,,,,,,,,0
1409168,,2,,,,,,,,,,0
1409169,,2,,,,,,,,,,0
1409170,,2,,,,,,,,,,0
1409171,,2,,,,,,,,,,0
1409172,,2,,,,,,,,,,0
1409173,,2,,,,,,,,,,0
1409174,,2,,,,,,,,,,0
1409175,,2,,,,,,,,,,0
1409176,,2,,,,,,,,,,0
1409177,,2,,,,,,,,,,0
1409178,,2,,,,,,,,,,0
1409179,,2,,,,,,,,,,0
1409180,,2,,,,,,,,,,0
1409181,,2,,,,,,,,,,0
1409182,,2,,,,,,,,,,0
1409183,,2,,,,,,,,,,0
1409184,,2,,,,,,,,,,0
1409185,,2,,,,,,,,,,0
1409186,,2,,,,,,,,,,0
1409187,,2,,,,,,,,,,0
1409188,,2,,,,,,,,,,0
1409189,,2,,,,,,,,,,0
1409190,,2,,,,,,,,,,0
1409191,,2,,,,,,,,,,0
1409192,,2,,,,,,,,,,0
1409193,,2,,,,,,,,,,0
1409194,,2,,,,,,,,,,0
1409195,,2,,,,,,,,,,0
1409196,,2,,,,,,,,,,0
1409197,,2,,,,,,,,,,0
1409198,,2,,,,,,,,,,0
1409199,,2,,,,,,,,,,0
1409200,,2,,,,,,,,,,0
1409201,,2,,,,,,,,,,0
1409202,,2,,,,,,,,,,0
1409203,,2,,,,,,,,,,0
1409204,,2,,,,,,,,,,0
1409205,,2,,,,,,,,,,0
1409206,,2,,,,,,,,,,0
1409207,,2,,,,,,,,,,0
1409208,,2,,,,,,,,,,0
1409209,,2,,,,,,,,,,0
1409210,,2,,,,,,,,,,0
1409211,,2,,,,,,,,,,0
1409212,,2,,,,,,,,,,0
1409213,,2,,,,,,,,,,0
1409214,,2,,,,,,,,,,0
1409215,,2,,,,,,,,,,0
1409216,,2,,,,,,,,,,0
1409217,,2,,,,,,,,,,0
1409218,,2,,,,,,,,,,0
1409219,,2,,,,,,,,,,0
1409220,,2,,,,,,,,,,0
1409221,,2,,,,,,,,,,0
1409222,,2,,,,,,,,,,0
1409223,,2,,,,,,,,,,0
1409224,,2,,,,,,,,,,0
1409225,,2,,,,,,,,,,0
1409226,,2,,,,,,,,,,0
1409227,,2,,,,,,,,,,0
1409228,,2,,,,,,,,,,0
1409229,,2,,,,,,,,,,0
1409230,,2,,,,,,,,,,0
1409231,,2,,,,,,,,,,0
1409232,,2,,,,,,,,,,0
1409233,,2,,,,,,,,,,0
1409234,,2,,,,,,,,,,0
1409235,,2,,,,,,,,,,0
1409236,,2,,,,,,,,,,0
1409237,,2,,,,,,,,,,0
1409238,,2,,,,,,,,,,0
1409239,,2,,,,,,,,,,0
1409240,,2,,,,,,,,,,0
1409241,,2,,,,,,,,,,0
1409242,,2,,,,,,,,,,0
1409243,,2,,,,,,,,,,0
1409244,,2,,,,,,,,,,0
1409245,,2,,,,,,,,,,0
1409246,,2,,,,,,,,,,0
1409247,,2,,,,,,,,,,0
1409248,,2,,,,,,,,,,0
1409249,,2,,,,,,,,,,0
1409250,,2,,,,,,,,,,0
1409251,,2,,,,,,,,,,0
1409252,,2,,,,,,,,,,0
1409253,,2,,,,,,,,,,0
1409254,,2,,,,,,,,,,0
1409255,,2,,,,,,,,,,0
1409256,,2,,,,,,,,,,0
1409257,,2,,,,,,,,,,0
1409258,,2,,,,,,,,,,0
1409259,,2,,,,,,,,,,0
1409260,,2,,,,,,,,,,0
1409261,,2,,,,,,,,,,0
1409262,,2,,,,,,,,,,0
1409263,,2,,,,,,,,,,0
1409264,,2,,,,,,,,,,0
1409265,,2,,,,,,,,,,0
1409266,,2,,,,,,,,,,0
1409267,,2,,,,,,,,,,0
1409268,,2,,,,,,,,,,0
1409269,,2,,,,,,,,,,0
1409270,,2,,,,,,,,,,0
1409271,,2,,,,,,,,,,0
1409272,,2,,,,,,,,,,0
1409273,,2,,,,,,,,,,0
1409274,,2,,,,,,,,,,0
1409275,,2,,,,,,,,,,0
1409276,,2,,,,,,,,,,0
1409277,,2,,,,,,,,,,0
1409278,,2,,,,,,,,,,0
1409279,,2,,,,,,,,,,0
1409280,,2,,,,,,,,,,0
1409281,,2,,,,,,,,,,0
1409282,,2,,,,,,,,,,0
1409283,,2,,,,,,,,,,0
1409284,,2,,,,,,,,,,0
1409285,,2,,,,,,,,,,0
1409286,,2,,,,,,,,,,0
1409287,,2,,,,,,,,,,0
1409288,,2,,,,,,,,,,0
1409289,,2,,,,,,,,,,0
1409290,,2,,,,,,,,,,0
1409291,,2,,,,,,,,,,0
1409292,,2,,,,,,,,,,0
1409293,,2,,,,,,,,,,0
1409294,,2,,,,,,,,,,0
1409295,,2,,,,,,,,,,0
1409296,,2,,,,,,,,,,0
1409297,,2,,,,,,,,,,0
1409298,,2,,,,,,,,,,0
1409299,,2,,,,,,,,,,0
1409300,,2,,,,,,,,,,0
1409301,,2,,,,,,,,,,0
1409302,,2,,,,,,,,,,0
1409303,,2,,,,,,,,,,0
1409304,,2,,,,,,,,,,0
1409305,,2,,,,,,,,,,0
1409306,,2,,,,,,,,,,0
1409307,,2,,,,,,,,,,0
1409308,,2,,,,,,,,,,0
1409309,,2,,,,,,,,,,0
1409310,,2,,,,,,,,,,0
1409311,,2,,,,,,,,,,0
1409312,,2,,,,,,,,,,0
1409313,,2,,,,,,,,,,0
1409314,,2,,,,,,,,,,0
1409315,,2,,,,,,,,,,0
1409316,,2,,,,,,,,,,0
1409317,,2,,,,,,,,,,0
1409318,,2,,,,,,,,,,0
1409319,,2,,,,,,,,,,0
1409320,,2,,,,,,,,,,0
1409321,,2,,,,,,,,,,0
1409322,,2,,,,,,,,,,0
1409323,,2,,,,,,,,,,0
1409324,,2,,,,,,,,,,0
1409325,,2,,,,,,,,,,0
1409326,,2,,,,,,,,,,0
1409327,,2,,,,,,,,,,0
1409328,,2,,,,,,,,,,0
1409329,,2,,,,,,,,,,0
1409330,,2,,,,,,,,,,0
1409331,,2,,,,,,,,,,0
1409332,,2,,,,,,,,,,0
1409333,,2,,,,,,,,,,0
1409334,,2,,,,,,,,,,0
1409335,,2,,,,,,,,,,0
1409336,,2,,,,,,,,,,0
1409337,,2,,,,,,,,,,0
1409338,,2,,,,,,,,,,0
1409339,,2,,,,,,,,,,0
1409340,,2,,,,,,,,,,0
1409341,,2,,,,,,,,,,0
1409342,,2,,,,,,,,,,0
1409343,,2,,,,,,,,,,0
1409344,,2,,,,,,,,,,0
1409345,,2,,,,,,,,,,0
1409346,,2,,,,,,,,,,0
1409347,,2,,,,,,,,,,0
1409348,,2,,,,,,,,,,0
1409349,,2,,,,,,,,,,0
1409350,,2,,,,,,,,,,0
1409351,,2,,,,,,,,,,0
1409352,,2,,,,,,,,,,0
1409353,,2,,,,,,,,,,0
1409354,,2,,,,,,,,,,0
1409355,,2,,,,,,,,,,0
1409356,,2,,,,,,,,,,0
1409357,,2,,,,,,,,,,0
1409358,,2,,,,,,,,,,0
1409359,,2,,,,,,,,,,0
1409360,,2,,,,,,,,,,0
1409361,,2,,,,,,,,,,0
1409362,,2,,,,,,,,,,0
1409363,,2,,,,,,,,,,0
1409364,,2,,,,,,,,,,0
1409365,,2,,,,,,,,,,0
1409366,,2,,,,,,,,,,0
1409367,,2,,,,,,,,,,0
1409368,,2,,,,,,,,,,0
1409369,,2,,,,,,,,,,0
1409370,,2,,,,,,,,,,0
1409371,,2,,,,,,,,,,0
1409372,,2,,,,,,,,,,0
1409373,,2,,,,,,,,,,0
1409374,,2,,,,,,,,,,0
1409375,,2,,,,,,,,,,0
1409376,,2,,,,,,,,,,0
1409377,,2,,,,,,,,,,0
1409378,,2,,,,,,,,,,0
1409379,,2,,,,,,,,,,0
1409380,,2,,,,,,,,,,0
1409381,,2,,,,,,,,,,0
1409382,,2,,,,,,,,,,0
1409383,,2,,,,,,,,,,0
1409384,,2,,,,,,,,,,0
1409385,,2,,,,,,,,,,0
1409386,,2,,,,,,,,,,0
1409387,,2,,,,,,,,,,0
1409388,,2,,,,,,,,,,0
1409389,,2,,,,,,,,,,0
1409390,,2,,,,,,,,,,0
1409391,,2,,,,,,,,,,0
1409392,,2,,,,,,,,,,0
1409393,,2,,,,,,,,,,0
1409394,,2,,,,,,,,,,0
1409395,,2,,,,,,,,,,0
1409396,,2,,,,,,,,,,0
1409397,,2,,,,,,,,,,0
1409398,,2,,,,,,,,,,0
1409399,,2,,,,,,,,,,0
1409400,,2,,,,,,,,,,0
1409401,,2,,,,,,,,,,0
1409402,,2,,,,,,,,,,0
1409403,,2,,,,,,,,,,0
1409404,,2,,,,,,,,,,0
1409405,,2,,,,,,,,,,0
1409406,,2,,,,,,,,,,0
1409407,,2,,,,,,,,,,0
1409408,,2,,,,,,,,,,0
1409409,,2,,,,,,,,,,0
1409410,,2,,,,,,,,,,0
1409411,,2,,,,,,,,,,0
1409412,,2,,,,,,,,,,0
1409413,,2,,,,,,,,,,0
1409414,,2,,,,,,,,,,0
1409415,,2,,,,,,,,,,0
1409416,,2,,,,,,,,,,0
1409417,,2,,,,,,,,,,0
1409418,,2,,,,,,,,,,0
1409419,,2,,,,,,,,,,0
1409420,,2,,,,,,,,,,0
1409421,,2,,,,,,,,,,0
1409422,,2,,,,,,,,,,0
1409423,,2,,,,,,,,,,0
1409424,,2,,,,,,,,,,0
1409425,,2,,,,,,,,,,0
1409426,,2,,,,,,,,,,0
1409427,,2,,,,,,,,,,0
1409428,,2,,,,,,,,,,0
1409429,,2,,,,,,,,,,0
1409430,,2,,,,,,,,,,0
1409431,,2,,,,,,,,,,0
1409432,,2,,,,,,,,,,0
1409433,,2,,,,,,,,,,0
1409434,,2,,,,,,,,,,0
1409435,,2,,,,,,,,,,0
1409436,,2,,,,,,,,,,0
1409437,,2,,,,,,,,,,0
1409438,,2,,,,,,,,,,0
1409439,,2,,,,,,,,,,0
1409440,,2,,,,,,,,,,0
1409441,,2,,,,,,,,,,0
1409442,,2,,,,,,,,,,0
1409443,,2,,,,,,,,,,0
1409444,,2,,,,,,,,,,0
1409445,,2,,,,,,,,,,0
1409446,,2,,,,,,,,,,0
1409447,,2,,,,,,,,,,0
1409448,,2,,,,,,,,,,0
1409449,,2,,,,,,,,,,0
1409450,,2,,,,,,,,,,0
1409451,,2,,,,,,,,,,0
1409452,,2,,,,,,,,,,0
1409453,,2,,,,,,,,,,0
1409454,,2,,,,,,,,,,0
1409455,,2,,,,,,,,,,0
1409456,,2,,,,,,,,,,0
1409457,,2,,,,,,,,,,0
1409458,,2,,,,,,,,,,0
1409459,,2,,,,,,,,,,0
1409460,,2,,,,,,,,,,0
1409461,,2,,,,,,,,,,0
1409462,,2,,,,,,,,,,0
1409463,,2,,,,,,,,,,0
1409464,,2,,,,,,,,,,0
1409465,,2,,,,,,,,,,0
1409466,,2,,,,,,,,,,0
1409467,,2,,,,,,,,,,0
1409468,,2,,,,,,,,,,0
1409469,,2,,,,,,,,,,0
1409470,,2,,,,,,,,,,0
1409471,,2,,,,,,,,,,0
1409472,,2,,,,,,,,,,0
1409473,,2,,,,,,,,,,0
9219488,,1,,,,,,,,,,0
9219489,,1,,,,,,,,,,0
9219490,,1,,,,,,,,,,0
9219491,,1,,,,,,,,,,0
9219492,,1,,,,,,,,,,0
9219493,,1,,,,,,,,,,0
9219494,,1,,,,,,,,,,0
9219495,,1,,,,,,,,,,0
9219496,,1,,,,,,,,,,0
9219497,,1,,,,,,,,,,0
9219498,,1,,,,,,,,,,0
9219499,,1,,,,,,,,,,0
9219500,,1,,,,,,,,,,0
9219501,,1,,,,,,,,,,0
9219502,,1,,,,,,,,,,0
9219503,,1,,,,,,,,,,0
9219504,,1,,,,,,,,,,0
9219505,,1,,,,,,,,,,0
9219506,,1,,,,,,,,,,0
9219507,,1,,,,,,,,,,0
9219508,,1,,,,,,,,,,0
9219509,,1,,,,,,,,,,0
9219510,,1,,,,,,,,,,0
9219511,,1,,,,,,,,,,0
9219512,,1,,,,,,,,,,0
9219513,,1,,,,,,,,,,0
9219514,,1,,,,,,,,,,0
9219515,,1,,,,,,,,,,0
9219516,,1,,,,,,,,,,0
9219517,,1,,,,,,,,,,0
9219518,,1,,,,,,,,,,0
9219519,,1,,,,,,,,,,0
9219520,,1,,,,,,,,,,0
9219521,,1,,,,,,,,,,0
9219522,,1,,,,,,,,,,0
9219523,,1,,,,,,,,,,0
9219524,,1,,,,,,,,,,0
9219525,,1,,,,,,,,,,0
9219526,,1,,,,,,,,,,0
9219527,,1,,,,,,,,,,0
9219528,,1,,,,,,,,,,0
9219529,,1,,,,,,,,,,0
9219530,,1,,,,,,,,,,0
9219531,,1,,,,,,,,,,0
9219532,,1,,,,,,,,,,0
9219533,,1,,,,,,,,,,0
9219534,,1,,,,,,,,,,0
9219535,,1,,,,,,,,,,0
9219536,,1,,,,,,,,,,0
9219537,,1,,,,,,,,,,0
9219538,,1,,,,,,,,,,0
9219539,,1,,,,,,,,,,0
9219540,,1,,,,,,,,,,0
9219541,,1,,,,,,,,,,0
9219542,,1,,,,,,,,,,0
9219543,,1,,,,,,,,,,0
9219544,,1,,,,,,,,,,0
9219545,,1,,,,,,,,,,0
9219546,,1,,,,,,,,,,0
9219547,,1,,,,,,,,,,0
9219548,,1,,,,,,,,,,0
9219549,,1,,,,,,,,,,0
9219550,,1,,,,,,,,,,0
9219551,,1,,,,,,,,,,0
9219552,,1,,,,,,,,,,0
9219553,,1,,,,,,,,,,0
9219554,,1,,,,,,,,,,0
9219555,,1,,,,,,,,,,0
9219556,,1,,,,,,,,,,0
9219557,,1,,,,,,,,,,0
9219558,,1,,,,,,,,,,0
9219559,,1,,,,,,,,,,0
9219560,,1,,,,,,,,,,0
9219561,,1,,,,,,,,,,0
9219562,,1,,,,,,,,,,0
9219563,,1,,,,,,,,,,0
9219564,,1,,,,,,,,,,0
9219565,,1,,,,,,,,,,0
9219566,,1,,,,,,,,,,0
9219567,,1,,,,,,,,,,0
9219568,,1,,,,,,,,,,0
9219569,,1,,,,,,,,,,0
9219570,,1,,,,,,,,,,0
9219571,,1,,,,,,,,,,0
9219572,,1,,,,,,,,,,0
9219573,,1,,,,,,,,,,0
9219574,,1,,,,,,,,,,0
9219575,,1,,,,,,,,,,0
9219576,,1,,,,,,,,,,0
9219577,,1,,,,,,,,,,0
9219578,,1,,,,,,,,,,0
9219579,,1,,,,,,,,,,0
9219580,,1,,,,,,,,,,0
9219581,,1,,,,,,,,,,0
9219582,,1,,,,,,,,,,0
9219583,,1,,,,,,,,,,0
9219584,,1,,,,,,,,,,0
9219585,,1,,,,,,,,,,0
9219586,,1,,,,,,,,,,0
9219587,,1,,,,,,,,,,0
9219588,,1,,,,,,,,,,0
9219589,,1,,,,,,,,,,0
9219590,,1,,,,,,,,,,0
9219591,,1,,,,,,,,,,0
9219592,,1,,,,,,,,,,0
9219593,,1,,,,,,,,,,0
9219594,,1,,,,,,,,,,0
9219595,,1,,,,,,,,,,0
9219596,,1,,,,,,,,,,0
9219597,,1,,,,,,,,,,0
9219598,,1,,,,,,,,,,0
9219599,,1,,,,,,,,,,0
9219600,,1,,,,,,,,,,0
9219601,,1,,,,,,,,,,0
9219602,,1,,,,,,,,,,0
9219603,,1,,,,,,,,,,0
9219604,,1,,,,,,,,,,0
9219605,,1,,,,,,,,,,0
9219606,,1,,,,,,,,,,0
9219607,,1,,,,,,,,,,0
9219608,,1,,,,,,,,,,0
9219609,,1,,,,,,,,,,0
9219610,,1,,,,,,,,,,0
9219611,,1,,,,,,,,,,0
9219612,,1,,,,,,,,,,0
9219613,,1,,,,,,,,,,0
9219614,,1,,,,,,,,,,0
9219615,,1,,,,,,,,,,0
9219616,,1,,,,,,,,,,0
9219617,,1,,,,,,,,,,0
9219618,,1,,,,,,,,,,0
9219619,,1,,,,,,,,,,0
9219620,,1,,,,,,,,,,0
9219621,,1,,,,,,,,,,0
9219622,,1,,,,,,,,,,0
9219623,,1,,,,,,,,,,0
9219624,,1,,,,,,,,,,0
9219625,,1,,,,,,,,,,0
9219626,,1,,,,,,,,,,0
9219627,,1,,,,,,,,,,0
9219628,,1,,,,,,,,,,0
9219629,,1,,,,,,,,,,0
9219630,,1,,,,,,,,,,0
9219631,,1,,,,,,,,,,0
9219632,,1,,,,,,,,,,0
9219633,,1,,,,,,,,,,0
9219634,,1,,,,,,,,,,0
9219635,,1,,,,,,,,,,0
9219636,,1,,,,,,,,,,0
9219637,,1,,,,,,,,,,0
9219638,,1,,,,,,,,,,0
9219639,,1,,,,,,,,,,0
9219640,,1,,,,,,,,,,0
9219641,,1,,,,,,,,,,0
9219642,,1,,,,,,,,,,0
9219643,,1,,,,,,,,,,0
9219644,,1,,,,,,,,,,0
9219645,,1,,,,,,,,,,0
9219646,,1,,,,,,,,,,0
9219647,,1,,,,,,,,,,0
9219648,,1,,,,,,,,,,0
9219649,,1,,,,,,,,,,0
9219650,,1,,,,,,,,,,0
9219651,,1,,,,,,,,,,0
9219652,,1,,,,,,,,,,0
9219653,,1,,,,,,,,,,0
9219654,,1,,,,,,,,,,0
9219655,,1,,,,,,,,,,0
9219656,,1,,,,,,,,,,0
9219657,,1,,,,,,,,,,0
9219658,,1,,,,,,,,,,0
9219659,,1,,,,,,,,,,0
9219660,,1,,,,,,,,,,0
9219661,,1,,,,,,,,,,0
9219662,,1,,,,,,,,,,0
9219663,,1,,,,,,,,,,0
9219664,,1,,,,,,,,,,0
9219665,,1,,,,,,,,,,0
9219666,,1,,,,,,,,,,0
9219667,,1,,,,,,,,,,0
9219668,,1,,,,,,,,,,0
9219669,,1,,,,,,,,,,0
9219670,,1,,,,,,,,,,0
9219671,,1,,,,,,,,,,0
9219672,,1,,,,,,,,,,0
9219673,,1,,,,,,,,,,0
9219674,,1,,,,,,,,,,0
9219675,,1,,,,,,,,,,0
9219676,,1,,,,,,,,,,0
9219677,,1,,,,,,,,,,0
9219678,,1,,,,,,,,,,0
9219679,,1,,,,,,,,,,0
9219680,,1,,,,,,,,,,0
9219681,,1,,,,,,,,,,0
9219682,,1,,,,,,,,,,0
9219683,,1,,,,,,,,,,0
9219684,,1,,,,,,,,,,0
9219685,,1,,,,,,,,,,0
9219686,,1,,,,,,,,,,0
9219687,,1,,,,,,,,,,0
9219688,,1,,,,,,,,,,0
9219689,,1,,,,,,,,,,0
9219690,,1,,,,,,,,,,0
9219691,,1,,,,,,,,,,0
9219692,,1,,,,,,,,,,0
9219693,,1,,,,,,,,,,0
9219694,,1,,,,,,,,,,0
9219695,,1,,,,,,,,,,0
9219696,,1,,,,,,,,,,0
9219697,,1,,,,,,,,,,0
9219698,,1,,,,,,,,,,0
9219699,,1,,,,,,,,,,0
9219700,,1,,,,,,,,,,0
9219701,,1,,,,,,,,,,0
9219702,,1,,,,,,,,,,0
9219703,,1,,,,,,,,,,0
9219704,,1,,,,,,,,,,0
9219705,,1,,,,,,,,,,0
9219706,,1,,,,,,,,,,0
9219707,,1,,,,,,,,,,0
9219708,,1,,,,,,,,,,0
9219709,,1,,,,,,,,,,0
9219710,,1,,,,,,,,,,0
9219711,,1,,,,,,,,,,0
9219712,,1,,,,,,,,,,0
9219713,,1,,,,,,,,,,0
9219714,,1,,,,,,,,,,0
9219715,,1,,,,,,,,,,0
9219716,,1,,,,,,,,,,0
9219717,,1,,,,,,,,,,0
9219718,,1,,,,,,,,,,0
9219719,,1,,,,,,,,,,0
9219720,,1,,,,,,,,,,0
9219721,,1,,,,,,,,,,0
9219722,,1,,,,,,,,,,0
9219723,,1,,,,,,,,,,0
9219724,,1,,,,,,,,,,0
9219725,,1,,,,,,,,,,0
9219726,,1,,,,,,,,,,0
9219727,,1,,,,,,,,,,0
9219728,,1,,,,,,,,,,0
9219729,,1,,,,,,,,,,0
9219730,,1,,,,,,,,,,0
9219731,,1,,,,,,,,,,0
9219732,,1,,,,,,,,,,0
9219733,,1,,,,,,,,,,0
9219734,,1,,,,,,,,,,0
9219735,,1,,,,,,,,,,0
9219736,,1,,,,,,,,,,0
9219737,,1,,,,,,,,,,0
9219738,,1,,,,,,,,,,0
9219739,,1,,,,,,,,,,0
9219740,,1,,,,,,,,,,0
9219741,,1,,,,,,,,,,0
9219742,,1,,,,,,,,,,0
9219743,,1,,,,,,,,,,0
9219744,,1,,,,,,,,,,0
9219745,,1,,,,,,,,,,0
9219746,,1,,,,,,,,,,0
9219747,,1,,,,,,,,,,0
9219748,,1,,,,,,,,,,0
9219749,,1,,,,,,,,,,0
9219750,,1,,,,,,,,,,0
9219751,,1,,,,,,,,,,0
9219752,,1,,,,,,,,,,0
9219753,,1,,,,,,,,,,0
9219754,,1,,,,,,,,,,0
9219755,,1,,,,,,,,,,0
9219756,,1,,,,,,,,,,0
9219757,,1,,,,,,,,,,0
9219758,,1,,,,,,,,,,0
9219759,,1,,,,,,,,,,0
9219760,,1,,,,,,,,,,0
9219761,,1,,,,,,,,,,0
9219762,,1,,,,,,,,,,0
9219763,,1,,,,,,,,,,0
9219764,,1,,,,,,,,,,0
9219765,,1,,,,,,,,,,0
9219766,,1,,,,,,,,,,0
9219767,,1,,,,,,,,,,0
9219768,,1,,,,,,,,,,0
9219769,,1,,,,,,,,,,0
9219770,,1,,,,,,,,,,0
9219771,,1,,,,,,,,,,0
9219772,,1,,,,,,,,,,0
9219773,,1,,,,,,,,,,0
9219774,,1,,,,,,,,,,0
9219775,,1,,,,,,,,,,0
9219776,,1,,,,,,,,,,0
9219777,,1,,,,,,,,,,0
9219778,,1,,,,,,,,,,0
9219779,,1,,,,,,,,,,0
9219780,,1,,,,,,,,,,0
9219781,,1,,,,,,,,,,0
9219782,,1,,,,,,,,,,0
9219783,,1,,,,,,,,,,0
9219784,,1,,,,,,,,,,0
9219785,,1,,,,,,,,,,0
9219786,,1,,,,,,,,,,0
9219787,,1,,,,,,,,,,0
9219788,,1,,,,,,,,,,0
9219789,,1,,,,,,,,,,0
9219790,,1,,,,,,,,,,0
9219791,,1,,,,,,,,,,0
9219792,,1,,,,,,,,,,0
9219793,,1,,,,,,,,,,0
9219794,,1,,,,,,,,,,0
9219795,,1,,,,,,,,,,0
9219796,,1,,,,,,,,,,0
9219797,,1,,,,,,,,,,0
9219798,,1,,,,,,,,,,0
9219799,,1,,,,,,,,,,0
9219800,,1,,,,,,,,,,0
9219801,,1,,,,,,,,,,0
9219802,,1,,,,,,,,,,0
9219803,,1,,,,,,,,,,0
9219804,,1,,,,,,,,,,0
9219805,,1,,,,,,,,,,0
9219806,,1,,,,,,,,,,0
9219807,,1,,,,,,,,,,0
9219808,,1,,,,,,,,,,0
9219809,,1,,,,,,,,,,0
9219810,,1,,,,,,,,,,0
9219811,,1,,,,,,,,,,0
9219812,,1,,,,,,,,,,0
9219813,,1,,,,,,,,,,0
9219814,,1,,,,,,,,,,0
9219815,,1,,,,,,,,,,0
9219816,,1,,,,,,,,,,0
9219817,,1,,,,,,,,,,0
9219818,,1,,,,,,,,,,0
9219819,,1,,,,,,,,,,0
9219820,,1,,,,,,,,,,0
9219821,,1,,,,,,,,,,0
9219822,,1,,,,,,,,,,0
9219823,,1,,,,,,,,,,0
9219824,,1,,,,,,,,,,0
9219825,,1,,,,,,,,,,0
9219826,,1,,,,,,,,,,0
9219827,,1,,,,,,,,,,0
9219828,,1,,,,,,,,,,0
9219829,,1,,,,,,,,,,0
9219830,,1,,,,,,,,,,0
9219831,,1,,,,,,,,,,0
9219832,,1,,,,,,,,,,0
9219833,,1,,,,,,,,,,0
9219834,,1,,,,,,,,,,0
9219835,,1,,,,,,,,,,0
9219836,,1,,,,,,,,,,0
9219837,,1,,,,,,,,,,0
9219838,,1,,,,,,,,,,0
9219839,,1,,,,,,,,,,0
9219840,,1,,,,,,,,,,0
9219841,,1,,,,,,,,,,0
9219842,,1,,,,,,,,,,0
9219843,,1,,,,,,,,,,0
9219844,,1,,,,,,,,,,0
9219845,,1,,,,,,,,,,0
9219846,,1,,,,,,,,,,0
9219847,,1,,,,,,,,,,0
9219848,,1,,,,,,,,,,0
9219849,,1,,,,,,,,,,0
9219850,,1,,,,,,,,,,0
9219851,,1,,,,,,,,,,0
9219852,,1,,,,,,,,,,0
9219853,,1,,,,,,,,,,0
9219854,,1,,,,,,,,,,0
9219855,,1,,,,,,,,,,0
9219856,,1,,,,,,,,,,0
9219857,,1,,,,,,,,,,0
9219858,,1,,,,,,,,,,0
9219859,,1,,,,,,,,,,0
9219860,,1,,,,,,,,,,0
9219861,,1,,,,,,,,,,0
9219862,,1,,,,,,,,,,0
9219863,,1,,,,,,,,,,0
9219864,,1,,,,,,,,,,0
9219865,,1,,,,,,,,,,0
9219866,,1,,,,,,,,,,0
9219867,,1,,,,,,,,,,0
9219868,,1,,,,,,,,,,0
9219869,,1,,,,,,,,,,0
9219870,,1,,,,,,,,,,0
9219871,,1,,,,,,,,,,0
9219872,,1,,,,,,,,,,0
9219873,,1,,,,,,,,,,0
9219874,,1,,,,,,,,,,0
9219875,,1,,,,,,,,,,0
9219876,,1,,,,,,,,,,0
9219877,,1,,,,,,,,,,0
9219878,,1,,,,,,,,,,0
9219879,,1,,,,,,,,,,0
9219880,,1,,,,,,,,,,0
9219881,,1,,,,,,,,,,0
9219882,,1,,,,,,,,,,0
9219883,,1,,,,,,,,,,0
9219884,,1,,,,,,,,,,0
9219885,,1,,,,,,,,,,0
9219886,,1,,,,,,,,,,0
9219887,,1,,,,,,,,,,0
9219888,,1,,,,,,,,,,0
9219889,,1,,,,,,,,,,0
9219890,,1,,,,,,,,,,0
9219891,,1,,,,,,,,,,0
9219892,,1,,,,,,,,,,0
9219893,,1,,,,,,,,,,0
9219894,,1,,,,,,,,,,0
9219895,,1,,,,,,,,,,0
9219896,,1,,,,,,,,,,0
9219897,,1,,,,,,,,,,0
9219898,,1,,,,,,,,,,0
9219899,,1,,,,,,,,,,0
9219900,,1,,,,,,,,,,0
9219901,,1,,,,,,,,,,0
9219902,,1,,,,,,,,,,0
9219903,,1,,,,,,,,,,0
9219904,,1,,,,,,,,,,0
9219905,,1,,,,,,,,,,0
9219906,,1,,,,,,,,,,0
9219907,,1,,,,,,,,,,0
9219908,,1,,,,,,,,,,0
9219909,,1,,,,,,,,,,0
9219910,,1,,,,,,,,,,0
9219911,,1,,,,,,,,,,0
9219912,,1,,,,,,,,,,0
9219913,,1,,,,,,,,,,0
9219914,,1,,,,,,,,,,0
9219915,,1,,,,,,,,,,0
9219916,,1,,,,,,,,,,0
9219917,,1,,,,,,,,,,0
9219918,,1,,,,,,,,,,0
9219919,,1,,,,,,,,,,0
9219920,,1,,,,,,,,,,0
9219921,,1,,,,,,,,,,0
9219922,,1,,,,,,,,,,0
9219923,,1,,,,,,,,,,0
9219924,,1,,,,,,,,,,0
9219925,,1,,,,,,,,,,0
9219926,,1,,,,,,,,,,0
9219927,,1,,,,,,,,,,0
9219928,,1,,,,,,,,,,0
9219929,,1,,,,,,,,,,0
9219930,,1,,,,,,,,,,0
9219931,,1,,,,,,,,,,0
9219932,,1,,,,,,,,,,0
9219933,,1,,,,,,,,,,0
9219934,,1,,,,,,,,,,0
9219935,,1,,,,,,,,,,0
9219936,,1,,,,,,,,,,0
9219937,,1,,,,,,,,,,0
9219938,,1,,,,,,,,,,0
9219939,,1,,,,,,,,,,0
9219940,,1,,,,,,,,,,0
9219941,,1,,,,,,,,,,0
9219942,,1,,,,,,,,,,0
9219943,,1,,,,,,,,,,0
9219944,,1,,,,,,,,,,0
9219945,,1,,,,,,,,,,0
9219946,,1,,,,,,,,,,0
9219947,,1,,,,,,,,,,0
9219948,,1,,,,,,,,,,0
9219949,,1,,,,,,,,,,0
9219950,,1,,,,,,,,,,0
9219951,,1,,,,,,,,,,0
9219952,,1,,,,,,,,,,0
9219953,,1,,,,,,,,,,0
9219954,,1,,,,,,,,,,0
9219955,,1,,,,,,,,,,0
9219956,,1,,,,,,,,,,0
9219957,,1,,,,,,,,,,0
9219958,,1,,,,,,,,,,0
9219959,,1,,,,,,,,,,0
9219960,,1,,,,,,,,,,0
9219961,,1,,,,,,,,,,0
9219962,,1,,,,,,,,,,0
9219963,,1,,,,,,,,,,0
9219964,,1,,,,,,,,,,0
9219965,,1,,,,,,,,,,0
9219966,,1,,,,,,,,,,0
9219967,,1,,,,,,,,,,0
9219968,,1,,,,,,,,,,0
9219969,,1,,,,,,,,,,0
9219970,,1,,,,,,,,,,0
9219971,,1,,,,,,,,,,0
9219972,,1,,,,,,,,,,0
9219973,,1,,,,,,,,,,0
9219974,,1,,,,,,,,,,0
9219975,,1,,,,,,,,,,0
9219976,,1,,,,,,,,,,0
9219977,,1,,,,,,,,,,0
9219978,,1,,,,,,,,,,0
9219979,,1,,,,,,,,,,0
9219980,,1,,,,,,,,,,0
9219981,,1,,,,,,,,,,0
9219982,,1,,,,,,,,,,0
9219983,,1,,,,,,,,,,0
9219984,,1,,,,,,,,,,0
9219985,,1,,,,,,,,,,0
9219986,,1,,,,,,,,,,0
9219987,,1,,,,,,,,,,0
1409474,,2,,,,,,,,,,0
1409475,,2,,,,,,,,,,0
1409476,,2,,,,,,,,,,0
1409477,,2,,,,,,,,,,0
1409478,,2,,,,,,,,,,0
1409479,,2,,,,,,,,,,0
1409480,,2,,,,,,,,,,0
1409481,,2,,,,,,,,,,0
1409482,,2,,,,,,,,,,0
1409483,,2,,,,,,,,,,0
1409484,,2,,,,,,,,,,0
1409485,,2,,,,,,,,,,0
1409486,,2,,,,,,,,,,0
1409487,,2,,,,,,,,,,0
1409488,,2,,,,,,,,,,0
1409489,,2,,,,,,,,,,0
1409490,,2,,,,,,,,,,0
1409491,,2,,,,,,,,,,0
1409492,,2,,,,,,,,,,0
1409493,,2,,,,,,,,,,0
1409494,,2,,,,,,,,,,0
1409495,,2,,,,,,,,,,0
1409496,,2,,,,,,,,,,0
1409497,,2,,,,,,,,,,0
1409498,,2,,,,,,,,,,0
1409499,,2,,,,,,,,,,0
1409500,,2,,,,,,,,,,0
1409501,,2,,,,,,,,,,0
1409502,,2,,,,,,,,,,0
1409503,,2,,,,,,,,,,0
1409504,,2,,,,,,,,,,0
1409505,,2,,,,,,,,,,0
1409506,,2,,,,,,,,,,0
1409507,,2,,,,,,,,,,0
1409508,,2,,,,,,,,,,0
1409509,,2,,,,,,,,,,0
1409510,,2,,,,,,,,,,0
1409511,,2,,,,,,,,,,0
1409512,,2,,,,,,,,,,0
1409513,,2,,,,,,,,,,0
1409514,,2,,,,,,,,,,0
1409515,,2,,,,,,,,,,0
1409516,,2,,,,,,,,,,0
1409517,,2,,,,,,,,,,0
1409518,,2,,,,,,,,,,0
1409519,,2,,,,,,,,,,0
1409520,,2,,,,,,,,,,0
1409521,,2,,,,,,,,,,0
1409522,,2,,,,,,,,,,0
1409523,,2,,,,,,,,,,0
1409524,,2,,,,,,,,,,0
1409525,,2,,,,,,,,,,0
1409526,,2,,,,,,,,,,0
1409527,,2,,,,,,,,,,0
1409528,,2,,,,,,,,,,0
1409529,,2,,,,,,,,,,0
1409530,,2,,,,,,,,,,0
1409531,,2,,,,,,,,,,0
1409532,,2,,,,,,,,,,0
1409533,,2,,,,,,,,,,0
1409534,,2,,,,,,,,,,0
1409535,,2,,,,,,,,,,0
1409536,,2,,,,,,,,,,0
1409537,,2,,,,,,,,,,0
1409538,,2,,,,,,,,,,0
1409539,,2,,,,,,,,,,0
1409540,,2,,,,,,,,,,0
1409541,,2,,,,,,,,,,0
1409542,,2,,,,,,,,,,0
1409543,,2,,,,,,,,,,0
1409544,,2,,,,,,,,,,0
1409545,,2,,,,,,,,,,0
1409546,,2,,,,,,,,,,0
1409547,,2,,,,,,,,,,0
1409548,,2,,,,,,,,,,0
1409549,,2,,,,,,,,,,0
1409550,,2,,,,,,,,,,0
1409551,,2,,,,,,,,,,0
1409552,,2,,,,,,,,,,0
1409553,,2,,,,,,,,,,0
1409554,,2,,,,,,,,,,0
1409555,,2,,,,,,,,,,0
1409556,,2,,,,,,,,,,0
1409557,,2,,,,,,,,,,0
1409558,,2,,,,,,,,,,0
1409559,,2,,,,,,,,,,0
1409560,,2,,,,,,,,,,0
1409561,,2,,,,,,,,,,0
1409562,,2,,,,,,,,,,0
1409563,,2,,,,,,,,,,0
1409564,,2,,,,,,,,,,0
1409565,,2,,,,,,,,,,0
1409566,,2,,,,,,,,,,0
1409567,,2,,,,,,,,,,0
1409568,,2,,,,,,,,,,0
1409569,,2,,,,,,,,,,0
1409570,,2,,,,,,,,,,0
1409571,,2,,,,,,,,,,0
1409572,,2,,,,,,,,,,0
1409573,,2,,,,,,,,,,0
1409574,,2,,,,,,,,,,0
1409575,,2,,,,,,,,,,0
1409576,,2,,,,,,,,,,0
1409577,,2,,,,,,,,,,0
1409578,,2,,,,,,,,,,0
1409579,,2,,,,,,,,,,0
1409580,,2,,,,,,,,,,0
1409581,,2,,,,,,,,,,0
1409582,,2,,,,,,,,,,0
1409583,,2,,,,,,,,,,0
1409584,,2,,,,,,,,,,0
1409585,,2,,,,,,,,,,0
1409586,,2,,,,,,,,,,0
1409587,,2,,,,,,,,,,0
1409588,,2,,,,,,,,,,0
1409589,,2,,,,,,,,,,0
1409590,,2,,,,,,,,,,0
1409591,,2,,,,,,,,,,0
1409592,,2,,,,,,,,,,0
1409593,,2,,,,,,,,,,0
1409594,,2,,,,,,,,,,0
1409595,,2,,,,,,,,,,0
1409596,,2,,,,,,,,,,0
1409597,,2,,,,,,,,,,0
1409598,,2,,,,,,,,,,0
1409599,,2,,,,,,,,,,0
1409600,,2,,,,,,,,,,0
1409601,,2,,,,,,,,,,0
1409602,,2,,,,,,,,,,0
1409603,,2,,,,,,,,,,0
1409604,,2,,,,,,,,,,0
1409605,,2,,,,,,,,,,0
1409606,,2,,,,,,,,,,0
1409607,,2,,,,,,,,,,0
1409608,,2,,,,,,,,,,0
1409609,,2,,,,,,,,,,0
1409610,,2,,,,,,,,,,0
1409611,,2,,,,,,,,,,0
1409612,,2,,,,,,,,,,0
1409613,,2,,,,,,,,,,0
1409614,,2,,,,,,,,,,0
1409615,,2,,,,,,,,,,0
1409616,,2,,,,,,,,,,0
1409617,,2,,,,,,,,,,0
1409618,,2,,,,,,,,,,0
1409619,,2,,,,,,,,,,0
1409620,,2,,,,,,,,,,0
1409621,,2,,,,,,,,,,0
1409622,,2,,,,,,,,,,0
1409623,,2,,,,,,,,,,0
1409624,,2,,,,,,,,,,0
1409625,,2,,,,,,,,,,0
1409626,,2,,,,,,,,,,0
1409627,,2,,,,,,,,,,0
1409628,,2,,,,,,,,,,0
1409629,,2,,,,,,,,,,0
1409630,,2,,,,,,,,,,0
1409631,,2,,,,,,,,,,0
1409632,,2,,,,,,,,,,0
1409633,,2,,,,,,,,,,0
1409634,,2,,,,,,,,,,0
1409635,,2,,,,,,,,,,0
1409636,,2,,,,,,,,,,0
1409637,,2,,,,,,,,,,0
1409638,,2,,,,,,,,,,0
1409639,,2,,,,,,,,,,0
1409640,,2,,,,,,,,,,0
1409641,,2,,,,,,,,,,0
1409642,,2,,,,,,,,,,0
1409643,,2,,,,,,,,,,0
1409644,,2,,,,,,,,,,0
1409645,,2,,,,,,,,,,0
1409646,,2,,,,,,,,,,0
1409647,,2,,,,,,,,,,0
1409648,,2,,,,,,,,,,0
1409649,,2,,,,,,,,,,0
1409650,,2,,,,,,,,,,0
1409651,,2,,,,,,,,,,0
1409652,,2,,,,,,,,,,0
1409653,,2,,,,,,,,,,0
1409654,,2,,,,,,,,,,0
1409655,,2,,,,,,,,,,0
1409656,,2,,,,,,,,,,0
1409657,,2,,,,,,,,,,0
1409658,,2,,,,,,,,,,0
1409659,,2,,,,,,,,,,0
1409660,,2,,,,,,,,,,0
1409661,,2,,,,,,,,,,0
1409662,,2,,,,,,,,,,0
1409663,,2,,,,,,,,,,0
1409664,,2,,,,,,,,,,0
1409665,,2,,,,,,,,,,0
1409666,,2,,,,,,,,,,0
1409667,,2,,,,,,,,,,0
1409668,,2,,,,,,,,,,0
1409669,,2,,,,,,,,,,0
1409670,,2,,,,,,,,,,0
1409671,,2,,,,,,,,,,0
1409672,,2,,,,,,,,,,0
1409673,,2,,,,,,,,,,0
1409674,,2,,,,,,,,,,0
1409675,,2,,,,,,,,,,0
1409676,,2,,,,,,,,,,0
1409677,,2,,,,,,,,,,0
1409678,,2,,,,,,,,,,0
1409679,,2,,,,,,,,,,0
1409680,,2,,,,,,,,,,0
1409681,,2,,,,,,,,,,0
1409682,,2,,,,,,,,,,0
1409683,,2,,,,,,,,,,0
1409684,,2,,,,,,,,,,0
1409685,,2,,,,,,,,,,0
1409686,,2,,,,,,,,,,0
1409687,,2,,,,,,,,,,0
1409688,,2,,,,,,,,,,0
1409689,,2,,,,,,,,,,0
1409690,,2,,,,,,,,,,0
1409691,,2,,,,,,,,,,0
1409692,,2,,,,,,,,,,0
1409693,,2,,,,,,,,,,0
1409694,,2,,,,,,,,,,0
1409695,,2,,,,,,,,,,0
1409696,,2,,,,,,,,,,0
1409697,,2,,,,,,,,,,0
1409698,,2,,,,,,,,,,0
1409699,,2,,,,,,,,,,0
1409700,,2,,,,,,,,,,0
1409701,,2,,,,,,,,,,0
1409702,,2,,,,,,,,,,0
1409703,,2,,,,,,,,,,0
1409704,,2,,,,,,,,,,0
1409705,,2,,,,,,,,,,0
1409706,,2,,,,,,,,,,0
1409707,,2,,,,,,,,,,0
1409708,,2,,,,,,,,,,0
1409709,,2,,,,,,,,,,0
1409710,,2,,,,,,,,,,0
1409711,,2,,,,,,,,,,0
1409712,,2,,,,,,,,,,0
1409713,,2,,,,,,,,,,0
1409714,,2,,,,,,,,,,0
1409715,,2,,,,,,,,,,0
1409716,,2,,,,,,,,,,0
1409717,,2,,,,,,,,,,0
1409718,,2,,,,,,,,,,0
1409719,,2,,,,,,,,,,0
1409720,,2,,,,,,,,,,0
1409721,,2,,,,,,,,,,0
1409722,,2,,,,,,,,,,0
1409723,,2,,,,,,,,,,0
1409724,,2,,,,,,,,,,0
1409725,,2,,,,,,,,,,0
1409726,,2,,,,,,,,,,0
1409727,,2,,,,,,,,,,0
1409728,,2,,,,,,,,,,0
1409729,,2,,,,,,,,,,0
1409730,,2,,,,,,,,,,0
1409731,,2,,,,,,,,,,0
1409732,,2,,,,,,,,,,0
1409733,,2,,,,,,,,,,0
1409734,,2,,,,,,,,,,0
1409735,,2,,,,,,,,,,0
1409736,,2,,,,,,,,,,0
1409737,,2,,,,,,,,,,0
1409738,,2,,,,,,,,,,0
1409739,,2,,,,,,,,,,0
1409740,,2,,,,,,,,,,0
1409741,,2,,,,,,,,,,0
1409742,,2,,,,,,,,,,0
1409743,,2,,,,,,,,,,0
1409744,,2,,,,,,,,,,0
1409745,,2,,,,,,,,,,0
1409746,,2,,,,,,,,,,0
1409747,,2,,,,,,,,,,0
1409748,,2,,,,,,,,,,0
1409749,,2,,,,,,,,,,0
1409750,,2,,,,,,,,,,0
1409751,,2,,,,,,,,,,0
1409752,,2,,,,,,,,,,0
1409753,,2,,,,,,,,,,0
1409754,,2,,,,,,,,,,0
1409755,,2,,,,,,,,,,0
1409756,,2,,,,,,,,,,0
1409757,,2,,,,,,,,,,0
1409758,,2,,,,,,,,,,0
1409759,,2,,,,,,,,,,0
1409760,,2,,,,,,,,,,0
1409761,,2,,,,,,,,,,0
1409762,,2,,,,,,,,,,0
1409763,,2,,,,,,,,,,0
1409764,,2,,,,,,,,,,0
1409765,,2,,,,,,,,,,0
1409766,,2,,,,,,,,,,0
1409767,,2,,,,,,,,,,0
1409768,,2,,,,,,,,,,0
1409769,,2,,,,,,,,,,0
1409770,,2,,,,,,,,,,0
1409771,,2,,,,,,,,,,0
1409772,,2,,,,,,,,,,0
1409773,,2,,,,,,,,,,0
1409774,,2,,,,,,,,,,0
1409775,,2,,,,,,,,,,0
1409776,,2,,,,,,,,,,0
1409777,,2,,,,,,,,,,0
1409778,,2,,,,,,,,,,0
1409779,,2,,,,,,,,,,0
1409780,,2,,,,,,,,,,0
1409781,,2,,,,,,,,,,0
1409782,,2,,,,,,,,,,0
1409783,,2,,,,,,,,,,0
1409784,,2,,,,,,,,,,0
1409785,,2,,,,,,,,,,0
1409786,,2,,,,,,,,,,0
1409787,,2,,,,,,,,,,0
1409788,,2,,,,,,,,,,0
1409789,,2,,,,,,,,,,0
1409790,,2,,,,,,,,,,0
1409791,,2,,,,,,,,,,0
1409792,,2,,,,,,,,,,0
1409793,,2,,,,,,,,,,0
1409794,,2,,,,,,,,,,0
1409795,,2,,,,,,,,,,0
1409796,,2,,,,,,,,,,0
1409797,,2,,,,,,,,,,0
1409798,,2,,,,,,,,,,0
1409799,,2,,,,,,,,,,0
1409800,,2,,,,,,,,,,0
1409801,,2,,,,,,,,,,0
1409802,,2,,,,,,,,,,0
1409803,,2,,,,,,,,,,0
1409804,,2,,,,,,,,,,0
1409805,,2,,,,,,,,,,0
1409806,,2,,,,,,,,,,0
1409807,,2,,,,,,,,,,0
1409808,,2,,,,,,,,,,0
1409809,,2,,,,,,,,,,0
1409810,,2,,,,,,,,,,0
1409811,,2,,,,,,,,,,0
1409812,,2,,,,,,,,,,0
1409813,,2,,,,,,,,,,0
1409814,,2,,,,,,,,,,0
1409815,,2,,,,,,,,,,0
1409816,,2,,,,,,,,,,0
1409817,,2,,,,,,,,,,0
1409818,,2,,,,,,,,,,0
1409819,,2,,,,,,,,,,0
1409820,,2,,,,,,,,,,0
1409821,,2,,,,,,,,,,0
1409822,,2,,,,,,,,,,0
1409823,,2,,,,,,,,,,0
1409824,,2,,,,,,,,,,0
1409825,,2,,,,,,,,,,0
1409826,,2,,,,,,,,,,0
1409827,,2,,,,,,,,,,0
1409828,,2,,,,,,,,,,0
1409829,,2,,,,,,,,,,0
1409830,,2,,,,,,,,,,0
1409831,,2,,,,,,,,,,0
1409832,,2,,,,,,,,,,0
1409833,,2,,,,,,,,,,0
1409834,,2,,,,,,,,,,0
1409835,,2,,,,,,,,,,0
1409836,,2,,,,,,,,,,0
1409837,,2,,,,,,,,,,0
1409838,,2,,,,,,,,,,0
1409839,,2,,,,,,,,,,0
1409840,,2,,,,,,,,,,0
1409841,,2,,,,,,,,,,0
1409842,,2,,,,,,,,,,0
1409843,,2,,,,,,,,,,0
1409844,,2,,,,,,,,,,0
1409845,,2,,,,,,,,,,0
1409846,,2,,,,,,,,,,0
1409847,,2,,,,,,,,,,0
1409848,,2,,,,,,,,,,0
1409849,,2,,,,,,,,,,0
1409850,,2,,,,,,,,,,0
1409851,,2,,,,,,,,,,0
1409852,,2,,,,,,,,,,0
1409853,,2,,,,,,,,,,0
1409854,,2,,,,,,,,,,0
1409855,,2,,,,,,,,,,0
1409856,,2,,,,,,,,,,0
1409857,,2,,,,,,,,,,0
1409858,,2,,,,,,,,,,0
1409859,,2,,,,,,,,,,0
1409860,,2,,,,,,,,,,0
1409861,,2,,,,,,,,,,0
1409862,,2,,,,,,,,,,0
1409863,,2,,,,,,,,,,0
1409864,,2,,,,,,,,,,0
1409865,,2,,,,,,,,,,0
1409866,,2,,,,,,,,,,0
1409867,,2,,,,,,,,,,0
1409868,,2,,,,,,,,,,0
1409869,,2,,,,,,,,,,0
1409870,,2,,,,,,,,,,0
1409871,,2,,,,,,,,,,0
1409872,,2,,,,,,,,,,0
1409873,,2,,,,,,,,,,0
1409874,,2,,,,,,,,,,0
1409875,,2,,,,,,,,,,0
1409876,,2,,,,,,,,,,0
1409877,,2,,,,,,,,,,0
1409878,,2,,,,,,,,,,0
1409879,,2,,,,,,,,,,0
1409880,,2,,,,,,,,,,0
1409881,,2,,,,,,,,,,0
1409882,,2,,,,,,,,,,0
1409883,,2,,,,,,,,,,0
1409884,,2,,,,,,,,,,0
1409885,,2,,,,,,,,,,0
1409886,,2,,,,,,,,,,0
1409887,,2,,,,,,,,,,0
1409888,,2,,,,,,,,,,0
1409889,,2,,,,,,,,,,0
1409890,,2,,,,,,,,,,0
1409891,,2,,,,,,,,,,0
1409892,,2,,,,,,,,,,0
1409893,,2,,,,,,,,,,0
1409894,,2,,,,,,,,,,0
1409895,,2,,,,,,,,,,0
1409896,,2,,,,,,,,,,0
1409897,,2,,,,,,,,,,0
1409898,,2,,,,,,,,,,0
1409899,,2,,,,,,,,,,0
1409900,,2,,,,,,,,,,0
1409901,,2,,,,,,,,,,0
1409902,,2,,,,,,,,,,0
1409903,,2,,,,,,,,,,0
1409904,,2,,,,,,,,,,0
1409905,,2,,,,,,,,,,0
1409906,,2,,,,,,,,,,0
1409907,,2,,,,,,,,,,0
1409908,,2,,,,,,,,,,0
1409909,,2,,,,,,,,,,0
1409910,,2,,,,,,,,,,0
1409911,,2,,,,,,,,,,0
1409912,,2,,,,,,,,,,0
1409913,,2,,,,,,,,,,0
1409914,,2,,,,,,,,,,0
1409915,,2,,,,,,,,,,0
1409916,,2,,,,,,,,,,0
1409917,,2,,,,,,,,,,0
1409918,,2,,,,,,,,,,0
1409919,,2,,,,,,,,,,0
1409920,,2,,,,,,,,,,0
1409921,,2,,,,,,,,,,0
1409922,,2,,,,,,,,,,0
1409923,,2,,,,,,,,,,0
1409924,,2,,,,,,,,,,0
1409925,,2,,,,,,,,,,0
1409926,,2,,,,,,,,,,0
1409927,,2,,,,,,,,,,0
1409928,,2,,,,,,,,,,0
1409929,,2,,,,,,,,,,0
1409930,,2,,,,,,,,,,0
1409931,,2,,,,,,,,,,0
1409932,,2,,,,,,,,,,0
1409933,,2,,,,,,,,,,0
1409934,,2,,,,,,,,,,0
1409935,,2,,,,,,,,,,0
1409936,,2,,,,,,,,,,0
1409937,,2,,,,,,,,,,0
1409938,,2,,,,,,,,,,0
1409939,,2,,,,,,,,,,0
1409940,,2,,,,,,,,,,0
1409941,,2,,,,,,,,,,0
1409942,,2,,,,,,,,,,0
1409943,,2,,,,,,,,,,0
1409944,,2,,,,,,,,,,0
1409945,,2,,,,,,,,,,0
1409946,,2,,,,,,,,,,0
1409947,,2,,,,,,,,,,0
1409948,,2,,,,,,,,,,0
1409949,,2,,,,,,,,,,0
1409950,,2,,,,,,,,,,0
1409951,,2,,,,,,,,,,0
1409952,,2,,,,,,,,,,0
1409953,,2,,,,,,,,,,0
1409954,,2,,,,,,,,,,0
1409955,,2,,,,,,,,,,0
1409956,,2,,,,,,,,,,0
1409957,,2,,,,,,,,,,0
1409958,,2,,,,,,,,,,0
1409959,,2,,,,,,,,,,0
1409960,,2,,,,,,,,,,0
1409961,,2,,,,,,,,,,0
1409962,,2,,,,,,,,,,0
1409963,,2,,,,,,,,,,0
1409964,,2,,,,,,,,,,0
1409965,,2,,,,,,,,,,0
1409966,,2,,,,,,,,,,0
1409967,,2,,,,,,,,,,0
1409968,,2,,,,,,,,,,0
1409969,,2,,,,,,,,,,0
1409970,,2,,,,,,,,,,0
1409971,,2,,,,,,,,,,0
1409972,,2,,,,,,,,,,0
1409973,,2,,,,,,,,,,0
9219988,,1,,,,,,,,,,0
9219989,,1,,,,,,,,,,0
9219990,,1,,,,,,,,,,0
9219991,,1,,,,,,,,,,0
9219992,,1,,,,,,,,,,0
9219993,,1,,,,,,,,,,0
9219994,,1,,,,,,,,,,0
9219995,,1,,,,,,,,,,0
9219996,,1,,,,,,,,,,0
9219997,,1,,,,,,,,,,0
9219998,,1,,,,,,,,,,0
9219999,,1,,,,,,,,,,0
9220000,,1,,,,,,,,,,0
9220001,,1,,,,,,,,,,0
9220002,,1,,,,,,,,,,0
9220003,,1,,,,,,,,,,0
9220004,,1,,,,,,,,,,0
9220005,,1,,,,,,,,,,0
9220006,,1,,,,,,,,,,0
9220007,,1,,,,,,,,,,0
9220008,,1,,,,,,,,,,0
9220009,,1,,,,,,,,,,0
9220010,,1,,,,,,,,,,0
9220011,,1,,,,,,,,,,0
9220012,,1,,,,,,,,,,0
9220013,,1,,,,,,,,,,0
9220014,,1,,,,,,,,,,0
9220015,,1,,,,,,,,,,0
9220016,,1,,,,,,,,,,0
9220017,,1,,,,,,,,,,0
9220018,,1,,,,,,,,,,0
9220019,,1,,,,,,,,,,0
9220020,,1,,,,,,,,,,0
9220021,,1,,,,,,,,,,0
9220022,,1,,,,,,,,,,0
9220023,,1,,,,,,,,,,0
9220024,,1,,,,,,,,,,0
9220025,,1,,,,,,,,,,0
9220026,,1,,,,,,,,,,0
9220027,,1,,,,,,,,,,0
9220028,,1,,,,,,,,,,0
9220029,,1,,,,,,,,,,0
9220030,,1,,,,,,,,,,0
9220031,,1,,,,,,,,,,0
9220032,,1,,,,,,,,,,0
9220033,,1,,,,,,,,,,0
9220034,,1,,,,,,,,,,0
9220035,,1,,,,,,,,,,0
9220036,,1,,,,,,,,,,0
9220037,,1,,,,,,,,,,0
9220038,,1,,,,,,,,,,0
9220039,,1,,,,,,,,,,0
9220040,,1,,,,,,,,,,0
9220041,,1,,,,,,,,,,0
9220042,,1,,,,,,,,,,0
9220043,,1,,,,,,,,,,0
9220044,,1,,,,,,,,,,0
9220045,,1,,,,,,,,,,0
9220046,,1,,,,,,,,,,0
9220047,,1,,,,,,,,,,0
9220048,,1,,,,,,,,,,0
9220049,,1,,,,,,,,,,0
9220050,,1,,,,,,,,,,0
9220051,,1,,,,,,,,,,0
9220052,,1,,,,,,,,,,0
9220053,,1,,,,,,,,,,0
9220054,,1,,,,,,,,,,0
9220055,,1,,,,,,,,,,0
9220056,,1,,,,,,,,,,0
9220057,,1,,,,,,,,,,0
9220058,,1,,,,,,,,,,0
9220059,,1,,,,,,,,,,0
9220060,,1,,,,,,,,,,0
9220061,,1,,,,,,,,,,0
9220062,,1,,,,,,,,,,0
9220063,,1,,,,,,,,,,0
9220064,,1,,,,,,,,,,0
9220065,,1,,,,,,,,,,0
9220066,,1,,,,,,,,,,0
9220067,,1,,,,,,,,,,0
9220068,,1,,,,,,,,,,0
9220069,,1,,,,,,,,,,0
9220070,,1,,,,,,,,,,0
9220071,,1,,,,,,,,,,0
9220072,,1,,,,,,,,,,0
9220073,,1,,,,,,,,,,0
9220074,,1,,,,,,,,,,0
9220075,,1,,,,,,,,,,0
9220076,,1,,,,,,,,,,0
9220077,,1,,,,,,,,,,0
9220078,,1,,,,,,,,,,0
9220079,,1,,,,,,,,,,0
9220080,,1,,,,,,,,,,0
9220081,,1,,,,,,,,,,0
9220082,,1,,,,,,,,,,0
9220083,,1,,,,,,,,,,0
9220084,,1,,,,,,,,,,0
9220085,,1,,,,,,,,,,0
9220086,,1,,,,,,,,,,0
9220087,,1,,,,,,,,,,0
9220088,,1,,,,,,,,,,0
9220089,,1,,,,,,,,,,0
9220090,,1,,,,,,,,,,0
9220091,,1,,,,,,,,,,0
9220092,,1,,,,,,,,,,0
9220093,,1,,,,,,,,,,0
9220094,,1,,,,,,,,,,0
9220095,,1,,,,,,,,,,0
9220096,,1,,,,,,,,,,0
9220097,,1,,,,,,,,,,0
9220098,,1,,,,,,,,,,0
9220099,,1,,,,,,,,,,0
9220100,,1,,,,,,,,,,0
9220101,,1,,,,,,,,,,0
9220102,,1,,,,,,,,,,0
9220103,,1,,,,,,,,,,0
9220104,,1,,,,,,,,,,0
9220105,,1,,,,,,,,,,0
9220106,,1,,,,,,,,,,0
9220107,,1,,,,,,,,,,0
9220108,,1,,,,,,,,,,0
9220109,,1,,,,,,,,,,0
9220110,,1,,,,,,,,,,0
9220111,,1,,,,,,,,,,0
9220112,,1,,,,,,,,,,0
9220113,,1,,,,,,,,,,0
9220114,,1,,,,,,,,,,0
9220115,,1,,,,,,,,,,0
9220116,,1,,,,,,,,,,0
9220117,,1,,,,,,,,,,0
9220118,,1,,,,,,,,,,0
9220119,,1,,,,,,,,,,0
9220120,,1,,,,,,,,,,0
9220121,,1,,,,,,,,,,0
9220122,,1,,,,,,,,,,0
9220123,,1,,,,,,,,,,0
9220124,,1,,,,,,,,,,0
9220125,,1,,,,,,,,,,0
9220126,,1,,,,,,,,,,0
9220127,,1,,,,,,,,,,0
9220128,,1,,,,,,,,,,0
9220129,,1,,,,,,,,,,0
9220130,,1,,,,,,,,,,0
9220131,,1,,,,,,,,,,0
9220132,,1,,,,,,,,,,0
9220133,,1,,,,,,,,,,0
9220134,,1,,,,,,,,,,0
9220135,,1,,,,,,,,,,0
9220136,,1,,,,,,,,,,0
9220137,,1,,,,,,,,,,0
9220138,,1,,,,,,,,,,0
9220139,,1,,,,,,,,,,0
9220140,,1,,,,,,,,,,0
9220141,,1,,,,,,,,,,0
9220142,,1,,,,,,,,,,0
9220143,,1,,,,,,,,,,0
9220144,,1,,,,,,,,,,0
9220145,,1,,,,,,,,,,0
9220146,,1,,,,,,,,,,0
9220147,,1,,,,,,,,,,0
9220148,,1,,,,,,,,,,0
9220149,,1,,,,,,,,,,0
9220150,,1,,,,,,,,,,0
9220151,,1,,,,,,,,,,0
9220152,,1,,,,,,,,,,0
9220153,,1,,,,,,,,,,0
9220154,,1,,,,,,,,,,0
9220155,,1,,,,,,,,,,0
9220156,,1,,,,,,,,,,0
9220157,,1,,,,,,,,,,0
9220158,,1,,,,,,,,,,0
9220159,,1,,,,,,,,,,0
9220160,,1,,,,,,,,,,0
9220161,,1,,,,,,,,,,0
9220162,,1,,,,,,,,,,0
9220163,,1,,,,,,,,,,0
9220164,,1,,,,,,,,,,0
9220165,,1,,,,,,,,,,0
9220166,,1,,,,,,,,,,0
9220167,,1,,,,,,,,,,0
9220168,,1,,,,,,,,,,0
9220169,,1,,,,,,,,,,0
9220170,,1,,,,,,,,,,0
9220171,,1,,,,,,,,,,0
9220172,,1,,,,,,,,,,0
9220173,,1,,,,,,,,,,0
9220174,,1,,,,,,,,,,0
9220175,,1,,,,,,,,,,0
9220176,,1,,,,,,,,,,0
9220177,,1,,,,,,,,,,0
9220178,,1,,,,,,,,,,0
9220179,,1,,,,,,,,,,0
9220180,,1,,,,,,,,,,0
9220181,,1,,,,,,,,,,0
9220182,,1,,,,,,,,,,0
9220183,,1,,,,,,,,,,0
9220184,,1,,,,,,,,,,0
9220185,,1,,,,,,,,,,0
9220186,,1,,,,,,,,,,0
9220187,,1,,,,,,,,,,0
9220188,,1,,,,,,,,,,0
9220189,,1,,,,,,,,,,0
9220190,,1,,,,,,,,,,0
9220191,,1,,,,,,,,,,0
9220192,,1,,,,,,,,,,0
9220193,,1,,,,,,,,,,0
9220194,,1,,,,,,,,,,0
9220195,,1,,,,,,,,,,0
9220196,,1,,,,,,,,,,0
9220197,,1,,,,,,,,,,0
9220198,,1,,,,,,,,,,0
9220199,,1,,,,,,,,,,0
9220200,,1,,,,,,,,,,0
9220201,,1,,,,,,,,,,0
9220202,,1,,,,,,,,,,0
9220203,,1,,,,,,,,,,0
9220204,,1,,,,,,,,,,0
9220205,,1,,,,,,,,,,0
9220206,,1,,,,,,,,,,0
9220207,,1,,,,,,,,,,0
9220208,,1,,,,,,,,,,0
9220209,,1,,,,,,,,,,0
9220210,,1,,,,,,,,,,0
9220211,,1,,,,,,,,,,0
9220212,,1,,,,,,,,,,0
9220213,,1,,,,,,,,,,0
9220214,,1,,,,,,,,,,0
9220215,,1,,,,,,,,,,0
9220216,,1,,,,,,,,,,0
9220217,,1,,,,,,,,,,0
9220218,,1,,,,,,,,,,0
9220219,,1,,,,,,,,,,0
9220220,,1,,,,,,,,,,0
9220221,,1,,,,,,,,,,0
9220222,,1,,,,,,,,,,0
9220223,,1,,,,,,,,,,0
9220224,,1,,,,,,,,,,0
9220225,,1,,,,,,,,,,0
9220226,,1,,,,,,,,,,0
9220227,,1,,,,,,,,,,0
9220228,,1,,,,,,,,,,0
9220229,,1,,,,,,,,,,0
9220230,,1,,,,,,,,,,0
9220231,,1,,,,,,,,,,0
9220232,,1,,,,,,,,,,0
9220233,,1,,,,,,,,,,0
9220234,,1,,,,,,,,,,0
9220235,,1,,,,,,,,,,0
9220236,,1,,,,,,,,,,0
9220237,,1,,,,,,,,,,0
9220238,,1,,,,,,,,,,0
9220239,,1,,,,,,,,,,0
9220240,,1,,,,,,,,,,0
9220241,,1,,,,,,,,,,0
9220242,,1,,,,,,,,,,0
9220243,,1,,,,,,,,,,0
9220244,,1,,,,,,,,,,0
9220245,,1,,,,,,,,,,0
9220246,,1,,,,,,,,,,0
9220247,,1,,,,,,,,,,0
9220248,,1,,,,,,,,,,0
9220249,,1,,,,,,,,,,0
9220250,,1,,,,,,,,,,0
9220251,,1,,,,,,,,,,0
9220252,,1,,,,,,,,,,0
9220253,,1,,,,,,,,,,0
9220254,,1,,,,,,,,,,0
9220255,,1,,,,,,,,,,0
9220256,,1,,,,,,,,,,0
9220257,,1,,,,,,,,,,0
9220258,,1,,,,,,,,,,0
9220259,,1,,,,,,,,,,0
9220260,,1,,,,,,,,,,0
9220261,,1,,,,,,,,,,0
9220262,,1,,,,,,,,,,0
9220263,,1,,,,,,,,,,0
9220264,,1,,,,,,,,,,0
9220265,,1,,,,,,,,,,0
9220266,,1,,,,,,,,,,0
9220267,,1,,,,,,,,,,0
9220268,,1,,,,,,,,,,0
9220269,,1,,,,,,,,,,0
9220270,,1,,,,,,,,,,0
9220271,,1,,,,,,,,,,0
9220272,,1,,,,,,,,,,0
9220273,,1,,,,,,,,,,0
9220274,,1,,,,,,,,,,0
9220275,,1,,,,,,,,,,0
9220276,,1,,,,,,,,,,0
9220277,,1,,,,,,,,,,0
9220278,,1,,,,,,,,,,0
9220279,,1,,,,,,,,,,0
9220280,,1,,,,,,,,,,0
9220281,,1,,,,,,,,,,0
9220282,,1,,,,,,,,,,0
9220283,,1,,,,,,,,,,0
9220284,,1,,,,,,,,,,0
9220285,,1,,,,,,,,,,0
9220286,,1,,,,,,,,,,0
9220287,,1,,,,,,,,,,0
9220288,,1,,,,,,,,,,0
9220289,,1,,,,,,,,,,0
9220290,,1,,,,,,,,,,0
9220291,,1,,,,,,,,,,0
9220292,,1,,,,,,,,,,0
9220293,,1,,,,,,,,,,0
9220294,,1,,,,,,,,,,0
9220295,,1,,,,,,,,,,0
9220296,,1,,,,,,,,,,0
9220297,,1,,,,,,,,,,0
9220298,,1,,,,,,,,,,0
9220299,,1,,,,,,,,,,0
9220300,,1,,,,,,,,,,0
9220301,,1,,,,,,,,,,0
9220302,,1,,,,,,,,,,0
9220303,,1,,,,,,,,,,0
9220304,,1,,,,,,,,,,0
9220305,,1,,,,,,,,,,0
9220306,,1,,,,,,,,,,0
9220307,,1,,,,,,,,,,0
9220308,,1,,,,,,,,,,0
9220309,,1,,,,,,,,,,0
9220310,,1,,,,,,,,,,0
9220311,,1,,,,,,,,,,0
9220312,,1,,,,,,,,,,0
9220313,,1,,,,,,,,,,0
9220314,,1,,,,,,,,,,0
9220315,,1,,,,,,,,,,0
9220316,,1,,,,,,,,,,0
9220317,,1,,,,,,,,,,0
9220318,,1,,,,,,,,,,0
9220319,,1,,,,,,,,,,0
9220320,,1,,,,,,,,,,0
9220321,,1,,,,,,,,,,0
9220322,,1,,,,,,,,,,0
9220323,,1,,,,,,,,,,0
9220324,,1,,,,,,,,,,0
9220325,,1,,,,,,,,,,0
9220326,,1,,,,,,,,,,0
9220327,,1,,,,,,,,,,0
9220328,,1,,,,,,,,,,0
9220329,,1,,,,,,,,,,0
9220330,,1,,,,,,,,,,0
9220331,,1,,,,,,,,,,0
9220332,,1,,,,,,,,,,0
9220333,,1,,,,,,,,,,0
9220334,,1,,,,,,,,,,0
9220335,,1,,,,,,,,,,0
9220336,,1,,,,,,,,,,0
9220337,,1,,,,,,,,,,0
9220338,,1,,,,,,,,,,0
9220339,,1,,,,,,,,,,0
9220340,,1,,,,,,,,,,0
9220341,,1,,,,,,,,,,0
9220342,,1,,,,,,,,,,0
9220343,,1,,,,,,,,,,0
9220344,,1,,,,,,,,,,0
9220345,,1,,,,,,,,,,0
9220346,,1,,,,,,,,,,0
9220347,,1,,,,,,,,,,0
9220348,,1,,,,,,,,,,0
9220349,,1,,,,,,,,,,0
9220350,,1,,,,,,,,,,0
9220351,,1,,,,,,,,,,0
9220352,,1,,,,,,,,,,0
9220353,,1,,,,,,,,,,0
9220354,,1,,,,,,,,,,0
9220355,,1,,,,,,,,,,0
9220356,,1,,,,,,,,,,0
9220357,,1,,,,,,,,,,0
9220358,,1,,,,,,,,,,0
9220359,,1,,,,,,,,,,0
9220360,,1,,,,,,,,,,0
9220361,,1,,,,,,,,,,0
9220362,,1,,,,,,,,,,0
9220363,,1,,,,,,,,,,0
9220364,,1,,,,,,,,,,0
9220365,,1,,,,,,,,,,0
9220366,,1,,,,,,,,,,0
9220367,,1,,,,,,,,,,0
9220368,,1,,,,,,,,,,0
9220369,,1,,,,,,,,,,0
9220370,,1,,,,,,,,,,0
9220371,,1,,,,,,,,,,0
9220372,,1,,,,,,,,,,0
9220373,,1,,,,,,,,,,0
9220374,,1,,,,,,,,,,0
9220375,,1,,,,,,,,,,0
9220376,,1,,,,,,,,,,0
9220377,,1,,,,,,,,,,0
9220378,,1,,,,,,,,,,0
9220379,,1,,,,,,,,,,0
9220380,,1,,,,,,,,,,0
9220381,,1,,,,,,,,,,0
9220382,,1,,,,,,,,,,0
9220383,,1,,,,,,,,,,0
9220384,,1,,,,,,,,,,0
9220385,,1,,,,,,,,,,0
9220386,,1,,,,,,,,,,0
9220387,,1,,,,,,,,,,0
9220388,,1,,,,,,,,,,0
9220389,,1,,,,,,,,,,0
9220390,,1,,,,,,,,,,0
9220391,,1,,,,,,,,,,0
9220392,,1,,,,,,,,,,0
9220393,,1,,,,,,,,,,0
9220394,,1,,,,,,,,,,0
9220395,,1,,,,,,,,,,0
9220396,,1,,,,,,,,,,0
9220397,,1,,,,,,,,,,0
9220398,,1,,,,,,,,,,0
9220399,,1,,,,,,,,,,0
9220400,,1,,,,,,,,,,0
9220401,,1,,,,,,,,,,0
9220402,,1,,,,,,,,,,0
9220403,,1,,,,,,,,,,0
9220404,,1,,,,,,,,,,0
9220405,,1,,,,,,,,,,0
9220406,,1,,,,,,,,,,0
9220407,,1,,,,,,,,,,0
9220408,,1,,,,,,,,,,0
9220409,,1,,,,,,,,,,0
9220410,,1,,,,,,,,,,0
9220411,,1,,,,,,,,,,0
9220412,,1,,,,,,,,,,0
9220413,,1,,,,,,,,,,0
9220414,,1,,,,,,,,,,0
9220415,,1,,,,,,,,,,0
9220416,,1,,,,,,,,,,0
9220417,,1,,,,,,,,,,0
9220418,,1,,,,,,,,,,0
9220419,,1,,,,,,,,,,0
9220420,,1,,,,,,,,,,0
9220421,,1,,,,,,,,,,0
9220422,,1,,,,,,,,,,0
9220423,,1,,,,,,,,,,0
9220424,,1,,,,,,,,,,0
9220425,,1,,,,,,,,,,0
9220426,,1,,,,,,,,,,0
9220427,,1,,,,,,,,,,0
9220428,,1,,,,,,,,,,0
9220429,,1,,,,,,,,,,0
9220430,,1,,,,,,,,,,0
9220431,,1,,,,,,,,,,0
9220432,,1,,,,,,,,,,0
9220433,,1,,,,,,,,,,0
9220434,,1,,,,,,,,,,0
9220435,,1,,,,,,,,,,0
9220436,,1,,,,,,,,,,0
9220437,,1,,,,,,,,,,0
9220438,,1,,,,,,,,,,0
9220439,,1,,,,,,,,,,0
9220440,,1,,,,,,,,,,0
9220441,,1,,,,,,,,,,0
9220442,,1,,,,,,,,,,0
9220443,,1,,,,,,,,,,0
9220444,,1,,,,,,,,,,0
9220445,,1,,,,,,,,,,0
9220446,,1,,,,,,,,,,0
9220447,,1,,,,,,,,,,0
9220448,,1,,,,,,,,,,0
9220449,,1,,,,,,,,,,0
9220450,,1,,,,,,,,,,0
9220451,,1,,,,,,,,,,0
9220452,,1,,,,,,,,,,0
9220453,,1,,,,,,,,,,0
9220454,,1,,,,,,,,,,0
9220455,,1,,,,,,,,,,0
9220456,,1,,,,,,,,,,0
9220457,,1,,,,,,,,,,0
9220458,,1,,,,,,,,,,0
9220459,,1,,,,,,,,,,0
9220460,,1,,,,,,,,,,0
9220461,,1,,,,,,,,,,0
9220462,,1,,,,,,,,,,0
9220463,,1,,,,,,,,,,0
9220464,,1,,,,,,,,,,0
9220465,,1,,,,,,,,,,0
9220466,,1,,,,,,,,,,0
9220467,,1,,,,,,,,,,0
9220468,,1,,,,,,,,,,0
9220469,,1,,,,,,,,,,0
9220470,,1,,,,,,,,,,0
9220471,,1,,,,,,,,,,0
9220472,,1,,,,,,,,,,0
9220473,,1,,,,,,,,,,0
9220474,,1,,,,,,,,,,0
9220475,,1,,,,,,,,,,0
9220476,,1,,,,,,,,,,0
9220477,,1,,,,,,,,,,0
9220478,,1,,,,,,,,,,0
9220479,,1,,,,,,,,,,0
9220480,,1,,,,,,,,,,0
9220481,,1,,,,,,,,,,0
9220482,,1,,,,,,,,,,0
9220483,,1,,,,,,,,,,0
9220484,,1,,,,,,,,,,0
9220485,,1,,,,,,,,,,0
9220486,,1,,,,,,,,,,0
9220487,,1,,,,,,,,,,0
1409974,,2,,,,,,,,,,0
1409975,,2,,,,,,,,,,0
1409976,,2,,,,,,,,,,0
1409977,,2,,,,,,,,,,0
1409978,,2,,,,,,,,,,0
1409979,,2,,,,,,,,,,0
1409980,,2,,,,,,,,,,0
1409981,,2,,,,,,,,,,0
1409982,,2,,,,,,,,,,0
1409983,,2,,,,,,,,,,0
1409984,,2,,,,,,,,,,0
1409985,,2,,,,,,,,,,0
1409986,,2,,,,,,,,,,0
1409987,,2,,,,,,,,,,0
1409988,,2,,,,,,,,,,0
1409989,,2,,,,,,,,,,0
1409990,,2,,,,,,,,,,0
1409991,,2,,,,,,,,,,0
1409992,,2,,,,,,,,,,0
1409993,,2,,,,,,,,,,0
1409994,,2,,,,,,,,,,0
1409995,,2,,,,,,,,,,0
1409996,,2,,,,,,,,,,0
1409997,,2,,,,,,,,,,0
1409998,,2,,,,,,,,,,0
1409999,,2,,,,,,,,,,0
1410000,,2,,,,,,,,,,0
1410001,,2,,,,,,,,,,0
1410002,,2,,,,,,,,,,0
1410003,,2,,,,,,,,,,0
1410004,,2,,,,,,,,,,0
1410005,,2,,,,,,,,,,0
1410006,,2,,,,,,,,,,0
1410007,,2,,,,,,,,,,0
1410008,,2,,,,,,,,,,0
1410009,,2,,,,,,,,,,0
1410010,,2,,,,,,,,,,0
1410011,,2,,,,,,,,,,0
1410012,,2,,,,,,,,,,0
1410013,,2,,,,,,,,,,0
1410014,,2,,,,,,,,,,0
1410015,,2,,,,,,,,,,0
1410016,,2,,,,,,,,,,0
1410017,,2,,,,,,,,,,0
1410018,,2,,,,,,,,,,0
1410019,,2,,,,,,,,,,0
1410020,,2,,,,,,,,,,0
1410021,,2,,,,,,,,,,0
1410022,,2,,,,,,,,,,0
1410023,,2,,,,,,,,,,0
1410024,,2,,,,,,,,,,0
1410025,,2,,,,,,,,,,0
1410026,,2,,,,,,,,,,0
1410027,,2,,,,,,,,,,0
1410028,,2,,,,,,,,,,0
1410029,,2,,,,,,,,,,0
1410030,,2,,,,,,,,,,0
1410031,,2,,,,,,,,,,0
1410032,,2,,,,,,,,,,0
1410033,,2,,,,,,,,,,0
1410034,,2,,,,,,,,,,0
1410035,,2,,,,,,,,,,0
1410036,,2,,,,,,,,,,0
1410037,,2,,,,,,,,,,0
1410038,,2,,,,,,,,,,0
1410039,,2,,,,,,,,,,0
1410040,,2,,,,,,,,,,0
1410041,,2,,,,,,,,,,0
1410042,,2,,,,,,,,,,0
1410043,,2,,,,,,,,,,0
1410044,,2,,,,,,,,,,0
1410045,,2,,,,,,,,,,0
1410046,,2,,,,,,,,,,0
1410047,,2,,,,,,,,,,0
1410048,,2,,,,,,,,,,0
1410049,,2,,,,,,,,,,0
1410050,,2,,,,,,,,,,0
1410051,,2,,,,,,,,,,0
1410052,,2,,,,,,,,,,0
1410053,,2,,,,,,,,,,0
1410054,,2,,,,,,,,,,0
1410055,,2,,,,,,,,,,0
1410056,,2,,,,,,,,,,0
1410057,,2,,,,,,,,,,0
1410058,,2,,,,,,,,,,0
1410059,,2,,,,,,,,,,0
1410060,,2,,,,,,,,,,0
1410061,,2,,,,,,,,,,0
1410062,,2,,,,,,,,,,0
1410063,,2,,,,,,,,,,0
1410064,,2,,,,,,,,,,0
1410065,,2,,,,,,,,,,0
1410066,,2,,,,,,,,,,0
1410067,,2,,,,,,,,,,0
1410068,,2,,,,,,,,,,0
1410069,,2,,,,,,,,,,0
1410070,,2,,,,,,,,,,0
1410071,,2,,,,,,,,,,0
1410072,,2,,,,,,,,,,0
1410073,,2,,,,,,,,,,0
1410074,,2,,,,,,,,,,0
1410075,,2,,,,,,,,,,0
1410076,,2,,,,,,,,,,0
1410077,,2,,,,,,,,,,0
1410078,,2,,,,,,,,,,0
1410079,,2,,,,,,,,,,0
1410080,,2,,,,,,,,,,0
1410081,,2,,,,,,,,,,0
1410082,,2,,,,,,,,,,0
1410083,,2,,,,,,,,,,0
1410084,,2,,,,,,,,,,0
1410085,,2,,,,,,,,,,0
1410086,,2,,,,,,,,,,0
1410087,,2,,,,,,,,,,0
1410088,,2,,,,,,,,,,0
1410089,,2,,,,,,,,,,0
1410090,,2,,,,,,,,,,0
1410091,,2,,,,,,,,,,0
1410092,,2,,,,,,,,,,0
1410093,,2,,,,,,,,,,0
1410094,,2,,,,,,,,,,0
1410095,,2,,,,,,,,,,0
1410096,,2,,,,,,,,,,0
1410097,,2,,,,,,,,,,0
1410098,,2,,,,,,,,,,0
1410099,,2,,,,,,,,,,0
1410100,,2,,,,,,,,,,0
1410101,,2,,,,,,,,,,0
1410102,,2,,,,,,,,,,0
1410103,,2,,,,,,,,,,0
1410104,,2,,,,,,,,,,0
1410105,,2,,,,,,,,,,0
1410106,,2,,,,,,,,,,0
1410107,,2,,,,,,,,,,0
1410108,,2,,,,,,,,,,0
1410109,,2,,,,,,,,,,0
1410110,,2,,,,,,,,,,0
1410111,,2,,,,,,,,,,0
1410112,,2,,,,,,,,,,0
1410113,,2,,,,,,,,,,0
1410114,,2,,,,,,,,,,0
1410115,,2,,,,,,,,,,0
1410116,,2,,,,,,,,,,0
1410117,,2,,,,,,,,,,0
1410118,,2,,,,,,,,,,0
1410119,,2,,,,,,,,,,0
1410120,,2,,,,,,,,,,0
1410121,,2,,,,,,,,,,0
1410122,,2,,,,,,,,,,0
1410123,,2,,,,,,,,,,0
1410124,,2,,,,,,,,,,0
1410125,,2,,,,,,,,,,0
1410126,,2,,,,,,,,,,0
1410127,,2,,,,,,,,,,0
1410128,,2,,,,,,,,,,0
1410129,,2,,,,,,,,,,0
1410130,,2,,,,,,,,,,0
1410131,,2,,,,,,,,,,0
1410132,,2,,,,,,,,,,0
1410133,,2,,,,,,,,,,0
1410134,,2,,,,,,,,,,0
1410135,,2,,,,,,,,,,0
1410136,,2,,,,,,,,,,0
1410137,,2,,,,,,,,,,0
1410138,,2,,,,,,,,,,0
1410139,,2,,,,,,,,,,0
1410140,,2,,,,,,,,,,0
1410141,,2,,,,,,,,,,0
1410142,,2,,,,,,,,,,0
1410143,,2,,,,,,,,,,0
1410144,,2,,,,,,,,,,0
1410145,,2,,,,,,,,,,0
1410146,,2,,,,,,,,,,0
1410147,,2,,,,,,,,,,0
1410148,,2,,,,,,,,,,0
1410149,,2,,,,,,,,,,0
1410150,,2,,,,,,,,,,0
1410151,,2,,,,,,,,,,0
1410152,,2,,,,,,,,,,0
1410153,,2,,,,,,,,,,0
1410154,,2,,,,,,,,,,0
1410155,,2,,,,,,,,,,0
1410156,,2,,,,,,,,,,0
1410157,,2,,,,,,,,,,0
1410158,,2,,,,,,,,,,0
1410159,,2,,,,,,,,,,0
1410160,,2,,,,,,,,,,0
1410161,,2,,,,,,,,,,0
1410162,,2,,,,,,,,,,0
1410163,,2,,,,,,,,,,0
1410164,,2,,,,,,,,,,0
1410165,,2,,,,,,,,,,0
1410166,,2,,,,,,,,,,0
1410167,,2,,,,,,,,,,0
1410168,,2,,,,,,,,,,0
1410169,,2,,,,,,,,,,0
1410170,,2,,,,,,,,,,0
1410171,,2,,,,,,,,,,0
1410172,,2,,,,,,,,,,0
1410173,,2,,,,,,,,,,0
1410174,,2,,,,,,,,,,0
1410175,,2,,,,,,,,,,0
1410176,,2,,,,,,,,,,0
1410177,,2,,,,,,,,,,0
1410178,,2,,,,,,,,,,0
1410179,,2,,,,,,,,,,0
1410180,,2,,,,,,,,,,0
1410181,,2,,,,,,,,,,0
1410182,,2,,,,,,,,,,0
1410183,,2,,,,,,,,,,0
1410184,,2,,,,,,,,,,0
1410185,,2,,,,,,,,,,0
1410186,,2,,,,,,,,,,0
1410187,,2,,,,,,,,,,0
1410188,,2,,,,,,,,,,0
1410189,,2,,,,,,,,,,0
1410190,,2,,,,,,,,,,0
1410191,,2,,,,,,,,,,0
1410192,,2,,,,,,,,,,0
1410193,,2,,,,,,,,,,0
1410194,,2,,,,,,,,,,0
1410195,,2,,,,,,,,,,0
1410196,,2,,,,,,,,,,0
1410197,,2,,,,,,,,,,0
1410198,,2,,,,,,,,,,0
1410199,,2,,,,,,,,,,0
1410200,,2,,,,,,,,,,0
1410201,,2,,,,,,,,,,0
1410202,,2,,,,,,,,,,0
1410203,,2,,,,,,,,,,0
1410204,,2,,,,,,,,,,0
1410205,,2,,,,,,,,,,0
1410206,,2,,,,,,,,,,0
1410207,,2,,,,,,,,,,0
1410208,,2,,,,,,,,,,0
1410209,,2,,,,,,,,,,0
1410210,,2,,,,,,,,,,0
1410211,,2,,,,,,,,,,0
1410212,,2,,,,,,,,,,0
1410213,,2,,,,,,,,,,0
1410214,,2,,,,,,,,,,0
1410215,,2,,,,,,,,,,0
1410216,,2,,,,,,,,,,0
1410217,,2,,,,,,,,,,0
1410218,,2,,,,,,,,,,0
1410219,,2,,,,,,,,,,0
1410220,,2,,,,,,,,,,0
1410221,,2,,,,,,,,,,0
1410222,,2,,,,,,,,,,0
1410223,,2,,,,,,,,,,0
1410224,,2,,,,,,,,,,0
1410225,,2,,,,,,,,,,0
1410226,,2,,,,,,,,,,0
1410227,,2,,,,,,,,,,0
1410228,,2,,,,,,,,,,0
1410229,,2,,,,,,,,,,0
1410230,,2,,,,,,,,,,0
1410231,,2,,,,,,,,,,0
1410232,,2,,,,,,,,,,0
1410233,,2,,,,,,,,,,0
1410234,,2,,,,,,,,,,0
1410235,,2,,,,,,,,,,0
1410236,,2,,,,,,,,,,0
1410237,,2,,,,,,,,,,0
1410238,,2,,,,,,,,,,0
1410239,,2,,,,,,,,,,0
1410240,,2,,,,,,,,,,0
1410241,,2,,,,,,,,,,0
1410242,,2,,,,,,,,,,0
1410243,,2,,,,,,,,,,0
1410244,,2,,,,,,,,,,0
1410245,,2,,,,,,,,,,0
1410246,,2,,,,,,,,,,0
1410247,,2,,,,,,,,,,0
1410248,,2,,,,,,,,,,0
1410249,,2,,,,,,,,,,0
1410250,,2,,,,,,,,,,0
1410251,,2,,,,,,,,,,0
1410252,,2,,,,,,,,,,0
1410253,,2,,,,,,,,,,0
1410254,,2,,,,,,,,,,0
1410255,,2,,,,,,,,,,0
1410256,,2,,,,,,,,,,0
1410257,,2,,,,,,,,,,0
1410258,,2,,,,,,,,,,0
1410259,,2,,,,,,,,,,0
1410260,,2,,,,,,,,,,0
1410261,,2,,,,,,,,,,0
1410262,,2,,,,,,,,,,0
1410263,,2,,,,,,,,,,0
1410264,,2,,,,,,,,,,0
1410265,,2,,,,,,,,,,0
1410266,,2,,,,,,,,,,0
1410267,,2,,,,,,,,,,0
1410268,,2,,,,,,,,,,0
1410269,,2,,,,,,,,,,0
1410270,,2,,,,,,,,,,0
1410271,,2,,,,,,,,,,0
1410272,,2,,,,,,,,,,0
1410273,,2,,,,,,,,,,0
1410274,,2,,,,,,,,,,0
1410275,,2,,,,,,,,,,0
1410276,,2,,,,,,,,,,0
1410277,,2,,,,,,,,,,0
1410278,,2,,,,,,,,,,0
1410279,,2,,,,,,,,,,0
1410280,,2,,,,,,,,,,0
1410281,,2,,,,,,,,,,0
1410282,,2,,,,,,,,,,0
1410283,,2,,,,,,,,,,0
1410284,,2,,,,,,,,,,0
1410285,,2,,,,,,,,,,0
1410286,,2,,,,,,,,,,0
1410287,,2,,,,,,,,,,0
1410288,,2,,,,,,,,,,0
1410289,,2,,,,,,,,,,0
1410290,,2,,,,,,,,,,0
1410291,,2,,,,,,,,,,0
1410292,,2,,,,,,,,,,0
1410293,,2,,,,,,,,,,0
1410294,,2,,,,,,,,,,0
1410295,,2,,,,,,,,,,0
1410296,,2,,,,,,,,,,0
1410297,,2,,,,,,,,,,0
1410298,,2,,,,,,,,,,0
1410299,,2,,,,,,,,,,0
1410300,,2,,,,,,,,,,0
1410301,,2,,,,,,,,,,0
1410302,,2,,,,,,,,,,0
1410303,,2,,,,,,,,,,0
1410304,,2,,,,,,,,,,0
1410305,,2,,,,,,,,,,0
1410306,,2,,,,,,,,,,0
1410307,,2,,,,,,,,,,0
1410308,,2,,,,,,,,,,0
1410309,,2,,,,,,,,,,0
1410310,,2,,,,,,,,,,0
1410311,,2,,,,,,,,,,0
1410312,,2,,,,,,,,,,0
1410313,,2,,,,,,,,,,0
1410314,,2,,,,,,,,,,0
1410315,,2,,,,,,,,,,0
1410316,,2,,,,,,,,,,0
1410317,,2,,,,,,,,,,0
1410318,,2,,,,,,,,,,0
1410319,,2,,,,,,,,,,0
1410320,,2,,,,,,,,,,0
1410321,,2,,,,,,,,,,0
1410322,,2,,,,,,,,,,0
1410323,,2,,,,,,,,,,0
1410324,,2,,,,,,,,,,0
1410325,,2,,,,,,,,,,0
1410326,,2,,,,,,,,,,0
1410327,,2,,,,,,,,,,0
1410328,,2,,,,,,,,,,0
1410329,,2,,,,,,,,,,0
1410330,,2,,,,,,,,,,0
1410331,,2,,,,,,,,,,0
1410332,,2,,,,,,,,,,0
1410333,,2,,,,,,,,,,0
1410334,,2,,,,,,,,,,0
1410335,,2,,,,,,,,,,0
1410336,,2,,,,,,,,,,0
1410337,,2,,,,,,,,,,0
1410338,,2,,,,,,,,,,0
1410339,,2,,,,,,,,,,0
1410340,,2,,,,,,,,,,0
1410341,,2,,,,,,,,,,0
1410342,,2,,,,,,,,,,0
1410343,,2,,,,,,,,,,0
1410344,,2,,,,,,,,,,0
1410345,,2,,,,,,,,,,0
1410346,,2,,,,,,,,,,0
1410347,,2,,,,,,,,,,0
1410348,,2,,,,,,,,,,0
1410349,,2,,,,,,,,,,0
1410350,,2,,,,,,,,,,0
1410351,,2,,,,,,,,,,0
1410352,,2,,,,,,,,,,0
1410353,,2,,,,,,,,,,0
1410354,,2,,,,,,,,,,0
1410355,,2,,,,,,,,,,0
1410356,,2,,,,,,,,,,0
1410357,,2,,,,,,,,,,0
1410358,,2,,,,,,,,,,0
1410359,,2,,,,,,,,,,0
1410360,,2,,,,,,,,,,0
1410361,,2,,,,,,,,,,0
1410362,,2,,,,,,,,,,0
1410363,,2,,,,,,,,,,0
1410364,,2,,,,,,,,,,0
1410365,,2,,,,,,,,,,0
1410366,,2,,,,,,,,,,0
1410367,,2,,,,,,,,,,0
1410368,,2,,,,,,,,,,0
1410369,,2,,,,,,,,,,0
1410370,,2,,,,,,,,,,0
1410371,,2,,,,,,,,,,0
1410372,,2,,,,,,,,,,0
1410373,,2,,,,,,,,,,0
1410374,,2,,,,,,,,,,0
1410375,,2,,,,,,,,,,0
1410376,,2,,,,,,,,,,0
1410377,,2,,,,,,,,,,0
1410378,,2,,,,,,,,,,0
1410379,,2,,,,,,,,,,0
1410380,,2,,,,,,,,,,0
1410381,,2,,,,,,,,,,0
1410382,,2,,,,,,,,,,0
1410383,,2,,,,,,,,,,0
1410384,,2,,,,,,,,,,0
1410385,,2,,,,,,,,,,0
1410386,,2,,,,,,,,,,0
1410387,,2,,,,,,,,,,0
1410388,,2,,,,,,,,,,0
1410389,,2,,,,,,,,,,0
1410390,,2,,,,,,,,,,0
1410391,,2,,,,,,,,,,0
1410392,,2,,,,,,,,,,0
1410393,,2,,,,,,,,,,0
1410394,,2,,,,,,,,,,0
1410395,,2,,,,,,,,,,0
1410396,,2,,,,,,,,,,0
1410397,,2,,,,,,,,,,0
1410398,,2,,,,,,,,,,0
1410399,,2,,,,,,,,,,0
1410400,,2,,,,,,,,,,0
1410401,,2,,,,,,,,,,0
1410402,,2,,,,,,,,,,0
1410403,,2,,,,,,,,,,0
1410404,,2,,,,,,,,,,0
1410405,,2,,,,,,,,,,0
1410406,,2,,,,,,,,,,0
1410407,,2,,,,,,,,,,0
1410408,,2,,,,,,,,,,0
1410409,,2,,,,,,,,,,0
1410410,,2,,,,,,,,,,0
1410411,,2,,,,,,,,,,0
1410412,,2,,,,,,,,,,0
1410413,,2,,,,,,,,,,0
1410414,,2,,,,,,,,,,0
1410415,,2,,,,,,,,,,0
1410416,,2,,,,,,,,,,0
1410417,,2,,,,,,,,,,0
1410418,,2,,,,,,,,,,0
1410419,,2,,,,,,,,,,0
1410420,,2,,,,,,,,,,0
1410421,,2,,,,,,,,,,0
1410422,,2,,,,,,,,,,0
1410423,,2,,,,,,,,,,0
1410424,,2,,,,,,,,,,0
1410425,,2,,,,,,,,,,0
1410426,,2,,,,,,,,,,0
1410427,,2,,,,,,,,,,0
1410428,,2,,,,,,,,,,0
1410429,,2,,,,,,,,,,0
1410430,,2,,,,,,,,,,0
1410431,,2,,,,,,,,,,0
1410432,,2,,,,,,,,,,0
1410433,,2,,,,,,,,,,0
1410434,,2,,,,,,,,,,0
1410435,,2,,,,,,,,,,0
1410436,,2,,,,,,,,,,0
1410437,,2,,,,,,,,,,0
1410438,,2,,,,,,,,,,0
1410439,,2,,,,,,,,,,0
1410440,,2,,,,,,,,,,0
1410441,,2,,,,,,,,,,0
1410442,,2,,,,,,,,,,0
1410443,,2,,,,,,,,,,0
1410444,,2,,,,,,,,,,0
1410445,,2,,,,,,,,,,0
1410446,,2,,,,,,,,,,0
1410447,,2,,,,,,,,,,0
1410448,,2,,,,,,,,,,0
1410449,,2,,,,,,,,,,0
1410450,,2,,,,,,,,,,0
1410451,,2,,,,,,,,,,0
1410452,,2,,,,,,,,,,0
1410453,,2,,,,,,,,,,0
1410454,,2,,,,,,,,,,0
1410455,,2,,,,,,,,,,0
1410456,,2,,,,,,,,,,0
1410457,,2,,,,,,,,,,0
1410458,,2,,,,,,,,,,0
1410459,,2,,,,,,,,,,0
1410460,,2,,,,,,,,,,0
1410461,,2,,,,,,,,,,0
1410462,,2,,,,,,,,,,0
1410463,,2,,,,,,,,,,0
1410464,,2,,,,,,,,,,0
1410465,,2,,,,,,,,,,0
1410466,,2,,,,,,,,,,0
1410467,,2,,,,,,,,,,0
1410468,,2,,,,,,,,,,0
1410469,,2,,,,,,,,,,0
1410470,,2,,,,,,,,,,0
1410471,,2,,,,,,,,,,0
1410472,,2,,,,,,,,,,0
1410473,,2,,,,,,,,,,0
9220488,,1,,,,,,,,,,0
9220489,,1,,,,,,,,,,0
9220490,,1,,,,,,,,,,0
9220491,,1,,,,,,,,,,0
9220492,,1,,,,,,,,,,0
9220493,,1,,,,,,,,,,0
9220494,,1,,,,,,,,,,0
9220495,,1,,,,,,,,,,0
9220496,,1,,,,,,,,,,0
9220497,,1,,,,,,,,,,0
9220498,,1,,,,,,,,,,0
9220499,,1,,,,,,,,,,0
9220500,,1,,,,,,,,,,0
9220501,,1,,,,,,,,,,0
9220502,,1,,,,,,,,,,0
9220503,,1,,,,,,,,,,0
9220504,,1,,,,,,,,,,0
9220505,,1,,,,,,,,,,0
9220506,,1,,,,,,,,,,0
9220507,,1,,,,,,,,,,0
9220508,,1,,,,,,,,,,0
9220509,,1,,,,,,,,,,0
9220510,,1,,,,,,,,,,0
9220511,,1,,,,,,,,,,0
9220512,,1,,,,,,,,,,0
9220513,,1,,,,,,,,,,0
9220514,,1,,,,,,,,,,0
9220515,,1,,,,,,,,,,0
9220516,,1,,,,,,,,,,0
9220517,,1,,,,,,,,,,0
9220518,,1,,,,,,,,,,0
9220519,,1,,,,,,,,,,0
9220520,,1,,,,,,,,,,0
9220521,,1,,,,,,,,,,0
9220522,,1,,,,,,,,,,0
9220523,,1,,,,,,,,,,0
9220524,,1,,,,,,,,,,0
9220525,,1,,,,,,,,,,0
9220526,,1,,,,,,,,,,0
9220527,,1,,,,,,,,,,0
9220528,,1,,,,,,,,,,0
9220529,,1,,,,,,,,,,0
9220530,,1,,,,,,,,,,0
9220531,,1,,,,,,,,,,0
9220532,,1,,,,,,,,,,0
9220533,,1,,,,,,,,,,0
9220534,,1,,,,,,,,,,0
9220535,,1,,,,,,,,,,0
9220536,,1,,,,,,,,,,0
9220537,,1,,,,,,,,,,0
9220538,,1,,,,,,,,,,0
9220539,,1,,,,,,,,,,0
9220540,,1,,,,,,,,,,0
9220541,,1,,,,,,,,,,0
9220542,,1,,,,,,,,,,0
9220543,,1,,,,,,,,,,0
9220544,,1,,,,,,,,,,0
9220545,,1,,,,,,,,,,0
9220546,,1,,,,,,,,,,0
9220547,,1,,,,,,,,,,0
9220548,,1,,,,,,,,,,0
9220549,,1,,,,,,,,,,0
9220550,,1,,,,,,,,,,0
9220551,,1,,,,,,,,,,0
9220552,,1,,,,,,,,,,0
9220553,,1,,,,,,,,,,0
9220554,,1,,,,,,,,,,0
9220555,,1,,,,,,,,,,0
9220556,,1,,,,,,,,,,0
9220557,,1,,,,,,,,,,0
9220558,,1,,,,,,,,,,0
9220559,,1,,,,,,,,,,0
9220560,,1,,,,,,,,,,0
9220561,,1,,,,,,,,,,0
9220562,,1,,,,,,,,,,0
9220563,,1,,,,,,,,,,0
9220564,,1,,,,,,,,,,0
9220565,,1,,,,,,,,,,0
9220566,,1,,,,,,,,,,0
9220567,,1,,,,,,,,,,0
9220568,,1,,,,,,,,,,0
9220569,,1,,,,,,,,,,0
9220570,,1,,,,,,,,,,0
9220571,,1,,,,,,,,,,0
9220572,,1,,,,,,,,,,0
9220573,,1,,,,,,,,,,0
9220574,,1,,,,,,,,,,0
9220575,,1,,,,,,,,,,0
9220576,,1,,,,,,,,,,0
9220577,,1,,,,,,,,,,0
9220578,,1,,,,,,,,,,0
9220579,,1,,,,,,,,,,0
9220580,,1,,,,,,,,,,0
9220581,,1,,,,,,,,,,0
9220582,,1,,,,,,,,,,0
9220583,,1,,,,,,,,,,0
9220584,,1,,,,,,,,,,0
9220585,,1,,,,,,,,,,0
9220586,,1,,,,,,,,,,0
9220587,,1,,,,,,,,,,0
9220588,,1,,,,,,,,,,0
9220589,,1,,,,,,,,,,0
9220590,,1,,,,,,,,,,0
9220591,,1,,,,,,,,,,0
9220592,,1,,,,,,,,,,0
9220593,,1,,,,,,,,,,0
9220594,,1,,,,,,,,,,0
9220595,,1,,,,,,,,,,0
9220596,,1,,,,,,,,,,0
9220597,,1,,,,,,,,,,0
9220598,,1,,,,,,,,,,0
9220599,,1,,,,,,,,,,0
9220600,,1,,,,,,,,,,0
9220601,,1,,,,,,,,,,0
9220602,,1,,,,,,,,,,0
9220603,,1,,,,,,,,,,0
9220604,,1,,,,,,,,,,0
9220605,,1,,,,,,,,,,0
9220606,,1,,,,,,,,,,0
9220607,,1,,,,,,,,,,0
9220608,,1,,,,,,,,,,0
9220609,,1,,,,,,,,,,0
9220610,,1,,,,,,,,,,0
9220611,,1,,,,,,,,,,0
9220612,,1,,,,,,,,,,0
9220613,,1,,,,,,,,,,0
9220614,,1,,,,,,,,,,0
9220615,,1,,,,,,,,,,0
9220616,,1,,,,,,,,,,0
9220617,,1,,,,,,,,,,0
9220618,,1,,,,,,,,,,0
9220619,,1,,,,,,,,,,0
9220620,,1,,,,,,,,,,0
9220621,,1,,,,,,,,,,0
9220622,,1,,,,,,,,,,0
9220623,,1,,,,,,,,,,0
9220624,,1,,,,,,,,,,0
9220625,,1,,,,,,,,,,0
9220626,,1,,,,,,,,,,0
9220627,,1,,,,,,,,,,0
9220628,,1,,,,,,,,,,0
9220629,,1,,,,,,,,,,0
9220630,,1,,,,,,,,,,0
9220631,,1,,,,,,,,,,0
9220632,,1,,,,,,,,,,0
9220633,,1,,,,,,,,,,0
9220634,,1,,,,,,,,,,0
9220635,,1,,,,,,,,,,0
9220636,,1,,,,,,,,,,0
9220637,,1,,,,,,,,,,0
9220638,,1,,,,,,,,,,0
9220639,,1,,,,,,,,,,0
9220640,,1,,,,,,,,,,0
9220641,,1,,,,,,,,,,0
9220642,,1,,,,,,,,,,0
9220643,,1,,,,,,,,,,0
9220644,,1,,,,,,,,,,0
9220645,,1,,,,,,,,,,0
9220646,,1,,,,,,,,,,0
9220647,,1,,,,,,,,,,0
9220648,,1,,,,,,,,,,0
9220649,,1,,,,,,,,,,0
9220650,,1,,,,,,,,,,0
9220651,,1,,,,,,,,,,0
9220652,,1,,,,,,,,,,0
9220653,,1,,,,,,,,,,0
9220654,,1,,,,,,,,,,0
9220655,,1,,,,,,,,,,0
9220656,,1,,,,,,,,,,0
9220657,,1,,,,,,,,,,0
9220658,,1,,,,,,,,,,0
9220659,,1,,,,,,,,,,0
9220660,,1,,,,,,,,,,0
9220661,,1,,,,,,,,,,0
9220662,,1,,,,,,,,,,0
9220663,,1,,,,,,,,,,0
9220664,,1,,,,,,,,,,0
9220665,,1,,,,,,,,,,0
9220666,,1,,,,,,,,,,0
9220667,,1,,,,,,,,,,0
9220668,,1,,,,,,,,,,0
9220669,,1,,,,,,,,,,0
9220670,,1,,,,,,,,,,0
9220671,,1,,,,,,,,,,0
9220672,,1,,,,,,,,,,0
9220673,,1,,,,,,,,,,0
9220674,,1,,,,,,,,,,0
9220675,,1,,,,,,,,,,0
9220676,,1,,,,,,,,,,0
9220677,,1,,,,,,,,,,0
9220678,,1,,,,,,,,,,0
9220679,,1,,,,,,,,,,0
9220680,,1,,,,,,,,,,0
9220681,,1,,,,,,,,,,0
9220682,,1,,,,,,,,,,0
9220683,,1,,,,,,,,,,0
9220684,,1,,,,,,,,,,0
9220685,,1,,,,,,,,,,0
9220686,,1,,,,,,,,,,0
9220687,,1,,,,,,,,,,0
9220688,,1,,,,,,,,,,0
9220689,,1,,,,,,,,,,0
9220690,,1,,,,,,,,,,0
9220691,,1,,,,,,,,,,0
9220692,,1,,,,,,,,,,0
9220693,,1,,,,,,,,,,0
9220694,,1,,,,,,,,,,0
9220695,,1,,,,,,,,,,0
9220696,,1,,,,,,,,,,0
9220697,,1,,,,,,,,,,0
9220698,,1,,,,,,,,,,0
9220699,,1,,,,,,,,,,0
9220700,,1,,,,,,,,,,0
9220701,,1,,,,,,,,,,0
9220702,,1,,,,,,,,,,0
9220703,,1,,,,,,,,,,0
9220704,,1,,,,,,,,,,0
9220705,,1,,,,,,,,,,0
9220706,,1,,,,,,,,,,0
9220707,,1,,,,,,,,,,0
9220708,,1,,,,,,,,,,0
9220709,,1,,,,,,,,,,0
9220710,,1,,,,,,,,,,0
9220711,,1,,,,,,,,,,0
9220712,,1,,,,,,,,,,0
9220713,,1,,,,,,,,,,0
9220714,,1,,,,,,,,,,0
9220715,,1,,,,,,,,,,0
9220716,,1,,,,,,,,,,0
9220717,,1,,,,,,,,,,0
9220718,,1,,,,,,,,,,0
9220719,,1,,,,,,,,,,0
9220720,,1,,,,,,,,,,0
9220721,,1,,,,,,,,,,0
9220722,,1,,,,,,,,,,0
9220723,,1,,,,,,,,,,0
9220724,,1,,,,,,,,,,0
9220725,,1,,,,,,,,,,0
9220726,,1,,,,,,,,,,0
9220727,,1,,,,,,,,,,0
9220728,,1,,,,,,,,,,0
9220729,,1,,,,,,,,,,0
9220730,,1,,,,,,,,,,0
9220731,,1,,,,,,,,,,0
9220732,,1,,,,,,,,,,0
9220733,,1,,,,,,,,,,0
9220734,,1,,,,,,,,,,0
9220735,,1,,,,,,,,,,0
9220736,,1,,,,,,,,,,0
9220737,,1,,,,,,,,,,0
9220738,,1,,,,,,,,,,0
9220739,,1,,,,,,,,,,0
9220740,,1,,,,,,,,,,0
9220741,,1,,,,,,,,,,0
9220742,,1,,,,,,,,,,0
9220743,,1,,,,,,,,,,0
9220744,,1,,,,,,,,,,0
9220745,,1,,,,,,,,,,0
9220746,,1,,,,,,,,,,0
9220747,,1,,,,,,,,,,0
9220748,,1,,,,,,,,,,0
9220749,,1,,,,,,,,,,0
9220750,,1,,,,,,,,,,0
9220751,,1,,,,,,,,,,0
9220752,,1,,,,,,,,,,0
9220753,,1,,,,,,,,,,0
9220754,,1,,,,,,,,,,0
9220755,,1,,,,,,,,,,0
9220756,,1,,,,,,,,,,0
9220757,,1,,,,,,,,,,0
9220758,,1,,,,,,,,,,0
9220759,,1,,,,,,,,,,0
9220760,,1,,,,,,,,,,0
9220761,,1,,,,,,,,,,0
9220762,,1,,,,,,,,,,0
9220763,,1,,,,,,,,,,0
9220764,,1,,,,,,,,,,0
9220765,,1,,,,,,,,,,0
9220766,,1,,,,,,,,,,0
9220767,,1,,,,,,,,,,0
9220768,,1,,,,,,,,,,0
9220769,,1,,,,,,,,,,0
9220770,,1,,,,,,,,,,0
9220771,,1,,,,,,,,,,0
9220772,,1,,,,,,,,,,0
9220773,,1,,,,,,,,,,0
9220774,,1,,,,,,,,,,0
9220775,,1,,,,,,,,,,0
9220776,,1,,,,,,,,,,0
9220777,,1,,,,,,,,,,0
9220778,,1,,,,,,,,,,0
9220779,,1,,,,,,,,,,0
9220780,,1,,,,,,,,,,0
9220781,,1,,,,,,,,,,0
9220782,,1,,,,,,,,,,0
9220783,,1,,,,,,,,,,0
9220784,,1,,,,,,,,,,0
9220785,,1,,,,,,,,,,0
9220786,,1,,,,,,,,,,0
9220787,,1,,,,,,,,,,0
9220788,,1,,,,,,,,,,0
9220789,,1,,,,,,,,,,0
9220790,,1,,,,,,,,,,0
9220791,,1,,,,,,,,,,0
9220792,,1,,,,,,,,,,0
9220793,,1,,,,,,,,,,0
9220794,,1,,,,,,,,,,0
9220795,,1,,,,,,,,,,0
9220796,,1,,,,,,,,,,0
9220797,,1,,,,,,,,,,0
9220798,,1,,,,,,,,,,0
9220799,,1,,,,,,,,,,0
9220800,,1,,,,,,,,,,0
9220801,,1,,,,,,,,,,0
9220802,,1,,,,,,,,,,0
9220803,,1,,,,,,,,,,0
9220804,,1,,,,,,,,,,0
9220805,,1,,,,,,,,,,0
9220806,,1,,,,,,,,,,0
9220807,,1,,,,,,,,,,0
9220808,,1,,,,,,,,,,0
9220809,,1,,,,,,,,,,0
9220810,,1,,,,,,,,,,0
9220811,,1,,,,,,,,,,0
9220812,,1,,,,,,,,,,0
9220813,,1,,,,,,,,,,0
9220814,,1,,,,,,,,,,0
9220815,,1,,,,,,,,,,0
9220816,,1,,,,,,,,,,0
9220817,,1,,,,,,,,,,0
9220818,,1,,,,,,,,,,0
9220819,,1,,,,,,,,,,0
9220820,,1,,,,,,,,,,0
9220821,,1,,,,,,,,,,0
9220822,,1,,,,,,,,,,0
9220823,,1,,,,,,,,,,0
9220824,,1,,,,,,,,,,0
9220825,,1,,,,,,,,,,0
9220826,,1,,,,,,,,,,0
9220827,,1,,,,,,,,,,0
9220828,,1,,,,,,,,,,0
9220829,,1,,,,,,,,,,0
9220830,,1,,,,,,,,,,0
9220831,,1,,,,,,,,,,0
9220832,,1,,,,,,,,,,0
9220833,,1,,,,,,,,,,0
9220834,,1,,,,,,,,,,0
9220835,,1,,,,,,,,,,0
9220836,,1,,,,,,,,,,0
9220837,,1,,,,,,,,,,0
9220838,,1,,,,,,,,,,0
9220839,,1,,,,,,,,,,0
9220840,,1,,,,,,,,,,0
9220841,,1,,,,,,,,,,0
9220842,,1,,,,,,,,,,0
9220843,,1,,,,,,,,,,0
9220844,,1,,,,,,,,,,0
9220845,,1,,,,,,,,,,0
9220846,,1,,,,,,,,,,0
9220847,,1,,,,,,,,,,0
9220848,,1,,,,,,,,,,0
9220849,,1,,,,,,,,,,0
9220850,,1,,,,,,,,,,0
9220851,,1,,,,,,,,,,0
9220852,,1,,,,,,,,,,0
9220853,,1,,,,,,,,,,0
9220854,,1,,,,,,,,,,0
9220855,,1,,,,,,,,,,0
9220856,,1,,,,,,,,,,0
9220857,,1,,,,,,,,,,0
9220858,,1,,,,,,,,,,0
9220859,,1,,,,,,,,,,0
9220860,,1,,,,,,,,,,0
9220861,,1,,,,,,,,,,0
9220862,,1,,,,,,,,,,0
9220863,,1,,,,,,,,,,0
9220864,,1,,,,,,,,,,0
9220865,,1,,,,,,,,,,0
9220866,,1,,,,,,,,,,0
9220867,,1,,,,,,,,,,0
9220868,,1,,,,,,,,,,0
9220869,,1,,,,,,,,,,0
9220870,,1,,,,,,,,,,0
9220871,,1,,,,,,,,,,0
9220872,,1,,,,,,,,,,0
9220873,,1,,,,,,,,,,0
9220874,,1,,,,,,,,,,0
9220875,,1,,,,,,,,,,0
9220876,,1,,,,,,,,,,0
9220877,,1,,,,,,,,,,0
9220878,,1,,,,,,,,,,0
9220879,,1,,,,,,,,,,0
9220880,,1,,,,,,,,,,0
9220881,,1,,,,,,,,,,0
9220882,,1,,,,,,,,,,0
9220883,,1,,,,,,,,,,0
9220884,,1,,,,,,,,,,0
9220885,,1,,,,,,,,,,0
9220886,,1,,,,,,,,,,0
9220887,,1,,,,,,,,,,0
9220888,,1,,,,,,,,,,0
9220889,,1,,,,,,,,,,0
9220890,,1,,,,,,,,,,0
9220891,,1,,,,,,,,,,0
9220892,,1,,,,,,,,,,0
9220893,,1,,,,,,,,,,0
9220894,,1,,,,,,,,,,0
9220895,,1,,,,,,,,,,0
9220896,,1,,,,,,,,,,0
9220897,,1,,,,,,,,,,0
9220898,,1,,,,,,,,,,0
9220899,,1,,,,,,,,,,0
9220900,,1,,,,,,,,,,0
9220901,,1,,,,,,,,,,0
9220902,,1,,,,,,,,,,0
9220903,,1,,,,,,,,,,0
9220904,,1,,,,,,,,,,0
9220905,,1,,,,,,,,,,0
9220906,,1,,,,,,,,,,0
9220907,,1,,,,,,,,,,0
9220908,,1,,,,,,,,,,0
9220909,,1,,,,,,,,,,0
9220910,,1,,,,,,,,,,0
9220911,,1,,,,,,,,,,0
9220912,,1,,,,,,,,,,0
9220913,,1,,,,,,,,,,0
9220914,,1,,,,,,,,,,0
9220915,,1,,,,,,,,,,0
9220916,,1,,,,,,,,,,0
9220917,,1,,,,,,,,,,0
9220918,,1,,,,,,,,,,0
9220919,,1,,,,,,,,,,0
9220920,,1,,,,,,,,,,0
9220921,,1,,,,,,,,,,0
9220922,,1,,,,,,,,,,0
9220923,,1,,,,,,,,,,0
9220924,,1,,,,,,,,,,0
9220925,,1,,,,,,,,,,0
9220926,,1,,,,,,,,,,0
9220927,,1,,,,,,,,,,0
9220928,,1,,,,,,,,,,0
9220929,,1,,,,,,,,,,0
9220930,,1,,,,,,,,,,0
9220931,,1,,,,,,,,,,0
9220932,,1,,,,,,,,,,0
9220933,,1,,,,,,,,,,0
9220934,,1,,,,,,,,,,0
9220935,,1,,,,,,,,,,0
9220936,,1,,,,,,,,,,0
9220937,,1,,,,,,,,,,0
9220938,,1,,,,,,,,,,0
9220939,,1,,,,,,,,,,0
9220940,,1,,,,,,,,,,0
9220941,,1,,,,,,,,,,0
9220942,,1,,,,,,,,,,0
9220943,,1,,,,,,,,,,0
9220944,,1,,,,,,,,,,0
9220945,,1,,,,,,,,,,0
9220946,,1,,,,,,,,,,0
9220947,,1,,,,,,,,,,0
9220948,,1,,,,,,,,,,0
9220949,,1,,,,,,,,,,0
9220950,,1,,,,,,,,,,0
9220951,,1,,,,,,,,,,0
9220952,,1,,,,,,,,,,0
9220953,,1,,,,,,,,,,0
9220954,,1,,,,,,,,,,0
9220955,,1,,,,,,,,,,0
9220956,,1,,,,,,,,,,0
9220957,,1,,,,,,,,,,0
9220958,,1,,,,,,,,,,0
9220959,,1,,,,,,,,,,0
9220960,,1,,,,,,,,,,0
9220961,,1,,,,,,,,,,0
9220962,,1,,,,,,,,,,0
9220963,,1,,,,,,,,,,0
9220964,,1,,,,,,,,,,0
9220965,,1,,,,,,,,,,0
9220966,,1,,,,,,,,,,0
9220967,,1,,,,,,,,,,0
9220968,,1,,,,,,,,,,0
9220969,,1,,,,,,,,,,0
9220970,,1,,,,,,,,,,0
9220971,,1,,,,,,,,,,0
9220972,,1,,,,,,,,,,0
9220973,,1,,,,,,,,,,0
9220974,,1,,,,,,,,,,0
9220975,,1,,,,,,,,,,0
9220976,,1,,,,,,,,,,0
9220977,,1,,,,,,,,,,0
9220978,,1,,,,,,,,,,0
9220979,,1,,,,,,,,,,0
9220980,,1,,,,,,,,,,0
9220981,,1,,,,,,,,,,0
9220982,,1,,,,,,,,,,0
9220983,,1,,,,,,,,,,0
9220984,,1,,,,,,,,,,0
9220985,,1,,,,,,,,,,0
9220986,,1,,,,,,,,,,0
9220987,,1,,,,,,,,,,0
1410474,,2,,,,,,,,,,0
1410475,,2,,,,,,,,,,0
1410476,,2,,,,,,,,,,0
1410477,,2,,,,,,,,,,0
1410478,,2,,,,,,,,,,0
1410479,,2,,,,,,,,,,0
1410480,,2,,,,,,,,,,0
1410481,,2,,,,,,,,,,0
1410482,,2,,,,,,,,,,0
1410483,,2,,,,,,,,,,0
1410484,,2,,,,,,,,,,0
1410485,,2,,,,,,,,,,0
1410486,,2,,,,,,,,,,0
1410487,,2,,,,,,,,,,0
1410488,,2,,,,,,,,,,0
1410489,,2,,,,,,,,,,0
1410490,,2,,,,,,,,,,0
1410491,,2,,,,,,,,,,0
1410492,,2,,,,,,,,,,0
1410493,,2,,,,,,,,,,0
1410494,,2,,,,,,,,,,0
1410495,,2,,,,,,,,,,0
1410496,,2,,,,,,,,,,0
1410497,,2,,,,,,,,,,0
1410498,,2,,,,,,,,,,0
1410499,,2,,,,,,,,,,0
1410500,,2,,,,,,,,,,0
1410501,,2,,,,,,,,,,0
1410502,,2,,,,,,,,,,0
1410503,,2,,,,,,,,,,0
1410504,,2,,,,,,,,,,0
1410505,,2,,,,,,,,,,0
1410506,,2,,,,,,,,,,0
1410507,,2,,,,,,,,,,0
1410508,,2,,,,,,,,,,0
1410509,,2,,,,,,,,,,0
1410510,,2,,,,,,,,,,0
1410511,,2,,,,,,,,,,0
1410512,,2,,,,,,,,,,0
1410513,,2,,,,,,,,,,0
1410514,,2,,,,,,,,,,0
1410515,,2,,,,,,,,,,0
1410516,,2,,,,,,,,,,0
1410517,,2,,,,,,,,,,0
1410518,,2,,,,,,,,,,0
1410519,,2,,,,,,,,,,0
1410520,,2,,,,,,,,,,0
1410521,,2,,,,,,,,,,0
1410522,,2,,,,,,,,,,0
1410523,,2,,,,,,,,,,0
1410524,,2,,,,,,,,,,0
1410525,,2,,,,,,,,,,0
1410526,,2,,,,,,,,,,0
1410527,,2,,,,,,,,,,0
1410528,,2,,,,,,,,,,0
1410529,,2,,,,,,,,,,0
1410530,,2,,,,,,,,,,0
1410531,,2,,,,,,,,,,0
1410532,,2,,,,,,,,,,0
1410533,,2,,,,,,,,,,0
1410534,,2,,,,,,,,,,0
1410535,,2,,,,,,,,,,0
1410536,,2,,,,,,,,,,0
1410537,,2,,,,,,,,,,0
1410538,,2,,,,,,,,,,0
1410539,,2,,,,,,,,,,0
1410540,,2,,,,,,,,,,0
1410541,,2,,,,,,,,,,0
1410542,,2,,,,,,,,,,0
1410543,,2,,,,,,,,,,0
1410544,,2,,,,,,,,,,0
1410545,,2,,,,,,,,,,0
1410546,,2,,,,,,,,,,0
1410547,,2,,,,,,,,,,0
1410548,,2,,,,,,,,,,0
1410549,,2,,,,,,,,,,0
1410550,,2,,,,,,,,,,0
1410551,,2,,,,,,,,,,0
1410552,,2,,,,,,,,,,0
1410553,,2,,,,,,,,,,0
1410554,,2,,,,,,,,,,0
1410555,,2,,,,,,,,,,0
1410556,,2,,,,,,,,,,0
1410557,,2,,,,,,,,,,0
1410558,,2,,,,,,,,,,0
1410559,,2,,,,,,,,,,0
1410560,,2,,,,,,,,,,0
1410561,,2,,,,,,,,,,0
1410562,,2,,,,,,,,,,0
1410563,,2,,,,,,,,,,0
1410564,,2,,,,,,,,,,0
1410565,,2,,,,,,,,,,0
1410566,,2,,,,,,,,,,0
1410567,,2,,,,,,,,,,0
1410568,,2,,,,,,,,,,0
1410569,,2,,,,,,,,,,0
1410570,,2,,,,,,,,,,0
1410571,,2,,,,,,,,,,0
1410572,,2,,,,,,,,,,0
1410573,,2,,,,,,,,,,0
1410574,,2,,,,,,,,,,0
1410575,,2,,,,,,,,,,0
1410576,,2,,,,,,,,,,0
1410577,,2,,,,,,,,,,0
1410578,,2,,,,,,,,,,0
1410579,,2,,,,,,,,,,0
1410580,,2,,,,,,,,,,0
1410581,,2,,,,,,,,,,0
1410582,,2,,,,,,,,,,0
1410583,,2,,,,,,,,,,0
1410584,,2,,,,,,,,,,0
1410585,,2,,,,,,,,,,0
1410586,,2,,,,,,,,,,0
1410587,,2,,,,,,,,,,0
1410588,,2,,,,,,,,,,0
1410589,,2,,,,,,,,,,0
1410590,,2,,,,,,,,,,0
1410591,,2,,,,,,,,,,0
1410592,,2,,,,,,,,,,0
1410593,,2,,,,,,,,,,0
1410594,,2,,,,,,,,,,0
1410595,,2,,,,,,,,,,0
1410596,,2,,,,,,,,,,0
1410597,,2,,,,,,,,,,0
1410598,,2,,,,,,,,,,0
1410599,,2,,,,,,,,,,0
1410600,,2,,,,,,,,,,0
1410601,,2,,,,,,,,,,0
1410602,,2,,,,,,,,,,0
1410603,,2,,,,,,,,,,0
1410604,,2,,,,,,,,,,0
1410605,,2,,,,,,,,,,0
1410606,,2,,,,,,,,,,0
1410607,,2,,,,,,,,,,0
1410608,,2,,,,,,,,,,0
1410609,,2,,,,,,,,,,0
1410610,,2,,,,,,,,,,0
1410611,,2,,,,,,,,,,0
1410612,,2,,,,,,,,,,0
1410613,,2,,,,,,,,,,0
1410614,,2,,,,,,,,,,0
1410615,,2,,,,,,,,,,0
1410616,,2,,,,,,,,,,0
1410617,,2,,,,,,,,,,0
1410618,,2,,,,,,,,,,0
1410619,,2,,,,,,,,,,0
1410620,,2,,,,,,,,,,0
1410621,,2,,,,,,,,,,0
1410622,,2,,,,,,,,,,0
1410623,,2,,,,,,,,,,0
1410624,,2,,,,,,,,,,0
1410625,,2,,,,,,,,,,0
1410626,,2,,,,,,,,,,0
1410627,,2,,,,,,,,,,0
1410628,,2,,,,,,,,,,0
1410629,,2,,,,,,,,,,0
1410630,,2,,,,,,,,,,0
1410631,,2,,,,,,,,,,0
1410632,,2,,,,,,,,,,0
1410633,,2,,,,,,,,,,0
1410634,,2,,,,,,,,,,0
1410635,,2,,,,,,,,,,0
1410636,,2,,,,,,,,,,0
1410637,,2,,,,,,,,,,0
1410638,,2,,,,,,,,,,0
1410639,,2,,,,,,,,,,0
1410640,,2,,,,,,,,,,0
1410641,,2,,,,,,,,,,0
1410642,,2,,,,,,,,,,0
1410643,,2,,,,,,,,,,0
1410644,,2,,,,,,,,,,0
1410645,,2,,,,,,,,,,0
1410646,,2,,,,,,,,,,0
1410647,,2,,,,,,,,,,0
1410648,,2,,,,,,,,,,0
1410649,,2,,,,,,,,,,0
1410650,,2,,,,,,,,,,0
1410651,,2,,,,,,,,,,0
1410652,,2,,,,,,,,,,0
1410653,,2,,,,,,,,,,0
1410654,,2,,,,,,,,,,0
1410655,,2,,,,,,,,,,0
1410656,,2,,,,,,,,,,0
1410657,,2,,,,,,,,,,0
1410658,,2,,,,,,,,,,0
1410659,,2,,,,,,,,,,0
1410660,,2,,,,,,,,,,0
1410661,,2,,,,,,,,,,0
1410662,,2,,,,,,,,,,0
1410663,,2,,,,,,,,,,0
1410664,,2,,,,,,,,,,0
1410665,,2,,,,,,,,,,0
1410666,,2,,,,,,,,,,0
1410667,,2,,,,,,,,,,0
1410668,,2,,,,,,,,,,0
1410669,,2,,,,,,,,,,0
1410670,,2,,,,,,,,,,0
1410671,,2,,,,,,,,,,0
1410672,,2,,,,,,,,,,0
1410673,,2,,,,,,,,,,0
1410674,,2,,,,,,,,,,0
1410675,,2,,,,,,,,,,0
1410676,,2,,,,,,,,,,0
1410677,,2,,,,,,,,,,0
1410678,,2,,,,,,,,,,0
1410679,,2,,,,,,,,,,0
1410680,,2,,,,,,,,,,0
1410681,,2,,,,,,,,,,0
1410682,,2,,,,,,,,,,0
1410683,,2,,,,,,,,,,0
1410684,,2,,,,,,,,,,0
1410685,,2,,,,,,,,,,0
1410686,,2,,,,,,,,,,0
1410687,,2,,,,,,,,,,0
1410688,,2,,,,,,,,,,0
1410689,,2,,,,,,,,,,0
1410690,,2,,,,,,,,,,0
1410691,,2,,,,,,,,,,0
1410692,,2,,,,,,,,,,0
1410693,,2,,,,,,,,,,0
1410694,,2,,,,,,,,,,0
1410695,,2,,,,,,,,,,0
1410696,,2,,,,,,,,,,0
1410697,,2,,,,,,,,,,0
1410698,,2,,,,,,,,,,0
1410699,,2,,,,,,,,,,0
1410700,,2,,,,,,,,,,0
1410701,,2,,,,,,,,,,0
1410702,,2,,,,,,,,,,0
1410703,,2,,,,,,,,,,0
1410704,,2,,,,,,,,,,0
1410705,,2,,,,,,,,,,0
1410706,,2,,,,,,,,,,0
1410707,,2,,,,,,,,,,0
1410708,,2,,,,,,,,,,0
1410709,,2,,,,,,,,,,0
1410710,,2,,,,,,,,,,0
1410711,,2,,,,,,,,,,0
1410712,,2,,,,,,,,,,0
1410713,,2,,,,,,,,,,0
1410714,,2,,,,,,,,,,0
1410715,,2,,,,,,,,,,0
1410716,,2,,,,,,,,,,0
1410717,,2,,,,,,,,,,0
1410718,,2,,,,,,,,,,0
1410719,,2,,,,,,,,,,0
1410720,,2,,,,,,,,,,0
1410721,,2,,,,,,,,,,0
1410722,,2,,,,,,,,,,0
1410723,,2,,,,,,,,,,0
1410724,,2,,,,,,,,,,0
1410725,,2,,,,,,,,,,0
1410726,,2,,,,,,,,,,0
1410727,,2,,,,,,,,,,0
1410728,,2,,,,,,,,,,0
1410729,,2,,,,,,,,,,0
1410730,,2,,,,,,,,,,0
1410731,,2,,,,,,,,,,0
1410732,,2,,,,,,,,,,0
1410733,,2,,,,,,,,,,0
1410734,,2,,,,,,,,,,0
1410735,,2,,,,,,,,,,0
1410736,,2,,,,,,,,,,0
1410737,,2,,,,,,,,,,0
1410738,,2,,,,,,,,,,0
1410739,,2,,,,,,,,,,0
1410740,,2,,,,,,,,,,0
1410741,,2,,,,,,,,,,0
1410742,,2,,,,,,,,,,0
1410743,,2,,,,,,,,,,0
1410744,,2,,,,,,,,,,0
1410745,,2,,,,,,,,,,0
1410746,,2,,,,,,,,,,0
1410747,,2,,,,,,,,,,0
1410748,,2,,,,,,,,,,0
1410749,,2,,,,,,,,,,0
1410750,,2,,,,,,,,,,0
1410751,,2,,,,,,,,,,0
1410752,,2,,,,,,,,,,0
1410753,,2,,,,,,,,,,0
1410754,,2,,,,,,,,,,0
1410755,,2,,,,,,,,,,0
1410756,,2,,,,,,,,,,0
1410757,,2,,,,,,,,,,0
1410758,,2,,,,,,,,,,0
1410759,,2,,,,,,,,,,0
1410760,,2,,,,,,,,,,0
1410761,,2,,,,,,,,,,0
1410762,,2,,,,,,,,,,0
1410763,,2,,,,,,,,,,0
1410764,,2,,,,,,,,,,0
1410765,,2,,,,,,,,,,0
1410766,,2,,,,,,,,,,0
1410767,,2,,,,,,,,,,0
1410768,,2,,,,,,,,,,0
1410769,,2,,,,,,,,,,0
1410770,,2,,,,,,,,,,0
1410771,,2,,,,,,,,,,0
1410772,,2,,,,,,,,,,0
1410773,,2,,,,,,,,,,0
1410774,,2,,,,,,,,,,0
1410775,,2,,,,,,,,,,0
1410776,,2,,,,,,,,,,0
1410777,,2,,,,,,,,,,0
1410778,,2,,,,,,,,,,0
1410779,,2,,,,,,,,,,0
1410780,,2,,,,,,,,,,0
1410781,,2,,,,,,,,,,0
1410782,,2,,,,,,,,,,0
1410783,,2,,,,,,,,,,0
1410784,,2,,,,,,,,,,0
1410785,,2,,,,,,,,,,0
1410786,,2,,,,,,,,,,0
1410787,,2,,,,,,,,,,0
1410788,,2,,,,,,,,,,0
1410789,,2,,,,,,,,,,0
1410790,,2,,,,,,,,,,0
1410791,,2,,,,,,,,,,0
1410792,,2,,,,,,,,,,0
1410793,,2,,,,,,,,,,0
1410794,,2,,,,,,,,,,0
1410795,,2,,,,,,,,,,0
1410796,,2,,,,,,,,,,0
1410797,,2,,,,,,,,,,0
1410798,,2,,,,,,,,,,0
1410799,,2,,,,,,,,,,0
1410800,,2,,,,,,,,,,0
1410801,,2,,,,,,,,,,0
1410802,,2,,,,,,,,,,0
1410803,,2,,,,,,,,,,0
1410804,,2,,,,,,,,,,0
1410805,,2,,,,,,,,,,0
1410806,,2,,,,,,,,,,0
1410807,,2,,,,,,,,,,0
1410808,,2,,,,,,,,,,0
1410809,,2,,,,,,,,,,0
1410810,,2,,,,,,,,,,0
1410811,,2,,,,,,,,,,0
1410812,,2,,,,,,,,,,0
1410813,,2,,,,,,,,,,0
1410814,,2,,,,,,,,,,0
1410815,,2,,,,,,,,,,0
1410816,,2,,,,,,,,,,0
1410817,,2,,,,,,,,,,0
1410818,,2,,,,,,,,,,0
1410819,,2,,,,,,,,,,0
1410820,,2,,,,,,,,,,0
1410821,,2,,,,,,,,,,0
1410822,,2,,,,,,,,,,0
1410823,,2,,,,,,,,,,0
1410824,,2,,,,,,,,,,0
1410825,,2,,,,,,,,,,0
1410826,,2,,,,,,,,,,0
1410827,,2,,,,,,,,,,0
1410828,,2,,,,,,,,,,0
1410829,,2,,,,,,,,,,0
1410830,,2,,,,,,,,,,0
1410831,,2,,,,,,,,,,0
1410832,,2,,,,,,,,,,0
1410833,,2,,,,,,,,,,0
1410834,,2,,,,,,,,,,0
1410835,,2,,,,,,,,,,0
1410836,,2,,,,,,,,,,0
1410837,,2,,,,,,,,,,0
1410838,,2,,,,,,,,,,0
1410839,,2,,,,,,,,,,0
1410840,,2,,,,,,,,,,0
1410841,,2,,,,,,,,,,0
1410842,,2,,,,,,,,,,0
1410843,,2,,,,,,,,,,0
1410844,,2,,,,,,,,,,0
1410845,,2,,,,,,,,,,0
1410846,,2,,,,,,,,,,0
1410847,,2,,,,,,,,,,0
1410848,,2,,,,,,,,,,0
1410849,,2,,,,,,,,,,0
1410850,,2,,,,,,,,,,0
1410851,,2,,,,,,,,,,0
1410852,,2,,,,,,,,,,0
1410853,,2,,,,,,,,,,0
1410854,,2,,,,,,,,,,0
1410855,,2,,,,,,,,,,0
1410856,,2,,,,,,,,,,0
1410857,,2,,,,,,,,,,0
1410858,,2,,,,,,,,,,0
1410859,,2,,,,,,,,,,0
1410860,,2,,,,,,,,,,0
1410861,,2,,,,,,,,,,0
1410862,,2,,,,,,,,,,0
1410863,,2,,,,,,,,,,0
1410864,,2,,,,,,,,,,0
1410865,,2,,,,,,,,,,0
1410866,,2,,,,,,,,,,0
1410867,,2,,,,,,,,,,0
1410868,,2,,,,,,,,,,0
1410869,,2,,,,,,,,,,0
1410870,,2,,,,,,,,,,0
1410871,,2,,,,,,,,,,0
1410872,,2,,,,,,,,,,0
1410873,,2,,,,,,,,,,0
1410874,,2,,,,,,,,,,0
1410875,,2,,,,,,,,,,0
1410876,,2,,,,,,,,,,0
1410877,,2,,,,,,,,,,0
1410878,,2,,,,,,,,,,0
1410879,,2,,,,,,,,,,0
1410880,,2,,,,,,,,,,0
1410881,,2,,,,,,,,,,0
1410882,,2,,,,,,,,,,0
1410883,,2,,,,,,,,,,0
1410884,,2,,,,,,,,,,0
1410885,,2,,,,,,,,,,0
1410886,,2,,,,,,,,,,0
1410887,,2,,,,,,,,,,0
1410888,,2,,,,,,,,,,0
1410889,,2,,,,,,,,,,0
1410890,,2,,,,,,,,,,0
1410891,,2,,,,,,,,,,0
1410892,,2,,,,,,,,,,0
1410893,,2,,,,,,,,,,0
1410894,,2,,,,,,,,,,0
1410895,,2,,,,,,,,,,0
1410896,,2,,,,,,,,,,0
1410897,,2,,,,,,,,,,0
1410898,,2,,,,,,,,,,0
1410899,,2,,,,,,,,,,0
1410900,,2,,,,,,,,,,0
1410901,,2,,,,,,,,,,0
1410902,,2,,,,,,,,,,0
1410903,,2,,,,,,,,,,0
1410904,,2,,,,,,,,,,0
1410905,,2,,,,,,,,,,0
1410906,,2,,,,,,,,,,0
1410907,,2,,,,,,,,,,0
1410908,,2,,,,,,,,,,0
1410909,,2,,,,,,,,,,0
1410910,,2,,,,,,,,,,0
1410911,,2,,,,,,,,,,0
1410912,,2,,,,,,,,,,0
1410913,,2,,,,,,,,,,0
1410914,,2,,,,,,,,,,0
1410915,,2,,,,,,,,,,0
1410916,,2,,,,,,,,,,0
1410917,,2,,,,,,,,,,0
1410918,,2,,,,,,,,,,0
1410919,,2,,,,,,,,,,0
1410920,,2,,,,,,,,,,0
1410921,,2,,,,,,,,,,0
1410922,,2,,,,,,,,,,0
1410923,,2,,,,,,,,,,0
1410924,,2,,,,,,,,,,0
1410925,,2,,,,,,,,,,0
1410926,,2,,,,,,,,,,0
1410927,,2,,,,,,,,,,0
1410928,,2,,,,,,,,,,0
1410929,,2,,,,,,,,,,0
1410930,,2,,,,,,,,,,0
1410931,,2,,,,,,,,,,0
1410932,,2,,,,,,,,,,0
1410933,,2,,,,,,,,,,0
1410934,,2,,,,,,,,,,0
1410935,,2,,,,,,,,,,0
1410936,,2,,,,,,,,,,0
1410937,,2,,,,,,,,,,0
1410938,,2,,,,,,,,,,0
1410939,,2,,,,,,,,,,0
1410940,,2,,,,,,,,,,0
1410941,,2,,,,,,,,,,0
1410942,,2,,,,,,,,,,0
1410943,,2,,,,,,,,,,0
1410944,,2,,,,,,,,,,0
1410945,,2,,,,,,,,,,0
1410946,,2,,,,,,,,,,0
1410947,,2,,,,,,,,,,0
1410948,,2,,,,,,,,,,0
1410949,,2,,,,,,,,,,0
1410950,,2,,,,,,,,,,0
1410951,,2,,,,,,,,,,0
1410952,,2,,,,,,,,,,0
1410953,,2,,,,,,,,,,0
1410954,,2,,,,,,,,,,0
1410955,,2,,,,,,,,,,0
1410956,,2,,,,,,,,,,0
1410957,,2,,,,,,,,,,0
1410958,,2,,,,,,,,,,0
1410959,,2,,,,,,,,,,0
1410960,,2,,,,,,,,,,0
1410961,,2,,,,,,,,,,0
1410962,,2,,,,,,,,,,0
1410963,,2,,,,,,,,,,0
1410964,,2,,,,,,,,,,0
1410965,,2,,,,,,,,,,0
1410966,,2,,,,,,,,,,0
1410967,,2,,,,,,,,,,0
1410968,,2,,,,,,,,,,0
1410969,,2,,,,,,,,,,0
1410970,,2,,,,,,,,,,0
1410971,,2,,,,,,,,,,0
1410972,,2,,,,,,,,,,0
1410973,,2,,,,,,,,,,0
9220988,,1,,,,,,,,,,0
9220989,,1,,,,,,,,,,0
9220990,,1,,,,,,,,,,0
9220991,,1,,,,,,,,,,0
9220992,,1,,,,,,,,,,0
9220993,,1,,,,,,,,,,0
9220994,,1,,,,,,,,,,0
9220995,,1,,,,,,,,,,0
9220996,,1,,,,,,,,,,0
9220997,,1,,,,,,,,,,0
9220998,,1,,,,,,,,,,0
9220999,,1,,,,,,,,,,0
9221000,,1,,,,,,,,,,0
9221001,,1,,,,,,,,,,0
9221002,,1,,,,,,,,,,0
9221003,,1,,,,,,,,,,0
9221004,,1,,,,,,,,,,0
9221005,,1,,,,,,,,,,0
9221006,,1,,,,,,,,,,0
9221007,,1,,,,,,,,,,0
9221008,,1,,,,,,,,,,0
9221009,,1,,,,,,,,,,0
9221010,,1,,,,,,,,,,0
9221011,,1,,,,,,,,,,0
9221012,,1,,,,,,,,,,0
9221013,,1,,,,,,,,,,0
9221014,,1,,,,,,,,,,0
9221015,,1,,,,,,,,,,0
9221016,,1,,,,,,,,,,0
9221017,,1,,,,,,,,,,0
9221018,,1,,,,,,,,,,0
9221019,,1,,,,,,,,,,0
9221020,,1,,,,,,,,,,0
9221021,,1,,,,,,,,,,0
9221022,,1,,,,,,,,,,0
9221023,,1,,,,,,,,,,0
9221024,,1,,,,,,,,,,0
9221025,,1,,,,,,,,,,0
9221026,,1,,,,,,,,,,0
9221027,,1,,,,,,,,,,0
9221028,,1,,,,,,,,,,0
9221029,,1,,,,,,,,,,0
9221030,,1,,,,,,,,,,0
9221031,,1,,,,,,,,,,0
9221032,,1,,,,,,,,,,0
9221033,,1,,,,,,,,,,0
9221034,,1,,,,,,,,,,0
9221035,,1,,,,,,,,,,0
9221036,,1,,,,,,,,,,0
9221037,,1,,,,,,,,,,0
9221038,,1,,,,,,,,,,0
9221039,,1,,,,,,,,,,0
9221040,,1,,,,,,,,,,0
9221041,,1,,,,,,,,,,0
9221042,,1,,,,,,,,,,0
9221043,,1,,,,,,,,,,0
9221044,,1,,,,,,,,,,0
9221045,,1,,,,,,,,,,0
9221046,,1,,,,,,,,,,0
9221047,,1,,,,,,,,,,0
9221048,,1,,,,,,,,,,0
9221049,,1,,,,,,,,,,0
9221050,,1,,,,,,,,,,0
9221051,,1,,,,,,,,,,0
9221052,,1,,,,,,,,,,0
9221053,,1,,,,,,,,,,0
9221054,,1,,,,,,,,,,0
9221055,,1,,,,,,,,,,0
9221056,,1,,,,,,,,,,0
9221057,,1,,,,,,,,,,0
9221058,,1,,,,,,,,,,0
9221059,,1,,,,,,,,,,0
9221060,,1,,,,,,,,,,0
9221061,,1,,,,,,,,,,0
9221062,,1,,,,,,,,,,0
9221063,,1,,,,,,,,,,0
9221064,,1,,,,,,,,,,0
9221065,,1,,,,,,,,,,0
9221066,,1,,,,,,,,,,0
9221067,,1,,,,,,,,,,0
9221068,,1,,,,,,,,,,0
9221069,,1,,,,,,,,,,0
9221070,,1,,,,,,,,,,0
9221071,,1,,,,,,,,,,0
9221072,,1,,,,,,,,,,0
9221073,,1,,,,,,,,,,0
9221074,,1,,,,,,,,,,0
9221075,,1,,,,,,,,,,0
9221076,,1,,,,,,,,,,0
9221077,,1,,,,,,,,,,0
9221078,,1,,,,,,,,,,0
9221079,,1,,,,,,,,,,0
9221080,,1,,,,,,,,,,0
9221081,,1,,,,,,,,,,0
9221082,,1,,,,,,,,,,0
9221083,,1,,,,,,,,,,0
9221084,,1,,,,,,,,,,0
9221085,,1,,,,,,,,,,0
9221086,,1,,,,,,,,,,0
9221087,,1,,,,,,,,,,0
9221088,,1,,,,,,,,,,0
9221089,,1,,,,,,,,,,0
9221090,,1,,,,,,,,,,0
9221091,,1,,,,,,,,,,0
9221092,,1,,,,,,,,,,0
9221093,,1,,,,,,,,,,0
9221094,,1,,,,,,,,,,0
9221095,,1,,,,,,,,,,0
9221096,,1,,,,,,,,,,0
9221097,,1,,,,,,,,,,0
9221098,,1,,,,,,,,,,0
9221099,,1,,,,,,,,,,0
9221100,,1,,,,,,,,,,0
9221101,,1,,,,,,,,,,0
9221102,,1,,,,,,,,,,0
9221103,,1,,,,,,,,,,0
9221104,,1,,,,,,,,,,0
9221105,,1,,,,,,,,,,0
9221106,,1,,,,,,,,,,0
9221107,,1,,,,,,,,,,0
9221108,,1,,,,,,,,,,0
9221109,,1,,,,,,,,,,0
9221110,,1,,,,,,,,,,0
9221111,,1,,,,,,,,,,0
9221112,,1,,,,,,,,,,0
9221113,,1,,,,,,,,,,0
9221114,,1,,,,,,,,,,0
9221115,,1,,,,,,,,,,0
9221116,,1,,,,,,,,,,0
9221117,,1,,,,,,,,,,0
9221118,,1,,,,,,,,,,0
9221119,,1,,,,,,,,,,0
9221120,,1,,,,,,,,,,0
9221121,,1,,,,,,,,,,0
9221122,,1,,,,,,,,,,0
9221123,,1,,,,,,,,,,0
9221124,,1,,,,,,,,,,0
9221125,,1,,,,,,,,,,0
9221126,,1,,,,,,,,,,0
9221127,,1,,,,,,,,,,0
9221128,,1,,,,,,,,,,0
9221129,,1,,,,,,,,,,0
9221130,,1,,,,,,,,,,0
9221131,,1,,,,,,,,,,0
9221132,,1,,,,,,,,,,0
9221133,,1,,,,,,,,,,0
9221134,,1,,,,,,,,,,0
9221135,,1,,,,,,,,,,0
9221136,,1,,,,,,,,,,0
9221137,,1,,,,,,,,,,0
9221138,,1,,,,,,,,,,0
9221139,,1,,,,,,,,,,0
9221140,,1,,,,,,,,,,0
9221141,,1,,,,,,,,,,0
9221142,,1,,,,,,,,,,0
9221143,,1,,,,,,,,,,0
9221144,,1,,,,,,,,,,0
9221145,,1,,,,,,,,,,0
9221146,,1,,,,,,,,,,0
9221147,,1,,,,,,,,,,0
9221148,,1,,,,,,,,,,0
9221149,,1,,,,,,,,,,0
9221150,,1,,,,,,,,,,0
9221151,,1,,,,,,,,,,0
9221152,,1,,,,,,,,,,0
9221153,,1,,,,,,,,,,0
9221154,,1,,,,,,,,,,0
9221155,,1,,,,,,,,,,0
9221156,,1,,,,,,,,,,0
9221157,,1,,,,,,,,,,0
9221158,,1,,,,,,,,,,0
9221159,,1,,,,,,,,,,0
9221160,,1,,,,,,,,,,0
9221161,,1,,,,,,,,,,0
9221162,,1,,,,,,,,,,0
9221163,,1,,,,,,,,,,0
9221164,,1,,,,,,,,,,0
9221165,,1,,,,,,,,,,0
9221166,,1,,,,,,,,,,0
9221167,,1,,,,,,,,,,0
9221168,,1,,,,,,,,,,0
9221169,,1,,,,,,,,,,0
9221170,,1,,,,,,,,,,0
9221171,,1,,,,,,,,,,0
9221172,,1,,,,,,,,,,0
9221173,,1,,,,,,,,,,0
9221174,,1,,,,,,,,,,0
9221175,,1,,,,,,,,,,0
9221176,,1,,,,,,,,,,0
9221177,,1,,,,,,,,,,0
9221178,,1,,,,,,,,,,0
9221179,,1,,,,,,,,,,0
9221180,,1,,,,,,,,,,0
9221181,,1,,,,,,,,,,0
9221182,,1,,,,,,,,,,0
9221183,,1,,,,,,,,,,0
9221184,,1,,,,,,,,,,0
9221185,,1,,,,,,,,,,0
9221186,,1,,,,,,,,,,0
9221187,,1,,,,,,,,,,0
9221188,,1,,,,,,,,,,0
9221189,,1,,,,,,,,,,0
9221190,,1,,,,,,,,,,0
9221191,,1,,,,,,,,,,0
9221192,,1,,,,,,,,,,0
9221193,,1,,,,,,,,,,0
9221194,,1,,,,,,,,,,0
9221195,,1,,,,,,,,,,0
9221196,,1,,,,,,,,,,0
9221197,,1,,,,,,,,,,0
9221198,,1,,,,,,,,,,0
9221199,,1,,,,,,,,,,0
9221200,,1,,,,,,,,,,0
9221201,,1,,,,,,,,,,0
9221202,,1,,,,,,,,,,0
9221203,,1,,,,,,,,,,0
9221204,,1,,,,,,,,,,0
9221205,,1,,,,,,,,,,0
9221206,,1,,,,,,,,,,0
9221207,,1,,,,,,,,,,0
9221208,,1,,,,,,,,,,0
9221209,,1,,,,,,,,,,0
9221210,,1,,,,,,,,,,0
9221211,,1,,,,,,,,,,0
9221212,,1,,,,,,,,,,0
9221213,,1,,,,,,,,,,0
9221214,,1,,,,,,,,,,0
9221215,,1,,,,,,,,,,0
9221216,,1,,,,,,,,,,0
9221217,,1,,,,,,,,,,0
9221218,,1,,,,,,,,,,0
9221219,,1,,,,,,,,,,0
9221220,,1,,,,,,,,,,0
9221221,,1,,,,,,,,,,0
9221222,,1,,,,,,,,,,0
9221223,,1,,,,,,,,,,0
9221224,,1,,,,,,,,,,0
9221225,,1,,,,,,,,,,0
9221226,,1,,,,,,,,,,0
9221227,,1,,,,,,,,,,0
9221228,,1,,,,,,,,,,0
9221229,,1,,,,,,,,,,0
9221230,,1,,,,,,,,,,0
9221231,,1,,,,,,,,,,0
9221232,,1,,,,,,,,,,0
9221233,,1,,,,,,,,,,0
9221234,,1,,,,,,,,,,0
9221235,,1,,,,,,,,,,0
9221236,,1,,,,,,,,,,0
9221237,,1,,,,,,,,,,0
9221238,,1,,,,,,,,,,0
9221239,,1,,,,,,,,,,0
9221240,,1,,,,,,,,,,0
9221241,,1,,,,,,,,,,0
9221242,,1,,,,,,,,,,0
9221243,,1,,,,,,,,,,0
9221244,,1,,,,,,,,,,0
9221245,,1,,,,,,,,,,0
9221246,,1,,,,,,,,,,0
9221247,,1,,,,,,,,,,0
9221248,,1,,,,,,,,,,0
9221249,,1,,,,,,,,,,0
9221250,,1,,,,,,,,,,0
9221251,,1,,,,,,,,,,0
9221252,,1,,,,,,,,,,0
9221253,,1,,,,,,,,,,0
9221254,,1,,,,,,,,,,0
9221255,,1,,,,,,,,,,0
9221256,,1,,,,,,,,,,0
9221257,,1,,,,,,,,,,0
9221258,,1,,,,,,,,,,0
9221259,,1,,,,,,,,,,0
9221260,,1,,,,,,,,,,0
9221261,,1,,,,,,,,,,0
9221262,,1,,,,,,,,,,0
9221263,,1,,,,,,,,,,0
9221264,,1,,,,,,,,,,0
9221265,,1,,,,,,,,,,0
9221266,,1,,,,,,,,,,0
9221267,,1,,,,,,,,,,0
9221268,,1,,,,,,,,,,0
9221269,,1,,,,,,,,,,0
9221270,,1,,,,,,,,,,0
9221271,,1,,,,,,,,,,0
9221272,,1,,,,,,,,,,0
9221273,,1,,,,,,,,,,0
9221274,,1,,,,,,,,,,0
9221275,,1,,,,,,,,,,0
9221276,,1,,,,,,,,,,0
9221277,,1,,,,,,,,,,0
9221278,,1,,,,,,,,,,0
9221279,,1,,,,,,,,,,0
9221280,,1,,,,,,,,,,0
9221281,,1,,,,,,,,,,0
9221282,,1,,,,,,,,,,0
9221283,,1,,,,,,,,,,0
9221284,,1,,,,,,,,,,0
9221285,,1,,,,,,,,,,0
9221286,,1,,,,,,,,,,0
9221287,,1,,,,,,,,,,0
9221288,,1,,,,,,,,,,0
9221289,,1,,,,,,,,,,0
9221290,,1,,,,,,,,,,0
9221291,,1,,,,,,,,,,0
9221292,,1,,,,,,,,,,0
9221293,,1,,,,,,,,,,0
9221294,,1,,,,,,,,,,0
9221295,,1,,,,,,,,,,0
9221296,,1,,,,,,,,,,0
9221297,,1,,,,,,,,,,0
9221298,,1,,,,,,,,,,0
9221299,,1,,,,,,,,,,0
9221300,,1,,,,,,,,,,0
9221301,,1,,,,,,,,,,0
9221302,,1,,,,,,,,,,0
9221303,,1,,,,,,,,,,0
9221304,,1,,,,,,,,,,0
9221305,,1,,,,,,,,,,0
9221306,,1,,,,,,,,,,0
9221307,,1,,,,,,,,,,0
9221308,,1,,,,,,,,,,0
9221309,,1,,,,,,,,,,0
9221310,,1,,,,,,,,,,0
9221311,,1,,,,,,,,,,0
9221312,,1,,,,,,,,,,0
9221313,,1,,,,,,,,,,0
9221314,,1,,,,,,,,,,0
9221315,,1,,,,,,,,,,0
9221316,,1,,,,,,,,,,0
9221317,,1,,,,,,,,,,0
9221318,,1,,,,,,,,,,0
9221319,,1,,,,,,,,,,0
9221320,,1,,,,,,,,,,0
9221321,,1,,,,,,,,,,0
9221322,,1,,,,,,,,,,0
9221323,,1,,,,,,,,,,0
9221324,,1,,,,,,,,,,0
9221325,,1,,,,,,,,,,0
9221326,,1,,,,,,,,,,0
9221327,,1,,,,,,,,,,0
9221328,,1,,,,,,,,,,0
9221329,,1,,,,,,,,,,0
9221330,,1,,,,,,,,,,0
9221331,,1,,,,,,,,,,0
9221332,,1,,,,,,,,,,0
9221333,,1,,,,,,,,,,0
9221334,,1,,,,,,,,,,0
9221335,,1,,,,,,,,,,0
9221336,,1,,,,,,,,,,0
9221337,,1,,,,,,,,,,0
9221338,,1,,,,,,,,,,0
9221339,,1,,,,,,,,,,0
9221340,,1,,,,,,,,,,0
9221341,,1,,,,,,,,,,0
9221342,,1,,,,,,,,,,0
9221343,,1,,,,,,,,,,0
9221344,,1,,,,,,,,,,0
9221345,,1,,,,,,,,,,0
9221346,,1,,,,,,,,,,0
9221347,,1,,,,,,,,,,0
9221348,,1,,,,,,,,,,0
9221349,,1,,,,,,,,,,0
9221350,,1,,,,,,,,,,0
9221351,,1,,,,,,,,,,0
9221352,,1,,,,,,,,,,0
9221353,,1,,,,,,,,,,0
9221354,,1,,,,,,,,,,0
9221355,,1,,,,,,,,,,0
9221356,,1,,,,,,,,,,0
9221357,,1,,,,,,,,,,0
9221358,,1,,,,,,,,,,0
9221359,,1,,,,,,,,,,0
9221360,,1,,,,,,,,,,0
9221361,,1,,,,,,,,,,0
9221362,,1,,,,,,,,,,0
9221363,,1,,,,,,,,,,0
9221364,,1,,,,,,,,,,0
9221365,,1,,,,,,,,,,0
9221366,,1,,,,,,,,,,0
9221367,,1,,,,,,,,,,0
9221368,,1,,,,,,,,,,0
9221369,,1,,,,,,,,,,0
9221370,,1,,,,,,,,,,0
9221371,,1,,,,,,,,,,0
9221372,,1,,,,,,,,,,0
9221373,,1,,,,,,,,,,0
9221374,,1,,,,,,,,,,0
9221375,,1,,,,,,,,,,0
9221376,,1,,,,,,,,,,0
9221377,,1,,,,,,,,,,0
9221378,,1,,,,,,,,,,0
9221379,,1,,,,,,,,,,0
9221380,,1,,,,,,,,,,0
9221381,,1,,,,,,,,,,0
9221382,,1,,,,,,,,,,0
9221383,,1,,,,,,,,,,0
9221384,,1,,,,,,,,,,0
9221385,,1,,,,,,,,,,0
9221386,,1,,,,,,,,,,0
9221387,,1,,,,,,,,,,0
9221388,,1,,,,,,,,,,0
9221389,,1,,,,,,,,,,0
9221390,,1,,,,,,,,,,0
9221391,,1,,,,,,,,,,0
9221392,,1,,,,,,,,,,0
9221393,,1,,,,,,,,,,0
9221394,,1,,,,,,,,,,0
9221395,,1,,,,,,,,,,0
9221396,,1,,,,,,,,,,0
9221397,,1,,,,,,,,,,0
9221398,,1,,,,,,,,,,0
9221399,,1,,,,,,,,,,0
9221400,,1,,,,,,,,,,0
9221401,,1,,,,,,,,,,0
9221402,,1,,,,,,,,,,0
9221403,,1,,,,,,,,,,0
9221404,,1,,,,,,,,,,0
9221405,,1,,,,,,,,,,0
9221406,,1,,,,,,,,,,0
9221407,,1,,,,,,,,,,0
9221408,,1,,,,,,,,,,0
9221409,,1,,,,,,,,,,0
9221410,,1,,,,,,,,,,0
9221411,,1,,,,,,,,,,0
9221412,,1,,,,,,,,,,0
9221413,,1,,,,,,,,,,0
9221414,,1,,,,,,,,,,0
9221415,,1,,,,,,,,,,0
9221416,,1,,,,,,,,,,0
9221417,,1,,,,,,,,,,0
9221418,,1,,,,,,,,,,0
9221419,,1,,,,,,,,,,0
9221420,,1,,,,,,,,,,0
9221421,,1,,,,,,,,,,0
9221422,,1,,,,,,,,,,0
9221423,,1,,,,,,,,,,0
9221424,,1,,,,,,,,,,0
9221425,,1,,,,,,,,,,0
9221426,,1,,,,,,,,,,0
9221427,,1,,,,,,,,,,0
9221428,,1,,,,,,,,,,0
9221429,,1,,,,,,,,,,0
9221430,,1,,,,,,,,,,0
9221431,,1,,,,,,,,,,0
9221432,,1,,,,,,,,,,0
9221433,,1,,,,,,,,,,0
9221434,,1,,,,,,,,,,0
9221435,,1,,,,,,,,,,0
9221436,,1,,,,,,,,,,0
9221437,,1,,,,,,,,,,0
9221438,,1,,,,,,,,,,0
9221439,,1,,,,,,,,,,0
9221440,,1,,,,,,,,,,0
9221441,,1,,,,,,,,,,0
9221442,,1,,,,,,,,,,0
9221443,,1,,,,,,,,,,0
9221444,,1,,,,,,,,,,0
9221445,,1,,,,,,,,,,0
9221446,,1,,,,,,,,,,0
9221447,,1,,,,,,,,,,0
9221448,,1,,,,,,,,,,0
9221449,,1,,,,,,,,,,0
9221450,,1,,,,,,,,,,0
9221451,,1,,,,,,,,,,0
9221452,,1,,,,,,,,,,0
9221453,,1,,,,,,,,,,0
9221454,,1,,,,,,,,,,0
9221455,,1,,,,,,,,,,0
9221456,,1,,,,,,,,,,0
9221457,,1,,,,,,,,,,0
9221458,,1,,,,,,,,,,0
9221459,,1,,,,,,,,,,0
9221460,,1,,,,,,,,,,0
9221461,,1,,,,,,,,,,0
9221462,,1,,,,,,,,,,0
9221463,,1,,,,,,,,,,0
9221464,,1,,,,,,,,,,0
9221465,,1,,,,,,,,,,0
9221466,,1,,,,,,,,,,0
9221467,,1,,,,,,,,,,0
9221468,,1,,,,,,,,,,0
9221469,,1,,,,,,,,,,0
9221470,,1,,,,,,,,,,0
9221471,,1,,,,,,,,,,0
9221472,,1,,,,,,,,,,0
9221473,,1,,,,,,,,,,0
9221474,,1,,,,,,,,,,0
9221475,,1,,,,,,,,,,0
9221476,,1,,,,,,,,,,0
9221477,,1,,,,,,,,,,0
9221478,,1,,,,,,,,,,0
9221479,,1,,,,,,,,,,0
9221480,,1,,,,,,,,,,0
9221481,,1,,,,,,,,,,0
9221482,,1,,,,,,,,,,0
9221483,,1,,,,,,,,,,0
9221484,,1,,,,,,,,,,0
9221485,,1,,,,,,,,,,0
9221486,,1,,,,,,,,,,0
9221487,,1,,,,,,,,,,0
1410974,,2,,,,,,,,,,0
1410975,,2,,,,,,,,,,0
1410976,,2,,,,,,,,,,0
1410977,,2,,,,,,,,,,0
1410978,,2,,,,,,,,,,0
1410979,,2,,,,,,,,,,0
1410980,,2,,,,,,,,,,0
1410981,,2,,,,,,,,,,0
1410982,,2,,,,,,,,,,0
1410983,,2,,,,,,,,,,0
1410984,,2,,,,,,,,,,0
1410985,,2,,,,,,,,,,0
1410986,,2,,,,,,,,,,0
1410987,,2,,,,,,,,,,0
1410988,,2,,,,,,,,,,0
1410989,,2,,,,,,,,,,0
1410990,,2,,,,,,,,,,0
1410991,,2,,,,,,,,,,0
1410992,,2,,,,,,,,,,0
1410993,,2,,,,,,,,,,0
1410994,,2,,,,,,,,,,0
1410995,,2,,,,,,,,,,0
1410996,,2,,,,,,,,,,0
1410997,,2,,,,,,,,,,0
1410998,,2,,,,,,,,,,0
1410999,,2,,,,,,,,,,0
1411000,,2,,,,,,,,,,0
1411001,,2,,,,,,,,,,0
1411002,,2,,,,,,,,,,0
1411003,,2,,,,,,,,,,0
1411004,,2,,,,,,,,,,0
1411005,,2,,,,,,,,,,0
1411006,,2,,,,,,,,,,0
1411007,,2,,,,,,,,,,0
1411008,,2,,,,,,,,,,0
1411009,,2,,,,,,,,,,0
1411010,,2,,,,,,,,,,0
1411011,,2,,,,,,,,,,0
1411012,,2,,,,,,,,,,0
1411013,,2,,,,,,,,,,0
1411014,,2,,,,,,,,,,0
1411015,,2,,,,,,,,,,0
1411016,,2,,,,,,,,,,0
1411017,,2,,,,,,,,,,0
1411018,,2,,,,,,,,,,0
1411019,,2,,,,,,,,,,0
1411020,,2,,,,,,,,,,0
1411021,,2,,,,,,,,,,0
1411022,,2,,,,,,,,,,0
1411023,,2,,,,,,,,,,0
1411024,,2,,,,,,,,,,0
1411025,,2,,,,,,,,,,0
1411026,,2,,,,,,,,,,0
1411027,,2,,,,,,,,,,0
1411028,,2,,,,,,,,,,0
1411029,,2,,,,,,,,,,0
1411030,,2,,,,,,,,,,0
1411031,,2,,,,,,,,,,0
1411032,,2,,,,,,,,,,0
1411033,,2,,,,,,,,,,0
1411034,,2,,,,,,,,,,0
1411035,,2,,,,,,,,,,0
1411036,,2,,,,,,,,,,0
1411037,,2,,,,,,,,,,0
1411038,,2,,,,,,,,,,0
1411039,,2,,,,,,,,,,0
1411040,,2,,,,,,,,,,0
1411041,,2,,,,,,,,,,0
1411042,,2,,,,,,,,,,0
1411043,,2,,,,,,,,,,0
1411044,,2,,,,,,,,,,0
1411045,,2,,,,,,,,,,0
1411046,,2,,,,,,,,,,0
1411047,,2,,,,,,,,,,0
1411048,,2,,,,,,,,,,0
1411049,,2,,,,,,,,,,0
1411050,,2,,,,,,,,,,0
1411051,,2,,,,,,,,,,0
1411052,,2,,,,,,,,,,0
1411053,,2,,,,,,,,,,0
1411054,,2,,,,,,,,,,0
1411055,,2,,,,,,,,,,0
1411056,,2,,,,,,,,,,0
1411057,,2,,,,,,,,,,0
1411058,,2,,,,,,,,,,0
1411059,,2,,,,,,,,,,0
1411060,,2,,,,,,,,,,0
1411061,,2,,,,,,,,,,0
1411062,,2,,,,,,,,,,0
1411063,,2,,,,,,,,,,0
1411064,,2,,,,,,,,,,0
1411065,,2,,,,,,,,,,0
1411066,,2,,,,,,,,,,0
1411067,,2,,,,,,,,,,0
1411068,,2,,,,,,,,,,0
1411069,,2,,,,,,,,,,0
1411070,,2,,,,,,,,,,0
1411071,,2,,,,,,,,,,0
1411072,,2,,,,,,,,,,0
1411073,,2,,,,,,,,,,0
1411074,,2,,,,,,,,,,0
1411075,,2,,,,,,,,,,0
1411076,,2,,,,,,,,,,0
1411077,,2,,,,,,,,,,0
1411078,,2,,,,,,,,,,0
1411079,,2,,,,,,,,,,0
1411080,,2,,,,,,,,,,0
1411081,,2,,,,,,,,,,0
1411082,,2,,,,,,,,,,0
1411083,,2,,,,,,,,,,0
1411084,,2,,,,,,,,,,0
1411085,,2,,,,,,,,,,0
1411086,,2,,,,,,,,,,0
1411087,,2,,,,,,,,,,0
1411088,,2,,,,,,,,,,0
1411089,,2,,,,,,,,,,0
1411090,,2,,,,,,,,,,0
1411091,,2,,,,,,,,,,0
1411092,,2,,,,,,,,,,0
1411093,,2,,,,,,,,,,0
1411094,,2,,,,,,,,,,0
1411095,,2,,,,,,,,,,0
1411096,,2,,,,,,,,,,0
1411097,,2,,,,,,,,,,0
1411098,,2,,,,,,,,,,0
1411099,,2,,,,,,,,,,0
1411100,,2,,,,,,,,,,0
1411101,,2,,,,,,,,,,0
1411102,,2,,,,,,,,,,0
1411103,,2,,,,,,,,,,0
1411104,,2,,,,,,,,,,0
1411105,,2,,,,,,,,,,0
1411106,,2,,,,,,,,,,0
1411107,,2,,,,,,,,,,0
1411108,,2,,,,,,,,,,0
1411109,,2,,,,,,,,,,0
1411110,,2,,,,,,,,,,0
1411111,,2,,,,,,,,,,0
1411112,,2,,,,,,,,,,0
1411113,,2,,,,,,,,,,0
1411114,,2,,,,,,,,,,0
1411115,,2,,,,,,,,,,0
1411116,,2,,,,,,,,,,0
1411117,,2,,,,,,,,,,0
1411118,,2,,,,,,,,,,0
1411119,,2,,,,,,,,,,0
1411120,,2,,,,,,,,,,0
1411121,,2,,,,,,,,,,0
1411122,,2,,,,,,,,,,0
1411123,,2,,,,,,,,,,0
1411124,,2,,,,,,,,,,0
1411125,,2,,,,,,,,,,0
1411126,,2,,,,,,,,,,0
1411127,,2,,,,,,,,,,0
1411128,,2,,,,,,,,,,0
1411129,,2,,,,,,,,,,0
1411130,,2,,,,,,,,,,0
1411131,,2,,,,,,,,,,0
1411132,,2,,,,,,,,,,0
1411133,,2,,,,,,,,,,0
1411134,,2,,,,,,,,,,0
1411135,,2,,,,,,,,,,0
1411136,,2,,,,,,,,,,0
1411137,,2,,,,,,,,,,0
1411138,,2,,,,,,,,,,0
1411139,,2,,,,,,,,,,0
1411140,,2,,,,,,,,,,0
1411141,,2,,,,,,,,,,0
1411142,,2,,,,,,,,,,0
1411143,,2,,,,,,,,,,0
1411144,,2,,,,,,,,,,0
1411145,,2,,,,,,,,,,0
1411146,,2,,,,,,,,,,0
1411147,,2,,,,,,,,,,0
1411148,,2,,,,,,,,,,0
1411149,,2,,,,,,,,,,0
1411150,,2,,,,,,,,,,0
1411151,,2,,,,,,,,,,0
1411152,,2,,,,,,,,,,0
1411153,,2,,,,,,,,,,0
1411154,,2,,,,,,,,,,0
1411155,,2,,,,,,,,,,0
1411156,,2,,,,,,,,,,0
1411157,,2,,,,,,,,,,0
1411158,,2,,,,,,,,,,0
1411159,,2,,,,,,,,,,0
1411160,,2,,,,,,,,,,0
1411161,,2,,,,,,,,,,0
1411162,,2,,,,,,,,,,0
1411163,,2,,,,,,,,,,0
1411164,,2,,,,,,,,,,0
1411165,,2,,,,,,,,,,0
1411166,,2,,,,,,,,,,0
1411167,,2,,,,,,,,,,0
1411168,,2,,,,,,,,,,0
1411169,,2,,,,,,,,,,0
1411170,,2,,,,,,,,,,0
1411171,,2,,,,,,,,,,0
1411172,,2,,,,,,,,,,0
1411173,,2,,,,,,,,,,0
1411174,,2,,,,,,,,,,0
1411175,,2,,,,,,,,,,0
1411176,,2,,,,,,,,,,0
1411177,,2,,,,,,,,,,0
1411178,,2,,,,,,,,,,0
1411179,,2,,,,,,,,,,0
1411180,,2,,,,,,,,,,0
1411181,,2,,,,,,,,,,0
1411182,,2,,,,,,,,,,0
1411183,,2,,,,,,,,,,0
1411184,,2,,,,,,,,,,0
1411185,,2,,,,,,,,,,0
1411186,,2,,,,,,,,,,0
1411187,,2,,,,,,,,,,0
1411188,,2,,,,,,,,,,0
1411189,,2,,,,,,,,,,0
1411190,,2,,,,,,,,,,0
1411191,,2,,,,,,,,,,0
1411192,,2,,,,,,,,,,0
1411193,,2,,,,,,,,,,0
1411194,,2,,,,,,,,,,0
1411195,,2,,,,,,,,,,0
1411196,,2,,,,,,,,,,0
1411197,,2,,,,,,,,,,0
1411198,,2,,,,,,,,,,0
1411199,,2,,,,,,,,,,0
1411200,,2,,,,,,,,,,0
1411201,,2,,,,,,,,,,0
1411202,,2,,,,,,,,,,0
1411203,,2,,,,,,,,,,0
1411204,,2,,,,,,,,,,0
1411205,,2,,,,,,,,,,0
1411206,,2,,,,,,,,,,0
1411207,,2,,,,,,,,,,0
1411208,,2,,,,,,,,,,0
1411209,,2,,,,,,,,,,0
1411210,,2,,,,,,,,,,0
1411211,,2,,,,,,,,,,0
1411212,,2,,,,,,,,,,0
1411213,,2,,,,,,,,,,0
1411214,,2,,,,,,,,,,0
1411215,,2,,,,,,,,,,0
1411216,,2,,,,,,,,,,0
1411217,,2,,,,,,,,,,0
1411218,,2,,,,,,,,,,0
1411219,,2,,,,,,,,,,0
1411220,,2,,,,,,,,,,0
1411221,,2,,,,,,,,,,0
1411222,,2,,,,,,,,,,0
1411223,,2,,,,,,,,,,0
1411224,,2,,,,,,,,,,0
1411225,,2,,,,,,,,,,0
1411226,,2,,,,,,,,,,0
1411227,,2,,,,,,,,,,0
1411228,,2,,,,,,,,,,0
1411229,,2,,,,,,,,,,0
1411230,,2,,,,,,,,,,0
1411231,,2,,,,,,,,,,0
1411232,,2,,,,,,,,,,0
1411233,,2,,,,,,,,,,0
1411234,,2,,,,,,,,,,0
1411235,,2,,,,,,,,,,0
1411236,,2,,,,,,,,,,0
1411237,,2,,,,,,,,,,0
1411238,,2,,,,,,,,,,0
1411239,,2,,,,,,,,,,0
1411240,,2,,,,,,,,,,0
1411241,,2,,,,,,,,,,0
1411242,,2,,,,,,,,,,0
1411243,,2,,,,,,,,,,0
1411244,,2,,,,,,,,,,0
1411245,,2,,,,,,,,,,0
1411246,,2,,,,,,,,,,0
1411247,,2,,,,,,,,,,0
1411248,,2,,,,,,,,,,0
1411249,,2,,,,,,,,,,0
1411250,,2,,,,,,,,,,0
1411251,,2,,,,,,,,,,0
1411252,,2,,,,,,,,,,0
1411253,,2,,,,,,,,,,0
1411254,,2,,,,,,,,,,0
1411255,,2,,,,,,,,,,0
1411256,,2,,,,,,,,,,0
1411257,,2,,,,,,,,,,0
1411258,,2,,,,,,,,,,0
1411259,,2,,,,,,,,,,0
1411260,,2,,,,,,,,,,0
1411261,,2,,,,,,,,,,0
1411262,,2,,,,,,,,,,0
1411263,,2,,,,,,,,,,0
1411264,,2,,,,,,,,,,0
1411265,,2,,,,,,,,,,0
1411266,,2,,,,,,,,,,0
1411267,,2,,,,,,,,,,0
1411268,,2,,,,,,,,,,0
1411269,,2,,,,,,,,,,0
1411270,,2,,,,,,,,,,0
1411271,,2,,,,,,,,,,0
1411272,,2,,,,,,,,,,0
1411273,,2,,,,,,,,,,0
1411274,,2,,,,,,,,,,0
1411275,,2,,,,,,,,,,0
1411276,,2,,,,,,,,,,0
1411277,,2,,,,,,,,,,0
1411278,,2,,,,,,,,,,0
1411279,,2,,,,,,,,,,0
1411280,,2,,,,,,,,,,0
1411281,,2,,,,,,,,,,0
1411282,,2,,,,,,,,,,0
1411283,,2,,,,,,,,,,0
1411284,,2,,,,,,,,,,0
1411285,,2,,,,,,,,,,0
1411286,,2,,,,,,,,,,0
1411287,,2,,,,,,,,,,0
1411288,,2,,,,,,,,,,0
1411289,,2,,,,,,,,,,0
1411290,,2,,,,,,,,,,0
1411291,,2,,,,,,,,,,0
1411292,,2,,,,,,,,,,0
1411293,,2,,,,,,,,,,0
1411294,,2,,,,,,,,,,0
1411295,,2,,,,,,,,,,0
1411296,,2,,,,,,,,,,0
1411297,,2,,,,,,,,,,0
1411298,,2,,,,,,,,,,0
1411299,,2,,,,,,,,,,0
1411300,,2,,,,,,,,,,0
1411301,,2,,,,,,,,,,0
1411302,,2,,,,,,,,,,0
1411303,,2,,,,,,,,,,0
1411304,,2,,,,,,,,,,0
1411305,,2,,,,,,,,,,0
1411306,,2,,,,,,,,,,0
1411307,,2,,,,,,,,,,0
1411308,,2,,,,,,,,,,0
1411309,,2,,,,,,,,,,0
1411310,,2,,,,,,,,,,0
1411311,,2,,,,,,,,,,0
1411312,,2,,,,,,,,,,0
1411313,,2,,,,,,,,,,0
1411314,,2,,,,,,,,,,0
1411315,,2,,,,,,,,,,0
1411316,,2,,,,,,,,,,0
1411317,,2,,,,,,,,,,0
1411318,,2,,,,,,,,,,0
1411319,,2,,,,,,,,,,0
1411320,,2,,,,,,,,,,0
1411321,,2,,,,,,,,,,0
1411322,,2,,,,,,,,,,0
1411323,,2,,,,,,,,,,0
1411324,,2,,,,,,,,,,0
1411325,,2,,,,,,,,,,0
1411326,,2,,,,,,,,,,0
1411327,,2,,,,,,,,,,0
1411328,,2,,,,,,,,,,0
1411329,,2,,,,,,,,,,0
1411330,,2,,,,,,,,,,0
1411331,,2,,,,,,,,,,0
1411332,,2,,,,,,,,,,0
1411333,,2,,,,,,,,,,0
1411334,,2,,,,,,,,,,0
1411335,,2,,,,,,,,,,0
1411336,,2,,,,,,,,,,0
1411337,,2,,,,,,,,,,0
1411338,,2,,,,,,,,,,0
1411339,,2,,,,,,,,,,0
1411340,,2,,,,,,,,,,0
1411341,,2,,,,,,,,,,0
1411342,,2,,,,,,,,,,0
1411343,,2,,,,,,,,,,0
1411344,,2,,,,,,,,,,0
1411345,,2,,,,,,,,,,0
1411346,,2,,,,,,,,,,0
1411347,,2,,,,,,,,,,0
1411348,,2,,,,,,,,,,0
1411349,,2,,,,,,,,,,0
1411350,,2,,,,,,,,,,0
1411351,,2,,,,,,,,,,0
1411352,,2,,,,,,,,,,0
1411353,,2,,,,,,,,,,0
1411354,,2,,,,,,,,,,0
1411355,,2,,,,,,,,,,0
1411356,,2,,,,,,,,,,0
1411357,,2,,,,,,,,,,0
1411358,,2,,,,,,,,,,0
1411359,,2,,,,,,,,,,0
1411360,,2,,,,,,,,,,0
1411361,,2,,,,,,,,,,0
1411362,,2,,,,,,,,,,0
1411363,,2,,,,,,,,,,0
1411364,,2,,,,,,,,,,0
1411365,,2,,,,,,,,,,0
1411366,,2,,,,,,,,,,0
1411367,,2,,,,,,,,,,0
1411368,,2,,,,,,,,,,0
1411369,,2,,,,,,,,,,0
1411370,,2,,,,,,,,,,0
1411371,,2,,,,,,,,,,0
1411372,,2,,,,,,,,,,0
1411373,,2,,,,,,,,,,0
1411374,,2,,,,,,,,,,0
1411375,,2,,,,,,,,,,0
1411376,,2,,,,,,,,,,0
1411377,,2,,,,,,,,,,0
1411378,,2,,,,,,,,,,0
1411379,,2,,,,,,,,,,0
1411380,,2,,,,,,,,,,0
1411381,,2,,,,,,,,,,0
1411382,,2,,,,,,,,,,0
1411383,,2,,,,,,,,,,0
1411384,,2,,,,,,,,,,0
1411385,,2,,,,,,,,,,0
1411386,,2,,,,,,,,,,0
1411387,,2,,,,,,,,,,0
1411388,,2,,,,,,,,,,0
1411389,,2,,,,,,,,,,0
1411390,,2,,,,,,,,,,0
1411391,,2,,,,,,,,,,0
1411392,,2,,,,,,,,,,0
1411393,,2,,,,,,,,,,0
1411394,,2,,,,,,,,,,0
1411395,,2,,,,,,,,,,0
1411396,,2,,,,,,,,,,0
1411397,,2,,,,,,,,,,0
1411398,,2,,,,,,,,,,0
1411399,,2,,,,,,,,,,0
1411400,,2,,,,,,,,,,0
1411401,,2,,,,,,,,,,0
1411402,,2,,,,,,,,,,0
1411403,,2,,,,,,,,,,0
1411404,,2,,,,,,,,,,0
1411405,,2,,,,,,,,,,0
1411406,,2,,,,,,,,,,0
1411407,,2,,,,,,,,,,0
1411408,,2,,,,,,,,,,0
1411409,,2,,,,,,,,,,0
1411410,,2,,,,,,,,,,0
1411411,,2,,,,,,,,,,0
1411412,,2,,,,,,,,,,0
1411413,,2,,,,,,,,,,0
1411414,,2,,,,,,,,,,0
1411415,,2,,,,,,,,,,0
1411416,,2,,,,,,,,,,0
1411417,,2,,,,,,,,,,0
1411418,,2,,,,,,,,,,0
1411419,,2,,,,,,,,,,0
1411420,,2,,,,,,,,,,0
1411421,,2,,,,,,,,,,0
1411422,,2,,,,,,,,,,0
1411423,,2,,,,,,,,,,0
1411424,,2,,,,,,,,,,0
1411425,,2,,,,,,,,,,0
1411426,,2,,,,,,,,,,0
1411427,,2,,,,,,,,,,0
1411428,,2,,,,,,,,,,0
1411429,,2,,,,,,,,,,0
1411430,,2,,,,,,,,,,0
1411431,,2,,,,,,,,,,0
1411432,,2,,,,,,,,,,0
1411433,,2,,,,,,,,,,0
1411434,,2,,,,,,,,,,0
1411435,,2,,,,,,,,,,0
1411436,,2,,,,,,,,,,0
1411437,,2,,,,,,,,,,0
1411438,,2,,,,,,,,,,0
1411439,,2,,,,,,,,,,0
1411440,,2,,,,,,,,,,0
1411441,,2,,,,,,,,,,0
1411442,,2,,,,,,,,,,0
1411443,,2,,,,,,,,,,0
1411444,,2,,,,,,,,,,0
1411445,,2,,,,,,,,,,0
1411446,,2,,,,,,,,,,0
1411447,,2,,,,,,,,,,0
1411448,,2,,,,,,,,,,0
1411449,,2,,,,,,,,,,0
1411450,,2,,,,,,,,,,0
1411451,,2,,,,,,,,,,0
1411452,,2,,,,,,,,,,0
1411453,,2,,,,,,,,,,0
1411454,,2,,,,,,,,,,0
1411455,,2,,,,,,,,,,0
1411456,,2,,,,,,,,,,0
1411457,,2,,,,,,,,,,0
1411458,,2,,,,,,,,,,0
1411459,,2,,,,,,,,,,0
1411460,,2,,,,,,,,,,0
1411461,,2,,,,,,,,,,0
1411462,,2,,,,,,,,,,0
1411463,,2,,,,,,,,,,0
1411464,,2,,,,,,,,,,0
1411465,,2,,,,,,,,,,0
1411466,,2,,,,,,,,,,0
1411467,,2,,,,,,,,,,0
1411468,,2,,,,,,,,,,0
1411469,,2,,,,,,,,,,0
1411470,,2,,,,,,,,,,0
1411471,,2,,,,,,,,,,0
1411472,,2,,,,,,,,,,0
1411473,,2,,,,,,,,,,0
9221488,,1,,,,,,,,,,0
9221489,,1,,,,,,,,,,0
9221490,,1,,,,,,,,,,0
9221491,,1,,,,,,,,,,0
9221492,,1,,,,,,,,,,0
9221493,,1,,,,,,,,,,0
9221494,,1,,,,,,,,,,0
9221495,,1,,,,,,,,,,0
9221496,,1,,,,,,,,,,0
9221497,,1,,,,,,,,,,0
9221498,,1,,,,,,,,,,0
9221499,,1,,,,,,,,,,0
9221500,,1,,,,,,,,,,0
9221501,,1,,,,,,,,,,0
9221502,,1,,,,,,,,,,0
9221503,,1,,,,,,,,,,0
9221504,,1,,,,,,,,,,0
9221505,,1,,,,,,,,,,0
9221506,,1,,,,,,,,,,0
9221507,,1,,,,,,,,,,0
9221508,,1,,,,,,,,,,0
9221509,,1,,,,,,,,,,0
9221510,,1,,,,,,,,,,0
9221511,,1,,,,,,,,,,0
9221512,,1,,,,,,,,,,0
9221513,,1,,,,,,,,,,0
9221514,,1,,,,,,,,,,0
9221515,,1,,,,,,,,,,0
9221516,,1,,,,,,,,,,0
9221517,,1,,,,,,,,,,0
9221518,,1,,,,,,,,,,0
9221519,,1,,,,,,,,,,0
9221520,,1,,,,,,,,,,0
9221521,,1,,,,,,,,,,0
9221522,,1,,,,,,,,,,0
9221523,,1,,,,,,,,,,0
9221524,,1,,,,,,,,,,0
9221525,,1,,,,,,,,,,0
9221526,,1,,,,,,,,,,0
9221527,,1,,,,,,,,,,0
9221528,,1,,,,,,,,,,0
9221529,,1,,,,,,,,,,0
9221530,,1,,,,,,,,,,0
9221531,,1,,,,,,,,,,0
9221532,,1,,,,,,,,,,0
9221533,,1,,,,,,,,,,0
9221534,,1,,,,,,,,,,0
9221535,,1,,,,,,,,,,0
9221536,,1,,,,,,,,,,0
9221537,,1,,,,,,,,,,0
9221538,,1,,,,,,,,,,0
9221539,,1,,,,,,,,,,0
9221540,,1,,,,,,,,,,0
9221541,,1,,,,,,,,,,0
9221542,,1,,,,,,,,,,0
9221543,,1,,,,,,,,,,0
9221544,,1,,,,,,,,,,0
9221545,,1,,,,,,,,,,0
9221546,,1,,,,,,,,,,0
9221547,,1,,,,,,,,,,0
9221548,,1,,,,,,,,,,0
9221549,,1,,,,,,,,,,0
9221550,,1,,,,,,,,,,0
9221551,,1,,,,,,,,,,0
9221552,,1,,,,,,,,,,0
9221553,,1,,,,,,,,,,0
9221554,,1,,,,,,,,,,0
9221555,,1,,,,,,,,,,0
9221556,,1,,,,,,,,,,0
9221557,,1,,,,,,,,,,0
9221558,,1,,,,,,,,,,0
9221559,,1,,,,,,,,,,0
9221560,,1,,,,,,,,,,0
9221561,,1,,,,,,,,,,0
9221562,,1,,,,,,,,,,0
9221563,,1,,,,,,,,,,0
9221564,,1,,,,,,,,,,0
9221565,,1,,,,,,,,,,0
9221566,,1,,,,,,,,,,0
9221567,,1,,,,,,,,,,0
9221568,,1,,,,,,,,,,0
9221569,,1,,,,,,,,,,0
9221570,,1,,,,,,,,,,0
9221571,,1,,,,,,,,,,0
9221572,,1,,,,,,,,,,0
9221573,,1,,,,,,,,,,0
9221574,,1,,,,,,,,,,0
9221575,,1,,,,,,,,,,0
9221576,,1,,,,,,,,,,0
9221577,,1,,,,,,,,,,0
9221578,,1,,,,,,,,,,0
9221579,,1,,,,,,,,,,0
9221580,,1,,,,,,,,,,0
9221581,,1,,,,,,,,,,0
9221582,,1,,,,,,,,,,0
9221583,,1,,,,,,,,,,0
9221584,,1,,,,,,,,,,0
9221585,,1,,,,,,,,,,0
9221586,,1,,,,,,,,,,0
9221587,,1,,,,,,,,,,0
9221588,,1,,,,,,,,,,0
9221589,,1,,,,,,,,,,0
9221590,,1,,,,,,,,,,0
9221591,,1,,,,,,,,,,0
9221592,,1,,,,,,,,,,0
9221593,,1,,,,,,,,,,0
9221594,,1,,,,,,,,,,0
9221595,,1,,,,,,,,,,0
9221596,,1,,,,,,,,,,0
9221597,,1,,,,,,,,,,0
9221598,,1,,,,,,,,,,0
9221599,,1,,,,,,,,,,0
9221600,,1,,,,,,,,,,0
9221601,,1,,,,,,,,,,0
9221602,,1,,,,,,,,,,0
9221603,,1,,,,,,,,,,0
9221604,,1,,,,,,,,,,0
9221605,,1,,,,,,,,,,0
9221606,,1,,,,,,,,,,0
9221607,,1,,,,,,,,,,0
9221608,,1,,,,,,,,,,0
9221609,,1,,,,,,,,,,0
9221610,,1,,,,,,,,,,0
9221611,,1,,,,,,,,,,0
9221612,,1,,,,,,,,,,0
9221613,,1,,,,,,,,,,0
9221614,,1,,,,,,,,,,0
9221615,,1,,,,,,,,,,0
9221616,,1,,,,,,,,,,0
9221617,,1,,,,,,,,,,0
9221618,,1,,,,,,,,,,0
9221619,,1,,,,,,,,,,0
9221620,,1,,,,,,,,,,0
9221621,,1,,,,,,,,,,0
9221622,,1,,,,,,,,,,0
9221623,,1,,,,,,,,,,0
9221624,,1,,,,,,,,,,0
9221625,,1,,,,,,,,,,0
9221626,,1,,,,,,,,,,0
9221627,,1,,,,,,,,,,0
9221628,,1,,,,,,,,,,0
9221629,,1,,,,,,,,,,0
9221630,,1,,,,,,,,,,0
9221631,,1,,,,,,,,,,0
9221632,,1,,,,,,,,,,0
9221633,,1,,,,,,,,,,0
9221634,,1,,,,,,,,,,0
9221635,,1,,,,,,,,,,0
9221636,,1,,,,,,,,,,0
9221637,,1,,,,,,,,,,0
9221638,,1,,,,,,,,,,0
9221639,,1,,,,,,,,,,0
9221640,,1,,,,,,,,,,0
9221641,,1,,,,,,,,,,0
9221642,,1,,,,,,,,,,0
9221643,,1,,,,,,,,,,0
9221644,,1,,,,,,,,,,0
9221645,,1,,,,,,,,,,0
9221646,,1,,,,,,,,,,0
9221647,,1,,,,,,,,,,0
9221648,,1,,,,,,,,,,0
9221649,,1,,,,,,,,,,0
9221650,,1,,,,,,,,,,0
9221651,,1,,,,,,,,,,0
9221652,,1,,,,,,,,,,0
9221653,,1,,,,,,,,,,0
9221654,,1,,,,,,,,,,0
9221655,,1,,,,,,,,,,0
9221656,,1,,,,,,,,,,0
9221657,,1,,,,,,,,,,0
9221658,,1,,,,,,,,,,0
9221659,,1,,,,,,,,,,0
9221660,,1,,,,,,,,,,0
9221661,,1,,,,,,,,,,0
9221662,,1,,,,,,,,,,0
9221663,,1,,,,,,,,,,0
9221664,,1,,,,,,,,,,0
9221665,,1,,,,,,,,,,0
9221666,,1,,,,,,,,,,0
9221667,,1,,,,,,,,,,0
9221668,,1,,,,,,,,,,0
9221669,,1,,,,,,,,,,0
9221670,,1,,,,,,,,,,0
9221671,,1,,,,,,,,,,0
9221672,,1,,,,,,,,,,0
9221673,,1,,,,,,,,,,0
9221674,,1,,,,,,,,,,0
9221675,,1,,,,,,,,,,0
9221676,,1,,,,,,,,,,0
9221677,,1,,,,,,,,,,0
9221678,,1,,,,,,,,,,0
9221679,,1,,,,,,,,,,0
9221680,,1,,,,,,,,,,0
9221681,,1,,,,,,,,,,0
9221682,,1,,,,,,,,,,0
9221683,,1,,,,,,,,,,0
9221684,,1,,,,,,,,,,0
9221685,,1,,,,,,,,,,0
9221686,,1,,,,,,,,,,0
9221687,,1,,,,,,,,,,0
9221688,,1,,,,,,,,,,0
9221689,,1,,,,,,,,,,0
9221690,,1,,,,,,,,,,0
9221691,,1,,,,,,,,,,0
9221692,,1,,,,,,,,,,0
9221693,,1,,,,,,,,,,0
9221694,,1,,,,,,,,,,0
9221695,,1,,,,,,,,,,0
9221696,,1,,,,,,,,,,0
9221697,,1,,,,,,,,,,0
9221698,,1,,,,,,,,,,0
9221699,,1,,,,,,,,,,0
9221700,,1,,,,,,,,,,0
9221701,,1,,,,,,,,,,0
9221702,,1,,,,,,,,,,0
9221703,,1,,,,,,,,,,0
9221704,,1,,,,,,,,,,0
9221705,,1,,,,,,,,,,0
9221706,,1,,,,,,,,,,0
9221707,,1,,,,,,,,,,0
9221708,,1,,,,,,,,,,0
9221709,,1,,,,,,,,,,0
9221710,,1,,,,,,,,,,0
9221711,,1,,,,,,,,,,0
9221712,,1,,,,,,,,,,0
9221713,,1,,,,,,,,,,0
9221714,,1,,,,,,,,,,0
9221715,,1,,,,,,,,,,0
9221716,,1,,,,,,,,,,0
9221717,,1,,,,,,,,,,0
9221718,,1,,,,,,,,,,0
9221719,,1,,,,,,,,,,0
9221720,,1,,,,,,,,,,0
9221721,,1,,,,,,,,,,0
9221722,,1,,,,,,,,,,0
9221723,,1,,,,,,,,,,0
9221724,,1,,,,,,,,,,0
9221725,,1,,,,,,,,,,0
9221726,,1,,,,,,,,,,0
9221727,,1,,,,,,,,,,0
9221728,,1,,,,,,,,,,0
9221729,,1,,,,,,,,,,0
9221730,,1,,,,,,,,,,0
9221731,,1,,,,,,,,,,0
9221732,,1,,,,,,,,,,0
9221733,,1,,,,,,,,,,0
9221734,,1,,,,,,,,,,0
9221735,,1,,,,,,,,,,0
9221736,,1,,,,,,,,,,0
9221737,,1,,,,,,,,,,0
9221738,,1,,,,,,,,,,0
9221739,,1,,,,,,,,,,0
9221740,,1,,,,,,,,,,0
9221741,,1,,,,,,,,,,0
9221742,,1,,,,,,,,,,0
9221743,,1,,,,,,,,,,0
9221744,,1,,,,,,,,,,0
9221745,,1,,,,,,,,,,0
9221746,,1,,,,,,,,,,0
9221747,,1,,,,,,,,,,0
9221748,,1,,,,,,,,,,0
9221749,,1,,,,,,,,,,0
9221750,,1,,,,,,,,,,0
9221751,,1,,,,,,,,,,0
9221752,,1,,,,,,,,,,0
9221753,,1,,,,,,,,,,0
9221754,,1,,,,,,,,,,0
9221755,,1,,,,,,,,,,0
9221756,,1,,,,,,,,,,0
9221757,,1,,,,,,,,,,0
9221758,,1,,,,,,,,,,0
9221759,,1,,,,,,,,,,0
9221760,,1,,,,,,,,,,0
9221761,,1,,,,,,,,,,0
9221762,,1,,,,,,,,,,0
9221763,,1,,,,,,,,,,0
9221764,,1,,,,,,,,,,0
9221765,,1,,,,,,,,,,0
9221766,,1,,,,,,,,,,0
9221767,,1,,,,,,,,,,0
9221768,,1,,,,,,,,,,0
9221769,,1,,,,,,,,,,0
9221770,,1,,,,,,,,,,0
9221771,,1,,,,,,,,,,0
9221772,,1,,,,,,,,,,0
9221773,,1,,,,,,,,,,0
9221774,,1,,,,,,,,,,0
9221775,,1,,,,,,,,,,0
9221776,,1,,,,,,,,,,0
9221777,,1,,,,,,,,,,0
9221778,,1,,,,,,,,,,0
9221779,,1,,,,,,,,,,0
9221780,,1,,,,,,,,,,0
9221781,,1,,,,,,,,,,0
9221782,,1,,,,,,,,,,0
9221783,,1,,,,,,,,,,0
9221784,,1,,,,,,,,,,0
9221785,,1,,,,,,,,,,0
9221786,,1,,,,,,,,,,0
9221787,,1,,,,,,,,,,0
9221788,,1,,,,,,,,,,0
9221789,,1,,,,,,,,,,0
9221790,,1,,,,,,,,,,0
9221791,,1,,,,,,,,,,0
9221792,,1,,,,,,,,,,0
9221793,,1,,,,,,,,,,0
9221794,,1,,,,,,,,,,0
9221795,,1,,,,,,,,,,0
9221796,,1,,,,,,,,,,0
9221797,,1,,,,,,,,,,0
9221798,,1,,,,,,,,,,0
9221799,,1,,,,,,,,,,0
9221800,,1,,,,,,,,,,0
9221801,,1,,,,,,,,,,0
9221802,,1,,,,,,,,,,0
9221803,,1,,,,,,,,,,0
9221804,,1,,,,,,,,,,0
9221805,,1,,,,,,,,,,0
9221806,,1,,,,,,,,,,0
9221807,,1,,,,,,,,,,0
9221808,,1,,,,,,,,,,0
9221809,,1,,,,,,,,,,0
9221810,,1,,,,,,,,,,0
9221811,,1,,,,,,,,,,0
9221812,,1,,,,,,,,,,0
9221813,,1,,,,,,,,,,0
9221814,,1,,,,,,,,,,0
9221815,,1,,,,,,,,,,0
9221816,,1,,,,,,,,,,0
9221817,,1,,,,,,,,,,0
9221818,,1,,,,,,,,,,0
9221819,,1,,,,,,,,,,0
9221820,,1,,,,,,,,,,0
9221821,,1,,,,,,,,,,0
9221822,,1,,,,,,,,,,0
9221823,,1,,,,,,,,,,0
9221824,,1,,,,,,,,,,0
9221825,,1,,,,,,,,,,0
9221826,,1,,,,,,,,,,0
9221827,,1,,,,,,,,,,0
9221828,,1,,,,,,,,,,0
9221829,,1,,,,,,,,,,0
9221830,,1,,,,,,,,,,0
9221831,,1,,,,,,,,,,0
9221832,,1,,,,,,,,,,0
9221833,,1,,,,,,,,,,0
9221834,,1,,,,,,,,,,0
9221835,,1,,,,,,,,,,0
9221836,,1,,,,,,,,,,0
9221837,,1,,,,,,,,,,0
9221838,,1,,,,,,,,,,0
9221839,,1,,,,,,,,,,0
9221840,,1,,,,,,,,,,0
9221841,,1,,,,,,,,,,0
9221842,,1,,,,,,,,,,0
9221843,,1,,,,,,,,,,0
9221844,,1,,,,,,,,,,0
9221845,,1,,,,,,,,,,0
9221846,,1,,,,,,,,,,0
9221847,,1,,,,,,,,,,0
9221848,,1,,,,,,,,,,0
9221849,,1,,,,,,,,,,0
9221850,,1,,,,,,,,,,0
9221851,,1,,,,,,,,,,0
9221852,,1,,,,,,,,,,0
9221853,,1,,,,,,,,,,0
9221854,,1,,,,,,,,,,0
9221855,,1,,,,,,,,,,0
9221856,,1,,,,,,,,,,0
9221857,,1,,,,,,,,,,0
9221858,,1,,,,,,,,,,0
9221859,,1,,,,,,,,,,0
9221860,,1,,,,,,,,,,0
9221861,,1,,,,,,,,,,0
9221862,,1,,,,,,,,,,0
9221863,,1,,,,,,,,,,0
9221864,,1,,,,,,,,,,0
9221865,,1,,,,,,,,,,0
9221866,,1,,,,,,,,,,0
9221867,,1,,,,,,,,,,0
9221868,,1,,,,,,,,,,0
9221869,,1,,,,,,,,,,0
9221870,,1,,,,,,,,,,0
9221871,,1,,,,,,,,,,0
9221872,,1,,,,,,,,,,0
9221873,,1,,,,,,,,,,0
9221874,,1,,,,,,,,,,0
9221875,,1,,,,,,,,,,0
9221876,,1,,,,,,,,,,0
9221877,,1,,,,,,,,,,0
9221878,,1,,,,,,,,,,0
9221879,,1,,,,,,,,,,0
9221880,,1,,,,,,,,,,0
9221881,,1,,,,,,,,,,0
9221882,,1,,,,,,,,,,0
9221883,,1,,,,,,,,,,0
9221884,,1,,,,,,,,,,0
9221885,,1,,,,,,,,,,0
9221886,,1,,,,,,,,,,0
9221887,,1,,,,,,,,,,0
9221888,,1,,,,,,,,,,0
9221889,,1,,,,,,,,,,0
9221890,,1,,,,,,,,,,0
9221891,,1,,,,,,,,,,0
9221892,,1,,,,,,,,,,0
9221893,,1,,,,,,,,,,0
9221894,,1,,,,,,,,,,0
9221895,,1,,,,,,,,,,0
9221896,,1,,,,,,,,,,0
9221897,,1,,,,,,,,,,0
9221898,,1,,,,,,,,,,0
9221899,,1,,,,,,,,,,0
9221900,,1,,,,,,,,,,0
9221901,,1,,,,,,,,,,0
9221902,,1,,,,,,,,,,0
9221903,,1,,,,,,,,,,0
9221904,,1,,,,,,,,,,0
9221905,,1,,,,,,,,,,0
9221906,,1,,,,,,,,,,0
9221907,,1,,,,,,,,,,0
9221908,,1,,,,,,,,,,0
9221909,,1,,,,,,,,,,0
9221910,,1,,,,,,,,,,0
9221911,,1,,,,,,,,,,0
9221912,,1,,,,,,,,,,0
9221913,,1,,,,,,,,,,0
9221914,,1,,,,,,,,,,0
9221915,,1,,,,,,,,,,0
9221916,,1,,,,,,,,,,0
9221917,,1,,,,,,,,,,0
9221918,,1,,,,,,,,,,0
9221919,,1,,,,,,,,,,0
9221920,,1,,,,,,,,,,0
9221921,,1,,,,,,,,,,0
9221922,,1,,,,,,,,,,0
9221923,,1,,,,,,,,,,0
9221924,,1,,,,,,,,,,0
9221925,,1,,,,,,,,,,0
9221926,,1,,,,,,,,,,0
9221927,,1,,,,,,,,,,0
9221928,,1,,,,,,,,,,0
9221929,,1,,,,,,,,,,0
9221930,,1,,,,,,,,,,0
9221931,,1,,,,,,,,,,0
9221932,,1,,,,,,,,,,0
9221933,,1,,,,,,,,,,0
9221934,,1,,,,,,,,,,0
9221935,,1,,,,,,,,,,0
9221936,,1,,,,,,,,,,0
9221937,,1,,,,,,,,,,0
9221938,,1,,,,,,,,,,0
9221939,,1,,,,,,,,,,0
9221940,,1,,,,,,,,,,0
9221941,,1,,,,,,,,,,0
9221942,,1,,,,,,,,,,0
9221943,,1,,,,,,,,,,0
9221944,,1,,,,,,,,,,0
9221945,,1,,,,,,,,,,0
9221946,,1,,,,,,,,,,0
9221947,,1,,,,,,,,,,0
9221948,,1,,,,,,,,,,0
9221949,,1,,,,,,,,,,0
9221950,,1,,,,,,,,,,0
9221951,,1,,,,,,,,,,0
9221952,,1,,,,,,,,,,0
9221953,,1,,,,,,,,,,0
9221954,,1,,,,,,,,,,0
9221955,,1,,,,,,,,,,0
9221956,,1,,,,,,,,,,0
9221957,,1,,,,,,,,,,0
9221958,,1,,,,,,,,,,0
9221959,,1,,,,,,,,,,0
9221960,,1,,,,,,,,,,0
9221961,,1,,,,,,,,,,0
9221962,,1,,,,,,,,,,0
9221963,,1,,,,,,,,,,0
9221964,,1,,,,,,,,,,0
9221965,,1,,,,,,,,,,0
9221966,,1,,,,,,,,,,0
9221967,,1,,,,,,,,,,0
9221968,,1,,,,,,,,,,0
9221969,,1,,,,,,,,,,0
9221970,,1,,,,,,,,,,0
9221971,,1,,,,,,,,,,0
9221972,,1,,,,,,,,,,0
9221973,,1,,,,,,,,,,0
9221974,,1,,,,,,,,,,0
9221975,,1,,,,,,,,,,0
9221976,,1,,,,,,,,,,0
9221977,,1,,,,,,,,,,0
9221978,,1,,,,,,,,,,0
9221979,,1,,,,,,,,,,0
9221980,,1,,,,,,,,,,0
9221981,,1,,,,,,,,,,0
9221982,,1,,,,,,,,,,0
9221983,,1,,,,,,,,,,0
9221984,,1,,,,,,,,,,0
9221985,,1,,,,,,,,,,0
9221986,,1,,,,,,,,,,0
9221987,,1,,,,,,,,,,0
1411474,,2,,,,,,,,,,0
1411475,,2,,,,,,,,,,0
1411476,,2,,,,,,,,,,0
1411477,,2,,,,,,,,,,0
1411478,,2,,,,,,,,,,0
1411479,,2,,,,,,,,,,0
1411480,,2,,,,,,,,,,0
1411481,,2,,,,,,,,,,0
1411482,,2,,,,,,,,,,0
1411483,,2,,,,,,,,,,0
1411484,,2,,,,,,,,,,0
1411485,,2,,,,,,,,,,0
1411486,,2,,,,,,,,,,0
1411487,,2,,,,,,,,,,0
1411488,,2,,,,,,,,,,0
1411489,,2,,,,,,,,,,0
1411490,,2,,,,,,,,,,0
1411491,,2,,,,,,,,,,0
1411492,,2,,,,,,,,,,0
1411493,,2,,,,,,,,,,0
1411494,,2,,,,,,,,,,0
1411495,,2,,,,,,,,,,0
1411496,,2,,,,,,,,,,0
1411497,,2,,,,,,,,,,0
1411498,,2,,,,,,,,,,0
1411499,,2,,,,,,,,,,0
1411500,,2,,,,,,,,,,0
1411501,,2,,,,,,,,,,0
1411502,,2,,,,,,,,,,0
1411503,,2,,,,,,,,,,0
1411504,,2,,,,,,,,,,0
1411505,,2,,,,,,,,,,0
1411506,,2,,,,,,,,,,0
1411507,,2,,,,,,,,,,0
1411508,,2,,,,,,,,,,0
1411509,,2,,,,,,,,,,0
1411510,,2,,,,,,,,,,0
1411511,,2,,,,,,,,,,0
1411512,,2,,,,,,,,,,0
1411513,,2,,,,,,,,,,0
1411514,,2,,,,,,,,,,0
1411515,,2,,,,,,,,,,0
1411516,,2,,,,,,,,,,0
1411517,,2,,,,,,,,,,0
1411518,,2,,,,,,,,,,0
1411519,,2,,,,,,,,,,0
1411520,,2,,,,,,,,,,0
1411521,,2,,,,,,,,,,0
1411522,,2,,,,,,,,,,0
1411523,,2,,,,,,,,,,0
1411524,,2,,,,,,,,,,0
1411525,,2,,,,,,,,,,0
1411526,,2,,,,,,,,,,0
1411527,,2,,,,,,,,,,0
1411528,,2,,,,,,,,,,0
1411529,,2,,,,,,,,,,0
1411530,,2,,,,,,,,,,0
1411531,,2,,,,,,,,,,0
1411532,,2,,,,,,,,,,0
1411533,,2,,,,,,,,,,0
1411534,,2,,,,,,,,,,0
1411535,,2,,,,,,,,,,0
1411536,,2,,,,,,,,,,0
1411537,,2,,,,,,,,,,0
1411538,,2,,,,,,,,,,0
1411539,,2,,,,,,,,,,0
1411540,,2,,,,,,,,,,0
1411541,,2,,,,,,,,,,0
1411542,,2,,,,,,,,,,0
1411543,,2,,,,,,,,,,0
1411544,,2,,,,,,,,,,0
1411545,,2,,,,,,,,,,0
1411546,,2,,,,,,,,,,0
1411547,,2,,,,,,,,,,0
1411548,,2,,,,,,,,,,0
1411549,,2,,,,,,,,,,0
1411550,,2,,,,,,,,,,0
1411551,,2,,,,,,,,,,0
1411552,,2,,,,,,,,,,0
1411553,,2,,,,,,,,,,0
1411554,,2,,,,,,,,,,0
1411555,,2,,,,,,,,,,0
1411556,,2,,,,,,,,,,0
1411557,,2,,,,,,,,,,0
1411558,,2,,,,,,,,,,0
1411559,,2,,,,,,,,,,0
1411560,,2,,,,,,,,,,0
1411561,,2,,,,,,,,,,0
1411562,,2,,,,,,,,,,0
1411563,,2,,,,,,,,,,0
1411564,,2,,,,,,,,,,0
1411565,,2,,,,,,,,,,0
1411566,,2,,,,,,,,,,0
1411567,,2,,,,,,,,,,0
1411568,,2,,,,,,,,,,0
1411569,,2,,,,,,,,,,0
1411570,,2,,,,,,,,,,0
1411571,,2,,,,,,,,,,0
1411572,,2,,,,,,,,,,0
1411573,,2,,,,,,,,,,0
1411574,,2,,,,,,,,,,0
1411575,,2,,,,,,,,,,0
1411576,,2,,,,,,,,,,0
1411577,,2,,,,,,,,,,0
1411578,,2,,,,,,,,,,0
1411579,,2,,,,,,,,,,0
1411580,,2,,,,,,,,,,0
1411581,,2,,,,,,,,,,0
1411582,,2,,,,,,,,,,0
1411583,,2,,,,,,,,,,0
1411584,,2,,,,,,,,,,0
1411585,,2,,,,,,,,,,0
1411586,,2,,,,,,,,,,0
1411587,,2,,,,,,,,,,0
1411588,,2,,,,,,,,,,0
1411589,,2,,,,,,,,,,0
1411590,,2,,,,,,,,,,0
1411591,,2,,,,,,,,,,0
1411592,,2,,,,,,,,,,0
1411593,,2,,,,,,,,,,0
1411594,,2,,,,,,,,,,0
1411595,,2,,,,,,,,,,0
1411596,,2,,,,,,,,,,0
1411597,,2,,,,,,,,,,0
1411598,,2,,,,,,,,,,0
1411599,,2,,,,,,,,,,0
1411600,,2,,,,,,,,,,0
1411601,,2,,,,,,,,,,0
1411602,,2,,,,,,,,,,0
1411603,,2,,,,,,,,,,0
1411604,,2,,,,,,,,,,0
1411605,,2,,,,,,,,,,0
1411606,,2,,,,,,,,,,0
1411607,,2,,,,,,,,,,0
1411608,,2,,,,,,,,,,0
1411609,,2,,,,,,,,,,0
1411610,,2,,,,,,,,,,0
1411611,,2,,,,,,,,,,0
1411612,,2,,,,,,,,,,0
1411613,,2,,,,,,,,,,0
1411614,,2,,,,,,,,,,0
1411615,,2,,,,,,,,,,0
1411616,,2,,,,,,,,,,0
1411617,,2,,,,,,,,,,0
1411618,,2,,,,,,,,,,0
1411619,,2,,,,,,,,,,0
1411620,,2,,,,,,,,,,0
1411621,,2,,,,,,,,,,0
1411622,,2,,,,,,,,,,0
1411623,,2,,,,,,,,,,0
1411624,,2,,,,,,,,,,0
1411625,,2,,,,,,,,,,0
1411626,,2,,,,,,,,,,0
1411627,,2,,,,,,,,,,0
1411628,,2,,,,,,,,,,0
1411629,,2,,,,,,,,,,0
1411630,,2,,,,,,,,,,0
1411631,,2,,,,,,,,,,0
1411632,,2,,,,,,,,,,0
1411633,,2,,,,,,,,,,0
1411634,,2,,,,,,,,,,0
1411635,,2,,,,,,,,,,0
1411636,,2,,,,,,,,,,0
1411637,,2,,,,,,,,,,0
1411638,,2,,,,,,,,,,0
1411639,,2,,,,,,,,,,0
1411640,,2,,,,,,,,,,0
1411641,,2,,,,,,,,,,0
1411642,,2,,,,,,,,,,0
1411643,,2,,,,,,,,,,0
1411644,,2,,,,,,,,,,0
1411645,,2,,,,,,,,,,0
1411646,,2,,,,,,,,,,0
1411647,,2,,,,,,,,,,0
1411648,,2,,,,,,,,,,0
1411649,,2,,,,,,,,,,0
1411650,,2,,,,,,,,,,0
1411651,,2,,,,,,,,,,0
1411652,,2,,,,,,,,,,0
1411653,,2,,,,,,,,,,0
1411654,,2,,,,,,,,,,0
1411655,,2,,,,,,,,,,0
1411656,,2,,,,,,,,,,0
1411657,,2,,,,,,,,,,0
1411658,,2,,,,,,,,,,0
1411659,,2,,,,,,,,,,0
1411660,,2,,,,,,,,,,0
1411661,,2,,,,,,,,,,0
1411662,,2,,,,,,,,,,0
1411663,,2,,,,,,,,,,0
1411664,,2,,,,,,,,,,0
1411665,,2,,,,,,,,,,0
1411666,,2,,,,,,,,,,0
1411667,,2,,,,,,,,,,0
1411668,,2,,,,,,,,,,0
1411669,,2,,,,,,,,,,0
1411670,,2,,,,,,,,,,0
1411671,,2,,,,,,,,,,0
1411672,,2,,,,,,,,,,0
1411673,,2,,,,,,,,,,0
1411674,,2,,,,,,,,,,0
1411675,,2,,,,,,,,,,0
1411676,,2,,,,,,,,,,0
1411677,,2,,,,,,,,,,0
1411678,,2,,,,,,,,,,0
1411679,,2,,,,,,,,,,0
1411680,,2,,,,,,,,,,0
1411681,,2,,,,,,,,,,0
1411682,,2,,,,,,,,,,0
1411683,,2,,,,,,,,,,0
1411684,,2,,,,,,,,,,0
1411685,,2,,,,,,,,,,0
1411686,,2,,,,,,,,,,0
1411687,,2,,,,,,,,,,0
1411688,,2,,,,,,,,,,0
1411689,,2,,,,,,,,,,0
1411690,,2,,,,,,,,,,0
1411691,,2,,,,,,,,,,0
1411692,,2,,,,,,,,,,0
1411693,,2,,,,,,,,,,0
1411694,,2,,,,,,,,,,0
1411695,,2,,,,,,,,,,0
1411696,,2,,,,,,,,,,0
1411697,,2,,,,,,,,,,0
1411698,,2,,,,,,,,,,0
1411699,,2,,,,,,,,,,0
1411700,,2,,,,,,,,,,0
1411701,,2,,,,,,,,,,0
1411702,,2,,,,,,,,,,0
1411703,,2,,,,,,,,,,0
1411704,,2,,,,,,,,,,0
1411705,,2,,,,,,,,,,0
1411706,,2,,,,,,,,,,0
1411707,,2,,,,,,,,,,0
1411708,,2,,,,,,,,,,0
1411709,,2,,,,,,,,,,0
1411710,,2,,,,,,,,,,0
1411711,,2,,,,,,,,,,0
1411712,,2,,,,,,,,,,0
1411713,,2,,,,,,,,,,0
1411714,,2,,,,,,,,,,0
1411715,,2,,,,,,,,,,0
1411716,,2,,,,,,,,,,0
1411717,,2,,,,,,,,,,0
1411718,,2,,,,,,,,,,0
1411719,,2,,,,,,,,,,0
1411720,,2,,,,,,,,,,0
1411721,,2,,,,,,,,,,0
1411722,,2,,,,,,,,,,0
1411723,,2,,,,,,,,,,0
1411724,,2,,,,,,,,,,0
1411725,,2,,,,,,,,,,0
1411726,,2,,,,,,,,,,0
1411727,,2,,,,,,,,,,0
1411728,,2,,,,,,,,,,0
1411729,,2,,,,,,,,,,0
1411730,,2,,,,,,,,,,0
1411731,,2,,,,,,,,,,0
1411732,,2,,,,,,,,,,0
1411733,,2,,,,,,,,,,0
1411734,,2,,,,,,,,,,0
1411735,,2,,,,,,,,,,0
1411736,,2,,,,,,,,,,0
1411737,,2,,,,,,,,,,0
1411738,,2,,,,,,,,,,0
1411739,,2,,,,,,,,,,0
1411740,,2,,,,,,,,,,0
1411741,,2,,,,,,,,,,0
1411742,,2,,,,,,,,,,0
1411743,,2,,,,,,,,,,0
1411744,,2,,,,,,,,,,0
1411745,,2,,,,,,,,,,0
1411746,,2,,,,,,,,,,0
1411747,,2,,,,,,,,,,0
1411748,,2,,,,,,,,,,0
1411749,,2,,,,,,,,,,0
1411750,,2,,,,,,,,,,0
1411751,,2,,,,,,,,,,0
1411752,,2,,,,,,,,,,0
1411753,,2,,,,,,,,,,0
1411754,,2,,,,,,,,,,0
1411755,,2,,,,,,,,,,0
1411756,,2,,,,,,,,,,0
1411757,,2,,,,,,,,,,0
1411758,,2,,,,,,,,,,0
1411759,,2,,,,,,,,,,0
1411760,,2,,,,,,,,,,0
1411761,,2,,,,,,,,,,0
1411762,,2,,,,,,,,,,0
1411763,,2,,,,,,,,,,0
1411764,,2,,,,,,,,,,0
1411765,,2,,,,,,,,,,0
1411766,,2,,,,,,,,,,0
1411767,,2,,,,,,,,,,0
1411768,,2,,,,,,,,,,0
1411769,,2,,,,,,,,,,0
1411770,,2,,,,,,,,,,0
1411771,,2,,,,,,,,,,0
1411772,,2,,,,,,,,,,0
1411773,,2,,,,,,,,,,0
1411774,,2,,,,,,,,,,0
1411775,,2,,,,,,,,,,0
1411776,,2,,,,,,,,,,0
1411777,,2,,,,,,,,,,0
1411778,,2,,,,,,,,,,0
1411779,,2,,,,,,,,,,0
1411780,,2,,,,,,,,,,0
1411781,,2,,,,,,,,,,0
1411782,,2,,,,,,,,,,0
1411783,,2,,,,,,,,,,0
1411784,,2,,,,,,,,,,0
1411785,,2,,,,,,,,,,0
1411786,,2,,,,,,,,,,0
1411787,,2,,,,,,,,,,0
1411788,,2,,,,,,,,,,0
1411789,,2,,,,,,,,,,0
1411790,,2,,,,,,,,,,0
1411791,,2,,,,,,,,,,0
1411792,,2,,,,,,,,,,0
1411793,,2,,,,,,,,,,0
1411794,,2,,,,,,,,,,0
1411795,,2,,,,,,,,,,0
1411796,,2,,,,,,,,,,0
1411797,,2,,,,,,,,,,0
1411798,,2,,,,,,,,,,0
1411799,,2,,,,,,,,,,0
1411800,,2,,,,,,,,,,0
1411801,,2,,,,,,,,,,0
1411802,,2,,,,,,,,,,0
1411803,,2,,,,,,,,,,0
1411804,,2,,,,,,,,,,0
1411805,,2,,,,,,,,,,0
1411806,,2,,,,,,,,,,0
1411807,,2,,,,,,,,,,0
1411808,,2,,,,,,,,,,0
1411809,,2,,,,,,,,,,0
1411810,,2,,,,,,,,,,0
1411811,,2,,,,,,,,,,0
1411812,,2,,,,,,,,,,0
1411813,,2,,,,,,,,,,0
1411814,,2,,,,,,,,,,0
1411815,,2,,,,,,,,,,0
1411816,,2,,,,,,,,,,0
1411817,,2,,,,,,,,,,0
1411818,,2,,,,,,,,,,0
1411819,,2,,,,,,,,,,0
1411820,,2,,,,,,,,,,0
1411821,,2,,,,,,,,,,0
1411822,,2,,,,,,,,,,0
1411823,,2,,,,,,,,,,0
1411824,,2,,,,,,,,,,0
1411825,,2,,,,,,,,,,0
1411826,,2,,,,,,,,,,0
1411827,,2,,,,,,,,,,0
1411828,,2,,,,,,,,,,0
1411829,,2,,,,,,,,,,0
1411830,,2,,,,,,,,,,0
1411831,,2,,,,,,,,,,0
1411832,,2,,,,,,,,,,0
1411833,,2,,,,,,,,,,0
1411834,,2,,,,,,,,,,0
1411835,,2,,,,,,,,,,0
1411836,,2,,,,,,,,,,0
1411837,,2,,,,,,,,,,0
1411838,,2,,,,,,,,,,0
1411839,,2,,,,,,,,,,0
1411840,,2,,,,,,,,,,0
1411841,,2,,,,,,,,,,0
1411842,,2,,,,,,,,,,0
1411843,,2,,,,,,,,,,0
1411844,,2,,,,,,,,,,0
1411845,,2,,,,,,,,,,0
1411846,,2,,,,,,,,,,0
1411847,,2,,,,,,,,,,0
1411848,,2,,,,,,,,,,0
1411849,,2,,,,,,,,,,0
1411850,,2,,,,,,,,,,0
1411851,,2,,,,,,,,,,0
1411852,,2,,,,,,,,,,0
1411853,,2,,,,,,,,,,0
1411854,,2,,,,,,,,,,0
1411855,,2,,,,,,,,,,0
1411856,,2,,,,,,,,,,0
1411857,,2,,,,,,,,,,0
1411858,,2,,,,,,,,,,0
1411859,,2,,,,,,,,,,0
1411860,,2,,,,,,,,,,0
1411861,,2,,,,,,,,,,0
1411862,,2,,,,,,,,,,0
1411863,,2,,,,,,,,,,0
1411864,,2,,,,,,,,,,0
1411865,,2,,,,,,,,,,0
1411866,,2,,,,,,,,,,0
1411867,,2,,,,,,,,,,0
1411868,,2,,,,,,,,,,0
1411869,,2,,,,,,,,,,0
1411870,,2,,,,,,,,,,0
1411871,,2,,,,,,,,,,0
1411872,,2,,,,,,,,,,0
1411873,,2,,,,,,,,,,0
1411874,,2,,,,,,,,,,0
1411875,,2,,,,,,,,,,0
1411876,,2,,,,,,,,,,0
1411877,,2,,,,,,,,,,0
1411878,,2,,,,,,,,,,0
1411879,,2,,,,,,,,,,0
1411880,,2,,,,,,,,,,0
1411881,,2,,,,,,,,,,0
1411882,,2,,,,,,,,,,0
1411883,,2,,,,,,,,,,0
1411884,,2,,,,,,,,,,0
1411885,,2,,,,,,,,,,0
1411886,,2,,,,,,,,,,0
1411887,,2,,,,,,,,,,0
1411888,,2,,,,,,,,,,0
1411889,,2,,,,,,,,,,0
1411890,,2,,,,,,,,,,0
1411891,,2,,,,,,,,,,0
1411892,,2,,,,,,,,,,0
1411893,,2,,,,,,,,,,0
1411894,,2,,,,,,,,,,0
1411895,,2,,,,,,,,,,0
1411896,,2,,,,,,,,,,0
1411897,,2,,,,,,,,,,0
1411898,,2,,,,,,,,,,0
1411899,,2,,,,,,,,,,0
1411900,,2,,,,,,,,,,0
1411901,,2,,,,,,,,,,0
1411902,,2,,,,,,,,,,0
1411903,,2,,,,,,,,,,0
1411904,,2,,,,,,,,,,0
1411905,,2,,,,,,,,,,0
1411906,,2,,,,,,,,,,0
1411907,,2,,,,,,,,,,0
1411908,,2,,,,,,,,,,0
1411909,,2,,,,,,,,,,0
1411910,,2,,,,,,,,,,0
1411911,,2,,,,,,,,,,0
1411912,,2,,,,,,,,,,0
1411913,,2,,,,,,,,,,0
1411914,,2,,,,,,,,,,0
1411915,,2,,,,,,,,,,0
1411916,,2,,,,,,,,,,0
1411917,,2,,,,,,,,,,0
1411918,,2,,,,,,,,,,0
1411919,,2,,,,,,,,,,0
1411920,,2,,,,,,,,,,0
1411921,,2,,,,,,,,,,0
1411922,,2,,,,,,,,,,0
1411923,,2,,,,,,,,,,0
1411924,,2,,,,,,,,,,0
1411925,,2,,,,,,,,,,0
1411926,,2,,,,,,,,,,0
1411927,,2,,,,,,,,,,0
1411928,,2,,,,,,,,,,0
1411929,,2,,,,,,,,,,0
1411930,,2,,,,,,,,,,0
1411931,,2,,,,,,,,,,0
1411932,,2,,,,,,,,,,0
1411933,,2,,,,,,,,,,0
1411934,,2,,,,,,,,,,0
1411935,,2,,,,,,,,,,0
1411936,,2,,,,,,,,,,0
1411937,,2,,,,,,,,,,0
1411938,,2,,,,,,,,,,0
1411939,,2,,,,,,,,,,0
1411940,,2,,,,,,,,,,0
1411941,,2,,,,,,,,,,0
1411942,,2,,,,,,,,,,0
1411943,,2,,,,,,,,,,0
1411944,,2,,,,,,,,,,0
1411945,,2,,,,,,,,,,0
1411946,,2,,,,,,,,,,0
1411947,,2,,,,,,,,,,0
1411948,,2,,,,,,,,,,0
1411949,,2,,,,,,,,,,0
1411950,,2,,,,,,,,,,0
1411951,,2,,,,,,,,,,0
1411952,,2,,,,,,,,,,0
1411953,,2,,,,,,,,,,0
1411954,,2,,,,,,,,,,0
1411955,,2,,,,,,,,,,0
1411956,,2,,,,,,,,,,0
1411957,,2,,,,,,,,,,0
1411958,,2,,,,,,,,,,0
1411959,,2,,,,,,,,,,0
1411960,,2,,,,,,,,,,0
1411961,,2,,,,,,,,,,0
1411962,,2,,,,,,,,,,0
1411963,,2,,,,,,,,,,0
1411964,,2,,,,,,,,,,0
1411965,,2,,,,,,,,,,0
1411966,,2,,,,,,,,,,0
1411967,,2,,,,,,,,,,0
1411968,,2,,,,,,,,,,0
1411969,,2,,,,,,,,,,0
1411970,,2,,,,,,,,,,0
1411971,,2,,,,,,,,,,0
1411972,,2,,,,,,,,,,0
1411973,,2,,,,,,,,,,0
9221988,,1,,,,,,,,,,0
9221989,,1,,,,,,,,,,0
9221990,,1,,,,,,,,,,0
9221991,,1,,,,,,,,,,0
9221992,,1,,,,,,,,,,0
9221993,,1,,,,,,,,,,0
9221994,,1,,,,,,,,,,0
9221995,,1,,,,,,,,,,0
9221996,,1,,,,,,,,,,0
9221997,,1,,,,,,,,,,0
9221998,,1,,,,,,,,,,0
9221999,,1,,,,,,,,,,0
9222000,,1,,,,,,,,,,0
9222001,,1,,,,,,,,,,0
9222002,,1,,,,,,,,,,0
9222003,,1,,,,,,,,,,0
9222004,,1,,,,,,,,,,0
9222005,,1,,,,,,,,,,0
9222006,,1,,,,,,,,,,0
9222007,,1,,,,,,,,,,0
9222008,,1,,,,,,,,,,0
9222009,,1,,,,,,,,,,0
9222010,,1,,,,,,,,,,0
9222011,,1,,,,,,,,,,0
9222012,,1,,,,,,,,,,0
9222013,,1,,,,,,,,,,0
9222014,,1,,,,,,,,,,0
9222015,,1,,,,,,,,,,0
9222016,,1,,,,,,,,,,0
9222017,,1,,,,,,,,,,0
9222018,,1,,,,,,,,,,0
9222019,,1,,,,,,,,,,0
9222020,,1,,,,,,,,,,0
9222021,,1,,,,,,,,,,0
9222022,,1,,,,,,,,,,0
9222023,,1,,,,,,,,,,0
9222024,,1,,,,,,,,,,0
9222025,,1,,,,,,,,,,0
9222026,,1,,,,,,,,,,0
9222027,,1,,,,,,,,,,0
9222028,,1,,,,,,,,,,0
9222029,,1,,,,,,,,,,0
9222030,,1,,,,,,,,,,0
9222031,,1,,,,,,,,,,0
9222032,,1,,,,,,,,,,0
9222033,,1,,,,,,,,,,0
9222034,,1,,,,,,,,,,0
9222035,,1,,,,,,,,,,0
9222036,,1,,,,,,,,,,0
9222037,,1,,,,,,,,,,0
9222038,,1,,,,,,,,,,0
9222039,,1,,,,,,,,,,0
9222040,,1,,,,,,,,,,0
9222041,,1,,,,,,,,,,0
9222042,,1,,,,,,,,,,0
9222043,,1,,,,,,,,,,0
9222044,,1,,,,,,,,,,0
9222045,,1,,,,,,,,,,0
9222046,,1,,,,,,,,,,0
9222047,,1,,,,,,,,,,0
9222048,,1,,,,,,,,,,0
9222049,,1,,,,,,,,,,0
9222050,,1,,,,,,,,,,0
9222051,,1,,,,,,,,,,0
9222052,,1,,,,,,,,,,0
9222053,,1,,,,,,,,,,0
9222054,,1,,,,,,,,,,0
9222055,,1,,,,,,,,,,0
9222056,,1,,,,,,,,,,0
9222057,,1,,,,,,,,,,0
9222058,,1,,,,,,,,,,0
9222059,,1,,,,,,,,,,0
9222060,,1,,,,,,,,,,0
9222061,,1,,,,,,,,,,0
9222062,,1,,,,,,,,,,0
9222063,,1,,,,,,,,,,0
9222064,,1,,,,,,,,,,0
9222065,,1,,,,,,,,,,0
9222066,,1,,,,,,,,,,0
9222067,,1,,,,,,,,,,0
9222068,,1,,,,,,,,,,0
9222069,,1,,,,,,,,,,0
9222070,,1,,,,,,,,,,0
9222071,,1,,,,,,,,,,0
9222072,,1,,,,,,,,,,0
9222073,,1,,,,,,,,,,0
9222074,,1,,,,,,,,,,0
9222075,,1,,,,,,,,,,0
9222076,,1,,,,,,,,,,0
9222077,,1,,,,,,,,,,0
9222078,,1,,,,,,,,,,0
9222079,,1,,,,,,,,,,0
9222080,,1,,,,,,,,,,0
9222081,,1,,,,,,,,,,0
9222082,,1,,,,,,,,,,0
9222083,,1,,,,,,,,,,0
9222084,,1,,,,,,,,,,0
9222085,,1,,,,,,,,,,0
9222086,,1,,,,,,,,,,0
9222087,,1,,,,,,,,,,0
9222088,,1,,,,,,,,,,0
9222089,,1,,,,,,,,,,0
9222090,,1,,,,,,,,,,0
9222091,,1,,,,,,,,,,0
9222092,,1,,,,,,,,,,0
9222093,,1,,,,,,,,,,0
9222094,,1,,,,,,,,,,0
9222095,,1,,,,,,,,,,0
9222096,,1,,,,,,,,,,0
9222097,,1,,,,,,,,,,0
9222098,,1,,,,,,,,,,0
9222099,,1,,,,,,,,,,0
9222100,,1,,,,,,,,,,0
9222101,,1,,,,,,,,,,0
9222102,,1,,,,,,,,,,0
9222103,,1,,,,,,,,,,0
9222104,,1,,,,,,,,,,0
9222105,,1,,,,,,,,,,0
9222106,,1,,,,,,,,,,0
9222107,,1,,,,,,,,,,0
9222108,,1,,,,,,,,,,0
9222109,,1,,,,,,,,,,0
9222110,,1,,,,,,,,,,0
9222111,,1,,,,,,,,,,0
9222112,,1,,,,,,,,,,0
9222113,,1,,,,,,,,,,0
9222114,,1,,,,,,,,,,0
9222115,,1,,,,,,,,,,0
9222116,,1,,,,,,,,,,0
9222117,,1,,,,,,,,,,0
9222118,,1,,,,,,,,,,0
9222119,,1,,,,,,,,,,0
9222120,,1,,,,,,,,,,0
9222121,,1,,,,,,,,,,0
9222122,,1,,,,,,,,,,0
9222123,,1,,,,,,,,,,0
9222124,,1,,,,,,,,,,0
9222125,,1,,,,,,,,,,0
9222126,,1,,,,,,,,,,0
9222127,,1,,,,,,,,,,0
9222128,,1,,,,,,,,,,0
9222129,,1,,,,,,,,,,0
9222130,,1,,,,,,,,,,0
9222131,,1,,,,,,,,,,0
9222132,,1,,,,,,,,,,0
9222133,,1,,,,,,,,,,0
9222134,,1,,,,,,,,,,0
9222135,,1,,,,,,,,,,0
9222136,,1,,,,,,,,,,0
9222137,,1,,,,,,,,,,0
9222138,,1,,,,,,,,,,0
9222139,,1,,,,,,,,,,0
9222140,,1,,,,,,,,,,0
9222141,,1,,,,,,,,,,0
9222142,,1,,,,,,,,,,0
9222143,,1,,,,,,,,,,0
9222144,,1,,,,,,,,,,0
9222145,,1,,,,,,,,,,0
9222146,,1,,,,,,,,,,0
9222147,,1,,,,,,,,,,0
9222148,,1,,,,,,,,,,0
9222149,,1,,,,,,,,,,0
9222150,,1,,,,,,,,,,0
9222151,,1,,,,,,,,,,0
9222152,,1,,,,,,,,,,0
9222153,,1,,,,,,,,,,0
9222154,,1,,,,,,,,,,0
9222155,,1,,,,,,,,,,0
9222156,,1,,,,,,,,,,0
9222157,,1,,,,,,,,,,0
9222158,,1,,,,,,,,,,0
9222159,,1,,,,,,,,,,0
9222160,,1,,,,,,,,,,0
9222161,,1,,,,,,,,,,0
9222162,,1,,,,,,,,,,0
9222163,,1,,,,,,,,,,0
9222164,,1,,,,,,,,,,0
9222165,,1,,,,,,,,,,0
9222166,,1,,,,,,,,,,0
9222167,,1,,,,,,,,,,0
9222168,,1,,,,,,,,,,0
9222169,,1,,,,,,,,,,0
9222170,,1,,,,,,,,,,0
9222171,,1,,,,,,,,,,0
9222172,,1,,,,,,,,,,0
9222173,,1,,,,,,,,,,0
9222174,,1,,,,,,,,,,0
9222175,,1,,,,,,,,,,0
9222176,,1,,,,,,,,,,0
9222177,,1,,,,,,,,,,0
9222178,,1,,,,,,,,,,0
9222179,,1,,,,,,,,,,0
9222180,,1,,,,,,,,,,0
9222181,,1,,,,,,,,,,0
9222182,,1,,,,,,,,,,0
9222183,,1,,,,,,,,,,0
9222184,,1,,,,,,,,,,0
9222185,,1,,,,,,,,,,0
9222186,,1,,,,,,,,,,0
9222187,,1,,,,,,,,,,0
9222188,,1,,,,,,,,,,0
9222189,,1,,,,,,,,,,0
9222190,,1,,,,,,,,,,0
9222191,,1,,,,,,,,,,0
9222192,,1,,,,,,,,,,0
9222193,,1,,,,,,,,,,0
9222194,,1,,,,,,,,,,0
9222195,,1,,,,,,,,,,0
9222196,,1,,,,,,,,,,0
9222197,,1,,,,,,,,,,0
9222198,,1,,,,,,,,,,0
9222199,,1,,,,,,,,,,0
9222200,,1,,,,,,,,,,0
9222201,,1,,,,,,,,,,0
9222202,,1,,,,,,,,,,0
9222203,,1,,,,,,,,,,0
9222204,,1,,,,,,,,,,0
9222205,,1,,,,,,,,,,0
9222206,,1,,,,,,,,,,0
9222207,,1,,,,,,,,,,0
9222208,,1,,,,,,,,,,0
9222209,,1,,,,,,,,,,0
9222210,,1,,,,,,,,,,0
9222211,,1,,,,,,,,,,0
9222212,,1,,,,,,,,,,0
9222213,,1,,,,,,,,,,0
9222214,,1,,,,,,,,,,0
9222215,,1,,,,,,,,,,0
9222216,,1,,,,,,,,,,0
9222217,,1,,,,,,,,,,0
9222218,,1,,,,,,,,,,0
9222219,,1,,,,,,,,,,0
9222220,,1,,,,,,,,,,0
9222221,,1,,,,,,,,,,0
9222222,,1,,,,,,,,,,0
9222223,,1,,,,,,,,,,0
9222224,,1,,,,,,,,,,0
9222225,,1,,,,,,,,,,0
9222226,,1,,,,,,,,,,0
9222227,,1,,,,,,,,,,0
9222228,,1,,,,,,,,,,0
9222229,,1,,,,,,,,,,0
9222230,,1,,,,,,,,,,0
9222231,,1,,,,,,,,,,0
9222232,,1,,,,,,,,,,0
9222233,,1,,,,,,,,,,0
9222234,,1,,,,,,,,,,0
9222235,,1,,,,,,,,,,0
9222236,,1,,,,,,,,,,0
9222237,,1,,,,,,,,,,0
9222238,,1,,,,,,,,,,0
9222239,,1,,,,,,,,,,0
9222240,,1,,,,,,,,,,0
9222241,,1,,,,,,,,,,0
9222242,,1,,,,,,,,,,0
9222243,,1,,,,,,,,,,0
9222244,,1,,,,,,,,,,0
9222245,,1,,,,,,,,,,0
9222246,,1,,,,,,,,,,0
9222247,,1,,,,,,,,,,0
9222248,,1,,,,,,,,,,0
9222249,,1,,,,,,,,,,0
9222250,,1,,,,,,,,,,0
9222251,,1,,,,,,,,,,0
9222252,,1,,,,,,,,,,0
9222253,,1,,,,,,,,,,0
9222254,,1,,,,,,,,,,0
9222255,,1,,,,,,,,,,0
9222256,,1,,,,,,,,,,0
9222257,,1,,,,,,,,,,0
9222258,,1,,,,,,,,,,0
9222259,,1,,,,,,,,,,0
9222260,,1,,,,,,,,,,0
9222261,,1,,,,,,,,,,0
9222262,,1,,,,,,,,,,0
9222263,,1,,,,,,,,,,0
9222264,,1,,,,,,,,,,0
9222265,,1,,,,,,,,,,0
9222266,,1,,,,,,,,,,0
9222267,,1,,,,,,,,,,0
9222268,,1,,,,,,,,,,0
9222269,,1,,,,,,,,,,0
9222270,,1,,,,,,,,,,0
9222271,,1,,,,,,,,,,0
9222272,,1,,,,,,,,,,0
9222273,,1,,,,,,,,,,0
9222274,,1,,,,,,,,,,0
9222275,,1,,,,,,,,,,0
9222276,,1,,,,,,,,,,0
9222277,,1,,,,,,,,,,0
9222278,,1,,,,,,,,,,0
9222279,,1,,,,,,,,,,0
9222280,,1,,,,,,,,,,0
9222281,,1,,,,,,,,,,0
9222282,,1,,,,,,,,,,0
9222283,,1,,,,,,,,,,0
9222284,,1,,,,,,,,,,0
9222285,,1,,,,,,,,,,0
9222286,,1,,,,,,,,,,0
9222287,,1,,,,,,,,,,0
9222288,,1,,,,,,,,,,0
9222289,,1,,,,,,,,,,0
9222290,,1,,,,,,,,,,0
9222291,,1,,,,,,,,,,0
9222292,,1,,,,,,,,,,0
9222293,,1,,,,,,,,,,0
9222294,,1,,,,,,,,,,0
9222295,,1,,,,,,,,,,0
9222296,,1,,,,,,,,,,0
9222297,,1,,,,,,,,,,0
9222298,,1,,,,,,,,,,0
9222299,,1,,,,,,,,,,0
9222300,,1,,,,,,,,,,0
9222301,,1,,,,,,,,,,0
9222302,,1,,,,,,,,,,0
9222303,,1,,,,,,,,,,0
9222304,,1,,,,,,,,,,0
9222305,,1,,,,,,,,,,0
9222306,,1,,,,,,,,,,0
9222307,,1,,,,,,,,,,0
9222308,,1,,,,,,,,,,0
9222309,,1,,,,,,,,,,0
9222310,,1,,,,,,,,,,0
9222311,,1,,,,,,,,,,0
9222312,,1,,,,,,,,,,0
9222313,,1,,,,,,,,,,0
9222314,,1,,,,,,,,,,0
9222315,,1,,,,,,,,,,0
9222316,,1,,,,,,,,,,0
9222317,,1,,,,,,,,,,0
9222318,,1,,,,,,,,,,0
9222319,,1,,,,,,,,,,0
9222320,,1,,,,,,,,,,0
9222321,,1,,,,,,,,,,0
9222322,,1,,,,,,,,,,0
9222323,,1,,,,,,,,,,0
9222324,,1,,,,,,,,,,0
9222325,,1,,,,,,,,,,0
9222326,,1,,,,,,,,,,0
9222327,,1,,,,,,,,,,0
9222328,,1,,,,,,,,,,0
9222329,,1,,,,,,,,,,0
9222330,,1,,,,,,,,,,0
9222331,,1,,,,,,,,,,0
9222332,,1,,,,,,,,,,0
9222333,,1,,,,,,,,,,0
9222334,,1,,,,,,,,,,0
9222335,,1,,,,,,,,,,0
9222336,,1,,,,,,,,,,0
9222337,,1,,,,,,,,,,0
9222338,,1,,,,,,,,,,0
9222339,,1,,,,,,,,,,0
9222340,,1,,,,,,,,,,0
9222341,,1,,,,,,,,,,0
9222342,,1,,,,,,,,,,0
9222343,,1,,,,,,,,,,0
9222344,,1,,,,,,,,,,0
9222345,,1,,,,,,,,,,0
9222346,,1,,,,,,,,,,0
9222347,,1,,,,,,,,,,0
9222348,,1,,,,,,,,,,0
9222349,,1,,,,,,,,,,0
9222350,,1,,,,,,,,,,0
9222351,,1,,,,,,,,,,0
9222352,,1,,,,,,,,,,0
9222353,,1,,,,,,,,,,0
9222354,,1,,,,,,,,,,0
9222355,,1,,,,,,,,,,0
9222356,,1,,,,,,,,,,0
9222357,,1,,,,,,,,,,0
9222358,,1,,,,,,,,,,0
9222359,,1,,,,,,,,,,0
9222360,,1,,,,,,,,,,0
9222361,,1,,,,,,,,,,0
9222362,,1,,,,,,,,,,0
9222363,,1,,,,,,,,,,0
9222364,,1,,,,,,,,,,0
9222365,,1,,,,,,,,,,0
9222366,,1,,,,,,,,,,0
9222367,,1,,,,,,,,,,0
9222368,,1,,,,,,,,,,0
9222369,,1,,,,,,,,,,0
9222370,,1,,,,,,,,,,0
9222371,,1,,,,,,,,,,0
9222372,,1,,,,,,,,,,0
9222373,,1,,,,,,,,,,0
9222374,,1,,,,,,,,,,0
9222375,,1,,,,,,,,,,0
9222376,,1,,,,,,,,,,0
9222377,,1,,,,,,,,,,0
9222378,,1,,,,,,,,,,0
9222379,,1,,,,,,,,,,0
9222380,,1,,,,,,,,,,0
9222381,,1,,,,,,,,,,0
9222382,,1,,,,,,,,,,0
9222383,,1,,,,,,,,,,0
9222384,,1,,,,,,,,,,0
9222385,,1,,,,,,,,,,0
9222386,,1,,,,,,,,,,0
9222387,,1,,,,,,,,,,0
9222388,,1,,,,,,,,,,0
9222389,,1,,,,,,,,,,0
9222390,,1,,,,,,,,,,0
9222391,,1,,,,,,,,,,0
9222392,,1,,,,,,,,,,0
9222393,,1,,,,,,,,,,0
9222394,,1,,,,,,,,,,0
9222395,,1,,,,,,,,,,0
9222396,,1,,,,,,,,,,0
9222397,,1,,,,,,,,,,0
9222398,,1,,,,,,,,,,0
9222399,,1,,,,,,,,,,0
9222400,,1,,,,,,,,,,0
9222401,,1,,,,,,,,,,0
9222402,,1,,,,,,,,,,0
9222403,,1,,,,,,,,,,0
9222404,,1,,,,,,,,,,0
9222405,,1,,,,,,,,,,0
9222406,,1,,,,,,,,,,0
9222407,,1,,,,,,,,,,0
9222408,,1,,,,,,,,,,0
9222409,,1,,,,,,,,,,0
9222410,,1,,,,,,,,,,0
9222411,,1,,,,,,,,,,0
9222412,,1,,,,,,,,,,0
9222413,,1,,,,,,,,,,0
9222414,,1,,,,,,,,,,0
9222415,,1,,,,,,,,,,0
9222416,,1,,,,,,,,,,0
9222417,,1,,,,,,,,,,0
9222418,,1,,,,,,,,,,0
9222419,,1,,,,,,,,,,0
9222420,,1,,,,,,,,,,0
9222421,,1,,,,,,,,,,0
9222422,,1,,,,,,,,,,0
9222423,,1,,,,,,,,,,0
9222424,,1,,,,,,,,,,0
9222425,,1,,,,,,,,,,0
9222426,,1,,,,,,,,,,0
9222427,,1,,,,,,,,,,0
9222428,,1,,,,,,,,,,0
9222429,,1,,,,,,,,,,0
9222430,,1,,,,,,,,,,0
9222431,,1,,,,,,,,,,0
9222432,,1,,,,,,,,,,0
9222433,,1,,,,,,,,,,0
9222434,,1,,,,,,,,,,0
9222435,,1,,,,,,,,,,0
9222436,,1,,,,,,,,,,0
9222437,,1,,,,,,,,,,0
9222438,,1,,,,,,,,,,0
9222439,,1,,,,,,,,,,0
9222440,,1,,,,,,,,,,0
9222441,,1,,,,,,,,,,0
9222442,,1,,,,,,,,,,0
9222443,,1,,,,,,,,,,0
9222444,,1,,,,,,,,,,0
9222445,,1,,,,,,,,,,0
9222446,,1,,,,,,,,,,0
9222447,,1,,,,,,,,,,0
9222448,,1,,,,,,,,,,0
9222449,,1,,,,,,,,,,0
9222450,,1,,,,,,,,,,0
9222451,,1,,,,,,,,,,0
9222452,,1,,,,,,,,,,0
9222453,,1,,,,,,,,,,0
9222454,,1,,,,,,,,,,0
9222455,,1,,,,,,,,,,0
9222456,,1,,,,,,,,,,0
9222457,,1,,,,,,,,,,0
9222458,,1,,,,,,,,,,0
9222459,,1,,,,,,,,,,0
9222460,,1,,,,,,,,,,0
9222461,,1,,,,,,,,,,0
9222462,,1,,,,,,,,,,0
9222463,,1,,,,,,,,,,0
9222464,,1,,,,,,,,,,0
9222465,,1,,,,,,,,,,0
9222466,,1,,,,,,,,,,0
9222467,,1,,,,,,,,,,0
9222468,,1,,,,,,,,,,0
9222469,,1,,,,,,,,,,0
9222470,,1,,,,,,,,,,0
9222471,,1,,,,,,,,,,0
9222472,,1,,,,,,,,,,0
9222473,,1,,,,,,,,,,0
9222474,,1,,,,,,,,,,0
9222475,,1,,,,,,,,,,0
9222476,,1,,,,,,,,,,0
9222477,,1,,,,,,,,,,0
9222478,,1,,,,,,,,,,0
9222479,,1,,,,,,,,,,0
9222480,,1,,,,,,,,,,0
9222481,,1,,,,,,,,,,0
9222482,,1,,,,,,,,,,0
9222483,,1,,,,,,,,,,0
9222484,,1,,,,,,,,,,0
9222485,,1,,,,,,,,,,0
9222486,,1,,,,,,,,,,0
9222487,,1,,,,,,,,,,0
1411974,,2,,,,,,,,,,0
1411975,,2,,,,,,,,,,0
1411976,,2,,,,,,,,,,0
1411977,,2,,,,,,,,,,0
1411978,,2,,,,,,,,,,0
1411979,,2,,,,,,,,,,0
1411980,,2,,,,,,,,,,0
1411981,,2,,,,,,,,,,0
1411982,,2,,,,,,,,,,0
1411983,,2,,,,,,,,,,0
1411984,,2,,,,,,,,,,0
1411985,,2,,,,,,,,,,0
1411986,,2,,,,,,,,,,0
1411987,,2,,,,,,,,,,0
1411988,,2,,,,,,,,,,0
1411989,,2,,,,,,,,,,0
1411990,,2,,,,,,,,,,0
1411991,,2,,,,,,,,,,0
1411992,,2,,,,,,,,,,0
1411993,,2,,,,,,,,,,0
1411994,,2,,,,,,,,,,0
1411995,,2,,,,,,,,,,0
1411996,,2,,,,,,,,,,0
1411997,,2,,,,,,,,,,0
1411998,,2,,,,,,,,,,0
1411999,,2,,,,,,,,,,0
1412000,,2,,,,,,,,,,0
1412001,,2,,,,,,,,,,0
1412002,,2,,,,,,,,,,0
1412003,,2,,,,,,,,,,0
1412004,,2,,,,,,,,,,0
1412005,,2,,,,,,,,,,0
1412006,,2,,,,,,,,,,0
1412007,,2,,,,,,,,,,0
1412008,,2,,,,,,,,,,0
1412009,,2,,,,,,,,,,0
1412010,,2,,,,,,,,,,0
1412011,,2,,,,,,,,,,0
1412012,,2,,,,,,,,,,0
1412013,,2,,,,,,,,,,0
1412014,,2,,,,,,,,,,0
1412015,,2,,,,,,,,,,0
1412016,,2,,,,,,,,,,0
1412017,,2,,,,,,,,,,0
1412018,,2,,,,,,,,,,0
1412019,,2,,,,,,,,,,0
1412020,,2,,,,,,,,,,0
1412021,,2,,,,,,,,,,0
1412022,,2,,,,,,,,,,0
1412023,,2,,,,,,,,,,0
1412024,,2,,,,,,,,,,0
1412025,,2,,,,,,,,,,0
1412026,,2,,,,,,,,,,0
1412027,,2,,,,,,,,,,0
1412028,,2,,,,,,,,,,0
1412029,,2,,,,,,,,,,0
1412030,,2,,,,,,,,,,0
1412031,,2,,,,,,,,,,0
1412032,,2,,,,,,,,,,0
1412033,,2,,,,,,,,,,0
1412034,,2,,,,,,,,,,0
1412035,,2,,,,,,,,,,0
1412036,,2,,,,,,,,,,0
1412037,,2,,,,,,,,,,0
1412038,,2,,,,,,,,,,0
1412039,,2,,,,,,,,,,0
1412040,,2,,,,,,,,,,0
1412041,,2,,,,,,,,,,0
1412042,,2,,,,,,,,,,0
1412043,,2,,,,,,,,,,0
1412044,,2,,,,,,,,,,0
1412045,,2,,,,,,,,,,0
1412046,,2,,,,,,,,,,0
1412047,,2,,,,,,,,,,0
1412048,,2,,,,,,,,,,0
1412049,,2,,,,,,,,,,0
1412050,,2,,,,,,,,,,0
1412051,,2,,,,,,,,,,0
1412052,,2,,,,,,,,,,0
1412053,,2,,,,,,,,,,0
1412054,,2,,,,,,,,,,0
1412055,,2,,,,,,,,,,0
1412056,,2,,,,,,,,,,0
1412057,,2,,,,,,,,,,0
1412058,,2,,,,,,,,,,0
1412059,,2,,,,,,,,,,0
1412060,,2,,,,,,,,,,0
1412061,,2,,,,,,,,,,0
1412062,,2,,,,,,,,,,0
1412063,,2,,,,,,,,,,0
1412064,,2,,,,,,,,,,0
1412065,,2,,,,,,,,,,0
1412066,,2,,,,,,,,,,0
1412067,,2,,,,,,,,,,0
1412068,,2,,,,,,,,,,0
1412069,,2,,,,,,,,,,0
1412070,,2,,,,,,,,,,0
1412071,,2,,,,,,,,,,0
1412072,,2,,,,,,,,,,0
1412073,,2,,,,,,,,,,0
1412074,,2,,,,,,,,,,0
1412075,,2,,,,,,,,,,0
1412076,,2,,,,,,,,,,0
1412077,,2,,,,,,,,,,0
1412078,,2,,,,,,,,,,0
1412079,,2,,,,,,,,,,0
1412080,,2,,,,,,,,,,0
1412081,,2,,,,,,,,,,0
1412082,,2,,,,,,,,,,0
1412083,,2,,,,,,,,,,0
1412084,,2,,,,,,,,,,0
1412085,,2,,,,,,,,,,0
1412086,,2,,,,,,,,,,0
1412087,,2,,,,,,,,,,0
1412088,,2,,,,,,,,,,0
1412089,,2,,,,,,,,,,0
1412090,,2,,,,,,,,,,0
1412091,,2,,,,,,,,,,0
1412092,,2,,,,,,,,,,0
1412093,,2,,,,,,,,,,0
1412094,,2,,,,,,,,,,0
1412095,,2,,,,,,,,,,0
1412096,,2,,,,,,,,,,0
1412097,,2,,,,,,,,,,0
1412098,,2,,,,,,,,,,0
1412099,,2,,,,,,,,,,0
1412100,,2,,,,,,,,,,0
1412101,,2,,,,,,,,,,0
1412102,,2,,,,,,,,,,0
1412103,,2,,,,,,,,,,0
1412104,,2,,,,,,,,,,0
1412105,,2,,,,,,,,,,0
1412106,,2,,,,,,,,,,0
1412107,,2,,,,,,,,,,0
1412108,,2,,,,,,,,,,0
1412109,,2,,,,,,,,,,0
1412110,,2,,,,,,,,,,0
1412111,,2,,,,,,,,,,0
1412112,,2,,,,,,,,,,0
1412113,,2,,,,,,,,,,0
1412114,,2,,,,,,,,,,0
1412115,,2,,,,,,,,,,0
1412116,,2,,,,,,,,,,0
1412117,,2,,,,,,,,,,0
1412118,,2,,,,,,,,,,0
1412119,,2,,,,,,,,,,0
1412120,,2,,,,,,,,,,0
1412121,,2,,,,,,,,,,0
1412122,,2,,,,,,,,,,0
1412123,,2,,,,,,,,,,0
1412124,,2,,,,,,,,,,0
1412125,,2,,,,,,,,,,0
1412126,,2,,,,,,,,,,0
1412127,,2,,,,,,,,,,0
1412128,,2,,,,,,,,,,0
1412129,,2,,,,,,,,,,0
1412130,,2,,,,,,,,,,0
1412131,,2,,,,,,,,,,0
1412132,,2,,,,,,,,,,0
1412133,,2,,,,,,,,,,0
1412134,,2,,,,,,,,,,0
1412135,,2,,,,,,,,,,0
1412136,,2,,,,,,,,,,0
1412137,,2,,,,,,,,,,0
1412138,,2,,,,,,,,,,0
1412139,,2,,,,,,,,,,0
1412140,,2,,,,,,,,,,0
1412141,,2,,,,,,,,,,0
1412142,,2,,,,,,,,,,0
1412143,,2,,,,,,,,,,0
1412144,,2,,,,,,,,,,0
1412145,,2,,,,,,,,,,0
1412146,,2,,,,,,,,,,0
1412147,,2,,,,,,,,,,0
1412148,,2,,,,,,,,,,0
1412149,,2,,,,,,,,,,0
1412150,,2,,,,,,,,,,0
1412151,,2,,,,,,,,,,0
1412152,,2,,,,,,,,,,0
1412153,,2,,,,,,,,,,0
1412154,,2,,,,,,,,,,0
1412155,,2,,,,,,,,,,0
1412156,,2,,,,,,,,,,0
1412157,,2,,,,,,,,,,0
1412158,,2,,,,,,,,,,0
1412159,,2,,,,,,,,,,0
1412160,,2,,,,,,,,,,0
1412161,,2,,,,,,,,,,0
1412162,,2,,,,,,,,,,0
1412163,,2,,,,,,,,,,0
1412164,,2,,,,,,,,,,0
1412165,,2,,,,,,,,,,0
1412166,,2,,,,,,,,,,0
1412167,,2,,,,,,,,,,0
1412168,,2,,,,,,,,,,0
1412169,,2,,,,,,,,,,0
1412170,,2,,,,,,,,,,0
1412171,,2,,,,,,,,,,0
1412172,,2,,,,,,,,,,0
1412173,,2,,,,,,,,,,0
1412174,,2,,,,,,,,,,0
1412175,,2,,,,,,,,,,0
1412176,,2,,,,,,,,,,0
1412177,,2,,,,,,,,,,0
1412178,,2,,,,,,,,,,0
1412179,,2,,,,,,,,,,0
1412180,,2,,,,,,,,,,0
1412181,,2,,,,,,,,,,0
1412182,,2,,,,,,,,,,0
1412183,,2,,,,,,,,,,0
1412184,,2,,,,,,,,,,0
1412185,,2,,,,,,,,,,0
1412186,,2,,,,,,,,,,0
1412187,,2,,,,,,,,,,0
1412188,,2,,,,,,,,,,0
1412189,,2,,,,,,,,,,0
1412190,,2,,,,,,,,,,0
1412191,,2,,,,,,,,,,0
1412192,,2,,,,,,,,,,0
1412193,,2,,,,,,,,,,0
1412194,,2,,,,,,,,,,0
1412195,,2,,,,,,,,,,0
1412196,,2,,,,,,,,,,0
1412197,,2,,,,,,,,,,0
1412198,,2,,,,,,,,,,0
1412199,,2,,,,,,,,,,0
1412200,,2,,,,,,,,,,0
1412201,,2,,,,,,,,,,0
1412202,,2,,,,,,,,,,0
1412203,,2,,,,,,,,,,0
1412204,,2,,,,,,,,,,0
1412205,,2,,,,,,,,,,0
1412206,,2,,,,,,,,,,0
1412207,,2,,,,,,,,,,0
1412208,,2,,,,,,,,,,0
1412209,,2,,,,,,,,,,0
1412210,,2,,,,,,,,,,0
1412211,,2,,,,,,,,,,0
1412212,,2,,,,,,,,,,0
1412213,,2,,,,,,,,,,0
1412214,,2,,,,,,,,,,0
1412215,,2,,,,,,,,,,0
1412216,,2,,,,,,,,,,0
1412217,,2,,,,,,,,,,0
1412218,,2,,,,,,,,,,0
1412219,,2,,,,,,,,,,0
1412220,,2,,,,,,,,,,0
1412221,,2,,,,,,,,,,0
1412222,,2,,,,,,,,,,0
1412223,,2,,,,,,,,,,0
1412224,,2,,,,,,,,,,0
1412225,,2,,,,,,,,,,0
1412226,,2,,,,,,,,,,0
1412227,,2,,,,,,,,,,0
1412228,,2,,,,,,,,,,0
1412229,,2,,,,,,,,,,0
1412230,,2,,,,,,,,,,0
1412231,,2,,,,,,,,,,0
1412232,,2,,,,,,,,,,0
1412233,,2,,,,,,,,,,0
1412234,,2,,,,,,,,,,0
1412235,,2,,,,,,,,,,0
1412236,,2,,,,,,,,,,0
1412237,,2,,,,,,,,,,0
1412238,,2,,,,,,,,,,0
1412239,,2,,,,,,,,,,0
1412240,,2,,,,,,,,,,0
1412241,,2,,,,,,,,,,0
1412242,,2,,,,,,,,,,0
1412243,,2,,,,,,,,,,0
1412244,,2,,,,,,,,,,0
1412245,,2,,,,,,,,,,0
1412246,,2,,,,,,,,,,0
1412247,,2,,,,,,,,,,0
1412248,,2,,,,,,,,,,0
1412249,,2,,,,,,,,,,0
1412250,,2,,,,,,,,,,0
1412251,,2,,,,,,,,,,0
1412252,,2,,,,,,,,,,0
1412253,,2,,,,,,,,,,0
1412254,,2,,,,,,,,,,0
1412255,,2,,,,,,,,,,0
1412256,,2,,,,,,,,,,0
1412257,,2,,,,,,,,,,0
1412258,,2,,,,,,,,,,0
1412259,,2,,,,,,,,,,0
1412260,,2,,,,,,,,,,0
1412261,,2,,,,,,,,,,0
1412262,,2,,,,,,,,,,0
1412263,,2,,,,,,,,,,0
1412264,,2,,,,,,,,,,0
1412265,,2,,,,,,,,,,0
1412266,,2,,,,,,,,,,0
1412267,,2,,,,,,,,,,0
1412268,,2,,,,,,,,,,0
1412269,,2,,,,,,,,,,0
1412270,,2,,,,,,,,,,0
1412271,,2,,,,,,,,,,0
1412272,,2,,,,,,,,,,0
1412273,,2,,,,,,,,,,0
1412274,,2,,,,,,,,,,0
1412275,,2,,,,,,,,,,0
1412276,,2,,,,,,,,,,0
1412277,,2,,,,,,,,,,0
1412278,,2,,,,,,,,,,0
1412279,,2,,,,,,,,,,0
1412280,,2,,,,,,,,,,0
1412281,,2,,,,,,,,,,0
1412282,,2,,,,,,,,,,0
1412283,,2,,,,,,,,,,0
1412284,,2,,,,,,,,,,0
1412285,,2,,,,,,,,,,0
1412286,,2,,,,,,,,,,0
1412287,,2,,,,,,,,,,0
1412288,,2,,,,,,,,,,0
1412289,,2,,,,,,,,,,0
1412290,,2,,,,,,,,,,0
1412291,,2,,,,,,,,,,0
1412292,,2,,,,,,,,,,0
1412293,,2,,,,,,,,,,0
1412294,,2,,,,,,,,,,0
1412295,,2,,,,,,,,,,0
1412296,,2,,,,,,,,,,0
1412297,,2,,,,,,,,,,0
1412298,,2,,,,,,,,,,0
1412299,,2,,,,,,,,,,0
1412300,,2,,,,,,,,,,0
1412301,,2,,,,,,,,,,0
1412302,,2,,,,,,,,,,0
1412303,,2,,,,,,,,,,0
1412304,,2,,,,,,,,,,0
1412305,,2,,,,,,,,,,0
1412306,,2,,,,,,,,,,0
1412307,,2,,,,,,,,,,0
1412308,,2,,,,,,,,,,0
1412309,,2,,,,,,,,,,0
1412310,,2,,,,,,,,,,0
1412311,,2,,,,,,,,,,0
1412312,,2,,,,,,,,,,0
1412313,,2,,,,,,,,,,0
1412314,,2,,,,,,,,,,0
1412315,,2,,,,,,,,,,0
1412316,,2,,,,,,,,,,0
1412317,,2,,,,,,,,,,0
1412318,,2,,,,,,,,,,0
1412319,,2,,,,,,,,,,0
1412320,,2,,,,,,,,,,0
1412321,,2,,,,,,,,,,0
1412322,,2,,,,,,,,,,0
1412323,,2,,,,,,,,,,0
1412324,,2,,,,,,,,,,0
1412325,,2,,,,,,,,,,0
1412326,,2,,,,,,,,,,0
1412327,,2,,,,,,,,,,0
1412328,,2,,,,,,,,,,0
1412329,,2,,,,,,,,,,0
1412330,,2,,,,,,,,,,0
1412331,,2,,,,,,,,,,0
1412332,,2,,,,,,,,,,0
1412333,,2,,,,,,,,,,0
1412334,,2,,,,,,,,,,0
1412335,,2,,,,,,,,,,0
1412336,,2,,,,,,,,,,0
1412337,,2,,,,,,,,,,0
1412338,,2,,,,,,,,,,0
1412339,,2,,,,,,,,,,0
1412340,,2,,,,,,,,,,0
1412341,,2,,,,,,,,,,0
1412342,,2,,,,,,,,,,0
1412343,,2,,,,,,,,,,0
1412344,,2,,,,,,,,,,0
1412345,,2,,,,,,,,,,0
1412346,,2,,,,,,,,,,0
1412347,,2,,,,,,,,,,0
1412348,,2,,,,,,,,,,0
1412349,,2,,,,,,,,,,0
1412350,,2,,,,,,,,,,0
1412351,,2,,,,,,,,,,0
1412352,,2,,,,,,,,,,0
1412353,,2,,,,,,,,,,0
1412354,,2,,,,,,,,,,0
1412355,,2,,,,,,,,,,0
1412356,,2,,,,,,,,,,0
1412357,,2,,,,,,,,,,0
1412358,,2,,,,,,,,,,0
1412359,,2,,,,,,,,,,0
1412360,,2,,,,,,,,,,0
1412361,,2,,,,,,,,,,0
1412362,,2,,,,,,,,,,0
1412363,,2,,,,,,,,,,0
1412364,,2,,,,,,,,,,0
1412365,,2,,,,,,,,,,0
1412366,,2,,,,,,,,,,0
1412367,,2,,,,,,,,,,0
1412368,,2,,,,,,,,,,0
1412369,,2,,,,,,,,,,0
1412370,,2,,,,,,,,,,0
1412371,,2,,,,,,,,,,0
1412372,,2,,,,,,,,,,0
1412373,,2,,,,,,,,,,0
1412374,,2,,,,,,,,,,0
1412375,,2,,,,,,,,,,0
1412376,,2,,,,,,,,,,0
1412377,,2,,,,,,,,,,0
1412378,,2,,,,,,,,,,0
1412379,,2,,,,,,,,,,0
1412380,,2,,,,,,,,,,0
1412381,,2,,,,,,,,,,0
1412382,,2,,,,,,,,,,0
1412383,,2,,,,,,,,,,0
1412384,,2,,,,,,,,,,0
1412385,,2,,,,,,,,,,0
1412386,,2,,,,,,,,,,0
1412387,,2,,,,,,,,,,0
1412388,,2,,,,,,,,,,0
1412389,,2,,,,,,,,,,0
1412390,,2,,,,,,,,,,0
1412391,,2,,,,,,,,,,0
1412392,,2,,,,,,,,,,0
1412393,,2,,,,,,,,,,0
1412394,,2,,,,,,,,,,0
1412395,,2,,,,,,,,,,0
1412396,,2,,,,,,,,,,0
1412397,,2,,,,,,,,,,0
1412398,,2,,,,,,,,,,0
1412399,,2,,,,,,,,,,0
1412400,,2,,,,,,,,,,0
1412401,,2,,,,,,,,,,0
1412402,,2,,,,,,,,,,0
1412403,,2,,,,,,,,,,0
1412404,,2,,,,,,,,,,0
1412405,,2,,,,,,,,,,0
1412406,,2,,,,,,,,,,0
1412407,,2,,,,,,,,,,0
1412408,,2,,,,,,,,,,0
1412409,,2,,,,,,,,,,0
1412410,,2,,,,,,,,,,0
1412411,,2,,,,,,,,,,0
1412412,,2,,,,,,,,,,0
1412413,,2,,,,,,,,,,0
1412414,,2,,,,,,,,,,0
1412415,,2,,,,,,,,,,0
1412416,,2,,,,,,,,,,0
1412417,,2,,,,,,,,,,0
1412418,,2,,,,,,,,,,0
1412419,,2,,,,,,,,,,0
1412420,,2,,,,,,,,,,0
1412421,,2,,,,,,,,,,0
1412422,,2,,,,,,,,,,0
1412423,,2,,,,,,,,,,0
1412424,,2,,,,,,,,,,0
1412425,,2,,,,,,,,,,0
1412426,,2,,,,,,,,,,0
1412427,,2,,,,,,,,,,0
1412428,,2,,,,,,,,,,0
1412429,,2,,,,,,,,,,0
1412430,,2,,,,,,,,,,0
1412431,,2,,,,,,,,,,0
1412432,,2,,,,,,,,,,0
1412433,,2,,,,,,,,,,0
1412434,,2,,,,,,,,,,0
1412435,,2,,,,,,,,,,0
1412436,,2,,,,,,,,,,0
1412437,,2,,,,,,,,,,0
1412438,,2,,,,,,,,,,0
1412439,,2,,,,,,,,,,0
1412440,,2,,,,,,,,,,0
1412441,,2,,,,,,,,,,0
1412442,,2,,,,,,,,,,0
1412443,,2,,,,,,,,,,0
1412444,,2,,,,,,,,,,0
1412445,,2,,,,,,,,,,0
1412446,,2,,,,,,,,,,0
1412447,,2,,,,,,,,,,0
1412448,,2,,,,,,,,,,0
1412449,,2,,,,,,,,,,0
1412450,,2,,,,,,,,,,0
1412451,,2,,,,,,,,,,0
1412452,,2,,,,,,,,,,0
1412453,,2,,,,,,,,,,0
1412454,,2,,,,,,,,,,0
1412455,,2,,,,,,,,,,0
1412456,,2,,,,,,,,,,0
1412457,,2,,,,,,,,,,0
1412458,,2,,,,,,,,,,0
1412459,,2,,,,,,,,,,0
1412460,,2,,,,,,,,,,0
1412461,,2,,,,,,,,,,0
1412462,,2,,,,,,,,,,0
1412463,,2,,,,,,,,,,0
1412464,,2,,,,,,,,,,0
1412465,,2,,,,,,,,,,0
1412466,,2,,,,,,,,,,0
1412467,,2,,,,,,,,,,0
1412468,,2,,,,,,,,,,0
1412469,,2,,,,,,,,,,0
1412470,,2,,,,,,,,,,0
1412471,,2,,,,,,,,,,0
1412472,,2,,,,,,,,,,0
1412473,,2,,,,,,,,,,0
9222488,,1,,,,,,,,,,0
9222489,,1,,,,,,,,,,0
9222490,,1,,,,,,,,,,0
9222491,,1,,,,,,,,,,0
9222492,,1,,,,,,,,,,0
9222493,,1,,,,,,,,,,0
9222494,,1,,,,,,,,,,0
9222495,,1,,,,,,,,,,0
9222496,,1,,,,,,,,,,0
9222497,,1,,,,,,,,,,0
9222498,,1,,,,,,,,,,0
9222499,,1,,,,,,,,,,0
9222500,,1,,,,,,,,,,0
9222501,,1,,,,,,,,,,0
9222502,,1,,,,,,,,,,0
9222503,,1,,,,,,,,,,0
9222504,,1,,,,,,,,,,0
9222505,,1,,,,,,,,,,0
9222506,,1,,,,,,,,,,0
9222507,,1,,,,,,,,,,0
9222508,,1,,,,,,,,,,0
9222509,,1,,,,,,,,,,0
9222510,,1,,,,,,,,,,0
9222511,,1,,,,,,,,,,0
9222512,,1,,,,,,,,,,0
9222513,,1,,,,,,,,,,0
9222514,,1,,,,,,,,,,0
9222515,,1,,,,,,,,,,0
9222516,,1,,,,,,,,,,0
9222517,,1,,,,,,,,,,0
9222518,,1,,,,,,,,,,0
9222519,,1,,,,,,,,,,0
9222520,,1,,,,,,,,,,0
9222521,,1,,,,,,,,,,0
9222522,,1,,,,,,,,,,0
9222523,,1,,,,,,,,,,0
9222524,,1,,,,,,,,,,0
9222525,,1,,,,,,,,,,0
9222526,,1,,,,,,,,,,0
9222527,,1,,,,,,,,,,0
9222528,,1,,,,,,,,,,0
9222529,,1,,,,,,,,,,0
9222530,,1,,,,,,,,,,0
9222531,,1,,,,,,,,,,0
9222532,,1,,,,,,,,,,0
9222533,,1,,,,,,,,,,0
9222534,,1,,,,,,,,,,0
9222535,,1,,,,,,,,,,0
9222536,,1,,,,,,,,,,0
9222537,,1,,,,,,,,,,0
9222538,,1,,,,,,,,,,0
9222539,,1,,,,,,,,,,0
9222540,,1,,,,,,,,,,0
9222541,,1,,,,,,,,,,0
9222542,,1,,,,,,,,,,0
9222543,,1,,,,,,,,,,0
9222544,,1,,,,,,,,,,0
9222545,,1,,,,,,,,,,0
9222546,,1,,,,,,,,,,0
9222547,,1,,,,,,,,,,0
9222548,,1,,,,,,,,,,0
9222549,,1,,,,,,,,,,0
9222550,,1,,,,,,,,,,0
9222551,,1,,,,,,,,,,0
9222552,,1,,,,,,,,,,0
9222553,,1,,,,,,,,,,0
9222554,,1,,,,,,,,,,0
9222555,,1,,,,,,,,,,0
9222556,,1,,,,,,,,,,0
9222557,,1,,,,,,,,,,0
9222558,,1,,,,,,,,,,0
9222559,,1,,,,,,,,,,0
9222560,,1,,,,,,,,,,0
9222561,,1,,,,,,,,,,0
9222562,,1,,,,,,,,,,0
9222563,,1,,,,,,,,,,0
9222564,,1,,,,,,,,,,0
9222565,,1,,,,,,,,,,0
9222566,,1,,,,,,,,,,0
9222567,,1,,,,,,,,,,0
9222568,,1,,,,,,,,,,0
9222569,,1,,,,,,,,,,0
9222570,,1,,,,,,,,,,0
9222571,,1,,,,,,,,,,0
9222572,,1,,,,,,,,,,0
9222573,,1,,,,,,,,,,0
9222574,,1,,,,,,,,,,0
9222575,,1,,,,,,,,,,0
9222576,,1,,,,,,,,,,0
9222577,,1,,,,,,,,,,0
9222578,,1,,,,,,,,,,0
9222579,,1,,,,,,,,,,0
9222580,,1,,,,,,,,,,0
9222581,,1,,,,,,,,,,0
9222582,,1,,,,,,,,,,0
9222583,,1,,,,,,,,,,0
9222584,,1,,,,,,,,,,0
9222585,,1,,,,,,,,,,0
9222586,,1,,,,,,,,,,0
9222587,,1,,,,,,,,,,0
9222588,,1,,,,,,,,,,0
9222589,,1,,,,,,,,,,0
9222590,,1,,,,,,,,,,0
9222591,,1,,,,,,,,,,0
9222592,,1,,,,,,,,,,0
9222593,,1,,,,,,,,,,0
9222594,,1,,,,,,,,,,0
9222595,,1,,,,,,,,,,0
9222596,,1,,,,,,,,,,0
9222597,,1,,,,,,,,,,0
9222598,,1,,,,,,,,,,0
9222599,,1,,,,,,,,,,0
9222600,,1,,,,,,,,,,0
9222601,,1,,,,,,,,,,0
9222602,,1,,,,,,,,,,0
9222603,,1,,,,,,,,,,0
9222604,,1,,,,,,,,,,0
9222605,,1,,,,,,,,,,0
9222606,,1,,,,,,,,,,0
9222607,,1,,,,,,,,,,0
9222608,,1,,,,,,,,,,0
9222609,,1,,,,,,,,,,0
9222610,,1,,,,,,,,,,0
9222611,,1,,,,,,,,,,0
9222612,,1,,,,,,,,,,0
9222613,,1,,,,,,,,,,0
9222614,,1,,,,,,,,,,0
9222615,,1,,,,,,,,,,0
9222616,,1,,,,,,,,,,0
9222617,,1,,,,,,,,,,0
9222618,,1,,,,,,,,,,0
9222619,,1,,,,,,,,,,0
9222620,,1,,,,,,,,,,0
9222621,,1,,,,,,,,,,0
9222622,,1,,,,,,,,,,0
9222623,,1,,,,,,,,,,0
9222624,,1,,,,,,,,,,0
9222625,,1,,,,,,,,,,0
9222626,,1,,,,,,,,,,0
9222627,,1,,,,,,,,,,0
9222628,,1,,,,,,,,,,0
9222629,,1,,,,,,,,,,0
9222630,,1,,,,,,,,,,0
9222631,,1,,,,,,,,,,0
9222632,,1,,,,,,,,,,0
9222633,,1,,,,,,,,,,0
9222634,,1,,,,,,,,,,0
9222635,,1,,,,,,,,,,0
9222636,,1,,,,,,,,,,0
9222637,,1,,,,,,,,,,0
9222638,,1,,,,,,,,,,0
9222639,,1,,,,,,,,,,0
9222640,,1,,,,,,,,,,0
9222641,,1,,,,,,,,,,0
9222642,,1,,,,,,,,,,0
9222643,,1,,,,,,,,,,0
9222644,,1,,,,,,,,,,0
9222645,,1,,,,,,,,,,0
9222646,,1,,,,,,,,,,0
9222647,,1,,,,,,,,,,0
9222648,,1,,,,,,,,,,0
9222649,,1,,,,,,,,,,0
9222650,,1,,,,,,,,,,0
9222651,,1,,,,,,,,,,0
9222652,,1,,,,,,,,,,0
9222653,,1,,,,,,,,,,0
9222654,,1,,,,,,,,,,0
9222655,,1,,,,,,,,,,0
9222656,,1,,,,,,,,,,0
9222657,,1,,,,,,,,,,0
9222658,,1,,,,,,,,,,0
9222659,,1,,,,,,,,,,0
9222660,,1,,,,,,,,,,0
9222661,,1,,,,,,,,,,0
9222662,,1,,,,,,,,,,0
9222663,,1,,,,,,,,,,0
9222664,,1,,,,,,,,,,0
9222665,,1,,,,,,,,,,0
9222666,,1,,,,,,,,,,0
9222667,,1,,,,,,,,,,0
9222668,,1,,,,,,,,,,0
9222669,,1,,,,,,,,,,0
9222670,,1,,,,,,,,,,0
9222671,,1,,,,,,,,,,0
9222672,,1,,,,,,,,,,0
9222673,,1,,,,,,,,,,0
9222674,,1,,,,,,,,,,0
9222675,,1,,,,,,,,,,0
9222676,,1,,,,,,,,,,0
9222677,,1,,,,,,,,,,0
9222678,,1,,,,,,,,,,0
9222679,,1,,,,,,,,,,0
9222680,,1,,,,,,,,,,0
9222681,,1,,,,,,,,,,0
9222682,,1,,,,,,,,,,0
9222683,,1,,,,,,,,,,0
9222684,,1,,,,,,,,,,0
9222685,,1,,,,,,,,,,0
9222686,,1,,,,,,,,,,0
9222687,,1,,,,,,,,,,0
9222688,,1,,,,,,,,,,0
9222689,,1,,,,,,,,,,0
9222690,,1,,,,,,,,,,0
9222691,,1,,,,,,,,,,0
9222692,,1,,,,,,,,,,0
9222693,,1,,,,,,,,,,0
9222694,,1,,,,,,,,,,0
9222695,,1,,,,,,,,,,0
9222696,,1,,,,,,,,,,0
9222697,,1,,,,,,,,,,0
9222698,,1,,,,,,,,,,0
9222699,,1,,,,,,,,,,0
9222700,,1,,,,,,,,,,0
9222701,,1,,,,,,,,,,0
9222702,,1,,,,,,,,,,0
9222703,,1,,,,,,,,,,0
9222704,,1,,,,,,,,,,0
9222705,,1,,,,,,,,,,0
9222706,,1,,,,,,,,,,0
9222707,,1,,,,,,,,,,0
9222708,,1,,,,,,,,,,0
9222709,,1,,,,,,,,,,0
9222710,,1,,,,,,,,,,0
9222711,,1,,,,,,,,,,0
9222712,,1,,,,,,,,,,0
9222713,,1,,,,,,,,,,0
9222714,,1,,,,,,,,,,0
9222715,,1,,,,,,,,,,0
9222716,,1,,,,,,,,,,0
9222717,,1,,,,,,,,,,0
9222718,,1,,,,,,,,,,0
9222719,,1,,,,,,,,,,0
9222720,,1,,,,,,,,,,0
9222721,,1,,,,,,,,,,0
9222722,,1,,,,,,,,,,0
9222723,,1,,,,,,,,,,0
9222724,,1,,,,,,,,,,0
9222725,,1,,,,,,,,,,0
9222726,,1,,,,,,,,,,0
9222727,,1,,,,,,,,,,0
9222728,,1,,,,,,,,,,0
9222729,,1,,,,,,,,,,0
9222730,,1,,,,,,,,,,0
9222731,,1,,,,,,,,,,0
9222732,,1,,,,,,,,,,0
9222733,,1,,,,,,,,,,0
9222734,,1,,,,,,,,,,0
9222735,,1,,,,,,,,,,0
9222736,,1,,,,,,,,,,0
9222737,,1,,,,,,,,,,0
9222738,,1,,,,,,,,,,0
9222739,,1,,,,,,,,,,0
9222740,,1,,,,,,,,,,0
9222741,,1,,,,,,,,,,0
9222742,,1,,,,,,,,,,0
9222743,,1,,,,,,,,,,0
9222744,,1,,,,,,,,,,0
9222745,,1,,,,,,,,,,0
9222746,,1,,,,,,,,,,0
9222747,,1,,,,,,,,,,0
9222748,,1,,,,,,,,,,0
9222749,,1,,,,,,,,,,0
9222750,,1,,,,,,,,,,0
9222751,,1,,,,,,,,,,0
9222752,,1,,,,,,,,,,0
9222753,,1,,,,,,,,,,0
9222754,,1,,,,,,,,,,0
9222755,,1,,,,,,,,,,0
9222756,,1,,,,,,,,,,0
9222757,,1,,,,,,,,,,0
9222758,,1,,,,,,,,,,0
9222759,,1,,,,,,,,,,0
9222760,,1,,,,,,,,,,0
9222761,,1,,,,,,,,,,0
9222762,,1,,,,,,,,,,0
9222763,,1,,,,,,,,,,0
9222764,,1,,,,,,,,,,0
9222765,,1,,,,,,,,,,0
9222766,,1,,,,,,,,,,0
9222767,,1,,,,,,,,,,0
9222768,,1,,,,,,,,,,0
9222769,,1,,,,,,,,,,0
9222770,,1,,,,,,,,,,0
9222771,,1,,,,,,,,,,0
9222772,,1,,,,,,,,,,0
9222773,,1,,,,,,,,,,0
9222774,,1,,,,,,,,,,0
9222775,,1,,,,,,,,,,0
9222776,,1,,,,,,,,,,0
9222777,,1,,,,,,,,,,0
9222778,,1,,,,,,,,,,0
9222779,,1,,,,,,,,,,0
9222780,,1,,,,,,,,,,0
9222781,,1,,,,,,,,,,0
9222782,,1,,,,,,,,,,0
9222783,,1,,,,,,,,,,0
9222784,,1,,,,,,,,,,0
9222785,,1,,,,,,,,,,0
9222786,,1,,,,,,,,,,0
9222787,,1,,,,,,,,,,0
9222788,,1,,,,,,,,,,0
9222789,,1,,,,,,,,,,0
9222790,,1,,,,,,,,,,0
9222791,,1,,,,,,,,,,0
9222792,,1,,,,,,,,,,0
9222793,,1,,,,,,,,,,0
9222794,,1,,,,,,,,,,0
9222795,,1,,,,,,,,,,0
9222796,,1,,,,,,,,,,0
9222797,,1,,,,,,,,,,0
9222798,,1,,,,,,,,,,0
9222799,,1,,,,,,,,,,0
9222800,,1,,,,,,,,,,0
9222801,,1,,,,,,,,,,0
9222802,,1,,,,,,,,,,0
9222803,,1,,,,,,,,,,0
9222804,,1,,,,,,,,,,0
9222805,,1,,,,,,,,,,0
9222806,,1,,,,,,,,,,0
9222807,,1,,,,,,,,,,0
9222808,,1,,,,,,,,,,0
9222809,,1,,,,,,,,,,0
9222810,,1,,,,,,,,,,0
9222811,,1,,,,,,,,,,0
9222812,,1,,,,,,,,,,0
9222813,,1,,,,,,,,,,0
9222814,,1,,,,,,,,,,0
9222815,,1,,,,,,,,,,0
9222816,,1,,,,,,,,,,0
9222817,,1,,,,,,,,,,0
9222818,,1,,,,,,,,,,0
9222819,,1,,,,,,,,,,0
9222820,,1,,,,,,,,,,0
9222821,,1,,,,,,,,,,0
9222822,,1,,,,,,,,,,0
9222823,,1,,,,,,,,,,0
9222824,,1,,,,,,,,,,0
9222825,,1,,,,,,,,,,0
9222826,,1,,,,,,,,,,0
9222827,,1,,,,,,,,,,0
9222828,,1,,,,,,,,,,0
9222829,,1,,,,,,,,,,0
9222830,,1,,,,,,,,,,0
9222831,,1,,,,,,,,,,0
9222832,,1,,,,,,,,,,0
9222833,,1,,,,,,,,,,0
9222834,,1,,,,,,,,,,0
9222835,,1,,,,,,,,,,0
9222836,,1,,,,,,,,,,0
9222837,,1,,,,,,,,,,0
9222838,,1,,,,,,,,,,0
9222839,,1,,,,,,,,,,0
9222840,,1,,,,,,,,,,0
9222841,,1,,,,,,,,,,0
9222842,,1,,,,,,,,,,0
9222843,,1,,,,,,,,,,0
9222844,,1,,,,,,,,,,0
9222845,,1,,,,,,,,,,0
9222846,,1,,,,,,,,,,0
9222847,,1,,,,,,,,,,0
9222848,,1,,,,,,,,,,0
9222849,,1,,,,,,,,,,0
9222850,,1,,,,,,,,,,0
9222851,,1,,,,,,,,,,0
9222852,,1,,,,,,,,,,0
9222853,,1,,,,,,,,,,0
9222854,,1,,,,,,,,,,0
9222855,,1,,,,,,,,,,0
9222856,,1,,,,,,,,,,0
9222857,,1,,,,,,,,,,0
9222858,,1,,,,,,,,,,0
9222859,,1,,,,,,,,,,0
9222860,,1,,,,,,,,,,0
9222861,,1,,,,,,,,,,0
9222862,,1,,,,,,,,,,0
9222863,,1,,,,,,,,,,0
9222864,,1,,,,,,,,,,0
9222865,,1,,,,,,,,,,0
9222866,,1,,,,,,,,,,0
9222867,,1,,,,,,,,,,0
9222868,,1,,,,,,,,,,0
9222869,,1,,,,,,,,,,0
9222870,,1,,,,,,,,,,0
9222871,,1,,,,,,,,,,0
9222872,,1,,,,,,,,,,0
9222873,,1,,,,,,,,,,0
9222874,,1,,,,,,,,,,0
9222875,,1,,,,,,,,,,0
9222876,,1,,,,,,,,,,0
9222877,,1,,,,,,,,,,0
9222878,,1,,,,,,,,,,0
9222879,,1,,,,,,,,,,0
9222880,,1,,,,,,,,,,0
9222881,,1,,,,,,,,,,0
9222882,,1,,,,,,,,,,0
9222883,,1,,,,,,,,,,0
9222884,,1,,,,,,,,,,0
9222885,,1,,,,,,,,,,0
9222886,,1,,,,,,,,,,0
9222887,,1,,,,,,,,,,0
9222888,,1,,,,,,,,,,0
9222889,,1,,,,,,,,,,0
9222890,,1,,,,,,,,,,0
9222891,,1,,,,,,,,,,0
9222892,,1,,,,,,,,,,0
9222893,,1,,,,,,,,,,0
9222894,,1,,,,,,,,,,0
9222895,,1,,,,,,,,,,0
9222896,,1,,,,,,,,,,0
9222897,,1,,,,,,,,,,0
9222898,,1,,,,,,,,,,0
9222899,,1,,,,,,,,,,0
9222900,,1,,,,,,,,,,0
9222901,,1,,,,,,,,,,0
9222902,,1,,,,,,,,,,0
9222903,,1,,,,,,,,,,0
9222904,,1,,,,,,,,,,0
9222905,,1,,,,,,,,,,0
9222906,,1,,,,,,,,,,0
9222907,,1,,,,,,,,,,0
9222908,,1,,,,,,,,,,0
9222909,,1,,,,,,,,,,0
9222910,,1,,,,,,,,,,0
9222911,,1,,,,,,,,,,0
9222912,,1,,,,,,,,,,0
9222913,,1,,,,,,,,,,0
9222914,,1,,,,,,,,,,0
9222915,,1,,,,,,,,,,0
9222916,,1,,,,,,,,,,0
9222917,,1,,,,,,,,,,0
9222918,,1,,,,,,,,,,0
9222919,,1,,,,,,,,,,0
9222920,,1,,,,,,,,,,0
9222921,,1,,,,,,,,,,0
9222922,,1,,,,,,,,,,0
9222923,,1,,,,,,,,,,0
9222924,,1,,,,,,,,,,0
9222925,,1,,,,,,,,,,0
9222926,,1,,,,,,,,,,0
9222927,,1,,,,,,,,,,0
9222928,,1,,,,,,,,,,0
9222929,,1,,,,,,,,,,0
9222930,,1,,,,,,,,,,0
9222931,,1,,,,,,,,,,0
9222932,,1,,,,,,,,,,0
9222933,,1,,,,,,,,,,0
9222934,,1,,,,,,,,,,0
9222935,,1,,,,,,,,,,0
9222936,,1,,,,,,,,,,0
9222937,,1,,,,,,,,,,0
9222938,,1,,,,,,,,,,0
9222939,,1,,,,,,,,,,0
9222940,,1,,,,,,,,,,0
9222941,,1,,,,,,,,,,0
9222942,,1,,,,,,,,,,0
9222943,,1,,,,,,,,,,0
9222944,,1,,,,,,,,,,0
9222945,,1,,,,,,,,,,0
9222946,,1,,,,,,,,,,0
9222947,,1,,,,,,,,,,0
9222948,,1,,,,,,,,,,0
9222949,,1,,,,,,,,,,0
9222950,,1,,,,,,,,,,0
9222951,,1,,,,,,,,,,0
9222952,,1,,,,,,,,,,0
9222953,,1,,,,,,,,,,0
9222954,,1,,,,,,,,,,0
9222955,,1,,,,,,,,,,0
9222956,,1,,,,,,,,,,0
9222957,,1,,,,,,,,,,0
9222958,,1,,,,,,,,,,0
9222959,,1,,,,,,,,,,0
9222960,,1,,,,,,,,,,0
9222961,,1,,,,,,,,,,0
9222962,,1,,,,,,,,,,0
9222963,,1,,,,,,,,,,0
9222964,,1,,,,,,,,,,0
9222965,,1,,,,,,,,,,0
9222966,,1,,,,,,,,,,0
9222967,,1,,,,,,,,,,0
9222968,,1,,,,,,,,,,0
9222969,,1,,,,,,,,,,0
9222970,,1,,,,,,,,,,0
9222971,,1,,,,,,,,,,0
9222972,,1,,,,,,,,,,0
9222973,,1,,,,,,,,,,0
9222974,,1,,,,,,,,,,0
9222975,,1,,,,,,,,,,0
9222976,,1,,,,,,,,,,0
9222977,,1,,,,,,,,,,0
9222978,,1,,,,,,,,,,0
9222979,,1,,,,,,,,,,0
9222980,,1,,,,,,,,,,0
9222981,,1,,,,,,,,,,0
9222982,,1,,,,,,,,,,0
9222983,,1,,,,,,,,,,0
9222984,,1,,,,,,,,,,0
9222985,,1,,,,,,,,,,0
9222986,,1,,,,,,,,,,0
9222987,,1,,,,,,,,,,0
1412474,,2,,,,,,,,,,0
1412475,,2,,,,,,,,,,0
1412476,,2,,,,,,,,,,0
1412477,,2,,,,,,,,,,0
1412478,,2,,,,,,,,,,0
1412479,,2,,,,,,,,,,0
1412480,,2,,,,,,,,,,0
1412481,,2,,,,,,,,,,0
1412482,,2,,,,,,,,,,0
1412483,,2,,,,,,,,,,0
1412484,,2,,,,,,,,,,0
1412485,,2,,,,,,,,,,0
1412486,,2,,,,,,,,,,0
1412487,,2,,,,,,,,,,0
1412488,,2,,,,,,,,,,0
1412489,,2,,,,,,,,,,0
1412490,,2,,,,,,,,,,0
1412491,,2,,,,,,,,,,0
1412492,,2,,,,,,,,,,0
1412493,,2,,,,,,,,,,0
1412494,,2,,,,,,,,,,0
1412495,,2,,,,,,,,,,0
1412496,,2,,,,,,,,,,0
1412497,,2,,,,,,,,,,0
1412498,,2,,,,,,,,,,0
1412499,,2,,,,,,,,,,0
1412500,,2,,,,,,,,,,0
1412501,,2,,,,,,,,,,0
1412502,,2,,,,,,,,,,0
1412503,,2,,,,,,,,,,0
1412504,,2,,,,,,,,,,0
1412505,,2,,,,,,,,,,0
1412506,,2,,,,,,,,,,0
1412507,,2,,,,,,,,,,0
1412508,,2,,,,,,,,,,0
1412509,,2,,,,,,,,,,0
1412510,,2,,,,,,,,,,0
1412511,,2,,,,,,,,,,0
1412512,,2,,,,,,,,,,0
1412513,,2,,,,,,,,,,0
1412514,,2,,,,,,,,,,0
1412515,,2,,,,,,,,,,0
1412516,,2,,,,,,,,,,0
1412517,,2,,,,,,,,,,0
1412518,,2,,,,,,,,,,0
1412519,,2,,,,,,,,,,0
1412520,,2,,,,,,,,,,0
1412521,,2,,,,,,,,,,0
1412522,,2,,,,,,,,,,0
1412523,,2,,,,,,,,,,0
1412524,,2,,,,,,,,,,0
1412525,,2,,,,,,,,,,0
1412526,,2,,,,,,,,,,0
1412527,,2,,,,,,,,,,0
1412528,,2,,,,,,,,,,0
1412529,,2,,,,,,,,,,0
1412530,,2,,,,,,,,,,0
1412531,,2,,,,,,,,,,0
1412532,,2,,,,,,,,,,0
1412533,,2,,,,,,,,,,0
1412534,,2,,,,,,,,,,0
1412535,,2,,,,,,,,,,0
1412536,,2,,,,,,,,,,0
1412537,,2,,,,,,,,,,0
1412538,,2,,,,,,,,,,0
1412539,,2,,,,,,,,,,0
1412540,,2,,,,,,,,,,0
1412541,,2,,,,,,,,,,0
1412542,,2,,,,,,,,,,0
1412543,,2,,,,,,,,,,0
1412544,,2,,,,,,,,,,0
1412545,,2,,,,,,,,,,0
1412546,,2,,,,,,,,,,0
1412547,,2,,,,,,,,,,0
1412548,,2,,,,,,,,,,0
1412549,,2,,,,,,,,,,0
1412550,,2,,,,,,,,,,0
1412551,,2,,,,,,,,,,0
1412552,,2,,,,,,,,,,0
1412553,,2,,,,,,,,,,0
1412554,,2,,,,,,,,,,0
1412555,,2,,,,,,,,,,0
1412556,,2,,,,,,,,,,0
1412557,,2,,,,,,,,,,0
1412558,,2,,,,,,,,,,0
1412559,,2,,,,,,,,,,0
1412560,,2,,,,,,,,,,0
1412561,,2,,,,,,,,,,0
1412562,,2,,,,,,,,,,0
1412563,,2,,,,,,,,,,0
1412564,,2,,,,,,,,,,0
1412565,,2,,,,,,,,,,0
1412566,,2,,,,,,,,,,0
1412567,,2,,,,,,,,,,0
1412568,,2,,,,,,,,,,0
1412569,,2,,,,,,,,,,0
1412570,,2,,,,,,,,,,0
1412571,,2,,,,,,,,,,0
1412572,,2,,,,,,,,,,0
1412573,,2,,,,,,,,,,0
1412574,,2,,,,,,,,,,0
1412575,,2,,,,,,,,,,0
1412576,,2,,,,,,,,,,0
1412577,,2,,,,,,,,,,0
1412578,,2,,,,,,,,,,0
1412579,,2,,,,,,,,,,0
1412580,,2,,,,,,,,,,0
1412581,,2,,,,,,,,,,0
1412582,,2,,,,,,,,,,0
1412583,,2,,,,,,,,,,0
1412584,,2,,,,,,,,,,0
1412585,,2,,,,,,,,,,0
1412586,,2,,,,,,,,,,0
1412587,,2,,,,,,,,,,0
1412588,,2,,,,,,,,,,0
1412589,,2,,,,,,,,,,0
1412590,,2,,,,,,,,,,0
1412591,,2,,,,,,,,,,0
1412592,,2,,,,,,,,,,0
1412593,,2,,,,,,,,,,0
1412594,,2,,,,,,,,,,0
1412595,,2,,,,,,,,,,0
1412596,,2,,,,,,,,,,0
1412597,,2,,,,,,,,,,0
1412598,,2,,,,,,,,,,0
1412599,,2,,,,,,,,,,0
1412600,,2,,,,,,,,,,0
1412601,,2,,,,,,,,,,0
1412602,,2,,,,,,,,,,0
1412603,,2,,,,,,,,,,0
1412604,,2,,,,,,,,,,0
1412605,,2,,,,,,,,,,0
1412606,,2,,,,,,,,,,0
1412607,,2,,,,,,,,,,0
1412608,,2,,,,,,,,,,0
1412609,,2,,,,,,,,,,0
1412610,,2,,,,,,,,,,0
1412611,,2,,,,,,,,,,0
1412612,,2,,,,,,,,,,0
1412613,,2,,,,,,,,,,0
1412614,,2,,,,,,,,,,0
1412615,,2,,,,,,,,,,0
1412616,,2,,,,,,,,,,0
1412617,,2,,,,,,,,,,0
1412618,,2,,,,,,,,,,0
1412619,,2,,,,,,,,,,0
1412620,,2,,,,,,,,,,0
1412621,,2,,,,,,,,,,0
1412622,,2,,,,,,,,,,0
1412623,,2,,,,,,,,,,0
1412624,,2,,,,,,,,,,0
1412625,,2,,,,,,,,,,0
1412626,,2,,,,,,,,,,0
1412627,,2,,,,,,,,,,0
1412628,,2,,,,,,,,,,0
1412629,,2,,,,,,,,,,0
1412630,,2,,,,,,,,,,0
1412631,,2,,,,,,,,,,0
1412632,,2,,,,,,,,,,0
1412633,,2,,,,,,,,,,0
1412634,,2,,,,,,,,,,0
1412635,,2,,,,,,,,,,0
1412636,,2,,,,,,,,,,0
1412637,,2,,,,,,,,,,0
1412638,,2,,,,,,,,,,0
1412639,,2,,,,,,,,,,0
1412640,,2,,,,,,,,,,0
1412641,,2,,,,,,,,,,0
1412642,,2,,,,,,,,,,0
1412643,,2,,,,,,,,,,0
1412644,,2,,,,,,,,,,0
1412645,,2,,,,,,,,,,0
1412646,,2,,,,,,,,,,0
1412647,,2,,,,,,,,,,0
1412648,,2,,,,,,,,,,0
1412649,,2,,,,,,,,,,0
1412650,,2,,,,,,,,,,0
1412651,,2,,,,,,,,,,0
1412652,,2,,,,,,,,,,0
1412653,,2,,,,,,,,,,0
1412654,,2,,,,,,,,,,0
1412655,,2,,,,,,,,,,0
1412656,,2,,,,,,,,,,0
1412657,,2,,,,,,,,,,0
1412658,,2,,,,,,,,,,0
1412659,,2,,,,,,,,,,0
1412660,,2,,,,,,,,,,0
1412661,,2,,,,,,,,,,0
1412662,,2,,,,,,,,,,0
1412663,,2,,,,,,,,,,0
1412664,,2,,,,,,,,,,0
1412665,,2,,,,,,,,,,0
1412666,,2,,,,,,,,,,0
1412667,,2,,,,,,,,,,0
1412668,,2,,,,,,,,,,0
1412669,,2,,,,,,,,,,0
1412670,,2,,,,,,,,,,0
1412671,,2,,,,,,,,,,0
1412672,,2,,,,,,,,,,0
1412673,,2,,,,,,,,,,0
1412674,,2,,,,,,,,,,0
1412675,,2,,,,,,,,,,0
1412676,,2,,,,,,,,,,0
1412677,,2,,,,,,,,,,0
1412678,,2,,,,,,,,,,0
1412679,,2,,,,,,,,,,0
1412680,,2,,,,,,,,,,0
1412681,,2,,,,,,,,,,0
1412682,,2,,,,,,,,,,0
1412683,,2,,,,,,,,,,0
1412684,,2,,,,,,,,,,0
1412685,,2,,,,,,,,,,0
1412686,,2,,,,,,,,,,0
1412687,,2,,,,,,,,,,0
1412688,,2,,,,,,,,,,0
1412689,,2,,,,,,,,,,0
1412690,,2,,,,,,,,,,0
1412691,,2,,,,,,,,,,0
1412692,,2,,,,,,,,,,0
1412693,,2,,,,,,,,,,0
1412694,,2,,,,,,,,,,0
1412695,,2,,,,,,,,,,0
1412696,,2,,,,,,,,,,0
1412697,,2,,,,,,,,,,0
1412698,,2,,,,,,,,,,0
1412699,,2,,,,,,,,,,0
1412700,,2,,,,,,,,,,0
1412701,,2,,,,,,,,,,0
1412702,,2,,,,,,,,,,0
1412703,,2,,,,,,,,,,0
1412704,,2,,,,,,,,,,0
1412705,,2,,,,,,,,,,0
1412706,,2,,,,,,,,,,0
1412707,,2,,,,,,,,,,0
1412708,,2,,,,,,,,,,0
1412709,,2,,,,,,,,,,0
1412710,,2,,,,,,,,,,0
1412711,,2,,,,,,,,,,0
1412712,,2,,,,,,,,,,0
1412713,,2,,,,,,,,,,0
1412714,,2,,,,,,,,,,0
1412715,,2,,,,,,,,,,0
1412716,,2,,,,,,,,,,0
1412717,,2,,,,,,,,,,0
1412718,,2,,,,,,,,,,0
1412719,,2,,,,,,,,,,0
1412720,,2,,,,,,,,,,0
1412721,,2,,,,,,,,,,0
1412722,,2,,,,,,,,,,0
1412723,,2,,,,,,,,,,0
1412724,,2,,,,,,,,,,0
1412725,,2,,,,,,,,,,0
1412726,,2,,,,,,,,,,0
1412727,,2,,,,,,,,,,0
1412728,,2,,,,,,,,,,0
1412729,,2,,,,,,,,,,0
1412730,,2,,,,,,,,,,0
1412731,,2,,,,,,,,,,0
1412732,,2,,,,,,,,,,0
1412733,,2,,,,,,,,,,0
1412734,,2,,,,,,,,,,0
1412735,,2,,,,,,,,,,0
1412736,,2,,,,,,,,,,0
1412737,,2,,,,,,,,,,0
1412738,,2,,,,,,,,,,0
1412739,,2,,,,,,,,,,0
1412740,,2,,,,,,,,,,0
1412741,,2,,,,,,,,,,0
1412742,,2,,,,,,,,,,0
1412743,,2,,,,,,,,,,0
1412744,,2,,,,,,,,,,0
1412745,,2,,,,,,,,,,0
1412746,,2,,,,,,,,,,0
1412747,,2,,,,,,,,,,0
1412748,,2,,,,,,,,,,0
1412749,,2,,,,,,,,,,0
1412750,,2,,,,,,,,,,0
1412751,,2,,,,,,,,,,0
1412752,,2,,,,,,,,,,0
1412753,,2,,,,,,,,,,0
1412754,,2,,,,,,,,,,0
1412755,,2,,,,,,,,,,0
1412756,,2,,,,,,,,,,0
1412757,,2,,,,,,,,,,0
1412758,,2,,,,,,,,,,0
1412759,,2,,,,,,,,,,0
1412760,,2,,,,,,,,,,0
1412761,,2,,,,,,,,,,0
1412762,,2,,,,,,,,,,0
1412763,,2,,,,,,,,,,0
1412764,,2,,,,,,,,,,0
1412765,,2,,,,,,,,,,0
1412766,,2,,,,,,,,,,0
1412767,,2,,,,,,,,,,0
1412768,,2,,,,,,,,,,0
1412769,,2,,,,,,,,,,0
1412770,,2,,,,,,,,,,0
1412771,,2,,,,,,,,,,0
1412772,,2,,,,,,,,,,0
1412773,,2,,,,,,,,,,0
1412774,,2,,,,,,,,,,0
1412775,,2,,,,,,,,,,0
1412776,,2,,,,,,,,,,0
1412777,,2,,,,,,,,,,0
1412778,,2,,,,,,,,,,0
1412779,,2,,,,,,,,,,0
1412780,,2,,,,,,,,,,0
1412781,,2,,,,,,,,,,0
1412782,,2,,,,,,,,,,0
1412783,,2,,,,,,,,,,0
1412784,,2,,,,,,,,,,0
1412785,,2,,,,,,,,,,0
1412786,,2,,,,,,,,,,0
1412787,,2,,,,,,,,,,0
1412788,,2,,,,,,,,,,0
1412789,,2,,,,,,,,,,0
1412790,,2,,,,,,,,,,0
1412791,,2,,,,,,,,,,0
1412792,,2,,,,,,,,,,0
1412793,,2,,,,,,,,,,0
1412794,,2,,,,,,,,,,0
1412795,,2,,,,,,,,,,0
1412796,,2,,,,,,,,,,0
1412797,,2,,,,,,,,,,0
1412798,,2,,,,,,,,,,0
1412799,,2,,,,,,,,,,0
1412800,,2,,,,,,,,,,0
1412801,,2,,,,,,,,,,0
1412802,,2,,,,,,,,,,0
1412803,,2,,,,,,,,,,0
1412804,,2,,,,,,,,,,0
1412805,,2,,,,,,,,,,0
1412806,,2,,,,,,,,,,0
1412807,,2,,,,,,,,,,0
1412808,,2,,,,,,,,,,0
1412809,,2,,,,,,,,,,0
1412810,,2,,,,,,,,,,0
1412811,,2,,,,,,,,,,0
1412812,,2,,,,,,,,,,0
1412813,,2,,,,,,,,,,0
1412814,,2,,,,,,,,,,0
1412815,,2,,,,,,,,,,0
1412816,,2,,,,,,,,,,0
1412817,,2,,,,,,,,,,0
1412818,,2,,,,,,,,,,0
1412819,,2,,,,,,,,,,0
1412820,,2,,,,,,,,,,0
1412821,,2,,,,,,,,,,0
1412822,,2,,,,,,,,,,0
1412823,,2,,,,,,,,,,0
1412824,,2,,,,,,,,,,0
1412825,,2,,,,,,,,,,0
1412826,,2,,,,,,,,,,0
1412827,,2,,,,,,,,,,0
1412828,,2,,,,,,,,,,0
1412829,,2,,,,,,,,,,0
1412830,,2,,,,,,,,,,0
1412831,,2,,,,,,,,,,0
1412832,,2,,,,,,,,,,0
1412833,,2,,,,,,,,,,0
1412834,,2,,,,,,,,,,0
1412835,,2,,,,,,,,,,0
1412836,,2,,,,,,,,,,0
1412837,,2,,,,,,,,,,0
1412838,,2,,,,,,,,,,0
1412839,,2,,,,,,,,,,0
1412840,,2,,,,,,,,,,0
1412841,,2,,,,,,,,,,0
1412842,,2,,,,,,,,,,0
1412843,,2,,,,,,,,,,0
1412844,,2,,,,,,,,,,0
1412845,,2,,,,,,,,,,0
1412846,,2,,,,,,,,,,0
1412847,,2,,,,,,,,,,0
1412848,,2,,,,,,,,,,0
1412849,,2,,,,,,,,,,0
1412850,,2,,,,,,,,,,0
1412851,,2,,,,,,,,,,0
1412852,,2,,,,,,,,,,0
1412853,,2,,,,,,,,,,0
1412854,,2,,,,,,,,,,0
1412855,,2,,,,,,,,,,0
1412856,,2,,,,,,,,,,0
1412857,,2,,,,,,,,,,0
1412858,,2,,,,,,,,,,0
1412859,,2,,,,,,,,,,0
1412860,,2,,,,,,,,,,0
1412861,,2,,,,,,,,,,0
1412862,,2,,,,,,,,,,0
1412863,,2,,,,,,,,,,0
1412864,,2,,,,,,,,,,0
1412865,,2,,,,,,,,,,0
1412866,,2,,,,,,,,,,0
1412867,,2,,,,,,,,,,0
1412868,,2,,,,,,,,,,0
1412869,,2,,,,,,,,,,0
1412870,,2,,,,,,,,,,0
1412871,,2,,,,,,,,,,0
1412872,,2,,,,,,,,,,0
1412873,,2,,,,,,,,,,0
1412874,,2,,,,,,,,,,0
1412875,,2,,,,,,,,,,0
1412876,,2,,,,,,,,,,0
1412877,,2,,,,,,,,,,0
1412878,,2,,,,,,,,,,0
1412879,,2,,,,,,,,,,0
1412880,,2,,,,,,,,,,0
1412881,,2,,,,,,,,,,0
1412882,,2,,,,,,,,,,0
1412883,,2,,,,,,,,,,0
1412884,,2,,,,,,,,,,0
1412885,,2,,,,,,,,,,0
1412886,,2,,,,,,,,,,0
1412887,,2,,,,,,,,,,0
1412888,,2,,,,,,,,,,0
1412889,,2,,,,,,,,,,0
1412890,,2,,,,,,,,,,0
1412891,,2,,,,,,,,,,0
1412892,,2,,,,,,,,,,0
1412893,,2,,,,,,,,,,0
1412894,,2,,,,,,,,,,0
1412895,,2,,,,,,,,,,0
1412896,,2,,,,,,,,,,0
1412897,,2,,,,,,,,,,0
1412898,,2,,,,,,,,,,0
1412899,,2,,,,,,,,,,0
1412900,,2,,,,,,,,,,0
1412901,,2,,,,,,,,,,0
1412902,,2,,,,,,,,,,0
1412903,,2,,,,,,,,,,0
1412904,,2,,,,,,,,,,0
1412905,,2,,,,,,,,,,0
1412906,,2,,,,,,,,,,0
1412907,,2,,,,,,,,,,0
1412908,,2,,,,,,,,,,0
1412909,,2,,,,,,,,,,0
1412910,,2,,,,,,,,,,0
1412911,,2,,,,,,,,,,0
1412912,,2,,,,,,,,,,0
1412913,,2,,,,,,,,,,0
1412914,,2,,,,,,,,,,0
1412915,,2,,,,,,,,,,0
1412916,,2,,,,,,,,,,0
1412917,,2,,,,,,,,,,0
1412918,,2,,,,,,,,,,0
1412919,,2,,,,,,,,,,0
1412920,,2,,,,,,,,,,0
1412921,,2,,,,,,,,,,0
1412922,,2,,,,,,,,,,0
1412923,,2,,,,,,,,,,0
1412924,,2,,,,,,,,,,0
1412925,,2,,,,,,,,,,0
1412926,,2,,,,,,,,,,0
1412927,,2,,,,,,,,,,0
1412928,,2,,,,,,,,,,0
1412929,,2,,,,,,,,,,0
1412930,,2,,,,,,,,,,0
1412931,,2,,,,,,,,,,0
1412932,,2,,,,,,,,,,0
1412933,,2,,,,,,,,,,0
1412934,,2,,,,,,,,,,0
1412935,,2,,,,,,,,,,0
1412936,,2,,,,,,,,,,0
1412937,,2,,,,,,,,,,0
1412938,,2,,,,,,,,,,0
1412939,,2,,,,,,,,,,0
1412940,,2,,,,,,,,,,0
1412941,,2,,,,,,,,,,0
1412942,,2,,,,,,,,,,0
1412943,,2,,,,,,,,,,0
1412944,,2,,,,,,,,,,0
1412945,,2,,,,,,,,,,0
1412946,,2,,,,,,,,,,0
1412947,,2,,,,,,,,,,0
1412948,,2,,,,,,,,,,0
1412949,,2,,,,,,,,,,0
1412950,,2,,,,,,,,,,0
1412951,,2,,,,,,,,,,0
1412952,,2,,,,,,,,,,0
1412953,,2,,,,,,,,,,0
1412954,,2,,,,,,,,,,0
1412955,,2,,,,,,,,,,0
1412956,,2,,,,,,,,,,0
1412957,,2,,,,,,,,,,0
1412958,,2,,,,,,,,,,0
1412959,,2,,,,,,,,,,0
1412960,,2,,,,,,,,,,0
1412961,,2,,,,,,,,,,0
1412962,,2,,,,,,,,,,0
1412963,,2,,,,,,,,,,0
1412964,,2,,,,,,,,,,0
1412965,,2,,,,,,,,,,0
1412966,,2,,,,,,,,,,0
1412967,,2,,,,,,,,,,0
1412968,,2,,,,,,,,,,0
1412969,,2,,,,,,,,,,0
1412970,,2,,,,,,,,,,0
1412971,,2,,,,,,,,,,0
1412972,,2,,,,,,,,,,0
1412973,,2,,,,,,,,,,0
9222988,,1,,,,,,,,,,0
9222989,,1,,,,,,,,,,0
9222990,,1,,,,,,,,,,0
9222991,,1,,,,,,,,,,0
9222992,,1,,,,,,,,,,0
9222993,,1,,,,,,,,,,0
9222994,,1,,,,,,,,,,0
9222995,,1,,,,,,,,,,0
9222996,,1,,,,,,,,,,0
9222997,,1,,,,,,,,,,0
9222998,,1,,,,,,,,,,0
9222999,,1,,,,,,,,,,0
9223000,,1,,,,,,,,,,0
9223001,,1,,,,,,,,,,0
9223002,,1,,,,,,,,,,0
9223003,,1,,,,,,,,,,0
9223004,,1,,,,,,,,,,0
9223005,,1,,,,,,,,,,0
9223006,,1,,,,,,,,,,0
9223007,,1,,,,,,,,,,0
9223008,,1,,,,,,,,,,0
9223009,,1,,,,,,,,,,0
9223010,,1,,,,,,,,,,0
9223011,,1,,,,,,,,,,0
9223012,,1,,,,,,,,,,0
9223013,,1,,,,,,,,,,0
9223014,,1,,,,,,,,,,0
9223015,,1,,,,,,,,,,0
9223016,,1,,,,,,,,,,0
9223017,,1,,,,,,,,,,0
9223018,,1,,,,,,,,,,0
9223019,,1,,,,,,,,,,0
9223020,,1,,,,,,,,,,0
9223021,,1,,,,,,,,,,0
9223022,,1,,,,,,,,,,0
9223023,,1,,,,,,,,,,0
9223024,,1,,,,,,,,,,0
9223025,,1,,,,,,,,,,0
9223026,,1,,,,,,,,,,0
9223027,,1,,,,,,,,,,0
9223028,,1,,,,,,,,,,0
9223029,,1,,,,,,,,,,0
9223030,,1,,,,,,,,,,0
9223031,,1,,,,,,,,,,0
9223032,,1,,,,,,,,,,0
9223033,,1,,,,,,,,,,0
9223034,,1,,,,,,,,,,0
9223035,,1,,,,,,,,,,0
9223036,,1,,,,,,,,,,0
9223037,,1,,,,,,,,,,0
9223038,,1,,,,,,,,,,0
9223039,,1,,,,,,,,,,0
9223040,,1,,,,,,,,,,0
9223041,,1,,,,,,,,,,0
9223042,,1,,,,,,,,,,0
9223043,,1,,,,,,,,,,0
9223044,,1,,,,,,,,,,0
9223045,,1,,,,,,,,,,0
9223046,,1,,,,,,,,,,0
9223047,,1,,,,,,,,,,0
9223048,,1,,,,,,,,,,0
9223049,,1,,,,,,,,,,0
9223050,,1,,,,,,,,,,0
9223051,,1,,,,,,,,,,0
9223052,,1,,,,,,,,,,0
9223053,,1,,,,,,,,,,0
9223054,,1,,,,,,,,,,0
9223055,,1,,,,,,,,,,0
9223056,,1,,,,,,,,,,0
9223057,,1,,,,,,,,,,0
9223058,,1,,,,,,,,,,0
9223059,,1,,,,,,,,,,0
9223060,,1,,,,,,,,,,0
9223061,,1,,,,,,,,,,0
9223062,,1,,,,,,,,,,0
9223063,,1,,,,,,,,,,0
9223064,,1,,,,,,,,,,0
9223065,,1,,,,,,,,,,0
9223066,,1,,,,,,,,,,0
9223067,,1,,,,,,,,,,0
9223068,,1,,,,,,,,,,0
9223069,,1,,,,,,,,,,0
9223070,,1,,,,,,,,,,0
9223071,,1,,,,,,,,,,0
9223072,,1,,,,,,,,,,0
9223073,,1,,,,,,,,,,0
9223074,,1,,,,,,,,,,0
9223075,,1,,,,,,,,,,0
9223076,,1,,,,,,,,,,0
9223077,,1,,,,,,,,,,0
9223078,,1,,,,,,,,,,0
9223079,,1,,,,,,,,,,0
9223080,,1,,,,,,,,,,0
9223081,,1,,,,,,,,,,0
9223082,,1,,,,,,,,,,0
9223083,,1,,,,,,,,,,0
9223084,,1,,,,,,,,,,0
9223085,,1,,,,,,,,,,0
9223086,,1,,,,,,,,,,0
9223087,,1,,,,,,,,,,0
9223088,,1,,,,,,,,,,0
9223089,,1,,,,,,,,,,0
9223090,,1,,,,,,,,,,0
9223091,,1,,,,,,,,,,0
9223092,,1,,,,,,,,,,0
9223093,,1,,,,,,,,,,0
9223094,,1,,,,,,,,,,0
9223095,,1,,,,,,,,,,0
9223096,,1,,,,,,,,,,0
9223097,,1,,,,,,,,,,0
9223098,,1,,,,,,,,,,0
9223099,,1,,,,,,,,,,0
9223100,,1,,,,,,,,,,0
9223101,,1,,,,,,,,,,0
9223102,,1,,,,,,,,,,0
9223103,,1,,,,,,,,,,0
9223104,,1,,,,,,,,,,0
9223105,,1,,,,,,,,,,0
9223106,,1,,,,,,,,,,0
9223107,,1,,,,,,,,,,0
9223108,,1,,,,,,,,,,0
9223109,,1,,,,,,,,,,0
9223110,,1,,,,,,,,,,0
9223111,,1,,,,,,,,,,0
9223112,,1,,,,,,,,,,0
9223113,,1,,,,,,,,,,0
9223114,,1,,,,,,,,,,0
9223115,,1,,,,,,,,,,0
9223116,,1,,,,,,,,,,0
9223117,,1,,,,,,,,,,0
9223118,,1,,,,,,,,,,0
9223119,,1,,,,,,,,,,0
9223120,,1,,,,,,,,,,0
9223121,,1,,,,,,,,,,0
9223122,,1,,,,,,,,,,0
9223123,,1,,,,,,,,,,0
9223124,,1,,,,,,,,,,0
9223125,,1,,,,,,,,,,0
9223126,,1,,,,,,,,,,0
9223127,,1,,,,,,,,,,0
9223128,,1,,,,,,,,,,0
9223129,,1,,,,,,,,,,0
9223130,,1,,,,,,,,,,0
9223131,,1,,,,,,,,,,0
9223132,,1,,,,,,,,,,0
9223133,,1,,,,,,,,,,0
9223134,,1,,,,,,,,,,0
9223135,,1,,,,,,,,,,0
9223136,,1,,,,,,,,,,0
9223137,,1,,,,,,,,,,0
9223138,,1,,,,,,,,,,0
9223139,,1,,,,,,,,,,0
9223140,,1,,,,,,,,,,0
9223141,,1,,,,,,,,,,0
9223142,,1,,,,,,,,,,0
9223143,,1,,,,,,,,,,0
9223144,,1,,,,,,,,,,0
9223145,,1,,,,,,,,,,0
9223146,,1,,,,,,,,,,0
9223147,,1,,,,,,,,,,0
9223148,,1,,,,,,,,,,0
9223149,,1,,,,,,,,,,0
9223150,,1,,,,,,,,,,0
9223151,,1,,,,,,,,,,0
9223152,,1,,,,,,,,,,0
9223153,,1,,,,,,,,,,0
9223154,,1,,,,,,,,,,0
9223155,,1,,,,,,,,,,0
9223156,,1,,,,,,,,,,0
9223157,,1,,,,,,,,,,0
9223158,,1,,,,,,,,,,0
9223159,,1,,,,,,,,,,0
9223160,,1,,,,,,,,,,0
9223161,,1,,,,,,,,,,0
9223162,,1,,,,,,,,,,0
9223163,,1,,,,,,,,,,0
9223164,,1,,,,,,,,,,0
9223165,,1,,,,,,,,,,0
9223166,,1,,,,,,,,,,0
9223167,,1,,,,,,,,,,0
9223168,,1,,,,,,,,,,0
9223169,,1,,,,,,,,,,0
9223170,,1,,,,,,,,,,0
9223171,,1,,,,,,,,,,0
9223172,,1,,,,,,,,,,0
9223173,,1,,,,,,,,,,0
9223174,,1,,,,,,,,,,0
9223175,,1,,,,,,,,,,0
9223176,,1,,,,,,,,,,0
9223177,,1,,,,,,,,,,0
9223178,,1,,,,,,,,,,0
9223179,,1,,,,,,,,,,0
9223180,,1,,,,,,,,,,0
9223181,,1,,,,,,,,,,0
9223182,,1,,,,,,,,,,0
9223183,,1,,,,,,,,,,0
9223184,,1,,,,,,,,,,0
9223185,,1,,,,,,,,,,0
9223186,,1,,,,,,,,,,0
9223187,,1,,,,,,,,,,0
9223188,,1,,,,,,,,,,0
9223189,,1,,,,,,,,,,0
9223190,,1,,,,,,,,,,0
9223191,,1,,,,,,,,,,0
9223192,,1,,,,,,,,,,0
9223193,,1,,,,,,,,,,0
9223194,,1,,,,,,,,,,0
9223195,,1,,,,,,,,,,0
9223196,,1,,,,,,,,,,0
9223197,,1,,,,,,,,,,0
9223198,,1,,,,,,,,,,0
9223199,,1,,,,,,,,,,0
9223200,,1,,,,,,,,,,0
9223201,,1,,,,,,,,,,0
9223202,,1,,,,,,,,,,0
9223203,,1,,,,,,,,,,0
9223204,,1,,,,,,,,,,0
9223205,,1,,,,,,,,,,0
9223206,,1,,,,,,,,,,0
9223207,,1,,,,,,,,,,0
9223208,,1,,,,,,,,,,0
9223209,,1,,,,,,,,,,0
9223210,,1,,,,,,,,,,0
9223211,,1,,,,,,,,,,0
9223212,,1,,,,,,,,,,0
9223213,,1,,,,,,,,,,0
9223214,,1,,,,,,,,,,0
9223215,,1,,,,,,,,,,0
9223216,,1,,,,,,,,,,0
9223217,,1,,,,,,,,,,0
9223218,,1,,,,,,,,,,0
9223219,,1,,,,,,,,,,0
9223220,,1,,,,,,,,,,0
9223221,,1,,,,,,,,,,0
9223222,,1,,,,,,,,,,0
9223223,,1,,,,,,,,,,0
9223224,,1,,,,,,,,,,0
9223225,,1,,,,,,,,,,0
9223226,,1,,,,,,,,,,0
9223227,,1,,,,,,,,,,0
9223228,,1,,,,,,,,,,0
9223229,,1,,,,,,,,,,0
9223230,,1,,,,,,,,,,0
9223231,,1,,,,,,,,,,0
9223232,,1,,,,,,,,,,0
9223233,,1,,,,,,,,,,0
9223234,,1,,,,,,,,,,0
9223235,,1,,,,,,,,,,0
9223236,,1,,,,,,,,,,0
9223237,,1,,,,,,,,,,0
9223238,,1,,,,,,,,,,0
9223239,,1,,,,,,,,,,0
9223240,,1,,,,,,,,,,0
9223241,,1,,,,,,,,,,0
9223242,,1,,,,,,,,,,0
9223243,,1,,,,,,,,,,0
9223244,,1,,,,,,,,,,0
9223245,,1,,,,,,,,,,0
9223246,,1,,,,,,,,,,0
9223247,,1,,,,,,,,,,0
9223248,,1,,,,,,,,,,0
9223249,,1,,,,,,,,,,0
9223250,,1,,,,,,,,,,0
9223251,,1,,,,,,,,,,0
9223252,,1,,,,,,,,,,0
9223253,,1,,,,,,,,,,0
9223254,,1,,,,,,,,,,0
9223255,,1,,,,,,,,,,0
9223256,,1,,,,,,,,,,0
9223257,,1,,,,,,,,,,0
9223258,,1,,,,,,,,,,0
9223259,,1,,,,,,,,,,0
9223260,,1,,,,,,,,,,0
9223261,,1,,,,,,,,,,0
9223262,,1,,,,,,,,,,0
9223263,,1,,,,,,,,,,0
9223264,,1,,,,,,,,,,0
9223265,,1,,,,,,,,,,0
9223266,,1,,,,,,,,,,0
9223267,,1,,,,,,,,,,0
9223268,,1,,,,,,,,,,0
9223269,,1,,,,,,,,,,0
9223270,,1,,,,,,,,,,0
9223271,,1,,,,,,,,,,0
9223272,,1,,,,,,,,,,0
9223273,,1,,,,,,,,,,0
9223274,,1,,,,,,,,,,0
9223275,,1,,,,,,,,,,0
9223276,,1,,,,,,,,,,0
9223277,,1,,,,,,,,,,0
9223278,,1,,,,,,,,,,0
9223279,,1,,,,,,,,,,0
9223280,,1,,,,,,,,,,0
9223281,,1,,,,,,,,,,0
9223282,,1,,,,,,,,,,0
9223283,,1,,,,,,,,,,0
9223284,,1,,,,,,,,,,0
9223285,,1,,,,,,,,,,0
9223286,,1,,,,,,,,,,0
9223287,,1,,,,,,,,,,0
9223288,,1,,,,,,,,,,0
9223289,,1,,,,,,,,,,0
9223290,,1,,,,,,,,,,0
9223291,,1,,,,,,,,,,0
9223292,,1,,,,,,,,,,0
9223293,,1,,,,,,,,,,0
9223294,,1,,,,,,,,,,0
9223295,,1,,,,,,,,,,0
9223296,,1,,,,,,,,,,0
9223297,,1,,,,,,,,,,0
9223298,,1,,,,,,,,,,0
9223299,,1,,,,,,,,,,0
9223300,,1,,,,,,,,,,0
9223301,,1,,,,,,,,,,0
9223302,,1,,,,,,,,,,0
9223303,,1,,,,,,,,,,0
9223304,,1,,,,,,,,,,0
9223305,,1,,,,,,,,,,0
9223306,,1,,,,,,,,,,0
9223307,,1,,,,,,,,,,0
9223308,,1,,,,,,,,,,0
9223309,,1,,,,,,,,,,0
9223310,,1,,,,,,,,,,0
9223311,,1,,,,,,,,,,0
9223312,,1,,,,,,,,,,0
9223313,,1,,,,,,,,,,0
9223314,,1,,,,,,,,,,0
9223315,,1,,,,,,,,,,0
9223316,,1,,,,,,,,,,0
9223317,,1,,,,,,,,,,0
9223318,,1,,,,,,,,,,0
9223319,,1,,,,,,,,,,0
9223320,,1,,,,,,,,,,0
9223321,,1,,,,,,,,,,0
9223322,,1,,,,,,,,,,0
9223323,,1,,,,,,,,,,0
9223324,,1,,,,,,,,,,0
9223325,,1,,,,,,,,,,0
9223326,,1,,,,,,,,,,0
9223327,,1,,,,,,,,,,0
9223328,,1,,,,,,,,,,0
9223329,,1,,,,,,,,,,0
9223330,,1,,,,,,,,,,0
9223331,,1,,,,,,,,,,0
9223332,,1,,,,,,,,,,0
9223333,,1,,,,,,,,,,0
9223334,,1,,,,,,,,,,0
9223335,,1,,,,,,,,,,0
9223336,,1,,,,,,,,,,0
9223337,,1,,,,,,,,,,0
9223338,,1,,,,,,,,,,0
9223339,,1,,,,,,,,,,0
9223340,,1,,,,,,,,,,0
9223341,,1,,,,,,,,,,0
9223342,,1,,,,,,,,,,0
9223343,,1,,,,,,,,,,0
9223344,,1,,,,,,,,,,0
9223345,,1,,,,,,,,,,0
9223346,,1,,,,,,,,,,0
9223347,,1,,,,,,,,,,0
9223348,,1,,,,,,,,,,0
9223349,,1,,,,,,,,,,0
9223350,,1,,,,,,,,,,0
9223351,,1,,,,,,,,,,0
9223352,,1,,,,,,,,,,0
9223353,,1,,,,,,,,,,0
9223354,,1,,,,,,,,,,0
9223355,,1,,,,,,,,,,0
9223356,,1,,,,,,,,,,0
9223357,,1,,,,,,,,,,0
9223358,,1,,,,,,,,,,0
9223359,,1,,,,,,,,,,0
9223360,,1,,,,,,,,,,0
9223361,,1,,,,,,,,,,0
9223362,,1,,,,,,,,,,0
9223363,,1,,,,,,,,,,0
9223364,,1,,,,,,,,,,0
9223365,,1,,,,,,,,,,0
9223366,,1,,,,,,,,,,0
9223367,,1,,,,,,,,,,0
9223368,,1,,,,,,,,,,0
9223369,,1,,,,,,,,,,0
9223370,,1,,,,,,,,,,0
9223371,,1,,,,,,,,,,0
9223372,,1,,,,,,,,,,0
9223373,,1,,,,,,,,,,0
9223374,,1,,,,,,,,,,0
9223375,,1,,,,,,,,,,0
9223376,,1,,,,,,,,,,0
9223377,,1,,,,,,,,,,0
9223378,,1,,,,,,,,,,0
9223379,,1,,,,,,,,,,0
9223380,,1,,,,,,,,,,0
9223381,,1,,,,,,,,,,0
9223382,,1,,,,,,,,,,0
9223383,,1,,,,,,,,,,0
9223384,,1,,,,,,,,,,0
9223385,,1,,,,,,,,,,0
9223386,,1,,,,,,,,,,0
9223387,,1,,,,,,,,,,0
9223388,,1,,,,,,,,,,0
9223389,,1,,,,,,,,,,0
9223390,,1,,,,,,,,,,0
9223391,,1,,,,,,,,,,0
9223392,,1,,,,,,,,,,0
9223393,,1,,,,,,,,,,0
9223394,,1,,,,,,,,,,0
9223395,,1,,,,,,,,,,0
9223396,,1,,,,,,,,,,0
9223397,,1,,,,,,,,,,0
9223398,,1,,,,,,,,,,0
9223399,,1,,,,,,,,,,0
9223400,,1,,,,,,,,,,0
9223401,,1,,,,,,,,,,0
9223402,,1,,,,,,,,,,0
9223403,,1,,,,,,,,,,0
9223404,,1,,,,,,,,,,0
9223405,,1,,,,,,,,,,0
9223406,,1,,,,,,,,,,0
9223407,,1,,,,,,,,,,0
9223408,,1,,,,,,,,,,0
9223409,,1,,,,,,,,,,0
9223410,,1,,,,,,,,,,0
9223411,,1,,,,,,,,,,0
9223412,,1,,,,,,,,,,0
9223413,,1,,,,,,,,,,0
9223414,,1,,,,,,,,,,0
9223415,,1,,,,,,,,,,0
9223416,,1,,,,,,,,,,0
9223417,,1,,,,,,,,,,0
9223418,,1,,,,,,,,,,0
9223419,,1,,,,,,,,,,0
9223420,,1,,,,,,,,,,0
9223421,,1,,,,,,,,,,0
9223422,,1,,,,,,,,,,0
9223423,,1,,,,,,,,,,0
9223424,,1,,,,,,,,,,0
9223425,,1,,,,,,,,,,0
9223426,,1,,,,,,,,,,0
9223427,,1,,,,,,,,,,0
9223428,,1,,,,,,,,,,0
9223429,,1,,,,,,,,,,0
9223430,,1,,,,,,,,,,0
9223431,,1,,,,,,,,,,0
9223432,,1,,,,,,,,,,0
9223433,,1,,,,,,,,,,0
9223434,,1,,,,,,,,,,0
9223435,,1,,,,,,,,,,0
9223436,,1,,,,,,,,,,0
9223437,,1,,,,,,,,,,0
9223438,,1,,,,,,,,,,0
9223439,,1,,,,,,,,,,0
9223440,,1,,,,,,,,,,0
9223441,,1,,,,,,,,,,0
9223442,,1,,,,,,,,,,0
9223443,,1,,,,,,,,,,0
9223444,,1,,,,,,,,,,0
9223445,,1,,,,,,,,,,0
9223446,,1,,,,,,,,,,0
9223447,,1,,,,,,,,,,0
9223448,,1,,,,,,,,,,0
9223449,,1,,,,,,,,,,0
9223450,,1,,,,,,,,,,0
9223451,,1,,,,,,,,,,0
9223452,,1,,,,,,,,,,0
9223453,,1,,,,,,,,,,0
9223454,,1,,,,,,,,,,0
9223455,,1,,,,,,,,,,0
9223456,,1,,,,,,,,,,0
9223457,,1,,,,,,,,,,0
9223458,,1,,,,,,,,,,0
9223459,,1,,,,,,,,,,0
9223460,,1,,,,,,,,,,0
9223461,,1,,,,,,,,,,0
9223462,,1,,,,,,,,,,0
9223463,,1,,,,,,,,,,0
9223464,,1,,,,,,,,,,0
9223465,,1,,,,,,,,,,0
9223466,,1,,,,,,,,,,0
9223467,,1,,,,,,,,,,0
9223468,,1,,,,,,,,,,0
9223469,,1,,,,,,,,,,0
9223470,,1,,,,,,,,,,0
9223471,,1,,,,,,,,,,0
9223472,,1,,,,,,,,,,0
9223473,,1,,,,,,,,,,0
9223474,,1,,,,,,,,,,0
9223475,,1,,,,,,,,,,0
9223476,,1,,,,,,,,,,0
9223477,,1,,,,,,,,,,0
9223478,,1,,,,,,,,,,0
9223479,,1,,,,,,,,,,0
9223480,,1,,,,,,,,,,0
9223481,,1,,,,,,,,,,0
9223482,,1,,,,,,,,,,0
9223483,,1,,,,,,,,,,0
9223484,,1,,,,,,,,,,0
9223485,,1,,,,,,,,,,0
9223486,,1,,,,,,,,,,0
9223487,,1,,,,,,,,,,0
1412974,,2,,,,,,,,,,0
1412975,,2,,,,,,,,,,0
1412976,,2,,,,,,,,,,0
1412977,,2,,,,,,,,,,0
1412978,,2,,,,,,,,,,0
1412979,,2,,,,,,,,,,0
1412980,,2,,,,,,,,,,0
1412981,,2,,,,,,,,,,0
1412982,,2,,,,,,,,,,0
1412983,,2,,,,,,,,,,0
1412984,,2,,,,,,,,,,0
1412985,,2,,,,,,,,,,0
1412986,,2,,,,,,,,,,0
1412987,,2,,,,,,,,,,0
1412988,,2,,,,,,,,,,0
1412989,,2,,,,,,,,,,0
1412990,,2,,,,,,,,,,0
1412991,,2,,,,,,,,,,0
1412992,,2,,,,,,,,,,0
1412993,,2,,,,,,,,,,0
1412994,,2,,,,,,,,,,0
1412995,,2,,,,,,,,,,0
1412996,,2,,,,,,,,,,0
1412997,,2,,,,,,,,,,0
1412998,,2,,,,,,,,,,0
1412999,,2,,,,,,,,,,0
1413000,,2,,,,,,,,,,0
1413001,,2,,,,,,,,,,0
1413002,,2,,,,,,,,,,0
1413003,,2,,,,,,,,,,0
1413004,,2,,,,,,,,,,0
1413005,,2,,,,,,,,,,0
1413006,,2,,,,,,,,,,0
1413007,,2,,,,,,,,,,0
1413008,,2,,,,,,,,,,0
1413009,,2,,,,,,,,,,0
1413010,,2,,,,,,,,,,0
1413011,,2,,,,,,,,,,0
1413012,,2,,,,,,,,,,0
1413013,,2,,,,,,,,,,0
1413014,,2,,,,,,,,,,0
1413015,,2,,,,,,,,,,0
1413016,,2,,,,,,,,,,0
1413017,,2,,,,,,,,,,0
1413018,,2,,,,,,,,,,0
1413019,,2,,,,,,,,,,0
1413020,,2,,,,,,,,,,0
1413021,,2,,,,,,,,,,0
1413022,,2,,,,,,,,,,0
1413023,,2,,,,,,,,,,0
1413024,,2,,,,,,,,,,0
1413025,,2,,,,,,,,,,0
1413026,,2,,,,,,,,,,0
1413027,,2,,,,,,,,,,0
1413028,,2,,,,,,,,,,0
1413029,,2,,,,,,,,,,0
1413030,,2,,,,,,,,,,0
1413031,,2,,,,,,,,,,0
1413032,,2,,,,,,,,,,0
1413033,,2,,,,,,,,,,0
1413034,,2,,,,,,,,,,0
1413035,,2,,,,,,,,,,0
1413036,,2,,,,,,,,,,0
1413037,,2,,,,,,,,,,0
1413038,,2,,,,,,,,,,0
1413039,,2,,,,,,,,,,0
1413040,,2,,,,,,,,,,0
1413041,,2,,,,,,,,,,0
1413042,,2,,,,,,,,,,0
1413043,,2,,,,,,,,,,0
1413044,,2,,,,,,,,,,0
1413045,,2,,,,,,,,,,0
1413046,,2,,,,,,,,,,0
1413047,,2,,,,,,,,,,0
1413048,,2,,,,,,,,,,0
1413049,,2,,,,,,,,,,0
1413050,,2,,,,,,,,,,0
1413051,,2,,,,,,,,,,0
1413052,,2,,,,,,,,,,0
1413053,,2,,,,,,,,,,0
1413054,,2,,,,,,,,,,0
1413055,,2,,,,,,,,,,0
1413056,,2,,,,,,,,,,0
1413057,,2,,,,,,,,,,0
1413058,,2,,,,,,,,,,0
1413059,,2,,,,,,,,,,0
1413060,,2,,,,,,,,,,0
1413061,,2,,,,,,,,,,0
1413062,,2,,,,,,,,,,0
1413063,,2,,,,,,,,,,0
1413064,,2,,,,,,,,,,0
1413065,,2,,,,,,,,,,0
1413066,,2,,,,,,,,,,0
1413067,,2,,,,,,,,,,0
1413068,,2,,,,,,,,,,0
1413069,,2,,,,,,,,,,0
1413070,,2,,,,,,,,,,0
1413071,,2,,,,,,,,,,0
1413072,,2,,,,,,,,,,0
1413073,,2,,,,,,,,,,0
1413074,,2,,,,,,,,,,0
1413075,,2,,,,,,,,,,0
1413076,,2,,,,,,,,,,0
1413077,,2,,,,,,,,,,0
1413078,,2,,,,,,,,,,0
1413079,,2,,,,,,,,,,0
1413080,,2,,,,,,,,,,0
1413081,,2,,,,,,,,,,0
1413082,,2,,,,,,,,,,0
1413083,,2,,,,,,,,,,0
1413084,,2,,,,,,,,,,0
1413085,,2,,,,,,,,,,0
1413086,,2,,,,,,,,,,0
1413087,,2,,,,,,,,,,0
1413088,,2,,,,,,,,,,0
1413089,,2,,,,,,,,,,0
1413090,,2,,,,,,,,,,0
1413091,,2,,,,,,,,,,0
1413092,,2,,,,,,,,,,0
1413093,,2,,,,,,,,,,0
1413094,,2,,,,,,,,,,0
1413095,,2,,,,,,,,,,0
1413096,,2,,,,,,,,,,0
1413097,,2,,,,,,,,,,0
1413098,,2,,,,,,,,,,0
1413099,,2,,,,,,,,,,0
1413100,,2,,,,,,,,,,0
1413101,,2,,,,,,,,,,0
1413102,,2,,,,,,,,,,0
1413103,,2,,,,,,,,,,0
1413104,,2,,,,,,,,,,0
1413105,,2,,,,,,,,,,0
1413106,,2,,,,,,,,,,0
1413107,,2,,,,,,,,,,0
1413108,,2,,,,,,,,,,0
1413109,,2,,,,,,,,,,0
1413110,,2,,,,,,,,,,0
1413111,,2,,,,,,,,,,0
1413112,,2,,,,,,,,,,0
1413113,,2,,,,,,,,,,0
1413114,,2,,,,,,,,,,0
1413115,,2,,,,,,,,,,0
1413116,,2,,,,,,,,,,0
1413117,,2,,,,,,,,,,0
1413118,,2,,,,,,,,,,0
1413119,,2,,,,,,,,,,0
1413120,,2,,,,,,,,,,0
1413121,,2,,,,,,,,,,0
1413122,,2,,,,,,,,,,0
1413123,,2,,,,,,,,,,0
1413124,,2,,,,,,,,,,0
1413125,,2,,,,,,,,,,0
1413126,,2,,,,,,,,,,0
1413127,,2,,,,,,,,,,0
1413128,,2,,,,,,,,,,0
1413129,,2,,,,,,,,,,0
1413130,,2,,,,,,,,,,0
1413131,,2,,,,,,,,,,0
1413132,,2,,,,,,,,,,0
1413133,,2,,,,,,,,,,0
1413134,,2,,,,,,,,,,0
1413135,,2,,,,,,,,,,0
1413136,,2,,,,,,,,,,0
1413137,,2,,,,,,,,,,0
1413138,,2,,,,,,,,,,0
1413139,,2,,,,,,,,,,0
1413140,,2,,,,,,,,,,0
1413141,,2,,,,,,,,,,0
1413142,,2,,,,,,,,,,0
1413143,,2,,,,,,,,,,0
1413144,,2,,,,,,,,,,0
1413145,,2,,,,,,,,,,0
1413146,,2,,,,,,,,,,0
1413147,,2,,,,,,,,,,0
1413148,,2,,,,,,,,,,0
1413149,,2,,,,,,,,,,0
1413150,,2,,,,,,,,,,0
1413151,,2,,,,,,,,,,0
1413152,,2,,,,,,,,,,0
1413153,,2,,,,,,,,,,0
1413154,,2,,,,,,,,,,0
1413155,,2,,,,,,,,,,0
1413156,,2,,,,,,,,,,0
1413157,,2,,,,,,,,,,0
1413158,,2,,,,,,,,,,0
1413159,,2,,,,,,,,,,0
1413160,,2,,,,,,,,,,0
1413161,,2,,,,,,,,,,0
1413162,,2,,,,,,,,,,0
1413163,,2,,,,,,,,,,0
1413164,,2,,,,,,,,,,0
1413165,,2,,,,,,,,,,0
1413166,,2,,,,,,,,,,0
1413167,,2,,,,,,,,,,0
1413168,,2,,,,,,,,,,0
1413169,,2,,,,,,,,,,0
1413170,,2,,,,,,,,,,0
1413171,,2,,,,,,,,,,0
1413172,,2,,,,,,,,,,0
1413173,,2,,,,,,,,,,0
1413174,,2,,,,,,,,,,0
1413175,,2,,,,,,,,,,0
1413176,,2,,,,,,,,,,0
1413177,,2,,,,,,,,,,0
1413178,,2,,,,,,,,,,0
1413179,,2,,,,,,,,,,0
1413180,,2,,,,,,,,,,0
1413181,,2,,,,,,,,,,0
1413182,,2,,,,,,,,,,0
1413183,,2,,,,,,,,,,0
1413184,,2,,,,,,,,,,0
1413185,,2,,,,,,,,,,0
1413186,,2,,,,,,,,,,0
1413187,,2,,,,,,,,,,0
1413188,,2,,,,,,,,,,0
1413189,,2,,,,,,,,,,0
1413190,,2,,,,,,,,,,0
1413191,,2,,,,,,,,,,0
1413192,,2,,,,,,,,,,0
1413193,,2,,,,,,,,,,0
1413194,,2,,,,,,,,,,0
1413195,,2,,,,,,,,,,0
1413196,,2,,,,,,,,,,0
1413197,,2,,,,,,,,,,0
1413198,,2,,,,,,,,,,0
1413199,,2,,,,,,,,,,0
1413200,,2,,,,,,,,,,0
1413201,,2,,,,,,,,,,0
1413202,,2,,,,,,,,,,0
1413203,,2,,,,,,,,,,0
1413204,,2,,,,,,,,,,0
1413205,,2,,,,,,,,,,0
1413206,,2,,,,,,,,,,0
1413207,,2,,,,,,,,,,0
1413208,,2,,,,,,,,,,0
1413209,,2,,,,,,,,,,0
1413210,,2,,,,,,,,,,0
1413211,,2,,,,,,,,,,0
1413212,,2,,,,,,,,,,0
1413213,,2,,,,,,,,,,0
1413214,,2,,,,,,,,,,0
1413215,,2,,,,,,,,,,0
1413216,,2,,,,,,,,,,0
1413217,,2,,,,,,,,,,0
1413218,,2,,,,,,,,,,0
1413219,,2,,,,,,,,,,0
1413220,,2,,,,,,,,,,0
1413221,,2,,,,,,,,,,0
1413222,,2,,,,,,,,,,0
1413223,,2,,,,,,,,,,0
1413224,,2,,,,,,,,,,0
1413225,,2,,,,,,,,,,0
1413226,,2,,,,,,,,,,0
1413227,,2,,,,,,,,,,0
1413228,,2,,,,,,,,,,0
1413229,,2,,,,,,,,,,0
1413230,,2,,,,,,,,,,0
1413231,,2,,,,,,,,,,0
1413232,,2,,,,,,,,,,0
1413233,,2,,,,,,,,,,0
1413234,,2,,,,,,,,,,0
1413235,,2,,,,,,,,,,0
1413236,,2,,,,,,,,,,0
1413237,,2,,,,,,,,,,0
1413238,,2,,,,,,,,,,0
1413239,,2,,,,,,,,,,0
1413240,,2,,,,,,,,,,0
1413241,,2,,,,,,,,,,0
1413242,,2,,,,,,,,,,0
1413243,,2,,,,,,,,,,0
1413244,,2,,,,,,,,,,0
1413245,,2,,,,,,,,,,0
1413246,,2,,,,,,,,,,0
1413247,,2,,,,,,,,,,0
1413248,,2,,,,,,,,,,0
1413249,,2,,,,,,,,,,0
1413250,,2,,,,,,,,,,0
1413251,,2,,,,,,,,,,0
1413252,,2,,,,,,,,,,0
1413253,,2,,,,,,,,,,0
1413254,,2,,,,,,,,,,0
1413255,,2,,,,,,,,,,0
1413256,,2,,,,,,,,,,0
1413257,,2,,,,,,,,,,0
1413258,,2,,,,,,,,,,0
1413259,,2,,,,,,,,,,0
1413260,,2,,,,,,,,,,0
1413261,,2,,,,,,,,,,0
1413262,,2,,,,,,,,,,0
1413263,,2,,,,,,,,,,0
1413264,,2,,,,,,,,,,0
1413265,,2,,,,,,,,,,0
1413266,,2,,,,,,,,,,0
1413267,,2,,,,,,,,,,0
1413268,,2,,,,,,,,,,0
1413269,,2,,,,,,,,,,0
1413270,,2,,,,,,,,,,0
1413271,,2,,,,,,,,,,0
1413272,,2,,,,,,,,,,0
1413273,,2,,,,,,,,,,0
1413274,,2,,,,,,,,,,0
1413275,,2,,,,,,,,,,0
1413276,,2,,,,,,,,,,0
1413277,,2,,,,,,,,,,0
1413278,,2,,,,,,,,,,0
1413279,,2,,,,,,,,,,0
1413280,,2,,,,,,,,,,0
1413281,,2,,,,,,,,,,0
1413282,,2,,,,,,,,,,0
1413283,,2,,,,,,,,,,0
1413284,,2,,,,,,,,,,0
1413285,,2,,,,,,,,,,0
1413286,,2,,,,,,,,,,0
1413287,,2,,,,,,,,,,0
1413288,,2,,,,,,,,,,0
1413289,,2,,,,,,,,,,0
1413290,,2,,,,,,,,,,0
1413291,,2,,,,,,,,,,0
1413292,,2,,,,,,,,,,0
1413293,,2,,,,,,,,,,0
1413294,,2,,,,,,,,,,0
1413295,,2,,,,,,,,,,0
1413296,,2,,,,,,,,,,0
1413297,,2,,,,,,,,,,0
1413298,,2,,,,,,,,,,0
1413299,,2,,,,,,,,,,0
1413300,,2,,,,,,,,,,0
1413301,,2,,,,,,,,,,0
1413302,,2,,,,,,,,,,0
1413303,,2,,,,,,,,,,0
1413304,,2,,,,,,,,,,0
1413305,,2,,,,,,,,,,0
1413306,,2,,,,,,,,,,0
1413307,,2,,,,,,,,,,0
1413308,,2,,,,,,,,,,0
1413309,,2,,,,,,,,,,0
1413310,,2,,,,,,,,,,0
1413311,,2,,,,,,,,,,0
1413312,,2,,,,,,,,,,0
1413313,,2,,,,,,,,,,0
1413314,,2,,,,,,,,,,0
1413315,,2,,,,,,,,,,0
1413316,,2,,,,,,,,,,0
1413317,,2,,,,,,,,,,0
1413318,,2,,,,,,,,,,0
1413319,,2,,,,,,,,,,0
1413320,,2,,,,,,,,,,0
1413321,,2,,,,,,,,,,0
1413322,,2,,,,,,,,,,0
1413323,,2,,,,,,,,,,0
1413324,,2,,,,,,,,,,0
1413325,,2,,,,,,,,,,0
1413326,,2,,,,,,,,,,0
1413327,,2,,,,,,,,,,0
1413328,,2,,,,,,,,,,0
1413329,,2,,,,,,,,,,0
1413330,,2,,,,,,,,,,0
1413331,,2,,,,,,,,,,0
1413332,,2,,,,,,,,,,0
1413333,,2,,,,,,,,,,0
1413334,,2,,,,,,,,,,0
1413335,,2,,,,,,,,,,0
1413336,,2,,,,,,,,,,0
1413337,,2,,,,,,,,,,0
1413338,,2,,,,,,,,,,0
1413339,,2,,,,,,,,,,0
1413340,,2,,,,,,,,,,0
1413341,,2,,,,,,,,,,0
1413342,,2,,,,,,,,,,0
1413343,,2,,,,,,,,,,0
1413344,,2,,,,,,,,,,0
1413345,,2,,,,,,,,,,0
1413346,,2,,,,,,,,,,0
1413347,,2,,,,,,,,,,0
1413348,,2,,,,,,,,,,0
1413349,,2,,,,,,,,,,0
1413350,,2,,,,,,,,,,0
1413351,,2,,,,,,,,,,0
1413352,,2,,,,,,,,,,0
1413353,,2,,,,,,,,,,0
1413354,,2,,,,,,,,,,0
1413355,,2,,,,,,,,,,0
1413356,,2,,,,,,,,,,0
1413357,,2,,,,,,,,,,0
1413358,,2,,,,,,,,,,0
1413359,,2,,,,,,,,,,0
1413360,,2,,,,,,,,,,0
1413361,,2,,,,,,,,,,0
1413362,,2,,,,,,,,,,0
1413363,,2,,,,,,,,,,0
1413364,,2,,,,,,,,,,0
1413365,,2,,,,,,,,,,0
1413366,,2,,,,,,,,,,0
1413367,,2,,,,,,,,,,0
1413368,,2,,,,,,,,,,0
1413369,,2,,,,,,,,,,0
1413370,,2,,,,,,,,,,0
1413371,,2,,,,,,,,,,0
1413372,,2,,,,,,,,,,0
1413373,,2,,,,,,,,,,0
1413374,,2,,,,,,,,,,0
1413375,,2,,,,,,,,,,0
1413376,,2,,,,,,,,,,0
1413377,,2,,,,,,,,,,0
1413378,,2,,,,,,,,,,0
1413379,,2,,,,,,,,,,0
1413380,,2,,,,,,,,,,0
1413381,,2,,,,,,,,,,0
1413382,,2,,,,,,,,,,0
1413383,,2,,,,,,,,,,0
1413384,,2,,,,,,,,,,0
1413385,,2,,,,,,,,,,0
1413386,,2,,,,,,,,,,0
1413387,,2,,,,,,,,,,0
1413388,,2,,,,,,,,,,0
1413389,,2,,,,,,,,,,0
1413390,,2,,,,,,,,,,0
1413391,,2,,,,,,,,,,0
1413392,,2,,,,,,,,,,0
1413393,,2,,,,,,,,,,0
1413394,,2,,,,,,,,,,0
1413395,,2,,,,,,,,,,0
1413396,,2,,,,,,,,,,0
1413397,,2,,,,,,,,,,0
1413398,,2,,,,,,,,,,0
1413399,,2,,,,,,,,,,0
1413400,,2,,,,,,,,,,0
1413401,,2,,,,,,,,,,0
1413402,,2,,,,,,,,,,0
1413403,,2,,,,,,,,,,0
1413404,,2,,,,,,,,,,0
1413405,,2,,,,,,,,,,0
1413406,,2,,,,,,,,,,0
1413407,,2,,,,,,,,,,0
1413408,,2,,,,,,,,,,0
1413409,,2,,,,,,,,,,0
1413410,,2,,,,,,,,,,0
1413411,,2,,,,,,,,,,0
1413412,,2,,,,,,,,,,0
1413413,,2,,,,,,,,,,0
1413414,,2,,,,,,,,,,0
1413415,,2,,,,,,,,,,0
1413416,,2,,,,,,,,,,0
1413417,,2,,,,,,,,,,0
1413418,,2,,,,,,,,,,0
1413419,,2,,,,,,,,,,0
1413420,,2,,,,,,,,,,0
1413421,,2,,,,,,,,,,0
1413422,,2,,,,,,,,,,0
1413423,,2,,,,,,,,,,0
1413424,,2,,,,,,,,,,0
1413425,,2,,,,,,,,,,0
1413426,,2,,,,,,,,,,0
1413427,,2,,,,,,,,,,0
1413428,,2,,,,,,,,,,0
1413429,,2,,,,,,,,,,0
1413430,,2,,,,,,,,,,0
1413431,,2,,,,,,,,,,0
1413432,,2,,,,,,,,,,0
1413433,,2,,,,,,,,,,0
1413434,,2,,,,,,,,,,0
1413435,,2,,,,,,,,,,0
1413436,,2,,,,,,,,,,0
1413437,,2,,,,,,,,,,0
1413438,,2,,,,,,,,,,0
1413439,,2,,,,,,,,,,0
1413440,,2,,,,,,,,,,0
1413441,,2,,,,,,,,,,0
1413442,,2,,,,,,,,,,0
1413443,,2,,,,,,,,,,0
1413444,,2,,,,,,,,,,0
1413445,,2,,,,,,,,,,0
1413446,,2,,,,,,,,,,0
1413447,,2,,,,,,,,,,0
1413448,,2,,,,,,,,,,0
1413449,,2,,,,,,,,,,0
1413450,,2,,,,,,,,,,0
1413451,,2,,,,,,,,,,0
1413452,,2,,,,,,,,,,0
1413453,,2,,,,,,,,,,0
1413454,,2,,,,,,,,,,0
1413455,,2,,,,,,,,,,0
1413456,,2,,,,,,,,,,0
1413457,,2,,,,,,,,,,0
1413458,,2,,,,,,,,,,0
1413459,,2,,,,,,,,,,0
1413460,,2,,,,,,,,,,0
1413461,,2,,,,,,,,,,0
1413462,,2,,,,,,,,,,0
1413463,,2,,,,,,,,,,0
1413464,,2,,,,,,,,,,0
1413465,,2,,,,,,,,,,0
1413466,,2,,,,,,,,,,0
1413467,,2,,,,,,,,,,0
1413468,,2,,,,,,,,,,0
1413469,,2,,,,,,,,,,0
1413470,,2,,,,,,,,,,0
1413471,,2,,,,,,,,,,0
1413472,,2,,,,,,,,,,0
1413473,,2,,,,,,,,,,0
9223488,,1,,,,,,,,,,0
9223489,,1,,,,,,,,,,0
9223490,,1,,,,,,,,,,0
9223491,,1,,,,,,,,,,0
9223492,,1,,,,,,,,,,0
9223493,,1,,,,,,,,,,0
9223494,,1,,,,,,,,,,0
9223495,,1,,,,,,,,,,0
9223496,,1,,,,,,,,,,0
9223497,,1,,,,,,,,,,0
9223498,,1,,,,,,,,,,0
9223499,,1,,,,,,,,,,0
9223500,,1,,,,,,,,,,0
9223501,,1,,,,,,,,,,0
9223502,,1,,,,,,,,,,0
9223503,,1,,,,,,,,,,0
9223504,,1,,,,,,,,,,0
9223505,,1,,,,,,,,,,0
9223506,,1,,,,,,,,,,0
9223507,,1,,,,,,,,,,0
9223508,,1,,,,,,,,,,0
9223509,,1,,,,,,,,,,0
9223510,,1,,,,,,,,,,0
9223511,,1,,,,,,,,,,0
9223512,,1,,,,,,,,,,0
9223513,,1,,,,,,,,,,0
9223514,,1,,,,,,,,,,0
9223515,,1,,,,,,,,,,0
9223516,,1,,,,,,,,,,0
9223517,,1,,,,,,,,,,0
9223518,,1,,,,,,,,,,0
9223519,,1,,,,,,,,,,0
9223520,,1,,,,,,,,,,0
9223521,,1,,,,,,,,,,0
9223522,,1,,,,,,,,,,0
9223523,,1,,,,,,,,,,0
9223524,,1,,,,,,,,,,0
9223525,,1,,,,,,,,,,0
9223526,,1,,,,,,,,,,0
9223527,,1,,,,,,,,,,0
9223528,,1,,,,,,,,,,0
9223529,,1,,,,,,,,,,0
9223530,,1,,,,,,,,,,0
9223531,,1,,,,,,,,,,0
9223532,,1,,,,,,,,,,0
9223533,,1,,,,,,,,,,0
9223534,,1,,,,,,,,,,0
9223535,,1,,,,,,,,,,0
9223536,,1,,,,,,,,,,0
9223537,,1,,,,,,,,,,0
9223538,,1,,,,,,,,,,0
9223539,,1,,,,,,,,,,0
9223540,,1,,,,,,,,,,0
9223541,,1,,,,,,,,,,0
9223542,,1,,,,,,,,,,0
9223543,,1,,,,,,,,,,0
9223544,,1,,,,,,,,,,0
9223545,,1,,,,,,,,,,0
9223546,,1,,,,,,,,,,0
9223547,,1,,,,,,,,,,0
9223548,,1,,,,,,,,,,0
9223549,,1,,,,,,,,,,0
9223550,,1,,,,,,,,,,0
9223551,,1,,,,,,,,,,0
9223552,,1,,,,,,,,,,0
9223553,,1,,,,,,,,,,0
9223554,,1,,,,,,,,,,0
9223555,,1,,,,,,,,,,0
9223556,,1,,,,,,,,,,0
9223557,,1,,,,,,,,,,0
9223558,,1,,,,,,,,,,0
9223559,,1,,,,,,,,,,0
9223560,,1,,,,,,,,,,0
9223561,,1,,,,,,,,,,0
9223562,,1,,,,,,,,,,0
9223563,,1,,,,,,,,,,0
9223564,,1,,,,,,,,,,0
9223565,,1,,,,,,,,,,0
9223566,,1,,,,,,,,,,0
9223567,,1,,,,,,,,,,0
9223568,,1,,,,,,,,,,0
9223569,,1,,,,,,,,,,0
9223570,,1,,,,,,,,,,0
9223571,,1,,,,,,,,,,0
9223572,,1,,,,,,,,,,0
9223573,,1,,,,,,,,,,0
9223574,,1,,,,,,,,,,0
9223575,,1,,,,,,,,,,0
9223576,,1,,,,,,,,,,0
9223577,,1,,,,,,,,,,0
9223578,,1,,,,,,,,,,0
9223579,,1,,,,,,,,,,0
9223580,,1,,,,,,,,,,0
9223581,,1,,,,,,,,,,0
9223582,,1,,,,,,,,,,0
9223583,,1,,,,,,,,,,0
9223584,,1,,,,,,,,,,0
9223585,,1,,,,,,,,,,0
9223586,,1,,,,,,,,,,0
9223587,,1,,,,,,,,,,0
9223588,,1,,,,,,,,,,0
9223589,,1,,,,,,,,,,0
9223590,,1,,,,,,,,,,0
9223591,,1,,,,,,,,,,0
9223592,,1,,,,,,,,,,0
9223593,,1,,,,,,,,,,0
9223594,,1,,,,,,,,,,0
9223595,,1,,,,,,,,,,0
9223596,,1,,,,,,,,,,0
9223597,,1,,,,,,,,,,0
9223598,,1,,,,,,,,,,0
9223599,,1,,,,,,,,,,0
9223600,,1,,,,,,,,,,0
9223601,,1,,,,,,,,,,0
9223602,,1,,,,,,,,,,0
9223603,,1,,,,,,,,,,0
9223604,,1,,,,,,,,,,0
9223605,,1,,,,,,,,,,0
9223606,,1,,,,,,,,,,0
9223607,,1,,,,,,,,,,0
9223608,,1,,,,,,,,,,0
9223609,,1,,,,,,,,,,0
9223610,,1,,,,,,,,,,0
9223611,,1,,,,,,,,,,0
9223612,,1,,,,,,,,,,0
9223613,,1,,,,,,,,,,0
9223614,,1,,,,,,,,,,0
9223615,,1,,,,,,,,,,0
9223616,,1,,,,,,,,,,0
9223617,,1,,,,,,,,,,0
9223618,,1,,,,,,,,,,0
9223619,,1,,,,,,,,,,0
9223620,,1,,,,,,,,,,0
9223621,,1,,,,,,,,,,0
9223622,,1,,,,,,,,,,0
9223623,,1,,,,,,,,,,0
9223624,,1,,,,,,,,,,0
9223625,,1,,,,,,,,,,0
9223626,,1,,,,,,,,,,0
9223627,,1,,,,,,,,,,0
9223628,,1,,,,,,,,,,0
9223629,,1,,,,,,,,,,0
9223630,,1,,,,,,,,,,0
9223631,,1,,,,,,,,,,0
9223632,,1,,,,,,,,,,0
9223633,,1,,,,,,,,,,0
9223634,,1,,,,,,,,,,0
9223635,,1,,,,,,,,,,0
9223636,,1,,,,,,,,,,0
9223637,,1,,,,,,,,,,0
9223638,,1,,,,,,,,,,0
9223639,,1,,,,,,,,,,0
9223640,,1,,,,,,,,,,0
9223641,,1,,,,,,,,,,0
9223642,,1,,,,,,,,,,0
9223643,,1,,,,,,,,,,0
9223644,,1,,,,,,,,,,0
9223645,,1,,,,,,,,,,0
9223646,,1,,,,,,,,,,0
9223647,,1,,,,,,,,,,0
9223648,,1,,,,,,,,,,0
9223649,,1,,,,,,,,,,0
9223650,,1,,,,,,,,,,0
9223651,,1,,,,,,,,,,0
9223652,,1,,,,,,,,,,0
9223653,,1,,,,,,,,,,0
9223654,,1,,,,,,,,,,0
9223655,,1,,,,,,,,,,0
9223656,,1,,,,,,,,,,0
9223657,,1,,,,,,,,,,0
9223658,,1,,,,,,,,,,0
9223659,,1,,,,,,,,,,0
9223660,,1,,,,,,,,,,0
9223661,,1,,,,,,,,,,0
9223662,,1,,,,,,,,,,0
9223663,,1,,,,,,,,,,0
9223664,,1,,,,,,,,,,0
9223665,,1,,,,,,,,,,0
9223666,,1,,,,,,,,,,0
9223667,,1,,,,,,,,,,0
9223668,,1,,,,,,,,,,0
9223669,,1,,,,,,,,,,0
9223670,,1,,,,,,,,,,0
9223671,,1,,,,,,,,,,0
9223672,,1,,,,,,,,,,0
9223673,,1,,,,,,,,,,0
9223674,,1,,,,,,,,,,0
9223675,,1,,,,,,,,,,0
9223676,,1,,,,,,,,,,0
9223677,,1,,,,,,,,,,0
9223678,,1,,,,,,,,,,0
9223679,,1,,,,,,,,,,0
9223680,,1,,,,,,,,,,0
9223681,,1,,,,,,,,,,0
9223682,,1,,,,,,,,,,0
9223683,,1,,,,,,,,,,0
9223684,,1,,,,,,,,,,0
9223685,,1,,,,,,,,,,0
9223686,,1,,,,,,,,,,0
9223687,,1,,,,,,,,,,0
9223688,,1,,,,,,,,,,0
9223689,,1,,,,,,,,,,0
9223690,,1,,,,,,,,,,0
9223691,,1,,,,,,,,,,0
9223692,,1,,,,,,,,,,0
9223693,,1,,,,,,,,,,0
9223694,,1,,,,,,,,,,0
9223695,,1,,,,,,,,,,0
9223696,,1,,,,,,,,,,0
9223697,,1,,,,,,,,,,0
9223698,,1,,,,,,,,,,0
9223699,,1,,,,,,,,,,0
9223700,,1,,,,,,,,,,0
9223701,,1,,,,,,,,,,0
9223702,,1,,,,,,,,,,0
9223703,,1,,,,,,,,,,0
9223704,,1,,,,,,,,,,0
9223705,,1,,,,,,,,,,0
9223706,,1,,,,,,,,,,0
9223707,,1,,,,,,,,,,0
9223708,,1,,,,,,,,,,0
9223709,,1,,,,,,,,,,0
9223710,,1,,,,,,,,,,0
9223711,,1,,,,,,,,,,0
9223712,,1,,,,,,,,,,0
9223713,,1,,,,,,,,,,0
9223714,,1,,,,,,,,,,0
9223715,,1,,,,,,,,,,0
9223716,,1,,,,,,,,,,0
9223717,,1,,,,,,,,,,0
9223718,,1,,,,,,,,,,0
9223719,,1,,,,,,,,,,0
9223720,,1,,,,,,,,,,0
9223721,,1,,,,,,,,,,0
9223722,,1,,,,,,,,,,0
9223723,,1,,,,,,,,,,0
9223724,,1,,,,,,,,,,0
9223725,,1,,,,,,,,,,0
9223726,,1,,,,,,,,,,0
9223727,,1,,,,,,,,,,0
9223728,,1,,,,,,,,,,0
9223729,,1,,,,,,,,,,0
9223730,,1,,,,,,,,,,0
9223731,,1,,,,,,,,,,0
9223732,,1,,,,,,,,,,0
9223733,,1,,,,,,,,,,0
9223734,,1,,,,,,,,,,0
9223735,,1,,,,,,,,,,0
9223736,,1,,,,,,,,,,0
9223737,,1,,,,,,,,,,0
9223738,,1,,,,,,,,,,0
9223739,,1,,,,,,,,,,0
9223740,,1,,,,,,,,,,0
9223741,,1,,,,,,,,,,0
9223742,,1,,,,,,,,,,0
9223743,,1,,,,,,,,,,0
9223744,,1,,,,,,,,,,0
9223745,,1,,,,,,,,,,0
9223746,,1,,,,,,,,,,0
9223747,,1,,,,,,,,,,0
9223748,,1,,,,,,,,,,0
9223749,,1,,,,,,,,,,0
9223750,,1,,,,,,,,,,0
9223751,,1,,,,,,,,,,0
9223752,,1,,,,,,,,,,0
9223753,,1,,,,,,,,,,0
9223754,,1,,,,,,,,,,0
9223755,,1,,,,,,,,,,0
9223756,,1,,,,,,,,,,0
9223757,,1,,,,,,,,,,0
9223758,,1,,,,,,,,,,0
9223759,,1,,,,,,,,,,0
9223760,,1,,,,,,,,,,0
9223761,,1,,,,,,,,,,0
9223762,,1,,,,,,,,,,0
9223763,,1,,,,,,,,,,0
9223764,,1,,,,,,,,,,0
9223765,,1,,,,,,,,,,0
9223766,,1,,,,,,,,,,0
9223767,,1,,,,,,,,,,0
9223768,,1,,,,,,,,,,0
9223769,,1,,,,,,,,,,0
9223770,,1,,,,,,,,,,0
9223771,,1,,,,,,,,,,0
9223772,,1,,,,,,,,,,0
9223773,,1,,,,,,,,,,0
9223774,,1,,,,,,,,,,0
9223775,,1,,,,,,,,,,0
9223776,,1,,,,,,,,,,0
9223777,,1,,,,,,,,,,0
9223778,,1,,,,,,,,,,0
9223779,,1,,,,,,,,,,0
9223780,,1,,,,,,,,,,0
9223781,,1,,,,,,,,,,0
9223782,,1,,,,,,,,,,0
9223783,,1,,,,,,,,,,0
9223784,,1,,,,,,,,,,0
9223785,,1,,,,,,,,,,0
9223786,,1,,,,,,,,,,0
9223787,,1,,,,,,,,,,0
9223788,,1,,,,,,,,,,0
9223789,,1,,,,,,,,,,0
9223790,,1,,,,,,,,,,0
9223791,,1,,,,,,,,,,0
9223792,,1,,,,,,,,,,0
9223793,,1,,,,,,,,,,0
9223794,,1,,,,,,,,,,0
9223795,,1,,,,,,,,,,0
9223796,,1,,,,,,,,,,0
9223797,,1,,,,,,,,,,0
9223798,,1,,,,,,,,,,0
9223799,,1,,,,,,,,,,0
9223800,,1,,,,,,,,,,0
9223801,,1,,,,,,,,,,0
9223802,,1,,,,,,,,,,0
9223803,,1,,,,,,,,,,0
9223804,,1,,,,,,,,,,0
9223805,,1,,,,,,,,,,0
9223806,,1,,,,,,,,,,0
9223807,,1,,,,,,,,,,0
9223808,,1,,,,,,,,,,0
9223809,,1,,,,,,,,,,0
9223810,,1,,,,,,,,,,0
9223811,,1,,,,,,,,,,0
9223812,,1,,,,,,,,,,0
9223813,,1,,,,,,,,,,0
9223814,,1,,,,,,,,,,0
9223815,,1,,,,,,,,,,0
9223816,,1,,,,,,,,,,0
9223817,,1,,,,,,,,,,0
9223818,,1,,,,,,,,,,0
9223819,,1,,,,,,,,,,0
9223820,,1,,,,,,,,,,0
9223821,,1,,,,,,,,,,0
9223822,,1,,,,,,,,,,0
9223823,,1,,,,,,,,,,0
9223824,,1,,,,,,,,,,0
9223825,,1,,,,,,,,,,0
9223826,,1,,,,,,,,,,0
9223827,,1,,,,,,,,,,0
9223828,,1,,,,,,,,,,0
9223829,,1,,,,,,,,,,0
9223830,,1,,,,,,,,,,0
9223831,,1,,,,,,,,,,0
9223832,,1,,,,,,,,,,0
9223833,,1,,,,,,,,,,0
9223834,,1,,,,,,,,,,0
9223835,,1,,,,,,,,,,0
9223836,,1,,,,,,,,,,0
9223837,,1,,,,,,,,,,0
9223838,,1,,,,,,,,,,0
9223839,,1,,,,,,,,,,0
9223840,,1,,,,,,,,,,0
9223841,,1,,,,,,,,,,0
9223842,,1,,,,,,,,,,0
9223843,,1,,,,,,,,,,0
9223844,,1,,,,,,,,,,0
9223845,,1,,,,,,,,,,0
9223846,,1,,,,,,,,,,0
9223847,,1,,,,,,,,,,0
9223848,,1,,,,,,,,,,0
9223849,,1,,,,,,,,,,0
9223850,,1,,,,,,,,,,0
9223851,,1,,,,,,,,,,0
9223852,,1,,,,,,,,,,0
9223853,,1,,,,,,,,,,0
9223854,,1,,,,,,,,,,0
9223855,,1,,,,,,,,,,0
9223856,,1,,,,,,,,,,0
9223857,,1,,,,,,,,,,0
9223858,,1,,,,,,,,,,0
9223859,,1,,,,,,,,,,0
9223860,,1,,,,,,,,,,0
9223861,,1,,,,,,,,,,0
9223862,,1,,,,,,,,,,0
9223863,,1,,,,,,,,,,0
9223864,,1,,,,,,,,,,0
9223865,,1,,,,,,,,,,0
9223866,,1,,,,,,,,,,0
9223867,,1,,,,,,,,,,0
9223868,,1,,,,,,,,,,0
9223869,,1,,,,,,,,,,0
9223870,,1,,,,,,,,,,0
9223871,,1,,,,,,,,,,0
9223872,,1,,,,,,,,,,0
9223873,,1,,,,,,,,,,0
9223874,,1,,,,,,,,,,0
9223875,,1,,,,,,,,,,0
9223876,,1,,,,,,,,,,0
9223877,,1,,,,,,,,,,0
9223878,,1,,,,,,,,,,0
9223879,,1,,,,,,,,,,0
9223880,,1,,,,,,,,,,0
9223881,,1,,,,,,,,,,0
9223882,,1,,,,,,,,,,0
9223883,,1,,,,,,,,,,0
9223884,,1,,,,,,,,,,0
9223885,,1,,,,,,,,,,0
9223886,,1,,,,,,,,,,0
9223887,,1,,,,,,,,,,0
9223888,,1,,,,,,,,,,0
9223889,,1,,,,,,,,,,0
9223890,,1,,,,,,,,,,0
9223891,,1,,,,,,,,,,0
9223892,,1,,,,,,,,,,0
9223893,,1,,,,,,,,,,0
9223894,,1,,,,,,,,,,0
9223895,,1,,,,,,,,,,0
9223896,,1,,,,,,,,,,0
9223897,,1,,,,,,,,,,0
9223898,,1,,,,,,,,,,0
9223899,,1,,,,,,,,,,0
9223900,,1,,,,,,,,,,0
9223901,,1,,,,,,,,,,0
9223902,,1,,,,,,,,,,0
9223903,,1,,,,,,,,,,0
9223904,,1,,,,,,,,,,0
9223905,,1,,,,,,,,,,0
9223906,,1,,,,,,,,,,0
9223907,,1,,,,,,,,,,0
9223908,,1,,,,,,,,,,0
9223909,,1,,,,,,,,,,0
9223910,,1,,,,,,,,,,0
9223911,,1,,,,,,,,,,0
9223912,,1,,,,,,,,,,0
9223913,,1,,,,,,,,,,0
9223914,,1,,,,,,,,,,0
9223915,,1,,,,,,,,,,0
9223916,,1,,,,,,,,,,0
9223917,,1,,,,,,,,,,0
9223918,,1,,,,,,,,,,0
9223919,,1,,,,,,,,,,0
9223920,,1,,,,,,,,,,0
9223921,,1,,,,,,,,,,0
9223922,,1,,,,,,,,,,0
9223923,,1,,,,,,,,,,0
9223924,,1,,,,,,,,,,0
9223925,,1,,,,,,,,,,0
9223926,,1,,,,,,,,,,0
9223927,,1,,,,,,,,,,0
9223928,,1,,,,,,,,,,0
9223929,,1,,,,,,,,,,0
9223930,,1,,,,,,,,,,0
9223931,,1,,,,,,,,,,0
9223932,,1,,,,,,,,,,0
9223933,,1,,,,,,,,,,0
9223934,,1,,,,,,,,,,0
9223935,,1,,,,,,,,,,0
9223936,,1,,,,,,,,,,0
9223937,,1,,,,,,,,,,0
9223938,,1,,,,,,,,,,0
9223939,,1,,,,,,,,,,0
9223940,,1,,,,,,,,,,0
9223941,,1,,,,,,,,,,0
9223942,,1,,,,,,,,,,0
9223943,,1,,,,,,,,,,0
9223944,,1,,,,,,,,,,0
9223945,,1,,,,,,,,,,0
9223946,,1,,,,,,,,,,0
9223947,,1,,,,,,,,,,0
9223948,,1,,,,,,,,,,0
9223949,,1,,,,,,,,,,0
9223950,,1,,,,,,,,,,0
9223951,,1,,,,,,,,,,0
9223952,,1,,,,,,,,,,0
9223953,,1,,,,,,,,,,0
9223954,,1,,,,,,,,,,0
9223955,,1,,,,,,,,,,0
9223956,,1,,,,,,,,,,0
9223957,,1,,,,,,,,,,0
9223958,,1,,,,,,,,,,0
9223959,,1,,,,,,,,,,0
9223960,,1,,,,,,,,,,0
9223961,,1,,,,,,,,,,0
9223962,,1,,,,,,,,,,0
9223963,,1,,,,,,,,,,0
9223964,,1,,,,,,,,,,0
9223965,,1,,,,,,,,,,0
9223966,,1,,,,,,,,,,0
9223967,,1,,,,,,,,,,0
9223968,,1,,,,,,,,,,0
9223969,,1,,,,,,,,,,0
9223970,,1,,,,,,,,,,0
9223971,,1,,,,,,,,,,0
9223972,,1,,,,,,,,,,0
9223973,,1,,,,,,,,,,0
9223974,,1,,,,,,,,,,0
9223975,,1,,,,,,,,,,0
9223976,,1,,,,,,,,,,0
9223977,,1,,,,,,,,,,0
9223978,,1,,,,,,,,,,0
9223979,,1,,,,,,,,,,0
9223980,,1,,,,,,,,,,0
9223981,,1,,,,,,,,,,0
9223982,,1,,,,,,,,,,0
9223983,,1,,,,,,,,,,0
9223984,,1,,,,,,,,,,0
9223985,,1,,,,,,,,,,0
9223986,,1,,,,,,,,,,0
9223987,,1,,,,,,,,,,0
1413474,,2,,,,,,,,,,0
1413475,,2,,,,,,,,,,0
1413476,,2,,,,,,,,,,0
1413477,,2,,,,,,,,,,0
1413478,,2,,,,,,,,,,0
1413479,,2,,,,,,,,,,0
1413480,,2,,,,,,,,,,0
1413481,,2,,,,,,,,,,0
1413482,,2,,,,,,,,,,0
1413483,,2,,,,,,,,,,0
1413484,,2,,,,,,,,,,0
1413485,,2,,,,,,,,,,0
1413486,,2,,,,,,,,,,0
1413487,,2,,,,,,,,,,0
1413488,,2,,,,,,,,,,0
1413489,,2,,,,,,,,,,0
1413490,,2,,,,,,,,,,0
1413491,,2,,,,,,,,,,0
1413492,,2,,,,,,,,,,0
1413493,,2,,,,,,,,,,0
1413494,,2,,,,,,,,,,0
1413495,,2,,,,,,,,,,0
1413496,,2,,,,,,,,,,0
1413497,,2,,,,,,,,,,0
1413498,,2,,,,,,,,,,0
1413499,,2,,,,,,,,,,0
1413500,,2,,,,,,,,,,0
1413501,,2,,,,,,,,,,0
1413502,,2,,,,,,,,,,0
1413503,,2,,,,,,,,,,0
1413504,,2,,,,,,,,,,0
1413505,,2,,,,,,,,,,0
1413506,,2,,,,,,,,,,0
1413507,,2,,,,,,,,,,0
1413508,,2,,,,,,,,,,0
1413509,,2,,,,,,,,,,0
1413510,,2,,,,,,,,,,0
1413511,,2,,,,,,,,,,0
1413512,,2,,,,,,,,,,0
1413513,,2,,,,,,,,,,0
1413514,,2,,,,,,,,,,0
1413515,,2,,,,,,,,,,0
1413516,,2,,,,,,,,,,0
1413517,,2,,,,,,,,,,0
1413518,,2,,,,,,,,,,0
1413519,,2,,,,,,,,,,0
1413520,,2,,,,,,,,,,0
1413521,,2,,,,,,,,,,0
1413522,,2,,,,,,,,,,0
1413523,,2,,,,,,,,,,0
1413524,,2,,,,,,,,,,0
1413525,,2,,,,,,,,,,0
1413526,,2,,,,,,,,,,0
1413527,,2,,,,,,,,,,0
1413528,,2,,,,,,,,,,0
1413529,,2,,,,,,,,,,0
1413530,,2,,,,,,,,,,0
1413531,,2,,,,,,,,,,0
1413532,,2,,,,,,,,,,0
1413533,,2,,,,,,,,,,0
1413534,,2,,,,,,,,,,0
1413535,,2,,,,,,,,,,0
1413536,,2,,,,,,,,,,0
1413537,,2,,,,,,,,,,0
1413538,,2,,,,,,,,,,0
1413539,,2,,,,,,,,,,0
1413540,,2,,,,,,,,,,0
1413541,,2,,,,,,,,,,0
1413542,,2,,,,,,,,,,0
1413543,,2,,,,,,,,,,0
1413544,,2,,,,,,,,,,0
1413545,,2,,,,,,,,,,0
1413546,,2,,,,,,,,,,0
1413547,,2,,,,,,,,,,0
1413548,,2,,,,,,,,,,0
1413549,,2,,,,,,,,,,0
1413550,,2,,,,,,,,,,0
1413551,,2,,,,,,,,,,0
1413552,,2,,,,,,,,,,0
1413553,,2,,,,,,,,,,0
1413554,,2,,,,,,,,,,0
1413555,,2,,,,,,,,,,0
1413556,,2,,,,,,,,,,0
1413557,,2,,,,,,,,,,0
1413558,,2,,,,,,,,,,0
1413559,,2,,,,,,,,,,0
1413560,,2,,,,,,,,,,0
1413561,,2,,,,,,,,,,0
1413562,,2,,,,,,,,,,0
1413563,,2,,,,,,,,,,0
1413564,,2,,,,,,,,,,0
1413565,,2,,,,,,,,,,0
1413566,,2,,,,,,,,,,0
1413567,,2,,,,,,,,,,0
1413568,,2,,,,,,,,,,0
1413569,,2,,,,,,,,,,0
1413570,,2,,,,,,,,,,0
1413571,,2,,,,,,,,,,0
1413572,,2,,,,,,,,,,0
1413573,,2,,,,,,,,,,0
1413574,,2,,,,,,,,,,0
1413575,,2,,,,,,,,,,0
1413576,,2,,,,,,,,,,0
1413577,,2,,,,,,,,,,0
1413578,,2,,,,,,,,,,0
1413579,,2,,,,,,,,,,0
1413580,,2,,,,,,,,,,0
1413581,,2,,,,,,,,,,0
1413582,,2,,,,,,,,,,0
1413583,,2,,,,,,,,,,0
1413584,,2,,,,,,,,,,0
1413585,,2,,,,,,,,,,0
1413586,,2,,,,,,,,,,0
1413587,,2,,,,,,,,,,0
1413588,,2,,,,,,,,,,0
1413589,,2,,,,,,,,,,0
1413590,,2,,,,,,,,,,0
1413591,,2,,,,,,,,,,0
1413592,,2,,,,,,,,,,0
1413593,,2,,,,,,,,,,0
1413594,,2,,,,,,,,,,0
1413595,,2,,,,,,,,,,0
1413596,,2,,,,,,,,,,0
1413597,,2,,,,,,,,,,0
1413598,,2,,,,,,,,,,0
1413599,,2,,,,,,,,,,0
1413600,,2,,,,,,,,,,0
1413601,,2,,,,,,,,,,0
1413602,,2,,,,,,,,,,0
1413603,,2,,,,,,,,,,0
1413604,,2,,,,,,,,,,0
1413605,,2,,,,,,,,,,0
1413606,,2,,,,,,,,,,0
1413607,,2,,,,,,,,,,0
1413608,,2,,,,,,,,,,0
1413609,,2,,,,,,,,,,0
1413610,,2,,,,,,,,,,0
1413611,,2,,,,,,,,,,0
1413612,,2,,,,,,,,,,0
1413613,,2,,,,,,,,,,0
1413614,,2,,,,,,,,,,0
1413615,,2,,,,,,,,,,0
1413616,,2,,,,,,,,,,0
1413617,,2,,,,,,,,,,0
1413618,,2,,,,,,,,,,0
1413619,,2,,,,,,,,,,0
1413620,,2,,,,,,,,,,0
1413621,,2,,,,,,,,,,0
1413622,,2,,,,,,,,,,0
1413623,,2,,,,,,,,,,0
1413624,,2,,,,,,,,,,0
1413625,,2,,,,,,,,,,0
1413626,,2,,,,,,,,,,0
1413627,,2,,,,,,,,,,0
1413628,,2,,,,,,,,,,0
1413629,,2,,,,,,,,,,0
1413630,,2,,,,,,,,,,0
1413631,,2,,,,,,,,,,0
1413632,,2,,,,,,,,,,0
1413633,,2,,,,,,,,,,0
1413634,,2,,,,,,,,,,0
1413635,,2,,,,,,,,,,0
1413636,,2,,,,,,,,,,0
1413637,,2,,,,,,,,,,0
1413638,,2,,,,,,,,,,0
1413639,,2,,,,,,,,,,0
1413640,,2,,,,,,,,,,0
1413641,,2,,,,,,,,,,0
1413642,,2,,,,,,,,,,0
1413643,,2,,,,,,,,,,0
1413644,,2,,,,,,,,,,0
1413645,,2,,,,,,,,,,0
1413646,,2,,,,,,,,,,0
1413647,,2,,,,,,,,,,0
1413648,,2,,,,,,,,,,0
1413649,,2,,,,,,,,,,0
1413650,,2,,,,,,,,,,0
1413651,,2,,,,,,,,,,0
1413652,,2,,,,,,,,,,0
1413653,,2,,,,,,,,,,0
1413654,,2,,,,,,,,,,0
1413655,,2,,,,,,,,,,0
1413656,,2,,,,,,,,,,0
1413657,,2,,,,,,,,,,0
1413658,,2,,,,,,,,,,0
1413659,,2,,,,,,,,,,0
1413660,,2,,,,,,,,,,0
1413661,,2,,,,,,,,,,0
1413662,,2,,,,,,,,,,0
1413663,,2,,,,,,,,,,0
1413664,,2,,,,,,,,,,0
1413665,,2,,,,,,,,,,0
1413666,,2,,,,,,,,,,0
1413667,,2,,,,,,,,,,0
1413668,,2,,,,,,,,,,0
1413669,,2,,,,,,,,,,0
1413670,,2,,,,,,,,,,0
1413671,,2,,,,,,,,,,0
1413672,,2,,,,,,,,,,0
1413673,,2,,,,,,,,,,0
1413674,,2,,,,,,,,,,0
1413675,,2,,,,,,,,,,0
1413676,,2,,,,,,,,,,0
1413677,,2,,,,,,,,,,0
1413678,,2,,,,,,,,,,0
1413679,,2,,,,,,,,,,0
1413680,,2,,,,,,,,,,0
1413681,,2,,,,,,,,,,0
1413682,,2,,,,,,,,,,0
1413683,,2,,,,,,,,,,0
1413684,,2,,,,,,,,,,0
1413685,,2,,,,,,,,,,0
1413686,,2,,,,,,,,,,0
1413687,,2,,,,,,,,,,0
1413688,,2,,,,,,,,,,0
1413689,,2,,,,,,,,,,0
1413690,,2,,,,,,,,,,0
1413691,,2,,,,,,,,,,0
1413692,,2,,,,,,,,,,0
1413693,,2,,,,,,,,,,0
1413694,,2,,,,,,,,,,0
1413695,,2,,,,,,,,,,0
1413696,,2,,,,,,,,,,0
1413697,,2,,,,,,,,,,0
1413698,,2,,,,,,,,,,0
1413699,,2,,,,,,,,,,0
1413700,,2,,,,,,,,,,0
1413701,,2,,,,,,,,,,0
1413702,,2,,,,,,,,,,0
1413703,,2,,,,,,,,,,0
1413704,,2,,,,,,,,,,0
1413705,,2,,,,,,,,,,0
1413706,,2,,,,,,,,,,0
1413707,,2,,,,,,,,,,0
1413708,,2,,,,,,,,,,0
1413709,,2,,,,,,,,,,0
1413710,,2,,,,,,,,,,0
1413711,,2,,,,,,,,,,0
1413712,,2,,,,,,,,,,0
1413713,,2,,,,,,,,,,0
1413714,,2,,,,,,,,,,0
1413715,,2,,,,,,,,,,0
1413716,,2,,,,,,,,,,0
1413717,,2,,,,,,,,,,0
1413718,,2,,,,,,,,,,0
1413719,,2,,,,,,,,,,0
1413720,,2,,,,,,,,,,0
1413721,,2,,,,,,,,,,0
1413722,,2,,,,,,,,,,0
1413723,,2,,,,,,,,,,0
1413724,,2,,,,,,,,,,0
1413725,,2,,,,,,,,,,0
1413726,,2,,,,,,,,,,0
1413727,,2,,,,,,,,,,0
1413728,,2,,,,,,,,,,0
1413729,,2,,,,,,,,,,0
1413730,,2,,,,,,,,,,0
1413731,,2,,,,,,,,,,0
1413732,,2,,,,,,,,,,0
1413733,,2,,,,,,,,,,0
1413734,,2,,,,,,,,,,0
1413735,,2,,,,,,,,,,0
1413736,,2,,,,,,,,,,0
1413737,,2,,,,,,,,,,0
1413738,,2,,,,,,,,,,0
1413739,,2,,,,,,,,,,0
1413740,,2,,,,,,,,,,0
1413741,,2,,,,,,,,,,0
1413742,,2,,,,,,,,,,0
1413743,,2,,,,,,,,,,0
1413744,,2,,,,,,,,,,0
1413745,,2,,,,,,,,,,0
1413746,,2,,,,,,,,,,0
1413747,,2,,,,,,,,,,0
1413748,,2,,,,,,,,,,0
1413749,,2,,,,,,,,,,0
1413750,,2,,,,,,,,,,0
1413751,,2,,,,,,,,,,0
1413752,,2,,,,,,,,,,0
1413753,,2,,,,,,,,,,0
1413754,,2,,,,,,,,,,0
1413755,,2,,,,,,,,,,0
1413756,,2,,,,,,,,,,0
1413757,,2,,,,,,,,,,0
1413758,,2,,,,,,,,,,0
1413759,,2,,,,,,,,,,0
1413760,,2,,,,,,,,,,0
1413761,,2,,,,,,,,,,0
1413762,,2,,,,,,,,,,0
1413763,,2,,,,,,,,,,0
1413764,,2,,,,,,,,,,0
1413765,,2,,,,,,,,,,0
1413766,,2,,,,,,,,,,0
1413767,,2,,,,,,,,,,0
1413768,,2,,,,,,,,,,0
1413769,,2,,,,,,,,,,0
1413770,,2,,,,,,,,,,0
1413771,,2,,,,,,,,,,0
1413772,,2,,,,,,,,,,0
1413773,,2,,,,,,,,,,0
1413774,,2,,,,,,,,,,0
1413775,,2,,,,,,,,,,0
1413776,,2,,,,,,,,,,0
1413777,,2,,,,,,,,,,0
1413778,,2,,,,,,,,,,0
1413779,,2,,,,,,,,,,0
1413780,,2,,,,,,,,,,0
1413781,,2,,,,,,,,,,0
1413782,,2,,,,,,,,,,0
1413783,,2,,,,,,,,,,0
1413784,,2,,,,,,,,,,0
1413785,,2,,,,,,,,,,0
1413786,,2,,,,,,,,,,0
1413787,,2,,,,,,,,,,0
1413788,,2,,,,,,,,,,0
1413789,,2,,,,,,,,,,0
1413790,,2,,,,,,,,,,0
1413791,,2,,,,,,,,,,0
1413792,,2,,,,,,,,,,0
1413793,,2,,,,,,,,,,0
1413794,,2,,,,,,,,,,0
1413795,,2,,,,,,,,,,0
1413796,,2,,,,,,,,,,0
1413797,,2,,,,,,,,,,0
1413798,,2,,,,,,,,,,0
1413799,,2,,,,,,,,,,0
1413800,,2,,,,,,,,,,0
1413801,,2,,,,,,,,,,0
1413802,,2,,,,,,,,,,0
1413803,,2,,,,,,,,,,0
1413804,,2,,,,,,,,,,0
1413805,,2,,,,,,,,,,0
1413806,,2,,,,,,,,,,0
1413807,,2,,,,,,,,,,0
1413808,,2,,,,,,,,,,0
1413809,,2,,,,,,,,,,0
1413810,,2,,,,,,,,,,0
1413811,,2,,,,,,,,,,0
1413812,,2,,,,,,,,,,0
1413813,,2,,,,,,,,,,0
1413814,,2,,,,,,,,,,0
1413815,,2,,,,,,,,,,0
1413816,,2,,,,,,,,,,0
1413817,,2,,,,,,,,,,0
1413818,,2,,,,,,,,,,0
1413819,,2,,,,,,,,,,0
1413820,,2,,,,,,,,,,0
1413821,,2,,,,,,,,,,0
1413822,,2,,,,,,,,,,0
1413823,,2,,,,,,,,,,0
1413824,,2,,,,,,,,,,0
1413825,,2,,,,,,,,,,0
1413826,,2,,,,,,,,,,0
1413827,,2,,,,,,,,,,0
1413828,,2,,,,,,,,,,0
1413829,,2,,,,,,,,,,0
1413830,,2,,,,,,,,,,0
1413831,,2,,,,,,,,,,0
1413832,,2,,,,,,,,,,0
1413833,,2,,,,,,,,,,0
1413834,,2,,,,,,,,,,0
1413835,,2,,,,,,,,,,0
1413836,,2,,,,,,,,,,0
1413837,,2,,,,,,,,,,0
1413838,,2,,,,,,,,,,0
1413839,,2,,,,,,,,,,0
1413840,,2,,,,,,,,,,0
1413841,,2,,,,,,,,,,0
1413842,,2,,,,,,,,,,0
1413843,,2,,,,,,,,,,0
1413844,,2,,,,,,,,,,0
1413845,,2,,,,,,,,,,0
1413846,,2,,,,,,,,,,0
1413847,,2,,,,,,,,,,0
1413848,,2,,,,,,,,,,0
1413849,,2,,,,,,,,,,0
1413850,,2,,,,,,,,,,0
1413851,,2,,,,,,,,,,0
1413852,,2,,,,,,,,,,0
1413853,,2,,,,,,,,,,0
1413854,,2,,,,,,,,,,0
1413855,,2,,,,,,,,,,0
1413856,,2,,,,,,,,,,0
1413857,,2,,,,,,,,,,0
1413858,,2,,,,,,,,,,0
1413859,,2,,,,,,,,,,0
1413860,,2,,,,,,,,,,0
1413861,,2,,,,,,,,,,0
1413862,,2,,,,,,,,,,0
1413863,,2,,,,,,,,,,0
1413864,,2,,,,,,,,,,0
1413865,,2,,,,,,,,,,0
1413866,,2,,,,,,,,,,0
1413867,,2,,,,,,,,,,0
1413868,,2,,,,,,,,,,0
1413869,,2,,,,,,,,,,0
1413870,,2,,,,,,,,,,0
1413871,,2,,,,,,,,,,0
1413872,,2,,,,,,,,,,0
1413873,,2,,,,,,,,,,0
1413874,,2,,,,,,,,,,0
1413875,,2,,,,,,,,,,0
1413876,,2,,,,,,,,,,0
1413877,,2,,,,,,,,,,0
1413878,,2,,,,,,,,,,0
1413879,,2,,,,,,,,,,0
1413880,,2,,,,,,,,,,0
1413881,,2,,,,,,,,,,0
1413882,,2,,,,,,,,,,0
1413883,,2,,,,,,,,,,0
1413884,,2,,,,,,,,,,0
1413885,,2,,,,,,,,,,0
1413886,,2,,,,,,,,,,0
1413887,,2,,,,,,,,,,0
1413888,,2,,,,,,,,,,0
1413889,,2,,,,,,,,,,0
1413890,,2,,,,,,,,,,0
1413891,,2,,,,,,,,,,0
1413892,,2,,,,,,,,,,0
1413893,,2,,,,,,,,,,0
1413894,,2,,,,,,,,,,0
1413895,,2,,,,,,,,,,0
1413896,,2,,,,,,,,,,0
1413897,,2,,,,,,,,,,0
1413898,,2,,,,,,,,,,0
1413899,,2,,,,,,,,,,0
1413900,,2,,,,,,,,,,0
1413901,,2,,,,,,,,,,0
1413902,,2,,,,,,,,,,0
1413903,,2,,,,,,,,,,0
1413904,,2,,,,,,,,,,0
1413905,,2,,,,,,,,,,0
1413906,,2,,,,,,,,,,0
1413907,,2,,,,,,,,,,0
1413908,,2,,,,,,,,,,0
1413909,,2,,,,,,,,,,0
1413910,,2,,,,,,,,,,0
1413911,,2,,,,,,,,,,0
1413912,,2,,,,,,,,,,0
1413913,,2,,,,,,,,,,0
1413914,,2,,,,,,,,,,0
1413915,,2,,,,,,,,,,0
1413916,,2,,,,,,,,,,0
1413917,,2,,,,,,,,,,0
1413918,,2,,,,,,,,,,0
1413919,,2,,,,,,,,,,0
1413920,,2,,,,,,,,,,0
1413921,,2,,,,,,,,,,0
1413922,,2,,,,,,,,,,0
1413923,,2,,,,,,,,,,0
1413924,,2,,,,,,,,,,0
1413925,,2,,,,,,,,,,0
1413926,,2,,,,,,,,,,0
1413927,,2,,,,,,,,,,0
1413928,,2,,,,,,,,,,0
1413929,,2,,,,,,,,,,0
1413930,,2,,,,,,,,,,0
1413931,,2,,,,,,,,,,0
1413932,,2,,,,,,,,,,0
1413933,,2,,,,,,,,,,0
1413934,,2,,,,,,,,,,0
1413935,,2,,,,,,,,,,0
1413936,,2,,,,,,,,,,0
1413937,,2,,,,,,,,,,0
1413938,,2,,,,,,,,,,0
1413939,,2,,,,,,,,,,0
1413940,,2,,,,,,,,,,0
1413941,,2,,,,,,,,,,0
1413942,,2,,,,,,,,,,0
1413943,,2,,,,,,,,,,0
1413944,,2,,,,,,,,,,0
1413945,,2,,,,,,,,,,0
1413946,,2,,,,,,,,,,0
1413947,,2,,,,,,,,,,0
1413948,,2,,,,,,,,,,0
1413949,,2,,,,,,,,,,0
1413950,,2,,,,,,,,,,0
1413951,,2,,,,,,,,,,0
1413952,,2,,,,,,,,,,0
1413953,,2,,,,,,,,,,0
1413954,,2,,,,,,,,,,0
1413955,,2,,,,,,,,,,0
1413956,,2,,,,,,,,,,0
1413957,,2,,,,,,,,,,0
1413958,,2,,,,,,,,,,0
1413959,,2,,,,,,,,,,0
1413960,,2,,,,,,,,,,0
1413961,,2,,,,,,,,,,0
1413962,,2,,,,,,,,,,0
1413963,,2,,,,,,,,,,0
1413964,,2,,,,,,,,,,0
1413965,,2,,,,,,,,,,0
1413966,,2,,,,,,,,,,0
1413967,,2,,,,,,,,,,0
1413968,,2,,,,,,,,,,0
1413969,,2,,,,,,,,,,0
1413970,,2,,,,,,,,,,0
1413971,,2,,,,,,,,,,0
1413972,,2,,,,,,,,,,0
1413973,,2,,,,,,,,,,0
9223988,,1,,,,,,,,,,0
9223989,,1,,,,,,,,,,0
9223990,,1,,,,,,,,,,0
9223991,,1,,,,,,,,,,0
9223992,,1,,,,,,,,,,0
9223993,,1,,,,,,,,,,0
9223994,,1,,,,,,,,,,0
9223995,,1,,,,,,,,,,0
9223996,,1,,,,,,,,,,0
9223997,,1,,,,,,,,,,0
9223998,,1,,,,,,,,,,0
9223999,,1,,,,,,,,,,0
9224000,,1,,,,,,,,,,0
9224001,,1,,,,,,,,,,0
9224002,,1,,,,,,,,,,0
9224003,,1,,,,,,,,,,0
9224004,,1,,,,,,,,,,0
9224005,,1,,,,,,,,,,0
9224006,,1,,,,,,,,,,0
9224007,,1,,,,,,,,,,0
9224008,,1,,,,,,,,,,0
9224009,,1,,,,,,,,,,0
9224010,,1,,,,,,,,,,0
9224011,,1,,,,,,,,,,0
9224012,,1,,,,,,,,,,0
9224013,,1,,,,,,,,,,0
9224014,,1,,,,,,,,,,0
9224015,,1,,,,,,,,,,0
9224016,,1,,,,,,,,,,0
9224017,,1,,,,,,,,,,0
9224018,,1,,,,,,,,,,0
9224019,,1,,,,,,,,,,0
9224020,,1,,,,,,,,,,0
9224021,,1,,,,,,,,,,0
9224022,,1,,,,,,,,,,0
9224023,,1,,,,,,,,,,0
9224024,,1,,,,,,,,,,0
9224025,,1,,,,,,,,,,0
9224026,,1,,,,,,,,,,0
9224027,,1,,,,,,,,,,0
9224028,,1,,,,,,,,,,0
9224029,,1,,,,,,,,,,0
9224030,,1,,,,,,,,,,0
9224031,,1,,,,,,,,,,0
9224032,,1,,,,,,,,,,0
9224033,,1,,,,,,,,,,0
9224034,,1,,,,,,,,,,0
9224035,,1,,,,,,,,,,0
9224036,,1,,,,,,,,,,0
9224037,,1,,,,,,,,,,0
9224038,,1,,,,,,,,,,0
9224039,,1,,,,,,,,,,0
9224040,,1,,,,,,,,,,0
9224041,,1,,,,,,,,,,0
9224042,,1,,,,,,,,,,0
9224043,,1,,,,,,,,,,0
9224044,,1,,,,,,,,,,0
9224045,,1,,,,,,,,,,0
9224046,,1,,,,,,,,,,0
9224047,,1,,,,,,,,,,0
9224048,,1,,,,,,,,,,0
9224049,,1,,,,,,,,,,0
9224050,,1,,,,,,,,,,0
9224051,,1,,,,,,,,,,0
9224052,,1,,,,,,,,,,0
9224053,,1,,,,,,,,,,0
9224054,,1,,,,,,,,,,0
9224055,,1,,,,,,,,,,0
9224056,,1,,,,,,,,,,0
9224057,,1,,,,,,,,,,0
9224058,,1,,,,,,,,,,0
9224059,,1,,,,,,,,,,0
9224060,,1,,,,,,,,,,0
9224061,,1,,,,,,,,,,0
9224062,,1,,,,,,,,,,0
9224063,,1,,,,,,,,,,0
9224064,,1,,,,,,,,,,0
9224065,,1,,,,,,,,,,0
9224066,,1,,,,,,,,,,0
9224067,,1,,,,,,,,,,0
9224068,,1,,,,,,,,,,0
9224069,,1,,,,,,,,,,0
9224070,,1,,,,,,,,,,0
9224071,,1,,,,,,,,,,0
9224072,,1,,,,,,,,,,0
9224073,,1,,,,,,,,,,0
9224074,,1,,,,,,,,,,0
9224075,,1,,,,,,,,,,0
9224076,,1,,,,,,,,,,0
9224077,,1,,,,,,,,,,0
9224078,,1,,,,,,,,,,0
9224079,,1,,,,,,,,,,0
9224080,,1,,,,,,,,,,0
9224081,,1,,,,,,,,,,0
9224082,,1,,,,,,,,,,0
9224083,,1,,,,,,,,,,0
9224084,,1,,,,,,,,,,0
9224085,,1,,,,,,,,,,0
9224086,,1,,,,,,,,,,0
9224087,,1,,,,,,,,,,0
9224088,,1,,,,,,,,,,0
9224089,,1,,,,,,,,,,0
9224090,,1,,,,,,,,,,0
9224091,,1,,,,,,,,,,0
9224092,,1,,,,,,,,,,0
9224093,,1,,,,,,,,,,0
9224094,,1,,,,,,,,,,0
9224095,,1,,,,,,,,,,0
9224096,,1,,,,,,,,,,0
9224097,,1,,,,,,,,,,0
9224098,,1,,,,,,,,,,0
9224099,,1,,,,,,,,,,0
9224100,,1,,,,,,,,,,0
9224101,,1,,,,,,,,,,0
9224102,,1,,,,,,,,,,0
9224103,,1,,,,,,,,,,0
9224104,,1,,,,,,,,,,0
9224105,,1,,,,,,,,,,0
9224106,,1,,,,,,,,,,0
9224107,,1,,,,,,,,,,0
9224108,,1,,,,,,,,,,0
9224109,,1,,,,,,,,,,0
9224110,,1,,,,,,,,,,0
9224111,,1,,,,,,,,,,0
9224112,,1,,,,,,,,,,0
9224113,,1,,,,,,,,,,0
9224114,,1,,,,,,,,,,0
9224115,,1,,,,,,,,,,0
9224116,,1,,,,,,,,,,0
9224117,,1,,,,,,,,,,0
9224118,,1,,,,,,,,,,0
9224119,,1,,,,,,,,,,0
9224120,,1,,,,,,,,,,0
9224121,,1,,,,,,,,,,0
9224122,,1,,,,,,,,,,0
9224123,,1,,,,,,,,,,0
9224124,,1,,,,,,,,,,0
9224125,,1,,,,,,,,,,0
9224126,,1,,,,,,,,,,0
9224127,,1,,,,,,,,,,0
9224128,,1,,,,,,,,,,0
9224129,,1,,,,,,,,,,0
9224130,,1,,,,,,,,,,0
9224131,,1,,,,,,,,,,0
9224132,,1,,,,,,,,,,0
9224133,,1,,,,,,,,,,0
9224134,,1,,,,,,,,,,0
9224135,,1,,,,,,,,,,0
9224136,,1,,,,,,,,,,0
9224137,,1,,,,,,,,,,0
9224138,,1,,,,,,,,,,0
9224139,,1,,,,,,,,,,0
9224140,,1,,,,,,,,,,0
9224141,,1,,,,,,,,,,0
9224142,,1,,,,,,,,,,0
9224143,,1,,,,,,,,,,0
9224144,,1,,,,,,,,,,0
9224145,,1,,,,,,,,,,0
9224146,,1,,,,,,,,,,0
9224147,,1,,,,,,,,,,0
9224148,,1,,,,,,,,,,0
9224149,,1,,,,,,,,,,0
9224150,,1,,,,,,,,,,0
9224151,,1,,,,,,,,,,0
9224152,,1,,,,,,,,,,0
9224153,,1,,,,,,,,,,0
9224154,,1,,,,,,,,,,0
9224155,,1,,,,,,,,,,0
9224156,,1,,,,,,,,,,0
9224157,,1,,,,,,,,,,0
9224158,,1,,,,,,,,,,0
9224159,,1,,,,,,,,,,0
9224160,,1,,,,,,,,,,0
9224161,,1,,,,,,,,,,0
9224162,,1,,,,,,,,,,0
9224163,,1,,,,,,,,,,0
9224164,,1,,,,,,,,,,0
9224165,,1,,,,,,,,,,0
9224166,,1,,,,,,,,,,0
9224167,,1,,,,,,,,,,0
9224168,,1,,,,,,,,,,0
9224169,,1,,,,,,,,,,0
9224170,,1,,,,,,,,,,0
9224171,,1,,,,,,,,,,0
9224172,,1,,,,,,,,,,0
9224173,,1,,,,,,,,,,0
9224174,,1,,,,,,,,,,0
9224175,,1,,,,,,,,,,0
9224176,,1,,,,,,,,,,0
9224177,,1,,,,,,,,,,0
9224178,,1,,,,,,,,,,0
9224179,,1,,,,,,,,,,0
9224180,,1,,,,,,,,,,0
9224181,,1,,,,,,,,,,0
9224182,,1,,,,,,,,,,0
9224183,,1,,,,,,,,,,0
9224184,,1,,,,,,,,,,0
9224185,,1,,,,,,,,,,0
9224186,,1,,,,,,,,,,0
9224187,,1,,,,,,,,,,0
9224188,,1,,,,,,,,,,0
9224189,,1,,,,,,,,,,0
9224190,,1,,,,,,,,,,0
9224191,,1,,,,,,,,,,0
9224192,,1,,,,,,,,,,0
9224193,,1,,,,,,,,,,0
9224194,,1,,,,,,,,,,0
9224195,,1,,,,,,,,,,0
9224196,,1,,,,,,,,,,0
9224197,,1,,,,,,,,,,0
9224198,,1,,,,,,,,,,0
9224199,,1,,,,,,,,,,0
9224200,,1,,,,,,,,,,0
9224201,,1,,,,,,,,,,0
9224202,,1,,,,,,,,,,0
9224203,,1,,,,,,,,,,0
9224204,,1,,,,,,,,,,0
9224205,,1,,,,,,,,,,0
9224206,,1,,,,,,,,,,0
9224207,,1,,,,,,,,,,0
9224208,,1,,,,,,,,,,0
9224209,,1,,,,,,,,,,0
9224210,,1,,,,,,,,,,0
9224211,,1,,,,,,,,,,0
9224212,,1,,,,,,,,,,0
9224213,,1,,,,,,,,,,0
9224214,,1,,,,,,,,,,0
9224215,,1,,,,,,,,,,0
9224216,,1,,,,,,,,,,0
9224217,,1,,,,,,,,,,0
9224218,,1,,,,,,,,,,0
9224219,,1,,,,,,,,,,0
9224220,,1,,,,,,,,,,0
9224221,,1,,,,,,,,,,0
9224222,,1,,,,,,,,,,0
9224223,,1,,,,,,,,,,0
9224224,,1,,,,,,,,,,0
9224225,,1,,,,,,,,,,0
9224226,,1,,,,,,,,,,0
9224227,,1,,,,,,,,,,0
9224228,,1,,,,,,,,,,0
9224229,,1,,,,,,,,,,0
9224230,,1,,,,,,,,,,0
9224231,,1,,,,,,,,,,0
9224232,,1,,,,,,,,,,0
9224233,,1,,,,,,,,,,0
9224234,,1,,,,,,,,,,0
9224235,,1,,,,,,,,,,0
9224236,,1,,,,,,,,,,0
9224237,,1,,,,,,,,,,0
9224238,,1,,,,,,,,,,0
9224239,,1,,,,,,,,,,0
9224240,,1,,,,,,,,,,0
9224241,,1,,,,,,,,,,0
9224242,,1,,,,,,,,,,0
9224243,,1,,,,,,,,,,0
9224244,,1,,,,,,,,,,0
9224245,,1,,,,,,,,,,0
9224246,,1,,,,,,,,,,0
9224247,,1,,,,,,,,,,0
9224248,,1,,,,,,,,,,0
9224249,,1,,,,,,,,,,0
9224250,,1,,,,,,,,,,0
9224251,,1,,,,,,,,,,0
9224252,,1,,,,,,,,,,0
9224253,,1,,,,,,,,,,0
9224254,,1,,,,,,,,,,0
9224255,,1,,,,,,,,,,0
9224256,,1,,,,,,,,,,0
9224257,,1,,,,,,,,,,0
9224258,,1,,,,,,,,,,0
9224259,,1,,,,,,,,,,0
9224260,,1,,,,,,,,,,0
9224261,,1,,,,,,,,,,0
9224262,,1,,,,,,,,,,0
9224263,,1,,,,,,,,,,0
9224264,,1,,,,,,,,,,0
9224265,,1,,,,,,,,,,0
9224266,,1,,,,,,,,,,0
9224267,,1,,,,,,,,,,0
9224268,,1,,,,,,,,,,0
9224269,,1,,,,,,,,,,0
9224270,,1,,,,,,,,,,0
9224271,,1,,,,,,,,,,0
9224272,,1,,,,,,,,,,0
9224273,,1,,,,,,,,,,0
9224274,,1,,,,,,,,,,0
9224275,,1,,,,,,,,,,0
9224276,,1,,,,,,,,,,0
9224277,,1,,,,,,,,,,0
9224278,,1,,,,,,,,,,0
9224279,,1,,,,,,,,,,0
9224280,,1,,,,,,,,,,0
9224281,,1,,,,,,,,,,0
9224282,,1,,,,,,,,,,0
9224283,,1,,,,,,,,,,0
9224284,,1,,,,,,,,,,0
9224285,,1,,,,,,,,,,0
9224286,,1,,,,,,,,,,0
9224287,,1,,,,,,,,,,0
9224288,,1,,,,,,,,,,0
9224289,,1,,,,,,,,,,0
9224290,,1,,,,,,,,,,0
9224291,,1,,,,,,,,,,0
9224292,,1,,,,,,,,,,0
9224293,,1,,,,,,,,,,0
9224294,,1,,,,,,,,,,0
9224295,,1,,,,,,,,,,0
9224296,,1,,,,,,,,,,0
9224297,,1,,,,,,,,,,0
9224298,,1,,,,,,,,,,0
9224299,,1,,,,,,,,,,0
9224300,,1,,,,,,,,,,0
9224301,,1,,,,,,,,,,0
9224302,,1,,,,,,,,,,0
9224303,,1,,,,,,,,,,0
9224304,,1,,,,,,,,,,0
9224305,,1,,,,,,,,,,0
9224306,,1,,,,,,,,,,0
9224307,,1,,,,,,,,,,0
9224308,,1,,,,,,,,,,0
9224309,,1,,,,,,,,,,0
9224310,,1,,,,,,,,,,0
9224311,,1,,,,,,,,,,0
9224312,,1,,,,,,,,,,0
9224313,,1,,,,,,,,,,0
9224314,,1,,,,,,,,,,0
9224315,,1,,,,,,,,,,0
9224316,,1,,,,,,,,,,0
9224317,,1,,,,,,,,,,0
9224318,,1,,,,,,,,,,0
9224319,,1,,,,,,,,,,0
9224320,,1,,,,,,,,,,0
9224321,,1,,,,,,,,,,0
9224322,,1,,,,,,,,,,0
9224323,,1,,,,,,,,,,0
9224324,,1,,,,,,,,,,0
9224325,,1,,,,,,,,,,0
9224326,,1,,,,,,,,,,0
9224327,,1,,,,,,,,,,0
9224328,,1,,,,,,,,,,0
9224329,,1,,,,,,,,,,0
9224330,,1,,,,,,,,,,0
9224331,,1,,,,,,,,,,0
9224332,,1,,,,,,,,,,0
9224333,,1,,,,,,,,,,0
9224334,,1,,,,,,,,,,0
9224335,,1,,,,,,,,,,0
9224336,,1,,,,,,,,,,0
9224337,,1,,,,,,,,,,0
9224338,,1,,,,,,,,,,0
9224339,,1,,,,,,,,,,0
9224340,,1,,,,,,,,,,0
9224341,,1,,,,,,,,,,0
9224342,,1,,,,,,,,,,0
9224343,,1,,,,,,,,,,0
9224344,,1,,,,,,,,,,0
9224345,,1,,,,,,,,,,0
9224346,,1,,,,,,,,,,0
9224347,,1,,,,,,,,,,0
9224348,,1,,,,,,,,,,0
9224349,,1,,,,,,,,,,0
9224350,,1,,,,,,,,,,0
9224351,,1,,,,,,,,,,0
9224352,,1,,,,,,,,,,0
9224353,,1,,,,,,,,,,0
9224354,,1,,,,,,,,,,0
9224355,,1,,,,,,,,,,0
9224356,,1,,,,,,,,,,0
9224357,,1,,,,,,,,,,0
9224358,,1,,,,,,,,,,0
9224359,,1,,,,,,,,,,0
9224360,,1,,,,,,,,,,0
9224361,,1,,,,,,,,,,0
9224362,,1,,,,,,,,,,0
9224363,,1,,,,,,,,,,0
9224364,,1,,,,,,,,,,0
9224365,,1,,,,,,,,,,0
9224366,,1,,,,,,,,,,0
9224367,,1,,,,,,,,,,0
9224368,,1,,,,,,,,,,0
9224369,,1,,,,,,,,,,0
9224370,,1,,,,,,,,,,0
9224371,,1,,,,,,,,,,0
9224372,,1,,,,,,,,,,0
9224373,,1,,,,,,,,,,0
9224374,,1,,,,,,,,,,0
9224375,,1,,,,,,,,,,0
9224376,,1,,,,,,,,,,0
9224377,,1,,,,,,,,,,0
9224378,,1,,,,,,,,,,0
9224379,,1,,,,,,,,,,0
9224380,,1,,,,,,,,,,0
9224381,,1,,,,,,,,,,0
9224382,,1,,,,,,,,,,0
9224383,,1,,,,,,,,,,0
9224384,,1,,,,,,,,,,0
9224385,,1,,,,,,,,,,0
9224386,,1,,,,,,,,,,0
9224387,,1,,,,,,,,,,0
9224388,,1,,,,,,,,,,0
9224389,,1,,,,,,,,,,0
9224390,,1,,,,,,,,,,0
9224391,,1,,,,,,,,,,0
9224392,,1,,,,,,,,,,0
9224393,,1,,,,,,,,,,0
9224394,,1,,,,,,,,,,0
9224395,,1,,,,,,,,,,0
9224396,,1,,,,,,,,,,0
9224397,,1,,,,,,,,,,0
9224398,,1,,,,,,,,,,0
9224399,,1,,,,,,,,,,0
9224400,,1,,,,,,,,,,0
9224401,,1,,,,,,,,,,0
9224402,,1,,,,,,,,,,0
9224403,,1,,,,,,,,,,0
9224404,,1,,,,,,,,,,0
9224405,,1,,,,,,,,,,0
9224406,,1,,,,,,,,,,0
9224407,,1,,,,,,,,,,0
9224408,,1,,,,,,,,,,0
9224409,,1,,,,,,,,,,0
9224410,,1,,,,,,,,,,0
9224411,,1,,,,,,,,,,0
9224412,,1,,,,,,,,,,0
9224413,,1,,,,,,,,,,0
9224414,,1,,,,,,,,,,0
9224415,,1,,,,,,,,,,0
9224416,,1,,,,,,,,,,0
9224417,,1,,,,,,,,,,0
9224418,,1,,,,,,,,,,0
9224419,,1,,,,,,,,,,0
9224420,,1,,,,,,,,,,0
9224421,,1,,,,,,,,,,0
9224422,,1,,,,,,,,,,0
9224423,,1,,,,,,,,,,0
9224424,,1,,,,,,,,,,0
9224425,,1,,,,,,,,,,0
9224426,,1,,,,,,,,,,0
9224427,,1,,,,,,,,,,0
9224428,,1,,,,,,,,,,0
9224429,,1,,,,,,,,,,0
9224430,,1,,,,,,,,,,0
9224431,,1,,,,,,,,,,0
9224432,,1,,,,,,,,,,0
9224433,,1,,,,,,,,,,0
9224434,,1,,,,,,,,,,0
9224435,,1,,,,,,,,,,0
9224436,,1,,,,,,,,,,0
9224437,,1,,,,,,,,,,0
9224438,,1,,,,,,,,,,0
9224439,,1,,,,,,,,,,0
9224440,,1,,,,,,,,,,0
9224441,,1,,,,,,,,,,0
9224442,,1,,,,,,,,,,0
9224443,,1,,,,,,,,,,0
9224444,,1,,,,,,,,,,0
9224445,,1,,,,,,,,,,0
9224446,,1,,,,,,,,,,0
9224447,,1,,,,,,,,,,0
9224448,,1,,,,,,,,,,0
9224449,,1,,,,,,,,,,0
9224450,,1,,,,,,,,,,0
9224451,,1,,,,,,,,,,0
9224452,,1,,,,,,,,,,0
9224453,,1,,,,,,,,,,0
9224454,,1,,,,,,,,,,0
9224455,,1,,,,,,,,,,0
9224456,,1,,,,,,,,,,0
9224457,,1,,,,,,,,,,0
9224458,,1,,,,,,,,,,0
9224459,,1,,,,,,,,,,0
9224460,,1,,,,,,,,,,0
9224461,,1,,,,,,,,,,0
9224462,,1,,,,,,,,,,0
9224463,,1,,,,,,,,,,0
9224464,,1,,,,,,,,,,0
9224465,,1,,,,,,,,,,0
9224466,,1,,,,,,,,,,0
9224467,,1,,,,,,,,,,0
9224468,,1,,,,,,,,,,0
9224469,,1,,,,,,,,,,0
9224470,,1,,,,,,,,,,0
9224471,,1,,,,,,,,,,0
9224472,,1,,,,,,,,,,0
9224473,,1,,,,,,,,,,0
9224474,,1,,,,,,,,,,0
9224475,,1,,,,,,,,,,0
9224476,,1,,,,,,,,,,0
9224477,,1,,,,,,,,,,0
9224478,,1,,,,,,,,,,0
9224479,,1,,,,,,,,,,0
9224480,,1,,,,,,,,,,0
9224481,,1,,,,,,,,,,0
9224482,,1,,,,,,,,,,0
9224483,,1,,,,,,,,,,0
9224484,,1,,,,,,,,,,0
9224485,,1,,,,,,,,,,0
9224486,,1,,,,,,,,,,0
9224487,,1,,,,,,,,,,0
1413974,,2,,,,,,,,,,0
1413975,,2,,,,,,,,,,0
1413976,,2,,,,,,,,,,0
1413977,,2,,,,,,,,,,0
1413978,,2,,,,,,,,,,0
1413979,,2,,,,,,,,,,0
1413980,,2,,,,,,,,,,0
1413981,,2,,,,,,,,,,0
1413982,,2,,,,,,,,,,0
1413983,,2,,,,,,,,,,0
1413984,,2,,,,,,,,,,0
1413985,,2,,,,,,,,,,0
1413986,,2,,,,,,,,,,0
1413987,,2,,,,,,,,,,0
1413988,,2,,,,,,,,,,0
1413989,,2,,,,,,,,,,0
1413990,,2,,,,,,,,,,0
1413991,,2,,,,,,,,,,0
1413992,,2,,,,,,,,,,0
1413993,,2,,,,,,,,,,0
1413994,,2,,,,,,,,,,0
1413995,,2,,,,,,,,,,0
1413996,,2,,,,,,,,,,0
1413997,,2,,,,,,,,,,0
1413998,,2,,,,,,,,,,0
1413999,,2,,,,,,,,,,0
1414000,,2,,,,,,,,,,0
1414001,,2,,,,,,,,,,0
1414002,,2,,,,,,,,,,0
1414003,,2,,,,,,,,,,0
1414004,,2,,,,,,,,,,0
1414005,,2,,,,,,,,,,0
1414006,,2,,,,,,,,,,0
1414007,,2,,,,,,,,,,0
1414008,,2,,,,,,,,,,0
1414009,,2,,,,,,,,,,0
1414010,,2,,,,,,,,,,0
1414011,,2,,,,,,,,,,0
1414012,,2,,,,,,,,,,0
1414013,,2,,,,,,,,,,0
1414014,,2,,,,,,,,,,0
1414015,,2,,,,,,,,,,0
1414016,,2,,,,,,,,,,0
1414017,,2,,,,,,,,,,0
1414018,,2,,,,,,,,,,0
1414019,,2,,,,,,,,,,0
1414020,,2,,,,,,,,,,0
1414021,,2,,,,,,,,,,0
1414022,,2,,,,,,,,,,0
1414023,,2,,,,,,,,,,0
1414024,,2,,,,,,,,,,0
1414025,,2,,,,,,,,,,0
1414026,,2,,,,,,,,,,0
1414027,,2,,,,,,,,,,0
1414028,,2,,,,,,,,,,0
1414029,,2,,,,,,,,,,0
1414030,,2,,,,,,,,,,0
1414031,,2,,,,,,,,,,0
1414032,,2,,,,,,,,,,0
1414033,,2,,,,,,,,,,0
1414034,,2,,,,,,,,,,0
1414035,,2,,,,,,,,,,0
1414036,,2,,,,,,,,,,0
1414037,,2,,,,,,,,,,0
1414038,,2,,,,,,,,,,0
1414039,,2,,,,,,,,,,0
1414040,,2,,,,,,,,,,0
1414041,,2,,,,,,,,,,0
1414042,,2,,,,,,,,,,0
1414043,,2,,,,,,,,,,0
1414044,,2,,,,,,,,,,0
1414045,,2,,,,,,,,,,0
1414046,,2,,,,,,,,,,0
1414047,,2,,,,,,,,,,0
1414048,,2,,,,,,,,,,0
1414049,,2,,,,,,,,,,0
1414050,,2,,,,,,,,,,0
1414051,,2,,,,,,,,,,0
1414052,,2,,,,,,,,,,0
1414053,,2,,,,,,,,,,0
1414054,,2,,,,,,,,,,0
1414055,,2,,,,,,,,,,0
1414056,,2,,,,,,,,,,0
1414057,,2,,,,,,,,,,0
1414058,,2,,,,,,,,,,0
1414059,,2,,,,,,,,,,0
1414060,,2,,,,,,,,,,0
1414061,,2,,,,,,,,,,0
1414062,,2,,,,,,,,,,0
1414063,,2,,,,,,,,,,0
1414064,,2,,,,,,,,,,0
1414065,,2,,,,,,,,,,0
1414066,,2,,,,,,,,,,0
1414067,,2,,,,,,,,,,0
1414068,,2,,,,,,,,,,0
1414069,,2,,,,,,,,,,0
1414070,,2,,,,,,,,,,0
1414071,,2,,,,,,,,,,0
1414072,,2,,,,,,,,,,0
1414073,,2,,,,,,,,,,0
1414074,,2,,,,,,,,,,0
1414075,,2,,,,,,,,,,0
1414076,,2,,,,,,,,,,0
1414077,,2,,,,,,,,,,0
1414078,,2,,,,,,,,,,0
1414079,,2,,,,,,,,,,0
1414080,,2,,,,,,,,,,0
1414081,,2,,,,,,,,,,0
1414082,,2,,,,,,,,,,0
1414083,,2,,,,,,,,,,0
1414084,,2,,,,,,,,,,0
1414085,,2,,,,,,,,,,0
1414086,,2,,,,,,,,,,0
1414087,,2,,,,,,,,,,0
1414088,,2,,,,,,,,,,0
1414089,,2,,,,,,,,,,0
1414090,,2,,,,,,,,,,0
1414091,,2,,,,,,,,,,0
1414092,,2,,,,,,,,,,0
1414093,,2,,,,,,,,,,0
1414094,,2,,,,,,,,,,0
1414095,,2,,,,,,,,,,0
1414096,,2,,,,,,,,,,0
1414097,,2,,,,,,,,,,0
1414098,,2,,,,,,,,,,0
1414099,,2,,,,,,,,,,0
1414100,,2,,,,,,,,,,0
1414101,,2,,,,,,,,,,0
1414102,,2,,,,,,,,,,0
1414103,,2,,,,,,,,,,0
1414104,,2,,,,,,,,,,0
1414105,,2,,,,,,,,,,0
1414106,,2,,,,,,,,,,0
1414107,,2,,,,,,,,,,0
1414108,,2,,,,,,,,,,0
1414109,,2,,,,,,,,,,0
1414110,,2,,,,,,,,,,0
1414111,,2,,,,,,,,,,0
1414112,,2,,,,,,,,,,0
1414113,,2,,,,,,,,,,0
1414114,,2,,,,,,,,,,0
1414115,,2,,,,,,,,,,0
1414116,,2,,,,,,,,,,0
1414117,,2,,,,,,,,,,0
1414118,,2,,,,,,,,,,0
1414119,,2,,,,,,,,,,0
1414120,,2,,,,,,,,,,0
1414121,,2,,,,,,,,,,0
1414122,,2,,,,,,,,,,0
1414123,,2,,,,,,,,,,0
1414124,,2,,,,,,,,,,0
1414125,,2,,,,,,,,,,0
1414126,,2,,,,,,,,,,0
1414127,,2,,,,,,,,,,0
1414128,,2,,,,,,,,,,0
1414129,,2,,,,,,,,,,0
1414130,,2,,,,,,,,,,0
1414131,,2,,,,,,,,,,0
1414132,,2,,,,,,,,,,0
1414133,,2,,,,,,,,,,0
1414134,,2,,,,,,,,,,0
1414135,,2,,,,,,,,,,0
1414136,,2,,,,,,,,,,0
1414137,,2,,,,,,,,,,0
1414138,,2,,,,,,,,,,0
1414139,,2,,,,,,,,,,0
1414140,,2,,,,,,,,,,0
1414141,,2,,,,,,,,,,0
1414142,,2,,,,,,,,,,0
1414143,,2,,,,,,,,,,0
1414144,,2,,,,,,,,,,0
1414145,,2,,,,,,,,,,0
1414146,,2,,,,,,,,,,0
1414147,,2,,,,,,,,,,0
1414148,,2,,,,,,,,,,0
1414149,,2,,,,,,,,,,0
1414150,,2,,,,,,,,,,0
1414151,,2,,,,,,,,,,0
1414152,,2,,,,,,,,,,0
1414153,,2,,,,,,,,,,0
1414154,,2,,,,,,,,,,0
1414155,,2,,,,,,,,,,0
1414156,,2,,,,,,,,,,0
1414157,,2,,,,,,,,,,0
1414158,,2,,,,,,,,,,0
1414159,,2,,,,,,,,,,0
1414160,,2,,,,,,,,,,0
1414161,,2,,,,,,,,,,0
1414162,,2,,,,,,,,,,0
1414163,,2,,,,,,,,,,0
1414164,,2,,,,,,,,,,0
1414165,,2,,,,,,,,,,0
1414166,,2,,,,,,,,,,0
1414167,,2,,,,,,,,,,0
1414168,,2,,,,,,,,,,0
1414169,,2,,,,,,,,,,0
1414170,,2,,,,,,,,,,0
1414171,,2,,,,,,,,,,0
1414172,,2,,,,,,,,,,0
1414173,,2,,,,,,,,,,0
1414174,,2,,,,,,,,,,0
1414175,,2,,,,,,,,,,0
1414176,,2,,,,,,,,,,0
1414177,,2,,,,,,,,,,0
1414178,,2,,,,,,,,,,0
1414179,,2,,,,,,,,,,0
1414180,,2,,,,,,,,,,0
1414181,,2,,,,,,,,,,0
1414182,,2,,,,,,,,,,0
1414183,,2,,,,,,,,,,0
1414184,,2,,,,,,,,,,0
1414185,,2,,,,,,,,,,0
1414186,,2,,,,,,,,,,0
1414187,,2,,,,,,,,,,0
1414188,,2,,,,,,,,,,0
1414189,,2,,,,,,,,,,0
1414190,,2,,,,,,,,,,0
1414191,,2,,,,,,,,,,0
1414192,,2,,,,,,,,,,0
1414193,,2,,,,,,,,,,0
1414194,,2,,,,,,,,,,0
1414195,,2,,,,,,,,,,0
1414196,,2,,,,,,,,,,0
1414197,,2,,,,,,,,,,0
1414198,,2,,,,,,,,,,0
1414199,,2,,,,,,,,,,0
1414200,,2,,,,,,,,,,0
1414201,,2,,,,,,,,,,0
1414202,,2,,,,,,,,,,0
1414203,,2,,,,,,,,,,0
1414204,,2,,,,,,,,,,0
1414205,,2,,,,,,,,,,0
1414206,,2,,,,,,,,,,0
1414207,,2,,,,,,,,,,0
1414208,,2,,,,,,,,,,0
1414209,,2,,,,,,,,,,0
1414210,,2,,,,,,,,,,0
1414211,,2,,,,,,,,,,0
1414212,,2,,,,,,,,,,0
1414213,,2,,,,,,,,,,0
1414214,,2,,,,,,,,,,0
1414215,,2,,,,,,,,,,0
1414216,,2,,,,,,,,,,0
1414217,,2,,,,,,,,,,0
1414218,,2,,,,,,,,,,0
1414219,,2,,,,,,,,,,0
1414220,,2,,,,,,,,,,0
1414221,,2,,,,,,,,,,0
1414222,,2,,,,,,,,,,0
1414223,,2,,,,,,,,,,0
1414224,,2,,,,,,,,,,0
1414225,,2,,,,,,,,,,0
1414226,,2,,,,,,,,,,0
1414227,,2,,,,,,,,,,0
1414228,,2,,,,,,,,,,0
1414229,,2,,,,,,,,,,0
1414230,,2,,,,,,,,,,0
1414231,,2,,,,,,,,,,0
1414232,,2,,,,,,,,,,0
1414233,,2,,,,,,,,,,0
1414234,,2,,,,,,,,,,0
1414235,,2,,,,,,,,,,0
1414236,,2,,,,,,,,,,0
1414237,,2,,,,,,,,,,0
1414238,,2,,,,,,,,,,0
1414239,,2,,,,,,,,,,0
1414240,,2,,,,,,,,,,0
1414241,,2,,,,,,,,,,0
1414242,,2,,,,,,,,,,0
1414243,,2,,,,,,,,,,0
1414244,,2,,,,,,,,,,0
1414245,,2,,,,,,,,,,0
1414246,,2,,,,,,,,,,0
1414247,,2,,,,,,,,,,0
1414248,,2,,,,,,,,,,0
1414249,,2,,,,,,,,,,0
1414250,,2,,,,,,,,,,0
1414251,,2,,,,,,,,,,0
1414252,,2,,,,,,,,,,0
1414253,,2,,,,,,,,,,0
1414254,,2,,,,,,,,,,0
1414255,,2,,,,,,,,,,0
1414256,,2,,,,,,,,,,0
1414257,,2,,,,,,,,,,0
1414258,,2,,,,,,,,,,0
1414259,,2,,,,,,,,,,0
1414260,,2,,,,,,,,,,0
1414261,,2,,,,,,,,,,0
1414262,,2,,,,,,,,,,0
1414263,,2,,,,,,,,,,0
1414264,,2,,,,,,,,,,0
1414265,,2,,,,,,,,,,0
1414266,,2,,,,,,,,,,0
1414267,,2,,,,,,,,,,0
1414268,,2,,,,,,,,,,0
1414269,,2,,,,,,,,,,0
1414270,,2,,,,,,,,,,0
1414271,,2,,,,,,,,,,0
1414272,,2,,,,,,,,,,0
1414273,,2,,,,,,,,,,0
1414274,,2,,,,,,,,,,0
1414275,,2,,,,,,,,,,0
1414276,,2,,,,,,,,,,0
1414277,,2,,,,,,,,,,0
1414278,,2,,,,,,,,,,0
1414279,,2,,,,,,,,,,0
1414280,,2,,,,,,,,,,0
1414281,,2,,,,,,,,,,0
1414282,,2,,,,,,,,,,0
1414283,,2,,,,,,,,,,0
1414284,,2,,,,,,,,,,0
1414285,,2,,,,,,,,,,0
1414286,,2,,,,,,,,,,0
1414287,,2,,,,,,,,,,0
1414288,,2,,,,,,,,,,0
1414289,,2,,,,,,,,,,0
1414290,,2,,,,,,,,,,0
1414291,,2,,,,,,,,,,0
1414292,,2,,,,,,,,,,0
1414293,,2,,,,,,,,,,0
1414294,,2,,,,,,,,,,0
1414295,,2,,,,,,,,,,0
1414296,,2,,,,,,,,,,0
1414297,,2,,,,,,,,,,0
1414298,,2,,,,,,,,,,0
1414299,,2,,,,,,,,,,0
1414300,,2,,,,,,,,,,0
1414301,,2,,,,,,,,,,0
1414302,,2,,,,,,,,,,0
1414303,,2,,,,,,,,,,0
1414304,,2,,,,,,,,,,0
1414305,,2,,,,,,,,,,0
1414306,,2,,,,,,,,,,0
1414307,,2,,,,,,,,,,0
1414308,,2,,,,,,,,,,0
1414309,,2,,,,,,,,,,0
1414310,,2,,,,,,,,,,0
1414311,,2,,,,,,,,,,0
1414312,,2,,,,,,,,,,0
1414313,,2,,,,,,,,,,0
1414314,,2,,,,,,,,,,0
1414315,,2,,,,,,,,,,0
1414316,,2,,,,,,,,,,0
1414317,,2,,,,,,,,,,0
1414318,,2,,,,,,,,,,0
1414319,,2,,,,,,,,,,0
1414320,,2,,,,,,,,,,0
1414321,,2,,,,,,,,,,0
1414322,,2,,,,,,,,,,0
1414323,,2,,,,,,,,,,0
1414324,,2,,,,,,,,,,0
1414325,,2,,,,,,,,,,0
1414326,,2,,,,,,,,,,0
1414327,,2,,,,,,,,,,0
1414328,,2,,,,,,,,,,0
1414329,,2,,,,,,,,,,0
1414330,,2,,,,,,,,,,0
1414331,,2,,,,,,,,,,0
1414332,,2,,,,,,,,,,0
1414333,,2,,,,,,,,,,0
1414334,,2,,,,,,,,,,0
1414335,,2,,,,,,,,,,0
1414336,,2,,,,,,,,,,0
1414337,,2,,,,,,,,,,0
1414338,,2,,,,,,,,,,0
1414339,,2,,,,,,,,,,0
1414340,,2,,,,,,,,,,0
1414341,,2,,,,,,,,,,0
1414342,,2,,,,,,,,,,0
1414343,,2,,,,,,,,,,0
1414344,,2,,,,,,,,,,0
1414345,,2,,,,,,,,,,0
1414346,,2,,,,,,,,,,0
1414347,,2,,,,,,,,,,0
1414348,,2,,,,,,,,,,0
1414349,,2,,,,,,,,,,0
1414350,,2,,,,,,,,,,0
1414351,,2,,,,,,,,,,0
1414352,,2,,,,,,,,,,0
1414353,,2,,,,,,,,,,0
1414354,,2,,,,,,,,,,0
1414355,,2,,,,,,,,,,0
1414356,,2,,,,,,,,,,0
1414357,,2,,,,,,,,,,0
1414358,,2,,,,,,,,,,0
1414359,,2,,,,,,,,,,0
1414360,,2,,,,,,,,,,0
1414361,,2,,,,,,,,,,0
1414362,,2,,,,,,,,,,0
1414363,,2,,,,,,,,,,0
1414364,,2,,,,,,,,,,0
1414365,,2,,,,,,,,,,0
1414366,,2,,,,,,,,,,0
1414367,,2,,,,,,,,,,0
1414368,,2,,,,,,,,,,0
1414369,,2,,,,,,,,,,0
1414370,,2,,,,,,,,,,0
1414371,,2,,,,,,,,,,0
1414372,,2,,,,,,,,,,0
1414373,,2,,,,,,,,,,0
1414374,,2,,,,,,,,,,0
1414375,,2,,,,,,,,,,0
1414376,,2,,,,,,,,,,0
1414377,,2,,,,,,,,,,0
1414378,,2,,,,,,,,,,0
1414379,,2,,,,,,,,,,0
1414380,,2,,,,,,,,,,0
1414381,,2,,,,,,,,,,0
1414382,,2,,,,,,,,,,0
1414383,,2,,,,,,,,,,0
1414384,,2,,,,,,,,,,0
1414385,,2,,,,,,,,,,0
1414386,,2,,,,,,,,,,0
1414387,,2,,,,,,,,,,0
1414388,,2,,,,,,,,,,0
1414389,,2,,,,,,,,,,0
1414390,,2,,,,,,,,,,0
1414391,,2,,,,,,,,,,0
1414392,,2,,,,,,,,,,0
1414393,,2,,,,,,,,,,0
1414394,,2,,,,,,,,,,0
1414395,,2,,,,,,,,,,0
1414396,,2,,,,,,,,,,0
1414397,,2,,,,,,,,,,0
1414398,,2,,,,,,,,,,0
1414399,,2,,,,,,,,,,0
1414400,,2,,,,,,,,,,0
1414401,,2,,,,,,,,,,0
1414402,,2,,,,,,,,,,0
1414403,,2,,,,,,,,,,0
1414404,,2,,,,,,,,,,0
1414405,,2,,,,,,,,,,0
1414406,,2,,,,,,,,,,0
1414407,,2,,,,,,,,,,0
1414408,,2,,,,,,,,,,0
1414409,,2,,,,,,,,,,0
1414410,,2,,,,,,,,,,0
1414411,,2,,,,,,,,,,0
1414412,,2,,,,,,,,,,0
1414413,,2,,,,,,,,,,0
1414414,,2,,,,,,,,,,0
1414415,,2,,,,,,,,,,0
1414416,,2,,,,,,,,,,0
1414417,,2,,,,,,,,,,0
1414418,,2,,,,,,,,,,0
1414419,,2,,,,,,,,,,0
1414420,,2,,,,,,,,,,0
1414421,,2,,,,,,,,,,0
1414422,,2,,,,,,,,,,0
1414423,,2,,,,,,,,,,0
1414424,,2,,,,,,,,,,0
1414425,,2,,,,,,,,,,0
1414426,,2,,,,,,,,,,0
1414427,,2,,,,,,,,,,0
1414428,,2,,,,,,,,,,0
1414429,,2,,,,,,,,,,0
1414430,,2,,,,,,,,,,0
1414431,,2,,,,,,,,,,0
1414432,,2,,,,,,,,,,0
1414433,,2,,,,,,,,,,0
1414434,,2,,,,,,,,,,0
1414435,,2,,,,,,,,,,0
1414436,,2,,,,,,,,,,0
1414437,,2,,,,,,,,,,0
1414438,,2,,,,,,,,,,0
1414439,,2,,,,,,,,,,0
1414440,,2,,,,,,,,,,0
1414441,,2,,,,,,,,,,0
1414442,,2,,,,,,,,,,0
1414443,,2,,,,,,,,,,0
1414444,,2,,,,,,,,,,0
1414445,,2,,,,,,,,,,0
1414446,,2,,,,,,,,,,0
1414447,,2,,,,,,,,,,0
1414448,,2,,,,,,,,,,0
1414449,,2,,,,,,,,,,0
1414450,,2,,,,,,,,,,0
1414451,,2,,,,,,,,,,0
1414452,,2,,,,,,,,,,0
1414453,,2,,,,,,,,,,0
1414454,,2,,,,,,,,,,0
1414455,,2,,,,,,,,,,0
1414456,,2,,,,,,,,,,0
1414457,,2,,,,,,,,,,0
1414458,,2,,,,,,,,,,0
1414459,,2,,,,,,,,,,0
1414460,,2,,,,,,,,,,0
1414461,,2,,,,,,,,,,0
1414462,,2,,,,,,,,,,0
1414463,,2,,,,,,,,,,0
1414464,,2,,,,,,,,,,0
1414465,,2,,,,,,,,,,0
1414466,,2,,,,,,,,,,0
1414467,,2,,,,,,,,,,0
1414468,,2,,,,,,,,,,0
1414469,,2,,,,,,,,,,0
1414470,,2,,,,,,,,,,0
1414471,,2,,,,,,,,,,0
1414472,,2,,,,,,,,,,0
1414473,,2,,,,,,,,,,0
9224488,,1,,,,,,,,,,0
9224489,,1,,,,,,,,,,0
9224490,,1,,,,,,,,,,0
9224491,,1,,,,,,,,,,0
9224492,,1,,,,,,,,,,0
9224493,,1,,,,,,,,,,0
9224494,,1,,,,,,,,,,0
9224495,,1,,,,,,,,,,0
9224496,,1,,,,,,,,,,0
9224497,,1,,,,,,,,,,0
9224498,,1,,,,,,,,,,0
9224499,,1,,,,,,,,,,0
9224500,,1,,,,,,,,,,0
9224501,,1,,,,,,,,,,0
9224502,,1,,,,,,,,,,0
9224503,,1,,,,,,,,,,0
9224504,,1,,,,,,,,,,0
9224505,,1,,,,,,,,,,0
9224506,,1,,,,,,,,,,0
9224507,,1,,,,,,,,,,0
9224508,,1,,,,,,,,,,0
9224509,,1,,,,,,,,,,0
9224510,,1,,,,,,,,,,0
9224511,,1,,,,,,,,,,0
9224512,,1,,,,,,,,,,0
9224513,,1,,,,,,,,,,0
9224514,,1,,,,,,,,,,0
9224515,,1,,,,,,,,,,0
9224516,,1,,,,,,,,,,0
9224517,,1,,,,,,,,,,0
9224518,,1,,,,,,,,,,0
9224519,,1,,,,,,,,,,0
9224520,,1,,,,,,,,,,0
9224521,,1,,,,,,,,,,0
9224522,,1,,,,,,,,,,0
9224523,,1,,,,,,,,,,0
9224524,,1,,,,,,,,,,0
9224525,,1,,,,,,,,,,0
9224526,,1,,,,,,,,,,0
9224527,,1,,,,,,,,,,0
9224528,,1,,,,,,,,,,0
9224529,,1,,,,,,,,,,0
9224530,,1,,,,,,,,,,0
9224531,,1,,,,,,,,,,0
9224532,,1,,,,,,,,,,0
9224533,,1,,,,,,,,,,0
9224534,,1,,,,,,,,,,0
9224535,,1,,,,,,,,,,0
9224536,,1,,,,,,,,,,0
9224537,,1,,,,,,,,,,0
9224538,,1,,,,,,,,,,0
9224539,,1,,,,,,,,,,0
9224540,,1,,,,,,,,,,0
9224541,,1,,,,,,,,,,0
9224542,,1,,,,,,,,,,0
9224543,,1,,,,,,,,,,0
9224544,,1,,,,,,,,,,0
9224545,,1,,,,,,,,,,0
9224546,,1,,,,,,,,,,0
9224547,,1,,,,,,,,,,0
9224548,,1,,,,,,,,,,0
9224549,,1,,,,,,,,,,0
9224550,,1,,,,,,,,,,0
9224551,,1,,,,,,,,,,0
9224552,,1,,,,,,,,,,0
9224553,,1,,,,,,,,,,0
9224554,,1,,,,,,,,,,0
9224555,,1,,,,,,,,,,0
9224556,,1,,,,,,,,,,0
9224557,,1,,,,,,,,,,0
9224558,,1,,,,,,,,,,0
9224559,,1,,,,,,,,,,0
9224560,,1,,,,,,,,,,0
9224561,,1,,,,,,,,,,0
9224562,,1,,,,,,,,,,0
9224563,,1,,,,,,,,,,0
9224564,,1,,,,,,,,,,0
9224565,,1,,,,,,,,,,0
9224566,,1,,,,,,,,,,0
9224567,,1,,,,,,,,,,0
9224568,,1,,,,,,,,,,0
9224569,,1,,,,,,,,,,0
9224570,,1,,,,,,,,,,0
9224571,,1,,,,,,,,,,0
9224572,,1,,,,,,,,,,0
9224573,,1,,,,,,,,,,0
9224574,,1,,,,,,,,,,0
9224575,,1,,,,,,,,,,0
9224576,,1,,,,,,,,,,0
9224577,,1,,,,,,,,,,0
9224578,,1,,,,,,,,,,0
9224579,,1,,,,,,,,,,0
9224580,,1,,,,,,,,,,0
9224581,,1,,,,,,,,,,0
9224582,,1,,,,,,,,,,0
9224583,,1,,,,,,,,,,0
9224584,,1,,,,,,,,,,0
9224585,,1,,,,,,,,,,0
9224586,,1,,,,,,,,,,0
9224587,,1,,,,,,,,,,0
9224588,,1,,,,,,,,,,0
9224589,,1,,,,,,,,,,0
9224590,,1,,,,,,,,,,0
9224591,,1,,,,,,,,,,0
9224592,,1,,,,,,,,,,0
9224593,,1,,,,,,,,,,0
9224594,,1,,,,,,,,,,0
9224595,,1,,,,,,,,,,0
9224596,,1,,,,,,,,,,0
9224597,,1,,,,,,,,,,0
9224598,,1,,,,,,,,,,0
9224599,,1,,,,,,,,,,0
9224600,,1,,,,,,,,,,0
9224601,,1,,,,,,,,,,0
9224602,,1,,,,,,,,,,0
9224603,,1,,,,,,,,,,0
9224604,,1,,,,,,,,,,0
9224605,,1,,,,,,,,,,0
9224606,,1,,,,,,,,,,0
9224607,,1,,,,,,,,,,0
9224608,,1,,,,,,,,,,0
9224609,,1,,,,,,,,,,0
9224610,,1,,,,,,,,,,0
9224611,,1,,,,,,,,,,0
9224612,,1,,,,,,,,,,0
9224613,,1,,,,,,,,,,0
9224614,,1,,,,,,,,,,0
9224615,,1,,,,,,,,,,0
9224616,,1,,,,,,,,,,0
9224617,,1,,,,,,,,,,0
9224618,,1,,,,,,,,,,0
9224619,,1,,,,,,,,,,0
9224620,,1,,,,,,,,,,0
9224621,,1,,,,,,,,,,0
9224622,,1,,,,,,,,,,0
9224623,,1,,,,,,,,,,0
9224624,,1,,,,,,,,,,0
9224625,,1,,,,,,,,,,0
9224626,,1,,,,,,,,,,0
9224627,,1,,,,,,,,,,0
9224628,,1,,,,,,,,,,0
9224629,,1,,,,,,,,,,0
9224630,,1,,,,,,,,,,0
9224631,,1,,,,,,,,,,0
9224632,,1,,,,,,,,,,0
9224633,,1,,,,,,,,,,0
9224634,,1,,,,,,,,,,0
9224635,,1,,,,,,,,,,0
9224636,,1,,,,,,,,,,0
9224637,,1,,,,,,,,,,0
9224638,,1,,,,,,,,,,0
9224639,,1,,,,,,,,,,0
9224640,,1,,,,,,,,,,0
9224641,,1,,,,,,,,,,0
9224642,,1,,,,,,,,,,0
9224643,,1,,,,,,,,,,0
9224644,,1,,,,,,,,,,0
9224645,,1,,,,,,,,,,0
9224646,,1,,,,,,,,,,0
9224647,,1,,,,,,,,,,0
9224648,,1,,,,,,,,,,0
9224649,,1,,,,,,,,,,0
9224650,,1,,,,,,,,,,0
9224651,,1,,,,,,,,,,0
9224652,,1,,,,,,,,,,0
9224653,,1,,,,,,,,,,0
9224654,,1,,,,,,,,,,0
9224655,,1,,,,,,,,,,0
9224656,,1,,,,,,,,,,0
9224657,,1,,,,,,,,,,0
9224658,,1,,,,,,,,,,0
9224659,,1,,,,,,,,,,0
9224660,,1,,,,,,,,,,0
9224661,,1,,,,,,,,,,0
9224662,,1,,,,,,,,,,0
9224663,,1,,,,,,,,,,0
9224664,,1,,,,,,,,,,0
9224665,,1,,,,,,,,,,0
9224666,,1,,,,,,,,,,0
9224667,,1,,,,,,,,,,0
9224668,,1,,,,,,,,,,0
9224669,,1,,,,,,,,,,0
9224670,,1,,,,,,,,,,0
9224671,,1,,,,,,,,,,0
9224672,,1,,,,,,,,,,0
9224673,,1,,,,,,,,,,0
9224674,,1,,,,,,,,,,0
9224675,,1,,,,,,,,,,0
9224676,,1,,,,,,,,,,0
9224677,,1,,,,,,,,,,0
9224678,,1,,,,,,,,,,0
9224679,,1,,,,,,,,,,0
9224680,,1,,,,,,,,,,0
9224681,,1,,,,,,,,,,0
9224682,,1,,,,,,,,,,0
9224683,,1,,,,,,,,,,0
9224684,,1,,,,,,,,,,0
9224685,,1,,,,,,,,,,0
9224686,,1,,,,,,,,,,0
9224687,,1,,,,,,,,,,0
9224688,,1,,,,,,,,,,0
9224689,,1,,,,,,,,,,0
9224690,,1,,,,,,,,,,0
9224691,,1,,,,,,,,,,0
9224692,,1,,,,,,,,,,0
9224693,,1,,,,,,,,,,0
9224694,,1,,,,,,,,,,0
9224695,,1,,,,,,,,,,0
9224696,,1,,,,,,,,,,0
9224697,,1,,,,,,,,,,0
9224698,,1,,,,,,,,,,0
9224699,,1,,,,,,,,,,0
9224700,,1,,,,,,,,,,0
9224701,,1,,,,,,,,,,0
9224702,,1,,,,,,,,,,0
9224703,,1,,,,,,,,,,0
9224704,,1,,,,,,,,,,0
9224705,,1,,,,,,,,,,0
9224706,,1,,,,,,,,,,0
9224707,,1,,,,,,,,,,0
9224708,,1,,,,,,,,,,0
9224709,,1,,,,,,,,,,0
9224710,,1,,,,,,,,,,0
9224711,,1,,,,,,,,,,0
9224712,,1,,,,,,,,,,0
9224713,,1,,,,,,,,,,0
9224714,,1,,,,,,,,,,0
9224715,,1,,,,,,,,,,0
9224716,,1,,,,,,,,,,0
9224717,,1,,,,,,,,,,0
9224718,,1,,,,,,,,,,0
9224719,,1,,,,,,,,,,0
9224720,,1,,,,,,,,,,0
9224721,,1,,,,,,,,,,0
9224722,,1,,,,,,,,,,0
9224723,,1,,,,,,,,,,0
9224724,,1,,,,,,,,,,0
9224725,,1,,,,,,,,,,0
9224726,,1,,,,,,,,,,0
9224727,,1,,,,,,,,,,0
9224728,,1,,,,,,,,,,0
9224729,,1,,,,,,,,,,0
9224730,,1,,,,,,,,,,0
9224731,,1,,,,,,,,,,0
9224732,,1,,,,,,,,,,0
9224733,,1,,,,,,,,,,0
9224734,,1,,,,,,,,,,0
9224735,,1,,,,,,,,,,0
9224736,,1,,,,,,,,,,0
9224737,,1,,,,,,,,,,0
9224738,,1,,,,,,,,,,0
9224739,,1,,,,,,,,,,0
9224740,,1,,,,,,,,,,0
9224741,,1,,,,,,,,,,0
9224742,,1,,,,,,,,,,0
9224743,,1,,,,,,,,,,0
9224744,,1,,,,,,,,,,0
9224745,,1,,,,,,,,,,0
9224746,,1,,,,,,,,,,0
9224747,,1,,,,,,,,,,0
9224748,,1,,,,,,,,,,0
9224749,,1,,,,,,,,,,0
9224750,,1,,,,,,,,,,0
9224751,,1,,,,,,,,,,0
9224752,,1,,,,,,,,,,0
9224753,,1,,,,,,,,,,0
9224754,,1,,,,,,,,,,0
9224755,,1,,,,,,,,,,0
9224756,,1,,,,,,,,,,0
9224757,,1,,,,,,,,,,0
9224758,,1,,,,,,,,,,0
9224759,,1,,,,,,,,,,0
9224760,,1,,,,,,,,,,0
9224761,,1,,,,,,,,,,0
9224762,,1,,,,,,,,,,0
9224763,,1,,,,,,,,,,0
9224764,,1,,,,,,,,,,0
9224765,,1,,,,,,,,,,0
9224766,,1,,,,,,,,,,0
9224767,,1,,,,,,,,,,0
9224768,,1,,,,,,,,,,0
9224769,,1,,,,,,,,,,0
9224770,,1,,,,,,,,,,0
9224771,,1,,,,,,,,,,0
9224772,,1,,,,,,,,,,0
9224773,,1,,,,,,,,,,0
9224774,,1,,,,,,,,,,0
9224775,,1,,,,,,,,,,0
9224776,,1,,,,,,,,,,0
9224777,,1,,,,,,,,,,0
9224778,,1,,,,,,,,,,0
9224779,,1,,,,,,,,,,0
9224780,,1,,,,,,,,,,0
9224781,,1,,,,,,,,,,0
9224782,,1,,,,,,,,,,0
9224783,,1,,,,,,,,,,0
9224784,,1,,,,,,,,,,0
9224785,,1,,,,,,,,,,0
9224786,,1,,,,,,,,,,0
9224787,,1,,,,,,,,,,0
9224788,,1,,,,,,,,,,0
9224789,,1,,,,,,,,,,0
9224790,,1,,,,,,,,,,0
9224791,,1,,,,,,,,,,0
9224792,,1,,,,,,,,,,0
9224793,,1,,,,,,,,,,0
9224794,,1,,,,,,,,,,0
9224795,,1,,,,,,,,,,0
9224796,,1,,,,,,,,,,0
9224797,,1,,,,,,,,,,0
9224798,,1,,,,,,,,,,0
9224799,,1,,,,,,,,,,0
9224800,,1,,,,,,,,,,0
9224801,,1,,,,,,,,,,0
9224802,,1,,,,,,,,,,0
9224803,,1,,,,,,,,,,0
9224804,,1,,,,,,,,,,0
9224805,,1,,,,,,,,,,0
9224806,,1,,,,,,,,,,0
9224807,,1,,,,,,,,,,0
9224808,,1,,,,,,,,,,0
9224809,,1,,,,,,,,,,0
9224810,,1,,,,,,,,,,0
9224811,,1,,,,,,,,,,0
9224812,,1,,,,,,,,,,0
9224813,,1,,,,,,,,,,0
9224814,,1,,,,,,,,,,0
9224815,,1,,,,,,,,,,0
9224816,,1,,,,,,,,,,0
9224817,,1,,,,,,,,,,0
9224818,,1,,,,,,,,,,0
9224819,,1,,,,,,,,,,0
9224820,,1,,,,,,,,,,0
9224821,,1,,,,,,,,,,0
9224822,,1,,,,,,,,,,0
9224823,,1,,,,,,,,,,0
9224824,,1,,,,,,,,,,0
9224825,,1,,,,,,,,,,0
9224826,,1,,,,,,,,,,0
9224827,,1,,,,,,,,,,0
9224828,,1,,,,,,,,,,0
9224829,,1,,,,,,,,,,0
9224830,,1,,,,,,,,,,0
9224831,,1,,,,,,,,,,0
9224832,,1,,,,,,,,,,0
9224833,,1,,,,,,,,,,0
9224834,,1,,,,,,,,,,0
9224835,,1,,,,,,,,,,0
9224836,,1,,,,,,,,,,0
9224837,,1,,,,,,,,,,0
9224838,,1,,,,,,,,,,0
9224839,,1,,,,,,,,,,0
9224840,,1,,,,,,,,,,0
9224841,,1,,,,,,,,,,0
9224842,,1,,,,,,,,,,0
9224843,,1,,,,,,,,,,0
9224844,,1,,,,,,,,,,0
9224845,,1,,,,,,,,,,0
9224846,,1,,,,,,,,,,0
9224847,,1,,,,,,,,,,0
9224848,,1,,,,,,,,,,0
9224849,,1,,,,,,,,,,0
9224850,,1,,,,,,,,,,0
9224851,,1,,,,,,,,,,0
9224852,,1,,,,,,,,,,0
9224853,,1,,,,,,,,,,0
9224854,,1,,,,,,,,,,0
9224855,,1,,,,,,,,,,0
9224856,,1,,,,,,,,,,0
9224857,,1,,,,,,,,,,0
9224858,,1,,,,,,,,,,0
9224859,,1,,,,,,,,,,0
9224860,,1,,,,,,,,,,0
9224861,,1,,,,,,,,,,0
9224862,,1,,,,,,,,,,0
9224863,,1,,,,,,,,,,0
9224864,,1,,,,,,,,,,0
9224865,,1,,,,,,,,,,0
9224866,,1,,,,,,,,,,0
9224867,,1,,,,,,,,,,0
9224868,,1,,,,,,,,,,0
9224869,,1,,,,,,,,,,0
9224870,,1,,,,,,,,,,0
9224871,,1,,,,,,,,,,0
9224872,,1,,,,,,,,,,0
9224873,,1,,,,,,,,,,0
9224874,,1,,,,,,,,,,0
9224875,,1,,,,,,,,,,0
9224876,,1,,,,,,,,,,0
9224877,,1,,,,,,,,,,0
9224878,,1,,,,,,,,,,0
9224879,,1,,,,,,,,,,0
9224880,,1,,,,,,,,,,0
9224881,,1,,,,,,,,,,0
9224882,,1,,,,,,,,,,0
9224883,,1,,,,,,,,,,0
9224884,,1,,,,,,,,,,0
9224885,,1,,,,,,,,,,0
9224886,,1,,,,,,,,,,0
9224887,,1,,,,,,,,,,0
9224888,,1,,,,,,,,,,0
9224889,,1,,,,,,,,,,0
9224890,,1,,,,,,,,,,0
9224891,,1,,,,,,,,,,0
9224892,,1,,,,,,,,,,0
9224893,,1,,,,,,,,,,0
9224894,,1,,,,,,,,,,0
9224895,,1,,,,,,,,,,0
9224896,,1,,,,,,,,,,0
9224897,,1,,,,,,,,,,0
9224898,,1,,,,,,,,,,0
9224899,,1,,,,,,,,,,0
9224900,,1,,,,,,,,,,0
9224901,,1,,,,,,,,,,0
9224902,,1,,,,,,,,,,0
9224903,,1,,,,,,,,,,0
9224904,,1,,,,,,,,,,0
9224905,,1,,,,,,,,,,0
9224906,,1,,,,,,,,,,0
9224907,,1,,,,,,,,,,0
9224908,,1,,,,,,,,,,0
9224909,,1,,,,,,,,,,0
9224910,,1,,,,,,,,,,0
9224911,,1,,,,,,,,,,0
9224912,,1,,,,,,,,,,0
9224913,,1,,,,,,,,,,0
9224914,,1,,,,,,,,,,0
9224915,,1,,,,,,,,,,0
9224916,,1,,,,,,,,,,0
9224917,,1,,,,,,,,,,0
9224918,,1,,,,,,,,,,0
9224919,,1,,,,,,,,,,0
9224920,,1,,,,,,,,,,0
9224921,,1,,,,,,,,,,0
9224922,,1,,,,,,,,,,0
9224923,,1,,,,,,,,,,0
9224924,,1,,,,,,,,,,0
9224925,,1,,,,,,,,,,0
9224926,,1,,,,,,,,,,0
9224927,,1,,,,,,,,,,0
9224928,,1,,,,,,,,,,0
9224929,,1,,,,,,,,,,0
9224930,,1,,,,,,,,,,0
9224931,,1,,,,,,,,,,0
9224932,,1,,,,,,,,,,0
9224933,,1,,,,,,,,,,0
9224934,,1,,,,,,,,,,0
9224935,,1,,,,,,,,,,0
9224936,,1,,,,,,,,,,0
9224937,,1,,,,,,,,,,0
9224938,,1,,,,,,,,,,0
9224939,,1,,,,,,,,,,0
9224940,,1,,,,,,,,,,0
9224941,,1,,,,,,,,,,0
9224942,,1,,,,,,,,,,0
9224943,,1,,,,,,,,,,0
9224944,,1,,,,,,,,,,0
9224945,,1,,,,,,,,,,0
9224946,,1,,,,,,,,,,0
9224947,,1,,,,,,,,,,0
9224948,,1,,,,,,,,,,0
9224949,,1,,,,,,,,,,0
9224950,,1,,,,,,,,,,0
9224951,,1,,,,,,,,,,0
9224952,,1,,,,,,,,,,0
9224953,,1,,,,,,,,,,0
9224954,,1,,,,,,,,,,0
9224955,,1,,,,,,,,,,0
9224956,,1,,,,,,,,,,0
9224957,,1,,,,,,,,,,0
9224958,,1,,,,,,,,,,0
9224959,,1,,,,,,,,,,0
9224960,,1,,,,,,,,,,0
9224961,,1,,,,,,,,,,0
9224962,,1,,,,,,,,,,0
9224963,,1,,,,,,,,,,0
9224964,,1,,,,,,,,,,0
9224965,,1,,,,,,,,,,0
9224966,,1,,,,,,,,,,0
9224967,,1,,,,,,,,,,0
9224968,,1,,,,,,,,,,0
9224969,,1,,,,,,,,,,0
9224970,,1,,,,,,,,,,0
9224971,,1,,,,,,,,,,0
9224972,,1,,,,,,,,,,0
9224973,,1,,,,,,,,,,0
9224974,,1,,,,,,,,,,0
9224975,,1,,,,,,,,,,0
9224976,,1,,,,,,,,,,0
9224977,,1,,,,,,,,,,0
9224978,,1,,,,,,,,,,0
9224979,,1,,,,,,,,,,0
9224980,,1,,,,,,,,,,0
9224981,,1,,,,,,,,,,0
9224982,,1,,,,,,,,,,0
9224983,,1,,,,,,,,,,0
9224984,,1,,,,,,,,,,0
9224985,,1,,,,,,,,,,0
9224986,,1,,,,,,,,,,0
9224987,,1,,,,,,,,,,0
1414474,,2,,,,,,,,,,0
1414475,,2,,,,,,,,,,0
1414476,,2,,,,,,,,,,0
1414477,,2,,,,,,,,,,0
1414478,,2,,,,,,,,,,0
1414479,,2,,,,,,,,,,0
1414480,,2,,,,,,,,,,0
1414481,,2,,,,,,,,,,0
1414482,,2,,,,,,,,,,0
1414483,,2,,,,,,,,,,0
1414484,,2,,,,,,,,,,0
1414485,,2,,,,,,,,,,0
1414486,,2,,,,,,,,,,0
1414487,,2,,,,,,,,,,0
1414488,,2,,,,,,,,,,0
1414489,,2,,,,,,,,,,0
1414490,,2,,,,,,,,,,0
1414491,,2,,,,,,,,,,0
1414492,,2,,,,,,,,,,0
1414493,,2,,,,,,,,,,0
1414494,,2,,,,,,,,,,0
1414495,,2,,,,,,,,,,0
1414496,,2,,,,,,,,,,0
1414497,,2,,,,,,,,,,0
1414498,,2,,,,,,,,,,0
1414499,,2,,,,,,,,,,0
1414500,,2,,,,,,,,,,0
1414501,,2,,,,,,,,,,0
1414502,,2,,,,,,,,,,0
1414503,,2,,,,,,,,,,0
1414504,,2,,,,,,,,,,0
1414505,,2,,,,,,,,,,0
1414506,,2,,,,,,,,,,0
1414507,,2,,,,,,,,,,0
1414508,,2,,,,,,,,,,0
1414509,,2,,,,,,,,,,0
1414510,,2,,,,,,,,,,0
1414511,,2,,,,,,,,,,0
1414512,,2,,,,,,,,,,0
1414513,,2,,,,,,,,,,0
1414514,,2,,,,,,,,,,0
1414515,,2,,,,,,,,,,0
1414516,,2,,,,,,,,,,0
1414517,,2,,,,,,,,,,0
1414518,,2,,,,,,,,,,0
1414519,,2,,,,,,,,,,0
1414520,,2,,,,,,,,,,0
1414521,,2,,,,,,,,,,0
1414522,,2,,,,,,,,,,0
1414523,,2,,,,,,,,,,0
1414524,,2,,,,,,,,,,0
1414525,,2,,,,,,,,,,0
1414526,,2,,,,,,,,,,0
1414527,,2,,,,,,,,,,0
1414528,,2,,,,,,,,,,0
1414529,,2,,,,,,,,,,0
1414530,,2,,,,,,,,,,0
1414531,,2,,,,,,,,,,0
1414532,,2,,,,,,,,,,0
1414533,,2,,,,,,,,,,0
1414534,,2,,,,,,,,,,0
1414535,,2,,,,,,,,,,0
1414536,,2,,,,,,,,,,0
1414537,,2,,,,,,,,,,0
1414538,,2,,,,,,,,,,0
1414539,,2,,,,,,,,,,0
1414540,,2,,,,,,,,,,0
1414541,,2,,,,,,,,,,0
1414542,,2,,,,,,,,,,0
1414543,,2,,,,,,,,,,0
1414544,,2,,,,,,,,,,0
1414545,,2,,,,,,,,,,0
1414546,,2,,,,,,,,,,0
1414547,,2,,,,,,,,,,0
1414548,,2,,,,,,,,,,0
1414549,,2,,,,,,,,,,0
1414550,,2,,,,,,,,,,0
1414551,,2,,,,,,,,,,0
1414552,,2,,,,,,,,,,0
1414553,,2,,,,,,,,,,0
1414554,,2,,,,,,,,,,0
1414555,,2,,,,,,,,,,0
1414556,,2,,,,,,,,,,0
1414557,,2,,,,,,,,,,0
1414558,,2,,,,,,,,,,0
1414559,,2,,,,,,,,,,0
1414560,,2,,,,,,,,,,0
1414561,,2,,,,,,,,,,0
1414562,,2,,,,,,,,,,0
1414563,,2,,,,,,,,,,0
1414564,,2,,,,,,,,,,0
1414565,,2,,,,,,,,,,0
1414566,,2,,,,,,,,,,0
1414567,,2,,,,,,,,,,0
1414568,,2,,,,,,,,,,0
1414569,,2,,,,,,,,,,0
1414570,,2,,,,,,,,,,0
1414571,,2,,,,,,,,,,0
1414572,,2,,,,,,,,,,0
1414573,,2,,,,,,,,,,0
1414574,,2,,,,,,,,,,0
1414575,,2,,,,,,,,,,0
1414576,,2,,,,,,,,,,0
1414577,,2,,,,,,,,,,0
1414578,,2,,,,,,,,,,0
1414579,,2,,,,,,,,,,0
1414580,,2,,,,,,,,,,0
1414581,,2,,,,,,,,,,0
1414582,,2,,,,,,,,,,0
1414583,,2,,,,,,,,,,0
1414584,,2,,,,,,,,,,0
1414585,,2,,,,,,,,,,0
1414586,,2,,,,,,,,,,0
1414587,,2,,,,,,,,,,0
1414588,,2,,,,,,,,,,0
1414589,,2,,,,,,,,,,0
1414590,,2,,,,,,,,,,0
1414591,,2,,,,,,,,,,0
1414592,,2,,,,,,,,,,0
1414593,,2,,,,,,,,,,0
1414594,,2,,,,,,,,,,0
1414595,,2,,,,,,,,,,0
1414596,,2,,,,,,,,,,0
1414597,,2,,,,,,,,,,0
1414598,,2,,,,,,,,,,0
1414599,,2,,,,,,,,,,0
1414600,,2,,,,,,,,,,0
1414601,,2,,,,,,,,,,0
1414602,,2,,,,,,,,,,0
1414603,,2,,,,,,,,,,0
1414604,,2,,,,,,,,,,0
1414605,,2,,,,,,,,,,0
1414606,,2,,,,,,,,,,0
1414607,,2,,,,,,,,,,0
1414608,,2,,,,,,,,,,0
1414609,,2,,,,,,,,,,0
1414610,,2,,,,,,,,,,0
1414611,,2,,,,,,,,,,0
1414612,,2,,,,,,,,,,0
1414613,,2,,,,,,,,,,0
1414614,,2,,,,,,,,,,0
1414615,,2,,,,,,,,,,0
1414616,,2,,,,,,,,,,0
1414617,,2,,,,,,,,,,0
1414618,,2,,,,,,,,,,0
1414619,,2,,,,,,,,,,0
1414620,,2,,,,,,,,,,0
1414621,,2,,,,,,,,,,0
1414622,,2,,,,,,,,,,0
1414623,,2,,,,,,,,,,0
1414624,,2,,,,,,,,,,0
1414625,,2,,,,,,,,,,0
1414626,,2,,,,,,,,,,0
1414627,,2,,,,,,,,,,0
1414628,,2,,,,,,,,,,0
1414629,,2,,,,,,,,,,0
1414630,,2,,,,,,,,,,0
1414631,,2,,,,,,,,,,0
1414632,,2,,,,,,,,,,0
1414633,,2,,,,,,,,,,0
1414634,,2,,,,,,,,,,0
1414635,,2,,,,,,,,,,0
1414636,,2,,,,,,,,,,0
1414637,,2,,,,,,,,,,0
1414638,,2,,,,,,,,,,0
1414639,,2,,,,,,,,,,0
1414640,,2,,,,,,,,,,0
1414641,,2,,,,,,,,,,0
1414642,,2,,,,,,,,,,0
1414643,,2,,,,,,,,,,0
1414644,,2,,,,,,,,,,0
1414645,,2,,,,,,,,,,0
1414646,,2,,,,,,,,,,0
1414647,,2,,,,,,,,,,0
1414648,,2,,,,,,,,,,0
1414649,,2,,,,,,,,,,0
1414650,,2,,,,,,,,,,0
1414651,,2,,,,,,,,,,0
1414652,,2,,,,,,,,,,0
1414653,,2,,,,,,,,,,0
1414654,,2,,,,,,,,,,0
1414655,,2,,,,,,,,,,0
1414656,,2,,,,,,,,,,0
1414657,,2,,,,,,,,,,0
1414658,,2,,,,,,,,,,0
1414659,,2,,,,,,,,,,0
1414660,,2,,,,,,,,,,0
1414661,,2,,,,,,,,,,0
1414662,,2,,,,,,,,,,0
1414663,,2,,,,,,,,,,0
1414664,,2,,,,,,,,,,0
1414665,,2,,,,,,,,,,0
1414666,,2,,,,,,,,,,0
1414667,,2,,,,,,,,,,0
1414668,,2,,,,,,,,,,0
1414669,,2,,,,,,,,,,0
1414670,,2,,,,,,,,,,0
1414671,,2,,,,,,,,,,0
1414672,,2,,,,,,,,,,0
1414673,,2,,,,,,,,,,0
1414674,,2,,,,,,,,,,0
1414675,,2,,,,,,,,,,0
1414676,,2,,,,,,,,,,0
1414677,,2,,,,,,,,,,0
1414678,,2,,,,,,,,,,0
1414679,,2,,,,,,,,,,0
1414680,,2,,,,,,,,,,0
1414681,,2,,,,,,,,,,0
1414682,,2,,,,,,,,,,0
1414683,,2,,,,,,,,,,0
1414684,,2,,,,,,,,,,0
1414685,,2,,,,,,,,,,0
1414686,,2,,,,,,,,,,0
1414687,,2,,,,,,,,,,0
1414688,,2,,,,,,,,,,0
1414689,,2,,,,,,,,,,0
1414690,,2,,,,,,,,,,0
1414691,,2,,,,,,,,,,0
1414692,,2,,,,,,,,,,0
1414693,,2,,,,,,,,,,0
1414694,,2,,,,,,,,,,0
1414695,,2,,,,,,,,,,0
1414696,,2,,,,,,,,,,0
1414697,,2,,,,,,,,,,0
1414698,,2,,,,,,,,,,0
1414699,,2,,,,,,,,,,0
1414700,,2,,,,,,,,,,0
1414701,,2,,,,,,,,,,0
1414702,,2,,,,,,,,,,0
1414703,,2,,,,,,,,,,0
1414704,,2,,,,,,,,,,0
1414705,,2,,,,,,,,,,0
1414706,,2,,,,,,,,,,0
1414707,,2,,,,,,,,,,0
1414708,,2,,,,,,,,,,0
1414709,,2,,,,,,,,,,0
1414710,,2,,,,,,,,,,0
1414711,,2,,,,,,,,,,0
1414712,,2,,,,,,,,,,0
1414713,,2,,,,,,,,,,0
1414714,,2,,,,,,,,,,0
1414715,,2,,,,,,,,,,0
1414716,,2,,,,,,,,,,0
1414717,,2,,,,,,,,,,0
1414718,,2,,,,,,,,,,0
1414719,,2,,,,,,,,,,0
1414720,,2,,,,,,,,,,0
1414721,,2,,,,,,,,,,0
1414722,,2,,,,,,,,,,0
1414723,,2,,,,,,,,,,0
1414724,,2,,,,,,,,,,0
1414725,,2,,,,,,,,,,0
1414726,,2,,,,,,,,,,0
1414727,,2,,,,,,,,,,0
1414728,,2,,,,,,,,,,0
1414729,,2,,,,,,,,,,0
1414730,,2,,,,,,,,,,0
1414731,,2,,,,,,,,,,0
1414732,,2,,,,,,,,,,0
1414733,,2,,,,,,,,,,0
1414734,,2,,,,,,,,,,0
1414735,,2,,,,,,,,,,0
1414736,,2,,,,,,,,,,0
1414737,,2,,,,,,,,,,0
1414738,,2,,,,,,,,,,0
1414739,,2,,,,,,,,,,0
1414740,,2,,,,,,,,,,0
1414741,,2,,,,,,,,,,0
1414742,,2,,,,,,,,,,0
1414743,,2,,,,,,,,,,0
1414744,,2,,,,,,,,,,0
1414745,,2,,,,,,,,,,0
1414746,,2,,,,,,,,,,0
1414747,,2,,,,,,,,,,0
1414748,,2,,,,,,,,,,0
1414749,,2,,,,,,,,,,0
1414750,,2,,,,,,,,,,0
1414751,,2,,,,,,,,,,0
1414752,,2,,,,,,,,,,0
1414753,,2,,,,,,,,,,0
1414754,,2,,,,,,,,,,0
1414755,,2,,,,,,,,,,0
1414756,,2,,,,,,,,,,0
1414757,,2,,,,,,,,,,0
1414758,,2,,,,,,,,,,0
1414759,,2,,,,,,,,,,0
1414760,,2,,,,,,,,,,0
1414761,,2,,,,,,,,,,0
1414762,,2,,,,,,,,,,0
1414763,,2,,,,,,,,,,0
1414764,,2,,,,,,,,,,0
1414765,,2,,,,,,,,,,0
1414766,,2,,,,,,,,,,0
1414767,,2,,,,,,,,,,0
1414768,,2,,,,,,,,,,0
1414769,,2,,,,,,,,,,0
1414770,,2,,,,,,,,,,0
1414771,,2,,,,,,,,,,0
1414772,,2,,,,,,,,,,0
1414773,,2,,,,,,,,,,0
1414774,,2,,,,,,,,,,0
1414775,,2,,,,,,,,,,0
1414776,,2,,,,,,,,,,0
1414777,,2,,,,,,,,,,0
1414778,,2,,,,,,,,,,0
1414779,,2,,,,,,,,,,0
1414780,,2,,,,,,,,,,0
1414781,,2,,,,,,,,,,0
1414782,,2,,,,,,,,,,0
1414783,,2,,,,,,,,,,0
1414784,,2,,,,,,,,,,0
1414785,,2,,,,,,,,,,0
1414786,,2,,,,,,,,,,0
1414787,,2,,,,,,,,,,0
1414788,,2,,,,,,,,,,0
1414789,,2,,,,,,,,,,0
1414790,,2,,,,,,,,,,0
1414791,,2,,,,,,,,,,0
1414792,,2,,,,,,,,,,0
1414793,,2,,,,,,,,,,0
1414794,,2,,,,,,,,,,0
1414795,,2,,,,,,,,,,0
1414796,,2,,,,,,,,,,0
1414797,,2,,,,,,,,,,0
1414798,,2,,,,,,,,,,0
1414799,,2,,,,,,,,,,0
1414800,,2,,,,,,,,,,0
1414801,,2,,,,,,,,,,0
1414802,,2,,,,,,,,,,0
1414803,,2,,,,,,,,,,0
1414804,,2,,,,,,,,,,0
1414805,,2,,,,,,,,,,0
1414806,,2,,,,,,,,,,0
1414807,,2,,,,,,,,,,0
1414808,,2,,,,,,,,,,0
1414809,,2,,,,,,,,,,0
1414810,,2,,,,,,,,,,0
1414811,,2,,,,,,,,,,0
1414812,,2,,,,,,,,,,0
1414813,,2,,,,,,,,,,0
1414814,,2,,,,,,,,,,0
1414815,,2,,,,,,,,,,0
1414816,,2,,,,,,,,,,0
1414817,,2,,,,,,,,,,0
1414818,,2,,,,,,,,,,0
1414819,,2,,,,,,,,,,0
1414820,,2,,,,,,,,,,0
1414821,,2,,,,,,,,,,0
1414822,,2,,,,,,,,,,0
1414823,,2,,,,,,,,,,0
1414824,,2,,,,,,,,,,0
1414825,,2,,,,,,,,,,0
1414826,,2,,,,,,,,,,0
1414827,,2,,,,,,,,,,0
1414828,,2,,,,,,,,,,0
1414829,,2,,,,,,,,,,0
1414830,,2,,,,,,,,,,0
1414831,,2,,,,,,,,,,0
1414832,,2,,,,,,,,,,0
1414833,,2,,,,,,,,,,0
1414834,,2,,,,,,,,,,0
1414835,,2,,,,,,,,,,0
1414836,,2,,,,,,,,,,0
1414837,,2,,,,,,,,,,0
1414838,,2,,,,,,,,,,0
1414839,,2,,,,,,,,,,0
1414840,,2,,,,,,,,,,0
1414841,,2,,,,,,,,,,0
1414842,,2,,,,,,,,,,0
1414843,,2,,,,,,,,,,0
1414844,,2,,,,,,,,,,0
1414845,,2,,,,,,,,,,0
1414846,,2,,,,,,,,,,0
1414847,,2,,,,,,,,,,0
1414848,,2,,,,,,,,,,0
1414849,,2,,,,,,,,,,0
1414850,,2,,,,,,,,,,0
1414851,,2,,,,,,,,,,0
1414852,,2,,,,,,,,,,0
1414853,,2,,,,,,,,,,0
1414854,,2,,,,,,,,,,0
1414855,,2,,,,,,,,,,0
1414856,,2,,,,,,,,,,0
1414857,,2,,,,,,,,,,0
1414858,,2,,,,,,,,,,0
1414859,,2,,,,,,,,,,0
1414860,,2,,,,,,,,,,0
1414861,,2,,,,,,,,,,0
1414862,,2,,,,,,,,,,0
1414863,,2,,,,,,,,,,0
1414864,,2,,,,,,,,,,0
1414865,,2,,,,,,,,,,0
1414866,,2,,,,,,,,,,0
1414867,,2,,,,,,,,,,0
1414868,,2,,,,,,,,,,0
1414869,,2,,,,,,,,,,0
1414870,,2,,,,,,,,,,0
1414871,,2,,,,,,,,,,0
1414872,,2,,,,,,,,,,0
1414873,,2,,,,,,,,,,0
1414874,,2,,,,,,,,,,0
1414875,,2,,,,,,,,,,0
1414876,,2,,,,,,,,,,0
1414877,,2,,,,,,,,,,0
1414878,,2,,,,,,,,,,0
1414879,,2,,,,,,,,,,0
1414880,,2,,,,,,,,,,0
1414881,,2,,,,,,,,,,0
1414882,,2,,,,,,,,,,0
1414883,,2,,,,,,,,,,0
1414884,,2,,,,,,,,,,0
1414885,,2,,,,,,,,,,0
1414886,,2,,,,,,,,,,0
1414887,,2,,,,,,,,,,0
1414888,,2,,,,,,,,,,0
1414889,,2,,,,,,,,,,0
1414890,,2,,,,,,,,,,0
1414891,,2,,,,,,,,,,0
1414892,,2,,,,,,,,,,0
1414893,,2,,,,,,,,,,0
1414894,,2,,,,,,,,,,0
1414895,,2,,,,,,,,,,0
1414896,,2,,,,,,,,,,0
1414897,,2,,,,,,,,,,0
1414898,,2,,,,,,,,,,0
1414899,,2,,,,,,,,,,0
1414900,,2,,,,,,,,,,0
1414901,,2,,,,,,,,,,0
1414902,,2,,,,,,,,,,0
1414903,,2,,,,,,,,,,0
1414904,,2,,,,,,,,,,0
1414905,,2,,,,,,,,,,0
1414906,,2,,,,,,,,,,0
1414907,,2,,,,,,,,,,0
1414908,,2,,,,,,,,,,0
1414909,,2,,,,,,,,,,0
1414910,,2,,,,,,,,,,0
1414911,,2,,,,,,,,,,0
1414912,,2,,,,,,,,,,0
1414913,,2,,,,,,,,,,0
1414914,,2,,,,,,,,,,0
1414915,,2,,,,,,,,,,0
1414916,,2,,,,,,,,,,0
1414917,,2,,,,,,,,,,0
1414918,,2,,,,,,,,,,0
1414919,,2,,,,,,,,,,0
1414920,,2,,,,,,,,,,0
1414921,,2,,,,,,,,,,0
1414922,,2,,,,,,,,,,0
1414923,,2,,,,,,,,,,0
1414924,,2,,,,,,,,,,0
1414925,,2,,,,,,,,,,0
1414926,,2,,,,,,,,,,0
1414927,,2,,,,,,,,,,0
1414928,,2,,,,,,,,,,0
1414929,,2,,,,,,,,,,0
1414930,,2,,,,,,,,,,0
1414931,,2,,,,,,,,,,0
1414932,,2,,,,,,,,,,0
1414933,,2,,,,,,,,,,0
1414934,,2,,,,,,,,,,0
1414935,,2,,,,,,,,,,0
1414936,,2,,,,,,,,,,0
1414937,,2,,,,,,,,,,0
1414938,,2,,,,,,,,,,0
1414939,,2,,,,,,,,,,0
1414940,,2,,,,,,,,,,0
1414941,,2,,,,,,,,,,0
1414942,,2,,,,,,,,,,0
1414943,,2,,,,,,,,,,0
1414944,,2,,,,,,,,,,0
1414945,,2,,,,,,,,,,0
1414946,,2,,,,,,,,,,0
1414947,,2,,,,,,,,,,0
1414948,,2,,,,,,,,,,0
1414949,,2,,,,,,,,,,0
1414950,,2,,,,,,,,,,0
1414951,,2,,,,,,,,,,0
1414952,,2,,,,,,,,,,0
1414953,,2,,,,,,,,,,0
1414954,,2,,,,,,,,,,0
1414955,,2,,,,,,,,,,0
1414956,,2,,,,,,,,,,0
1414957,,2,,,,,,,,,,0
1414958,,2,,,,,,,,,,0
1414959,,2,,,,,,,,,,0
1414960,,2,,,,,,,,,,0
1414961,,2,,,,,,,,,,0
1414962,,2,,,,,,,,,,0
1414963,,2,,,,,,,,,,0
1414964,,2,,,,,,,,,,0
1414965,,2,,,,,,,,,,0
1414966,,2,,,,,,,,,,0
1414967,,2,,,,,,,,,,0
1414968,,2,,,,,,,,,,0
1414969,,2,,,,,,,,,,0
1414970,,2,,,,,,,,,,0
1414971,,2,,,,,,,,,,0
1414972,,2,,,,,,,,,,0
1414973,,2,,,,,,,,,,0
9224988,,1,,,,,,,,,,0
9224989,,1,,,,,,,,,,0
9224990,,1,,,,,,,,,,0
9224991,,1,,,,,,,,,,0
9224992,,1,,,,,,,,,,0
9224993,,1,,,,,,,,,,0
9224994,,1,,,,,,,,,,0
9224995,,1,,,,,,,,,,0
9224996,,1,,,,,,,,,,0
9224997,,1,,,,,,,,,,0
9224998,,1,,,,,,,,,,0
9224999,,1,,,,,,,,,,0
9225000,,1,,,,,,,,,,0
9225001,,1,,,,,,,,,,0
9225002,,1,,,,,,,,,,0
9225003,,1,,,,,,,,,,0
9225004,,1,,,,,,,,,,0
9225005,,1,,,,,,,,,,0
9225006,,1,,,,,,,,,,0
9225007,,1,,,,,,,,,,0
9225008,,1,,,,,,,,,,0
9225009,,1,,,,,,,,,,0
9225010,,1,,,,,,,,,,0
9225011,,1,,,,,,,,,,0
9225012,,1,,,,,,,,,,0
9225013,,1,,,,,,,,,,0
9225014,,1,,,,,,,,,,0
9225015,,1,,,,,,,,,,0
9225016,,1,,,,,,,,,,0
9225017,,1,,,,,,,,,,0
9225018,,1,,,,,,,,,,0
9225019,,1,,,,,,,,,,0
9225020,,1,,,,,,,,,,0
9225021,,1,,,,,,,,,,0
9225022,,1,,,,,,,,,,0
9225023,,1,,,,,,,,,,0
9225024,,1,,,,,,,,,,0
9225025,,1,,,,,,,,,,0
9225026,,1,,,,,,,,,,0
9225027,,1,,,,,,,,,,0
9225028,,1,,,,,,,,,,0
9225029,,1,,,,,,,,,,0
9225030,,1,,,,,,,,,,0
9225031,,1,,,,,,,,,,0
9225032,,1,,,,,,,,,,0
9225033,,1,,,,,,,,,,0
9225034,,1,,,,,,,,,,0
9225035,,1,,,,,,,,,,0
9225036,,1,,,,,,,,,,0
9225037,,1,,,,,,,,,,0
9225038,,1,,,,,,,,,,0
9225039,,1,,,,,,,,,,0
9225040,,1,,,,,,,,,,0
9225041,,1,,,,,,,,,,0
9225042,,1,,,,,,,,,,0
9225043,,1,,,,,,,,,,0
9225044,,1,,,,,,,,,,0
9225045,,1,,,,,,,,,,0
9225046,,1,,,,,,,,,,0
9225047,,1,,,,,,,,,,0
9225048,,1,,,,,,,,,,0
9225049,,1,,,,,,,,,,0
9225050,,1,,,,,,,,,,0
9225051,,1,,,,,,,,,,0
9225052,,1,,,,,,,,,,0
9225053,,1,,,,,,,,,,0
9225054,,1,,,,,,,,,,0
9225055,,1,,,,,,,,,,0
9225056,,1,,,,,,,,,,0
9225057,,1,,,,,,,,,,0
9225058,,1,,,,,,,,,,0
9225059,,1,,,,,,,,,,0
9225060,,1,,,,,,,,,,0
9225061,,1,,,,,,,,,,0
9225062,,1,,,,,,,,,,0
9225063,,1,,,,,,,,,,0
9225064,,1,,,,,,,,,,0
9225065,,1,,,,,,,,,,0
9225066,,1,,,,,,,,,,0
9225067,,1,,,,,,,,,,0
9225068,,1,,,,,,,,,,0
9225069,,1,,,,,,,,,,0
9225070,,1,,,,,,,,,,0
9225071,,1,,,,,,,,,,0
9225072,,1,,,,,,,,,,0
9225073,,1,,,,,,,,,,0
9225074,,1,,,,,,,,,,0
9225075,,1,,,,,,,,,,0
9225076,,1,,,,,,,,,,0
9225077,,1,,,,,,,,,,0
9225078,,1,,,,,,,,,,0
9225079,,1,,,,,,,,,,0
9225080,,1,,,,,,,,,,0
9225081,,1,,,,,,,,,,0
9225082,,1,,,,,,,,,,0
9225083,,1,,,,,,,,,,0
9225084,,1,,,,,,,,,,0
9225085,,1,,,,,,,,,,0
9225086,,1,,,,,,,,,,0
9225087,,1,,,,,,,,,,0
9225088,,1,,,,,,,,,,0
9225089,,1,,,,,,,,,,0
9225090,,1,,,,,,,,,,0
9225091,,1,,,,,,,,,,0
9225092,,1,,,,,,,,,,0
9225093,,1,,,,,,,,,,0
9225094,,1,,,,,,,,,,0
9225095,,1,,,,,,,,,,0
9225096,,1,,,,,,,,,,0
9225097,,1,,,,,,,,,,0
9225098,,1,,,,,,,,,,0
9225099,,1,,,,,,,,,,0
9225100,,1,,,,,,,,,,0
9225101,,1,,,,,,,,,,0
9225102,,1,,,,,,,,,,0
9225103,,1,,,,,,,,,,0
9225104,,1,,,,,,,,,,0
9225105,,1,,,,,,,,,,0
9225106,,1,,,,,,,,,,0
9225107,,1,,,,,,,,,,0
9225108,,1,,,,,,,,,,0
9225109,,1,,,,,,,,,,0
9225110,,1,,,,,,,,,,0
9225111,,1,,,,,,,,,,0
9225112,,1,,,,,,,,,,0
9225113,,1,,,,,,,,,,0
9225114,,1,,,,,,,,,,0
9225115,,1,,,,,,,,,,0
9225116,,1,,,,,,,,,,0
9225117,,1,,,,,,,,,,0
9225118,,1,,,,,,,,,,0
9225119,,1,,,,,,,,,,0
9225120,,1,,,,,,,,,,0
9225121,,1,,,,,,,,,,0
9225122,,1,,,,,,,,,,0
9225123,,1,,,,,,,,,,0
9225124,,1,,,,,,,,,,0
9225125,,1,,,,,,,,,,0
9225126,,1,,,,,,,,,,0
9225127,,1,,,,,,,,,,0
9225128,,1,,,,,,,,,,0
9225129,,1,,,,,,,,,,0
9225130,,1,,,,,,,,,,0
9225131,,1,,,,,,,,,,0
9225132,,1,,,,,,,,,,0
9225133,,1,,,,,,,,,,0
9225134,,1,,,,,,,,,,0
9225135,,1,,,,,,,,,,0
9225136,,1,,,,,,,,,,0
9225137,,1,,,,,,,,,,0
9225138,,1,,,,,,,,,,0
9225139,,1,,,,,,,,,,0
9225140,,1,,,,,,,,,,0
9225141,,1,,,,,,,,,,0
9225142,,1,,,,,,,,,,0
9225143,,1,,,,,,,,,,0
9225144,,1,,,,,,,,,,0
9225145,,1,,,,,,,,,,0
9225146,,1,,,,,,,,,,0
9225147,,1,,,,,,,,,,0
9225148,,1,,,,,,,,,,0
9225149,,1,,,,,,,,,,0
9225150,,1,,,,,,,,,,0
9225151,,1,,,,,,,,,,0
9225152,,1,,,,,,,,,,0
9225153,,1,,,,,,,,,,0
9225154,,1,,,,,,,,,,0
9225155,,1,,,,,,,,,,0
9225156,,1,,,,,,,,,,0
9225157,,1,,,,,,,,,,0
9225158,,1,,,,,,,,,,0
9225159,,1,,,,,,,,,,0
9225160,,1,,,,,,,,,,0
9225161,,1,,,,,,,,,,0
9225162,,1,,,,,,,,,,0
9225163,,1,,,,,,,,,,0
9225164,,1,,,,,,,,,,0
9225165,,1,,,,,,,,,,0
9225166,,1,,,,,,,,,,0
9225167,,1,,,,,,,,,,0
9225168,,1,,,,,,,,,,0
9225169,,1,,,,,,,,,,0
9225170,,1,,,,,,,,,,0
9225171,,1,,,,,,,,,,0
9225172,,1,,,,,,,,,,0
9225173,,1,,,,,,,,,,0
9225174,,1,,,,,,,,,,0
9225175,,1,,,,,,,,,,0
9225176,,1,,,,,,,,,,0
9225177,,1,,,,,,,,,,0
9225178,,1,,,,,,,,,,0
9225179,,1,,,,,,,,,,0
9225180,,1,,,,,,,,,,0
9225181,,1,,,,,,,,,,0
9225182,,1,,,,,,,,,,0
9225183,,1,,,,,,,,,,0
9225184,,1,,,,,,,,,,0
9225185,,1,,,,,,,,,,0
9225186,,1,,,,,,,,,,0
9225187,,1,,,,,,,,,,0
9225188,,1,,,,,,,,,,0
9225189,,1,,,,,,,,,,0
9225190,,1,,,,,,,,,,0
9225191,,1,,,,,,,,,,0
9225192,,1,,,,,,,,,,0
9225193,,1,,,,,,,,,,0
9225194,,1,,,,,,,,,,0
9225195,,1,,,,,,,,,,0
9225196,,1,,,,,,,,,,0
9225197,,1,,,,,,,,,,0
9225198,,1,,,,,,,,,,0
9225199,,1,,,,,,,,,,0
9225200,,1,,,,,,,,,,0
9225201,,1,,,,,,,,,,0
9225202,,1,,,,,,,,,,0
9225203,,1,,,,,,,,,,0
9225204,,1,,,,,,,,,,0
9225205,,1,,,,,,,,,,0
9225206,,1,,,,,,,,,,0
9225207,,1,,,,,,,,,,0
9225208,,1,,,,,,,,,,0
9225209,,1,,,,,,,,,,0
9225210,,1,,,,,,,,,,0
9225211,,1,,,,,,,,,,0
9225212,,1,,,,,,,,,,0
9225213,,1,,,,,,,,,,0
9225214,,1,,,,,,,,,,0
9225215,,1,,,,,,,,,,0
9225216,,1,,,,,,,,,,0
9225217,,1,,,,,,,,,,0
9225218,,1,,,,,,,,,,0
9225219,,1,,,,,,,,,,0
9225220,,1,,,,,,,,,,0
9225221,,1,,,,,,,,,,0
9225222,,1,,,,,,,,,,0
9225223,,1,,,,,,,,,,0
9225224,,1,,,,,,,,,,0
9225225,,1,,,,,,,,,,0
9225226,,1,,,,,,,,,,0
9225227,,1,,,,,,,,,,0
9225228,,1,,,,,,,,,,0
9225229,,1,,,,,,,,,,0
9225230,,1,,,,,,,,,,0
9225231,,1,,,,,,,,,,0
9225232,,1,,,,,,,,,,0
9225233,,1,,,,,,,,,,0
9225234,,1,,,,,,,,,,0
9225235,,1,,,,,,,,,,0
9225236,,1,,,,,,,,,,0
9225237,,1,,,,,,,,,,0
9225238,,1,,,,,,,,,,0
9225239,,1,,,,,,,,,,0
9225240,,1,,,,,,,,,,0
9225241,,1,,,,,,,,,,0
9225242,,1,,,,,,,,,,0
9225243,,1,,,,,,,,,,0
9225244,,1,,,,,,,,,,0
9225245,,1,,,,,,,,,,0
9225246,,1,,,,,,,,,,0
9225247,,1,,,,,,,,,,0
9225248,,1,,,,,,,,,,0
9225249,,1,,,,,,,,,,0
9225250,,1,,,,,,,,,,0
9225251,,1,,,,,,,,,,0
9225252,,1,,,,,,,,,,0
9225253,,1,,,,,,,,,,0
9225254,,1,,,,,,,,,,0
9225255,,1,,,,,,,,,,0
9225256,,1,,,,,,,,,,0
9225257,,1,,,,,,,,,,0
9225258,,1,,,,,,,,,,0
9225259,,1,,,,,,,,,,0
9225260,,1,,,,,,,,,,0
9225261,,1,,,,,,,,,,0
9225262,,1,,,,,,,,,,0
9225263,,1,,,,,,,,,,0
9225264,,1,,,,,,,,,,0
9225265,,1,,,,,,,,,,0
9225266,,1,,,,,,,,,,0
9225267,,1,,,,,,,,,,0
9225268,,1,,,,,,,,,,0
9225269,,1,,,,,,,,,,0
9225270,,1,,,,,,,,,,0
9225271,,1,,,,,,,,,,0
9225272,,1,,,,,,,,,,0
9225273,,1,,,,,,,,,,0
9225274,,1,,,,,,,,,,0
9225275,,1,,,,,,,,,,0
9225276,,1,,,,,,,,,,0
9225277,,1,,,,,,,,,,0
9225278,,1,,,,,,,,,,0
9225279,,1,,,,,,,,,,0
9225280,,1,,,,,,,,,,0
9225281,,1,,,,,,,,,,0
9225282,,1,,,,,,,,,,0
9225283,,1,,,,,,,,,,0
9225284,,1,,,,,,,,,,0
9225285,,1,,,,,,,,,,0
9225286,,1,,,,,,,,,,0
9225287,,1,,,,,,,,,,0
9225288,,1,,,,,,,,,,0
9225289,,1,,,,,,,,,,0
9225290,,1,,,,,,,,,,0
9225291,,1,,,,,,,,,,0
9225292,,1,,,,,,,,,,0
9225293,,1,,,,,,,,,,0
9225294,,1,,,,,,,,,,0
9225295,,1,,,,,,,,,,0
9225296,,1,,,,,,,,,,0
9225297,,1,,,,,,,,,,0
9225298,,1,,,,,,,,,,0
9225299,,1,,,,,,,,,,0
9225300,,1,,,,,,,,,,0
9225301,,1,,,,,,,,,,0
9225302,,1,,,,,,,,,,0
9225303,,1,,,,,,,,,,0
9225304,,1,,,,,,,,,,0
9225305,,1,,,,,,,,,,0
9225306,,1,,,,,,,,,,0
9225307,,1,,,,,,,,,,0
9225308,,1,,,,,,,,,,0
9225309,,1,,,,,,,,,,0
9225310,,1,,,,,,,,,,0
9225311,,1,,,,,,,,,,0
9225312,,1,,,,,,,,,,0
9225313,,1,,,,,,,,,,0
9225314,,1,,,,,,,,,,0
9225315,,1,,,,,,,,,,0
9225316,,1,,,,,,,,,,0
9225317,,1,,,,,,,,,,0
9225318,,1,,,,,,,,,,0
9225319,,1,,,,,,,,,,0
9225320,,1,,,,,,,,,,0
9225321,,1,,,,,,,,,,0
9225322,,1,,,,,,,,,,0
9225323,,1,,,,,,,,,,0
9225324,,1,,,,,,,,,,0
9225325,,1,,,,,,,,,,0
9225326,,1,,,,,,,,,,0
9225327,,1,,,,,,,,,,0
9225328,,1,,,,,,,,,,0
9225329,,1,,,,,,,,,,0
9225330,,1,,,,,,,,,,0
9225331,,1,,,,,,,,,,0
9225332,,1,,,,,,,,,,0
9225333,,1,,,,,,,,,,0
9225334,,1,,,,,,,,,,0
9225335,,1,,,,,,,,,,0
9225336,,1,,,,,,,,,,0
9225337,,1,,,,,,,,,,0
9225338,,1,,,,,,,,,,0
9225339,,1,,,,,,,,,,0
9225340,,1,,,,,,,,,,0
9225341,,1,,,,,,,,,,0
9225342,,1,,,,,,,,,,0
9225343,,1,,,,,,,,,,0
9225344,,1,,,,,,,,,,0
9225345,,1,,,,,,,,,,0
9225346,,1,,,,,,,,,,0
9225347,,1,,,,,,,,,,0
9225348,,1,,,,,,,,,,0
9225349,,1,,,,,,,,,,0
9225350,,1,,,,,,,,,,0
9225351,,1,,,,,,,,,,0
9225352,,1,,,,,,,,,,0
9225353,,1,,,,,,,,,,0
9225354,,1,,,,,,,,,,0
9225355,,1,,,,,,,,,,0
9225356,,1,,,,,,,,,,0
9225357,,1,,,,,,,,,,0
9225358,,1,,,,,,,,,,0
9225359,,1,,,,,,,,,,0
9225360,,1,,,,,,,,,,0
9225361,,1,,,,,,,,,,0
9225362,,1,,,,,,,,,,0
9225363,,1,,,,,,,,,,0
9225364,,1,,,,,,,,,,0
9225365,,1,,,,,,,,,,0
9225366,,1,,,,,,,,,,0
9225367,,1,,,,,,,,,,0
9225368,,1,,,,,,,,,,0
9225369,,1,,,,,,,,,,0
9225370,,1,,,,,,,,,,0
9225371,,1,,,,,,,,,,0
9225372,,1,,,,,,,,,,0
9225373,,1,,,,,,,,,,0
9225374,,1,,,,,,,,,,0
9225375,,1,,,,,,,,,,0
9225376,,1,,,,,,,,,,0
9225377,,1,,,,,,,,,,0
9225378,,1,,,,,,,,,,0
9225379,,1,,,,,,,,,,0
9225380,,1,,,,,,,,,,0
9225381,,1,,,,,,,,,,0
9225382,,1,,,,,,,,,,0
9225383,,1,,,,,,,,,,0
9225384,,1,,,,,,,,,,0
9225385,,1,,,,,,,,,,0
9225386,,1,,,,,,,,,,0
9225387,,1,,,,,,,,,,0
9225388,,1,,,,,,,,,,0
9225389,,1,,,,,,,,,,0
9225390,,1,,,,,,,,,,0
9225391,,1,,,,,,,,,,0
9225392,,1,,,,,,,,,,0
9225393,,1,,,,,,,,,,0
9225394,,1,,,,,,,,,,0
9225395,,1,,,,,,,,,,0
9225396,,1,,,,,,,,,,0
9225397,,1,,,,,,,,,,0
9225398,,1,,,,,,,,,,0
9225399,,1,,,,,,,,,,0
9225400,,1,,,,,,,,,,0
9225401,,1,,,,,,,,,,0
9225402,,1,,,,,,,,,,0
9225403,,1,,,,,,,,,,0
9225404,,1,,,,,,,,,,0
9225405,,1,,,,,,,,,,0
9225406,,1,,,,,,,,,,0
9225407,,1,,,,,,,,,,0
9225408,,1,,,,,,,,,,0
9225409,,1,,,,,,,,,,0
9225410,,1,,,,,,,,,,0
9225411,,1,,,,,,,,,,0
9225412,,1,,,,,,,,,,0
9225413,,1,,,,,,,,,,0
9225414,,1,,,,,,,,,,0
9225415,,1,,,,,,,,,,0
9225416,,1,,,,,,,,,,0
9225417,,1,,,,,,,,,,0
9225418,,1,,,,,,,,,,0
9225419,,1,,,,,,,,,,0
9225420,,1,,,,,,,,,,0
9225421,,1,,,,,,,,,,0
9225422,,1,,,,,,,,,,0
9225423,,1,,,,,,,,,,0
9225424,,1,,,,,,,,,,0
9225425,,1,,,,,,,,,,0
9225426,,1,,,,,,,,,,0
9225427,,1,,,,,,,,,,0
9225428,,1,,,,,,,,,,0
9225429,,1,,,,,,,,,,0
9225430,,1,,,,,,,,,,0
9225431,,1,,,,,,,,,,0
9225432,,1,,,,,,,,,,0
9225433,,1,,,,,,,,,,0
9225434,,1,,,,,,,,,,0
9225435,,1,,,,,,,,,,0
9225436,,1,,,,,,,,,,0
9225437,,1,,,,,,,,,,0
9225438,,1,,,,,,,,,,0
9225439,,1,,,,,,,,,,0
9225440,,1,,,,,,,,,,0
9225441,,1,,,,,,,,,,0
9225442,,1,,,,,,,,,,0
9225443,,1,,,,,,,,,,0
9225444,,1,,,,,,,,,,0
9225445,,1,,,,,,,,,,0
9225446,,1,,,,,,,,,,0
9225447,,1,,,,,,,,,,0
9225448,,1,,,,,,,,,,0
9225449,,1,,,,,,,,,,0
9225450,,1,,,,,,,,,,0
9225451,,1,,,,,,,,,,0
9225452,,1,,,,,,,,,,0
9225453,,1,,,,,,,,,,0
9225454,,1,,,,,,,,,,0
9225455,,1,,,,,,,,,,0
9225456,,1,,,,,,,,,,0
9225457,,1,,,,,,,,,,0
9225458,,1,,,,,,,,,,0
9225459,,1,,,,,,,,,,0
9225460,,1,,,,,,,,,,0
9225461,,1,,,,,,,,,,0
9225462,,1,,,,,,,,,,0
9225463,,1,,,,,,,,,,0
9225464,,1,,,,,,,,,,0
9225465,,1,,,,,,,,,,0
9225466,,1,,,,,,,,,,0
9225467,,1,,,,,,,,,,0
9225468,,1,,,,,,,,,,0
9225469,,1,,,,,,,,,,0
9225470,,1,,,,,,,,,,0
9225471,,1,,,,,,,,,,0
9225472,,1,,,,,,,,,,0
9225473,,1,,,,,,,,,,0
9225474,,1,,,,,,,,,,0
9225475,,1,,,,,,,,,,0
9225476,,1,,,,,,,,,,0
9225477,,1,,,,,,,,,,0
9225478,,1,,,,,,,,,,0
9225479,,1,,,,,,,,,,0
9225480,,1,,,,,,,,,,0
9225481,,1,,,,,,,,,,0
9225482,,1,,,,,,,,,,0
9225483,,1,,,,,,,,,,0
9225484,,1,,,,,,,,,,0
9225485,,1,,,,,,,,,,0
9225486,,1,,,,,,,,,,0
9225487,,1,,,,,,,,,,0
1414974,,2,,,,,,,,,,0
1414975,,2,,,,,,,,,,0
1414976,,2,,,,,,,,,,0
1414977,,2,,,,,,,,,,0
1414978,,2,,,,,,,,,,0
1414979,,2,,,,,,,,,,0
1414980,,2,,,,,,,,,,0
1414981,,2,,,,,,,,,,0
1414982,,2,,,,,,,,,,0
1414983,,2,,,,,,,,,,0
1414984,,2,,,,,,,,,,0
1414985,,2,,,,,,,,,,0
1414986,,2,,,,,,,,,,0
1414987,,2,,,,,,,,,,0
1414988,,2,,,,,,,,,,0
1414989,,2,,,,,,,,,,0
1414990,,2,,,,,,,,,,0
1414991,,2,,,,,,,,,,0
1414992,,2,,,,,,,,,,0
1414993,,2,,,,,,,,,,0
1414994,,2,,,,,,,,,,0
1414995,,2,,,,,,,,,,0
1414996,,2,,,,,,,,,,0
1414997,,2,,,,,,,,,,0
1414998,,2,,,,,,,,,,0
1414999,,2,,,,,,,,,,0
1415000,,2,,,,,,,,,,0
1415001,,2,,,,,,,,,,0
1415002,,2,,,,,,,,,,0
1415003,,2,,,,,,,,,,0
1415004,,2,,,,,,,,,,0
1415005,,2,,,,,,,,,,0
1415006,,2,,,,,,,,,,0
1415007,,2,,,,,,,,,,0
1415008,,2,,,,,,,,,,0
1415009,,2,,,,,,,,,,0
1415010,,2,,,,,,,,,,0
1415011,,2,,,,,,,,,,0
1415012,,2,,,,,,,,,,0
1415013,,2,,,,,,,,,,0
1415014,,2,,,,,,,,,,0
1415015,,2,,,,,,,,,,0
1415016,,2,,,,,,,,,,0
1415017,,2,,,,,,,,,,0
1415018,,2,,,,,,,,,,0
1415019,,2,,,,,,,,,,0
1415020,,2,,,,,,,,,,0
1415021,,2,,,,,,,,,,0
1415022,,2,,,,,,,,,,0
1415023,,2,,,,,,,,,,0
1415024,,2,,,,,,,,,,0
1415025,,2,,,,,,,,,,0
1415026,,2,,,,,,,,,,0
1415027,,2,,,,,,,,,,0
1415028,,2,,,,,,,,,,0
1415029,,2,,,,,,,,,,0
1415030,,2,,,,,,,,,,0
1415031,,2,,,,,,,,,,0
1415032,,2,,,,,,,,,,0
1415033,,2,,,,,,,,,,0
1415034,,2,,,,,,,,,,0
1415035,,2,,,,,,,,,,0
1415036,,2,,,,,,,,,,0
1415037,,2,,,,,,,,,,0
1415038,,2,,,,,,,,,,0
1415039,,2,,,,,,,,,,0
1415040,,2,,,,,,,,,,0
1415041,,2,,,,,,,,,,0
1415042,,2,,,,,,,,,,0
1415043,,2,,,,,,,,,,0
1415044,,2,,,,,,,,,,0
1415045,,2,,,,,,,,,,0
1415046,,2,,,,,,,,,,0
1415047,,2,,,,,,,,,,0
1415048,,2,,,,,,,,,,0
1415049,,2,,,,,,,,,,0
1415050,,2,,,,,,,,,,0
1415051,,2,,,,,,,,,,0
1415052,,2,,,,,,,,,,0
1415053,,2,,,,,,,,,,0
1415054,,2,,,,,,,,,,0
1415055,,2,,,,,,,,,,0
1415056,,2,,,,,,,,,,0
1415057,,2,,,,,,,,,,0
1415058,,2,,,,,,,,,,0
1415059,,2,,,,,,,,,,0
1415060,,2,,,,,,,,,,0
1415061,,2,,,,,,,,,,0
1415062,,2,,,,,,,,,,0
1415063,,2,,,,,,,,,,0
1415064,,2,,,,,,,,,,0
1415065,,2,,,,,,,,,,0
1415066,,2,,,,,,,,,,0
1415067,,2,,,,,,,,,,0
1415068,,2,,,,,,,,,,0
1415069,,2,,,,,,,,,,0
1415070,,2,,,,,,,,,,0
1415071,,2,,,,,,,,,,0
1415072,,2,,,,,,,,,,0
1415073,,2,,,,,,,,,,0
1415074,,2,,,,,,,,,,0
1415075,,2,,,,,,,,,,0
1415076,,2,,,,,,,,,,0
1415077,,2,,,,,,,,,,0
1415078,,2,,,,,,,,,,0
1415079,,2,,,,,,,,,,0
1415080,,2,,,,,,,,,,0
1415081,,2,,,,,,,,,,0
1415082,,2,,,,,,,,,,0
1415083,,2,,,,,,,,,,0
1415084,,2,,,,,,,,,,0
1415085,,2,,,,,,,,,,0
1415086,,2,,,,,,,,,,0
1415087,,2,,,,,,,,,,0
1415088,,2,,,,,,,,,,0
1415089,,2,,,,,,,,,,0
1415090,,2,,,,,,,,,,0
1415091,,2,,,,,,,,,,0
1415092,,2,,,,,,,,,,0
1415093,,2,,,,,,,,,,0
1415094,,2,,,,,,,,,,0
1415095,,2,,,,,,,,,,0
1415096,,2,,,,,,,,,,0
1415097,,2,,,,,,,,,,0
1415098,,2,,,,,,,,,,0
1415099,,2,,,,,,,,,,0
1415100,,2,,,,,,,,,,0
1415101,,2,,,,,,,,,,0
1415102,,2,,,,,,,,,,0
1415103,,2,,,,,,,,,,0
1415104,,2,,,,,,,,,,0
1415105,,2,,,,,,,,,,0
1415106,,2,,,,,,,,,,0
1415107,,2,,,,,,,,,,0
1415108,,2,,,,,,,,,,0
1415109,,2,,,,,,,,,,0
1415110,,2,,,,,,,,,,0
1415111,,2,,,,,,,,,,0
1415112,,2,,,,,,,,,,0
1415113,,2,,,,,,,,,,0
1415114,,2,,,,,,,,,,0
1415115,,2,,,,,,,,,,0
1415116,,2,,,,,,,,,,0
1415117,,2,,,,,,,,,,0
1415118,,2,,,,,,,,,,0
1415119,,2,,,,,,,,,,0
1415120,,2,,,,,,,,,,0
1415121,,2,,,,,,,,,,0
1415122,,2,,,,,,,,,,0
1415123,,2,,,,,,,,,,0
1415124,,2,,,,,,,,,,0
1415125,,2,,,,,,,,,,0
1415126,,2,,,,,,,,,,0
1415127,,2,,,,,,,,,,0
1415128,,2,,,,,,,,,,0
1415129,,2,,,,,,,,,,0
1415130,,2,,,,,,,,,,0
1415131,,2,,,,,,,,,,0
1415132,,2,,,,,,,,,,0
1415133,,2,,,,,,,,,,0
1415134,,2,,,,,,,,,,0
1415135,,2,,,,,,,,,,0
1415136,,2,,,,,,,,,,0
1415137,,2,,,,,,,,,,0
1415138,,2,,,,,,,,,,0
1415139,,2,,,,,,,,,,0
1415140,,2,,,,,,,,,,0
1415141,,2,,,,,,,,,,0
1415142,,2,,,,,,,,,,0
1415143,,2,,,,,,,,,,0
1415144,,2,,,,,,,,,,0
1415145,,2,,,,,,,,,,0
1415146,,2,,,,,,,,,,0
1415147,,2,,,,,,,,,,0
1415148,,2,,,,,,,,,,0
1415149,,2,,,,,,,,,,0
1415150,,2,,,,,,,,,,0
1415151,,2,,,,,,,,,,0
1415152,,2,,,,,,,,,,0
1415153,,2,,,,,,,,,,0
1415154,,2,,,,,,,,,,0
1415155,,2,,,,,,,,,,0
1415156,,2,,,,,,,,,,0
1415157,,2,,,,,,,,,,0
1415158,,2,,,,,,,,,,0
1415159,,2,,,,,,,,,,0
1415160,,2,,,,,,,,,,0
1415161,,2,,,,,,,,,,0
1415162,,2,,,,,,,,,,0
1415163,,2,,,,,,,,,,0
1415164,,2,,,,,,,,,,0
1415165,,2,,,,,,,,,,0
1415166,,2,,,,,,,,,,0
1415167,,2,,,,,,,,,,0
1415168,,2,,,,,,,,,,0
1415169,,2,,,,,,,,,,0
1415170,,2,,,,,,,,,,0
1415171,,2,,,,,,,,,,0
1415172,,2,,,,,,,,,,0
1415173,,2,,,,,,,,,,0
1415174,,2,,,,,,,,,,0
1415175,,2,,,,,,,,,,0
1415176,,2,,,,,,,,,,0
1415177,,2,,,,,,,,,,0
1415178,,2,,,,,,,,,,0
1415179,,2,,,,,,,,,,0
1415180,,2,,,,,,,,,,0
1415181,,2,,,,,,,,,,0
1415182,,2,,,,,,,,,,0
1415183,,2,,,,,,,,,,0
1415184,,2,,,,,,,,,,0
1415185,,2,,,,,,,,,,0
1415186,,2,,,,,,,,,,0
1415187,,2,,,,,,,,,,0
1415188,,2,,,,,,,,,,0
1415189,,2,,,,,,,,,,0
1415190,,2,,,,,,,,,,0
1415191,,2,,,,,,,,,,0
1415192,,2,,,,,,,,,,0
1415193,,2,,,,,,,,,,0
1415194,,2,,,,,,,,,,0
1415195,,2,,,,,,,,,,0
1415196,,2,,,,,,,,,,0
1415197,,2,,,,,,,,,,0
1415198,,2,,,,,,,,,,0
1415199,,2,,,,,,,,,,0
1415200,,2,,,,,,,,,,0
1415201,,2,,,,,,,,,,0
1415202,,2,,,,,,,,,,0
1415203,,2,,,,,,,,,,0
1415204,,2,,,,,,,,,,0
1415205,,2,,,,,,,,,,0
1415206,,2,,,,,,,,,,0
1415207,,2,,,,,,,,,,0
1415208,,2,,,,,,,,,,0
1415209,,2,,,,,,,,,,0
1415210,,2,,,,,,,,,,0
1415211,,2,,,,,,,,,,0
1415212,,2,,,,,,,,,,0
1415213,,2,,,,,,,,,,0
1415214,,2,,,,,,,,,,0
1415215,,2,,,,,,,,,,0
1415216,,2,,,,,,,,,,0
1415217,,2,,,,,,,,,,0
1415218,,2,,,,,,,,,,0
1415219,,2,,,,,,,,,,0
1415220,,2,,,,,,,,,,0
1415221,,2,,,,,,,,,,0
1415222,,2,,,,,,,,,,0
1415223,,2,,,,,,,,,,0
1415224,,2,,,,,,,,,,0
1415225,,2,,,,,,,,,,0
1415226,,2,,,,,,,,,,0
1415227,,2,,,,,,,,,,0
1415228,,2,,,,,,,,,,0
1415229,,2,,,,,,,,,,0
1415230,,2,,,,,,,,,,0
1415231,,2,,,,,,,,,,0
1415232,,2,,,,,,,,,,0
1415233,,2,,,,,,,,,,0
1415234,,2,,,,,,,,,,0
1415235,,2,,,,,,,,,,0
1415236,,2,,,,,,,,,,0
1415237,,2,,,,,,,,,,0
1415238,,2,,,,,,,,,,0
1415239,,2,,,,,,,,,,0
1415240,,2,,,,,,,,,,0
1415241,,2,,,,,,,,,,0
1415242,,2,,,,,,,,,,0
1415243,,2,,,,,,,,,,0
1415244,,2,,,,,,,,,,0
1415245,,2,,,,,,,,,,0
1415246,,2,,,,,,,,,,0
1415247,,2,,,,,,,,,,0
1415248,,2,,,,,,,,,,0
1415249,,2,,,,,,,,,,0
1415250,,2,,,,,,,,,,0
1415251,,2,,,,,,,,,,0
1415252,,2,,,,,,,,,,0
1415253,,2,,,,,,,,,,0
1415254,,2,,,,,,,,,,0
1415255,,2,,,,,,,,,,0
1415256,,2,,,,,,,,,,0
1415257,,2,,,,,,,,,,0
1415258,,2,,,,,,,,,,0
1415259,,2,,,,,,,,,,0
1415260,,2,,,,,,,,,,0
1415261,,2,,,,,,,,,,0
1415262,,2,,,,,,,,,,0
1415263,,2,,,,,,,,,,0
1415264,,2,,,,,,,,,,0
1415265,,2,,,,,,,,,,0
1415266,,2,,,,,,,,,,0
1415267,,2,,,,,,,,,,0
1415268,,2,,,,,,,,,,0
1415269,,2,,,,,,,,,,0
1415270,,2,,,,,,,,,,0
1415271,,2,,,,,,,,,,0
1415272,,2,,,,,,,,,,0
1415273,,2,,,,,,,,,,0
1415274,,2,,,,,,,,,,0
1415275,,2,,,,,,,,,,0
1415276,,2,,,,,,,,,,0
1415277,,2,,,,,,,,,,0
1415278,,2,,,,,,,,,,0
1415279,,2,,,,,,,,,,0
1415280,,2,,,,,,,,,,0
1415281,,2,,,,,,,,,,0
1415282,,2,,,,,,,,,,0
1415283,,2,,,,,,,,,,0
1415284,,2,,,,,,,,,,0
1415285,,2,,,,,,,,,,0
1415286,,2,,,,,,,,,,0
1415287,,2,,,,,,,,,,0
1415288,,2,,,,,,,,,,0
1415289,,2,,,,,,,,,,0
1415290,,2,,,,,,,,,,0
1415291,,2,,,,,,,,,,0
1415292,,2,,,,,,,,,,0
1415293,,2,,,,,,,,,,0
1415294,,2,,,,,,,,,,0
1415295,,2,,,,,,,,,,0
1415296,,2,,,,,,,,,,0
1415297,,2,,,,,,,,,,0
1415298,,2,,,,,,,,,,0
1415299,,2,,,,,,,,,,0
1415300,,2,,,,,,,,,,0
1415301,,2,,,,,,,,,,0
1415302,,2,,,,,,,,,,0
1415303,,2,,,,,,,,,,0
1415304,,2,,,,,,,,,,0
1415305,,2,,,,,,,,,,0
1415306,,2,,,,,,,,,,0
1415307,,2,,,,,,,,,,0
1415308,,2,,,,,,,,,,0
1415309,,2,,,,,,,,,,0
1415310,,2,,,,,,,,,,0
1415311,,2,,,,,,,,,,0
1415312,,2,,,,,,,,,,0
1415313,,2,,,,,,,,,,0
1415314,,2,,,,,,,,,,0
1415315,,2,,,,,,,,,,0
1415316,,2,,,,,,,,,,0
1415317,,2,,,,,,,,,,0
1415318,,2,,,,,,,,,,0
1415319,,2,,,,,,,,,,0
1415320,,2,,,,,,,,,,0
1415321,,2,,,,,,,,,,0
1415322,,2,,,,,,,,,,0
1415323,,2,,,,,,,,,,0
1415324,,2,,,,,,,,,,0
1415325,,2,,,,,,,,,,0
1415326,,2,,,,,,,,,,0
1415327,,2,,,,,,,,,,0
1415328,,2,,,,,,,,,,0
1415329,,2,,,,,,,,,,0
1415330,,2,,,,,,,,,,0
1415331,,2,,,,,,,,,,0
1415332,,2,,,,,,,,,,0
1415333,,2,,,,,,,,,,0
1415334,,2,,,,,,,,,,0
1415335,,2,,,,,,,,,,0
1415336,,2,,,,,,,,,,0
1415337,,2,,,,,,,,,,0
1415338,,2,,,,,,,,,,0
1415339,,2,,,,,,,,,,0
1415340,,2,,,,,,,,,,0
1415341,,2,,,,,,,,,,0
1415342,,2,,,,,,,,,,0
1415343,,2,,,,,,,,,,0
1415344,,2,,,,,,,,,,0
1415345,,2,,,,,,,,,,0
1415346,,2,,,,,,,,,,0
1415347,,2,,,,,,,,,,0
1415348,,2,,,,,,,,,,0
1415349,,2,,,,,,,,,,0
1415350,,2,,,,,,,,,,0
1415351,,2,,,,,,,,,,0
1415352,,2,,,,,,,,,,0
1415353,,2,,,,,,,,,,0
1415354,,2,,,,,,,,,,0
1415355,,2,,,,,,,,,,0
1415356,,2,,,,,,,,,,0
1415357,,2,,,,,,,,,,0
1415358,,2,,,,,,,,,,0
1415359,,2,,,,,,,,,,0
1415360,,2,,,,,,,,,,0
1415361,,2,,,,,,,,,,0
1415362,,2,,,,,,,,,,0
1415363,,2,,,,,,,,,,0
1415364,,2,,,,,,,,,,0
1415365,,2,,,,,,,,,,0
1415366,,2,,,,,,,,,,0
1415367,,2,,,,,,,,,,0
1415368,,2,,,,,,,,,,0
1415369,,2,,,,,,,,,,0
1415370,,2,,,,,,,,,,0
1415371,,2,,,,,,,,,,0
1415372,,2,,,,,,,,,,0
1415373,,2,,,,,,,,,,0
1415374,,2,,,,,,,,,,0
1415375,,2,,,,,,,,,,0
1415376,,2,,,,,,,,,,0
1415377,,2,,,,,,,,,,0
1415378,,2,,,,,,,,,,0
1415379,,2,,,,,,,,,,0
1415380,,2,,,,,,,,,,0
1415381,,2,,,,,,,,,,0
1415382,,2,,,,,,,,,,0
1415383,,2,,,,,,,,,,0
1415384,,2,,,,,,,,,,0
1415385,,2,,,,,,,,,,0
1415386,,2,,,,,,,,,,0
1415387,,2,,,,,,,,,,0
1415388,,2,,,,,,,,,,0
1415389,,2,,,,,,,,,,0
1415390,,2,,,,,,,,,,0
1415391,,2,,,,,,,,,,0
1415392,,2,,,,,,,,,,0
1415393,,2,,,,,,,,,,0
1415394,,2,,,,,,,,,,0
1415395,,2,,,,,,,,,,0
1415396,,2,,,,,,,,,,0
1415397,,2,,,,,,,,,,0
1415398,,2,,,,,,,,,,0
1415399,,2,,,,,,,,,,0
1415400,,2,,,,,,,,,,0
1415401,,2,,,,,,,,,,0
1415402,,2,,,,,,,,,,0
1415403,,2,,,,,,,,,,0
1415404,,2,,,,,,,,,,0
1415405,,2,,,,,,,,,,0
1415406,,2,,,,,,,,,,0
1415407,,2,,,,,,,,,,0
1415408,,2,,,,,,,,,,0
1415409,,2,,,,,,,,,,0
1415410,,2,,,,,,,,,,0
1415411,,2,,,,,,,,,,0
1415412,,2,,,,,,,,,,0
1415413,,2,,,,,,,,,,0
1415414,,2,,,,,,,,,,0
1415415,,2,,,,,,,,,,0
1415416,,2,,,,,,,,,,0
1415417,,2,,,,,,,,,,0
1415418,,2,,,,,,,,,,0
1415419,,2,,,,,,,,,,0
1415420,,2,,,,,,,,,,0
1415421,,2,,,,,,,,,,0
1415422,,2,,,,,,,,,,0
1415423,,2,,,,,,,,,,0
1415424,,2,,,,,,,,,,0
1415425,,2,,,,,,,,,,0
1415426,,2,,,,,,,,,,0
1415427,,2,,,,,,,,,,0
1415428,,2,,,,,,,,,,0
1415429,,2,,,,,,,,,,0
1415430,,2,,,,,,,,,,0
1415431,,2,,,,,,,,,,0
1415432,,2,,,,,,,,,,0
1415433,,2,,,,,,,,,,0
1415434,,2,,,,,,,,,,0
1415435,,2,,,,,,,,,,0
1415436,,2,,,,,,,,,,0
1415437,,2,,,,,,,,,,0
1415438,,2,,,,,,,,,,0
1415439,,2,,,,,,,,,,0
1415440,,2,,,,,,,,,,0
1415441,,2,,,,,,,,,,0
1415442,,2,,,,,,,,,,0
1415443,,2,,,,,,,,,,0
1415444,,2,,,,,,,,,,0
1415445,,2,,,,,,,,,,0
1415446,,2,,,,,,,,,,0
1415447,,2,,,,,,,,,,0
1415448,,2,,,,,,,,,,0
1415449,,2,,,,,,,,,,0
1415450,,2,,,,,,,,,,0
1415451,,2,,,,,,,,,,0
1415452,,2,,,,,,,,,,0
1415453,,2,,,,,,,,,,0
1415454,,2,,,,,,,,,,0
1415455,,2,,,,,,,,,,0
1415456,,2,,,,,,,,,,0
1415457,,2,,,,,,,,,,0
1415458,,2,,,,,,,,,,0
1415459,,2,,,,,,,,,,0
1415460,,2,,,,,,,,,,0
1415461,,2,,,,,,,,,,0
1415462,,2,,,,,,,,,,0
1415463,,2,,,,,,,,,,0
1415464,,2,,,,,,,,,,0
1415465,,2,,,,,,,,,,0
1415466,,2,,,,,,,,,,0
1415467,,2,,,,,,,,,,0
1415468,,2,,,,,,,,,,0
1415469,,2,,,,,,,,,,0
1415470,,2,,,,,,,,,,0
1415471,,2,,,,,,,,,,0
1415472,,2,,,,,,,,,,0
1415473,,2,,,,,,,,,,0
9225488,,1,,,,,,,,,,0
9225489,,1,,,,,,,,,,0
9225490,,1,,,,,,,,,,0
9225491,,1,,,,,,,,,,0
9225492,,1,,,,,,,,,,0
9225493,,1,,,,,,,,,,0
9225494,,1,,,,,,,,,,0
9225495,,1,,,,,,,,,,0
9225496,,1,,,,,,,,,,0
9225497,,1,,,,,,,,,,0
9225498,,1,,,,,,,,,,0
9225499,,1,,,,,,,,,,0
9225500,,1,,,,,,,,,,0
9225501,,1,,,,,,,,,,0
9225502,,1,,,,,,,,,,0
9225503,,1,,,,,,,,,,0
9225504,,1,,,,,,,,,,0
9225505,,1,,,,,,,,,,0
9225506,,1,,,,,,,,,,0
9225507,,1,,,,,,,,,,0
9225508,,1,,,,,,,,,,0
9225509,,1,,,,,,,,,,0
9225510,,1,,,,,,,,,,0
9225511,,1,,,,,,,,,,0
9225512,,1,,,,,,,,,,0
9225513,,1,,,,,,,,,,0
9225514,,1,,,,,,,,,,0
9225515,,1,,,,,,,,,,0
9225516,,1,,,,,,,,,,0
9225517,,1,,,,,,,,,,0
9225518,,1,,,,,,,,,,0
9225519,,1,,,,,,,,,,0
9225520,,1,,,,,,,,,,0
9225521,,1,,,,,,,,,,0
9225522,,1,,,,,,,,,,0
9225523,,1,,,,,,,,,,0
9225524,,1,,,,,,,,,,0
9225525,,1,,,,,,,,,,0
9225526,,1,,,,,,,,,,0
9225527,,1,,,,,,,,,,0
9225528,,1,,,,,,,,,,0
9225529,,1,,,,,,,,,,0
9225530,,1,,,,,,,,,,0
9225531,,1,,,,,,,,,,0
9225532,,1,,,,,,,,,,0
9225533,,1,,,,,,,,,,0
9225534,,1,,,,,,,,,,0
9225535,,1,,,,,,,,,,0
9225536,,1,,,,,,,,,,0
9225537,,1,,,,,,,,,,0
9225538,,1,,,,,,,,,,0
9225539,,1,,,,,,,,,,0
9225540,,1,,,,,,,,,,0
9225541,,1,,,,,,,,,,0
9225542,,1,,,,,,,,,,0
9225543,,1,,,,,,,,,,0
9225544,,1,,,,,,,,,,0
9225545,,1,,,,,,,,,,0
9225546,,1,,,,,,,,,,0
9225547,,1,,,,,,,,,,0
9225548,,1,,,,,,,,,,0
9225549,,1,,,,,,,,,,0
9225550,,1,,,,,,,,,,0
9225551,,1,,,,,,,,,,0
9225552,,1,,,,,,,,,,0
9225553,,1,,,,,,,,,,0
9225554,,1,,,,,,,,,,0
9225555,,1,,,,,,,,,,0
9225556,,1,,,,,,,,,,0
9225557,,1,,,,,,,,,,0
9225558,,1,,,,,,,,,,0
9225559,,1,,,,,,,,,,0
9225560,,1,,,,,,,,,,0
9225561,,1,,,,,,,,,,0
9225562,,1,,,,,,,,,,0
9225563,,1,,,,,,,,,,0
9225564,,1,,,,,,,,,,0
9225565,,1,,,,,,,,,,0
9225566,,1,,,,,,,,,,0
9225567,,1,,,,,,,,,,0
9225568,,1,,,,,,,,,,0
9225569,,1,,,,,,,,,,0
9225570,,1,,,,,,,,,,0
9225571,,1,,,,,,,,,,0
9225572,,1,,,,,,,,,,0
9225573,,1,,,,,,,,,,0
9225574,,1,,,,,,,,,,0
9225575,,1,,,,,,,,,,0
9225576,,1,,,,,,,,,,0
9225577,,1,,,,,,,,,,0
9225578,,1,,,,,,,,,,0
9225579,,1,,,,,,,,,,0
9225580,,1,,,,,,,,,,0
9225581,,1,,,,,,,,,,0
9225582,,1,,,,,,,,,,0
9225583,,1,,,,,,,,,,0
9225584,,1,,,,,,,,,,0
9225585,,1,,,,,,,,,,0
9225586,,1,,,,,,,,,,0
9225587,,1,,,,,,,,,,0
9225588,,1,,,,,,,,,,0
9225589,,1,,,,,,,,,,0
9225590,,1,,,,,,,,,,0
9225591,,1,,,,,,,,,,0
9225592,,1,,,,,,,,,,0
9225593,,1,,,,,,,,,,0
9225594,,1,,,,,,,,,,0
9225595,,1,,,,,,,,,,0
9225596,,1,,,,,,,,,,0
9225597,,1,,,,,,,,,,0
9225598,,1,,,,,,,,,,0
9225599,,1,,,,,,,,,,0
9225600,,1,,,,,,,,,,0
9225601,,1,,,,,,,,,,0
9225602,,1,,,,,,,,,,0
9225603,,1,,,,,,,,,,0
9225604,,1,,,,,,,,,,0
9225605,,1,,,,,,,,,,0
9225606,,1,,,,,,,,,,0
9225607,,1,,,,,,,,,,0
9225608,,1,,,,,,,,,,0
9225609,,1,,,,,,,,,,0
9225610,,1,,,,,,,,,,0
9225611,,1,,,,,,,,,,0
9225612,,1,,,,,,,,,,0
9225613,,1,,,,,,,,,,0
9225614,,1,,,,,,,,,,0
9225615,,1,,,,,,,,,,0
9225616,,1,,,,,,,,,,0
9225617,,1,,,,,,,,,,0
9225618,,1,,,,,,,,,,0
9225619,,1,,,,,,,,,,0
9225620,,1,,,,,,,,,,0
9225621,,1,,,,,,,,,,0
9225622,,1,,,,,,,,,,0
9225623,,1,,,,,,,,,,0
9225624,,1,,,,,,,,,,0
9225625,,1,,,,,,,,,,0
9225626,,1,,,,,,,,,,0
9225627,,1,,,,,,,,,,0
9225628,,1,,,,,,,,,,0
9225629,,1,,,,,,,,,,0
9225630,,1,,,,,,,,,,0
9225631,,1,,,,,,,,,,0
9225632,,1,,,,,,,,,,0
9225633,,1,,,,,,,,,,0
9225634,,1,,,,,,,,,,0
9225635,,1,,,,,,,,,,0
9225636,,1,,,,,,,,,,0
9225637,,1,,,,,,,,,,0
9225638,,1,,,,,,,,,,0
9225639,,1,,,,,,,,,,0
9225640,,1,,,,,,,,,,0
9225641,,1,,,,,,,,,,0
9225642,,1,,,,,,,,,,0
9225643,,1,,,,,,,,,,0
9225644,,1,,,,,,,,,,0
9225645,,1,,,,,,,,,,0
9225646,,1,,,,,,,,,,0
9225647,,1,,,,,,,,,,0
9225648,,1,,,,,,,,,,0
9225649,,1,,,,,,,,,,0
9225650,,1,,,,,,,,,,0
9225651,,1,,,,,,,,,,0
9225652,,1,,,,,,,,,,0
9225653,,1,,,,,,,,,,0
9225654,,1,,,,,,,,,,0
9225655,,1,,,,,,,,,,0
9225656,,1,,,,,,,,,,0
9225657,,1,,,,,,,,,,0
9225658,,1,,,,,,,,,,0
9225659,,1,,,,,,,,,,0
9225660,,1,,,,,,,,,,0
9225661,,1,,,,,,,,,,0
9225662,,1,,,,,,,,,,0
9225663,,1,,,,,,,,,,0
9225664,,1,,,,,,,,,,0
9225665,,1,,,,,,,,,,0
9225666,,1,,,,,,,,,,0
9225667,,1,,,,,,,,,,0
9225668,,1,,,,,,,,,,0
9225669,,1,,,,,,,,,,0
9225670,,1,,,,,,,,,,0
9225671,,1,,,,,,,,,,0
9225672,,1,,,,,,,,,,0
9225673,,1,,,,,,,,,,0
9225674,,1,,,,,,,,,,0
9225675,,1,,,,,,,,,,0
9225676,,1,,,,,,,,,,0
9225677,,1,,,,,,,,,,0
9225678,,1,,,,,,,,,,0
9225679,,1,,,,,,,,,,0
9225680,,1,,,,,,,,,,0
9225681,,1,,,,,,,,,,0
9225682,,1,,,,,,,,,,0
9225683,,1,,,,,,,,,,0
9225684,,1,,,,,,,,,,0
9225685,,1,,,,,,,,,,0
9225686,,1,,,,,,,,,,0
9225687,,1,,,,,,,,,,0
9225688,,1,,,,,,,,,,0
9225689,,1,,,,,,,,,,0
9225690,,1,,,,,,,,,,0
9225691,,1,,,,,,,,,,0
9225692,,1,,,,,,,,,,0
9225693,,1,,,,,,,,,,0
9225694,,1,,,,,,,,,,0
9225695,,1,,,,,,,,,,0
9225696,,1,,,,,,,,,,0
9225697,,1,,,,,,,,,,0
9225698,,1,,,,,,,,,,0
9225699,,1,,,,,,,,,,0
9225700,,1,,,,,,,,,,0
9225701,,1,,,,,,,,,,0
9225702,,1,,,,,,,,,,0
9225703,,1,,,,,,,,,,0
9225704,,1,,,,,,,,,,0
9225705,,1,,,,,,,,,,0
9225706,,1,,,,,,,,,,0
9225707,,1,,,,,,,,,,0
9225708,,1,,,,,,,,,,0
9225709,,1,,,,,,,,,,0
9225710,,1,,,,,,,,,,0
9225711,,1,,,,,,,,,,0
9225712,,1,,,,,,,,,,0
9225713,,1,,,,,,,,,,0
9225714,,1,,,,,,,,,,0
9225715,,1,,,,,,,,,,0
9225716,,1,,,,,,,,,,0
9225717,,1,,,,,,,,,,0
9225718,,1,,,,,,,,,,0
9225719,,1,,,,,,,,,,0
9225720,,1,,,,,,,,,,0
9225721,,1,,,,,,,,,,0
9225722,,1,,,,,,,,,,0
9225723,,1,,,,,,,,,,0
9225724,,1,,,,,,,,,,0
9225725,,1,,,,,,,,,,0
9225726,,1,,,,,,,,,,0
9225727,,1,,,,,,,,,,0
9225728,,1,,,,,,,,,,0
9225729,,1,,,,,,,,,,0
9225730,,1,,,,,,,,,,0
9225731,,1,,,,,,,,,,0
9225732,,1,,,,,,,,,,0
9225733,,1,,,,,,,,,,0
9225734,,1,,,,,,,,,,0
9225735,,1,,,,,,,,,,0
9225736,,1,,,,,,,,,,0
9225737,,1,,,,,,,,,,0
9225738,,1,,,,,,,,,,0
9225739,,1,,,,,,,,,,0
9225740,,1,,,,,,,,,,0
9225741,,1,,,,,,,,,,0
9225742,,1,,,,,,,,,,0
9225743,,1,,,,,,,,,,0
9225744,,1,,,,,,,,,,0
9225745,,1,,,,,,,,,,0
9225746,,1,,,,,,,,,,0
9225747,,1,,,,,,,,,,0
9225748,,1,,,,,,,,,,0
9225749,,1,,,,,,,,,,0
9225750,,1,,,,,,,,,,0
9225751,,1,,,,,,,,,,0
9225752,,1,,,,,,,,,,0
9225753,,1,,,,,,,,,,0
9225754,,1,,,,,,,,,,0
9225755,,1,,,,,,,,,,0
9225756,,1,,,,,,,,,,0
9225757,,1,,,,,,,,,,0
9225758,,1,,,,,,,,,,0
9225759,,1,,,,,,,,,,0
9225760,,1,,,,,,,,,,0
9225761,,1,,,,,,,,,,0
9225762,,1,,,,,,,,,,0
9225763,,1,,,,,,,,,,0
9225764,,1,,,,,,,,,,0
9225765,,1,,,,,,,,,,0
9225766,,1,,,,,,,,,,0
9225767,,1,,,,,,,,,,0
9225768,,1,,,,,,,,,,0
9225769,,1,,,,,,,,,,0
9225770,,1,,,,,,,,,,0
9225771,,1,,,,,,,,,,0
9225772,,1,,,,,,,,,,0
9225773,,1,,,,,,,,,,0
9225774,,1,,,,,,,,,,0
9225775,,1,,,,,,,,,,0
9225776,,1,,,,,,,,,,0
9225777,,1,,,,,,,,,,0
9225778,,1,,,,,,,,,,0
9225779,,1,,,,,,,,,,0
9225780,,1,,,,,,,,,,0
9225781,,1,,,,,,,,,,0
9225782,,1,,,,,,,,,,0
9225783,,1,,,,,,,,,,0
9225784,,1,,,,,,,,,,0
9225785,,1,,,,,,,,,,0
9225786,,1,,,,,,,,,,0
9225787,,1,,,,,,,,,,0
9225788,,1,,,,,,,,,,0
9225789,,1,,,,,,,,,,0
9225790,,1,,,,,,,,,,0
9225791,,1,,,,,,,,,,0
9225792,,1,,,,,,,,,,0
9225793,,1,,,,,,,,,,0
9225794,,1,,,,,,,,,,0
9225795,,1,,,,,,,,,,0
9225796,,1,,,,,,,,,,0
9225797,,1,,,,,,,,,,0
9225798,,1,,,,,,,,,,0
9225799,,1,,,,,,,,,,0
9225800,,1,,,,,,,,,,0
9225801,,1,,,,,,,,,,0
9225802,,1,,,,,,,,,,0
9225803,,1,,,,,,,,,,0
9225804,,1,,,,,,,,,,0
9225805,,1,,,,,,,,,,0
9225806,,1,,,,,,,,,,0
9225807,,1,,,,,,,,,,0
9225808,,1,,,,,,,,,,0
9225809,,1,,,,,,,,,,0
9225810,,1,,,,,,,,,,0
9225811,,1,,,,,,,,,,0
9225812,,1,,,,,,,,,,0
9225813,,1,,,,,,,,,,0
9225814,,1,,,,,,,,,,0
9225815,,1,,,,,,,,,,0
9225816,,1,,,,,,,,,,0
9225817,,1,,,,,,,,,,0
9225818,,1,,,,,,,,,,0
9225819,,1,,,,,,,,,,0
9225820,,1,,,,,,,,,,0
9225821,,1,,,,,,,,,,0
9225822,,1,,,,,,,,,,0
9225823,,1,,,,,,,,,,0
9225824,,1,,,,,,,,,,0
9225825,,1,,,,,,,,,,0
9225826,,1,,,,,,,,,,0
9225827,,1,,,,,,,,,,0
9225828,,1,,,,,,,,,,0
9225829,,1,,,,,,,,,,0
9225830,,1,,,,,,,,,,0
9225831,,1,,,,,,,,,,0
9225832,,1,,,,,,,,,,0
9225833,,1,,,,,,,,,,0
9225834,,1,,,,,,,,,,0
9225835,,1,,,,,,,,,,0
9225836,,1,,,,,,,,,,0
9225837,,1,,,,,,,,,,0
9225838,,1,,,,,,,,,,0
9225839,,1,,,,,,,,,,0
9225840,,1,,,,,,,,,,0
9225841,,1,,,,,,,,,,0
9225842,,1,,,,,,,,,,0
9225843,,1,,,,,,,,,,0
9225844,,1,,,,,,,,,,0
9225845,,1,,,,,,,,,,0
9225846,,1,,,,,,,,,,0
9225847,,1,,,,,,,,,,0
9225848,,1,,,,,,,,,,0
9225849,,1,,,,,,,,,,0
9225850,,1,,,,,,,,,,0
9225851,,1,,,,,,,,,,0
9225852,,1,,,,,,,,,,0
9225853,,1,,,,,,,,,,0
9225854,,1,,,,,,,,,,0
9225855,,1,,,,,,,,,,0
9225856,,1,,,,,,,,,,0
9225857,,1,,,,,,,,,,0
9225858,,1,,,,,,,,,,0
9225859,,1,,,,,,,,,,0
9225860,,1,,,,,,,,,,0
9225861,,1,,,,,,,,,,0
9225862,,1,,,,,,,,,,0
9225863,,1,,,,,,,,,,0
9225864,,1,,,,,,,,,,0
9225865,,1,,,,,,,,,,0
9225866,,1,,,,,,,,,,0
9225867,,1,,,,,,,,,,0
9225868,,1,,,,,,,,,,0
9225869,,1,,,,,,,,,,0
9225870,,1,,,,,,,,,,0
9225871,,1,,,,,,,,,,0
9225872,,1,,,,,,,,,,0
9225873,,1,,,,,,,,,,0
9225874,,1,,,,,,,,,,0
9225875,,1,,,,,,,,,,0
9225876,,1,,,,,,,,,,0
9225877,,1,,,,,,,,,,0
9225878,,1,,,,,,,,,,0
9225879,,1,,,,,,,,,,0
9225880,,1,,,,,,,,,,0
9225881,,1,,,,,,,,,,0
9225882,,1,,,,,,,,,,0
9225883,,1,,,,,,,,,,0
9225884,,1,,,,,,,,,,0
9225885,,1,,,,,,,,,,0
9225886,,1,,,,,,,,,,0
9225887,,1,,,,,,,,,,0
9225888,,1,,,,,,,,,,0
9225889,,1,,,,,,,,,,0
9225890,,1,,,,,,,,,,0
9225891,,1,,,,,,,,,,0
9225892,,1,,,,,,,,,,0
9225893,,1,,,,,,,,,,0
9225894,,1,,,,,,,,,,0
9225895,,1,,,,,,,,,,0
9225896,,1,,,,,,,,,,0
9225897,,1,,,,,,,,,,0
9225898,,1,,,,,,,,,,0
9225899,,1,,,,,,,,,,0
9225900,,1,,,,,,,,,,0
9225901,,1,,,,,,,,,,0
9225902,,1,,,,,,,,,,0
9225903,,1,,,,,,,,,,0
9225904,,1,,,,,,,,,,0
9225905,,1,,,,,,,,,,0
9225906,,1,,,,,,,,,,0
9225907,,1,,,,,,,,,,0
9225908,,1,,,,,,,,,,0
9225909,,1,,,,,,,,,,0
9225910,,1,,,,,,,,,,0
9225911,,1,,,,,,,,,,0
9225912,,1,,,,,,,,,,0
9225913,,1,,,,,,,,,,0
9225914,,1,,,,,,,,,,0
9225915,,1,,,,,,,,,,0
9225916,,1,,,,,,,,,,0
9225917,,1,,,,,,,,,,0
9225918,,1,,,,,,,,,,0
9225919,,1,,,,,,,,,,0
9225920,,1,,,,,,,,,,0
9225921,,1,,,,,,,,,,0
9225922,,1,,,,,,,,,,0
9225923,,1,,,,,,,,,,0
9225924,,1,,,,,,,,,,0
9225925,,1,,,,,,,,,,0
9225926,,1,,,,,,,,,,0
9225927,,1,,,,,,,,,,0
9225928,,1,,,,,,,,,,0
9225929,,1,,,,,,,,,,0
9225930,,1,,,,,,,,,,0
9225931,,1,,,,,,,,,,0
9225932,,1,,,,,,,,,,0
9225933,,1,,,,,,,,,,0
9225934,,1,,,,,,,,,,0
9225935,,1,,,,,,,,,,0
9225936,,1,,,,,,,,,,0
9225937,,1,,,,,,,,,,0
9225938,,1,,,,,,,,,,0
9225939,,1,,,,,,,,,,0
9225940,,1,,,,,,,,,,0
9225941,,1,,,,,,,,,,0
9225942,,1,,,,,,,,,,0
9225943,,1,,,,,,,,,,0
9225944,,1,,,,,,,,,,0
9225945,,1,,,,,,,,,,0
9225946,,1,,,,,,,,,,0
9225947,,1,,,,,,,,,,0
9225948,,1,,,,,,,,,,0
9225949,,1,,,,,,,,,,0
9225950,,1,,,,,,,,,,0
9225951,,1,,,,,,,,,,0
9225952,,1,,,,,,,,,,0
9225953,,1,,,,,,,,,,0
9225954,,1,,,,,,,,,,0
9225955,,1,,,,,,,,,,0
9225956,,1,,,,,,,,,,0
9225957,,1,,,,,,,,,,0
9225958,,1,,,,,,,,,,0
9225959,,1,,,,,,,,,,0
9225960,,1,,,,,,,,,,0
9225961,,1,,,,,,,,,,0
9225962,,1,,,,,,,,,,0
9225963,,1,,,,,,,,,,0
9225964,,1,,,,,,,,,,0
9225965,,1,,,,,,,,,,0
9225966,,1,,,,,,,,,,0
9225967,,1,,,,,,,,,,0
9225968,,1,,,,,,,,,,0
9225969,,1,,,,,,,,,,0
9225970,,1,,,,,,,,,,0
9225971,,1,,,,,,,,,,0
9225972,,1,,,,,,,,,,0
9225973,,1,,,,,,,,,,0
9225974,,1,,,,,,,,,,0
9225975,,1,,,,,,,,,,0
9225976,,1,,,,,,,,,,0
9225977,,1,,,,,,,,,,0
9225978,,1,,,,,,,,,,0
9225979,,1,,,,,,,,,,0
9225980,,1,,,,,,,,,,0
9225981,,1,,,,,,,,,,0
9225982,,1,,,,,,,,,,0
9225983,,1,,,,,,,,,,0
9225984,,1,,,,,,,,,,0
9225985,,1,,,,,,,,,,0
9225986,,1,,,,,,,,,,0
9225987,,1,,,,,,,,,,0
1415474,,2,,,,,,,,,,0
1415475,,2,,,,,,,,,,0
1415476,,2,,,,,,,,,,0
1415477,,2,,,,,,,,,,0
1415478,,2,,,,,,,,,,0
1415479,,2,,,,,,,,,,0
1415480,,2,,,,,,,,,,0
1415481,,2,,,,,,,,,,0
1415482,,2,,,,,,,,,,0
1415483,,2,,,,,,,,,,0
1415484,,2,,,,,,,,,,0
1415485,,2,,,,,,,,,,0
1415486,,2,,,,,,,,,,0
1415487,,2,,,,,,,,,,0
1415488,,2,,,,,,,,,,0
1415489,,2,,,,,,,,,,0
1415490,,2,,,,,,,,,,0
1415491,,2,,,,,,,,,,0
1415492,,2,,,,,,,,,,0
1415493,,2,,,,,,,,,,0
1415494,,2,,,,,,,,,,0
1415495,,2,,,,,,,,,,0
1415496,,2,,,,,,,,,,0
1415497,,2,,,,,,,,,,0
1415498,,2,,,,,,,,,,0
1415499,,2,,,,,,,,,,0
1415500,,2,,,,,,,,,,0
1415501,,2,,,,,,,,,,0
1415502,,2,,,,,,,,,,0
1415503,,2,,,,,,,,,,0
1415504,,2,,,,,,,,,,0
1415505,,2,,,,,,,,,,0
1415506,,2,,,,,,,,,,0
1415507,,2,,,,,,,,,,0
1415508,,2,,,,,,,,,,0
1415509,,2,,,,,,,,,,0
1415510,,2,,,,,,,,,,0
1415511,,2,,,,,,,,,,0
1415512,,2,,,,,,,,,,0
1415513,,2,,,,,,,,,,0
1415514,,2,,,,,,,,,,0
1415515,,2,,,,,,,,,,0
1415516,,2,,,,,,,,,,0
1415517,,2,,,,,,,,,,0
1415518,,2,,,,,,,,,,0
1415519,,2,,,,,,,,,,0
1415520,,2,,,,,,,,,,0
1415521,,2,,,,,,,,,,0
1415522,,2,,,,,,,,,,0
1415523,,2,,,,,,,,,,0
1415524,,2,,,,,,,,,,0
1415525,,2,,,,,,,,,,0
1415526,,2,,,,,,,,,,0
1415527,,2,,,,,,,,,,0
1415528,,2,,,,,,,,,,0
1415529,,2,,,,,,,,,,0
1415530,,2,,,,,,,,,,0
1415531,,2,,,,,,,,,,0
1415532,,2,,,,,,,,,,0
1415533,,2,,,,,,,,,,0
1415534,,2,,,,,,,,,,0
1415535,,2,,,,,,,,,,0
1415536,,2,,,,,,,,,,0
1415537,,2,,,,,,,,,,0
1415538,,2,,,,,,,,,,0
1415539,,2,,,,,,,,,,0
1415540,,2,,,,,,,,,,0
1415541,,2,,,,,,,,,,0
1415542,,2,,,,,,,,,,0
1415543,,2,,,,,,,,,,0
1415544,,2,,,,,,,,,,0
1415545,,2,,,,,,,,,,0
1415546,,2,,,,,,,,,,0
1415547,,2,,,,,,,,,,0
1415548,,2,,,,,,,,,,0
1415549,,2,,,,,,,,,,0
1415550,,2,,,,,,,,,,0
1415551,,2,,,,,,,,,,0
1415552,,2,,,,,,,,,,0
1415553,,2,,,,,,,,,,0
1415554,,2,,,,,,,,,,0
1415555,,2,,,,,,,,,,0
1415556,,2,,,,,,,,,,0
1415557,,2,,,,,,,,,,0
1415558,,2,,,,,,,,,,0
1415559,,2,,,,,,,,,,0
1415560,,2,,,,,,,,,,0
1415561,,2,,,,,,,,,,0
1415562,,2,,,,,,,,,,0
1415563,,2,,,,,,,,,,0
1415564,,2,,,,,,,,,,0
1415565,,2,,,,,,,,,,0
1415566,,2,,,,,,,,,,0
1415567,,2,,,,,,,,,,0
1415568,,2,,,,,,,,,,0
1415569,,2,,,,,,,,,,0
1415570,,2,,,,,,,,,,0
1415571,,2,,,,,,,,,,0
1415572,,2,,,,,,,,,,0
1415573,,2,,,,,,,,,,0
1415574,,2,,,,,,,,,,0
1415575,,2,,,,,,,,,,0
1415576,,2,,,,,,,,,,0
1415577,,2,,,,,,,,,,0
1415578,,2,,,,,,,,,,0
1415579,,2,,,,,,,,,,0
1415580,,2,,,,,,,,,,0
1415581,,2,,,,,,,,,,0
1415582,,2,,,,,,,,,,0
1415583,,2,,,,,,,,,,0
1415584,,2,,,,,,,,,,0
1415585,,2,,,,,,,,,,0
1415586,,2,,,,,,,,,,0
1415587,,2,,,,,,,,,,0
1415588,,2,,,,,,,,,,0
1415589,,2,,,,,,,,,,0
1415590,,2,,,,,,,,,,0
1415591,,2,,,,,,,,,,0
1415592,,2,,,,,,,,,,0
1415593,,2,,,,,,,,,,0
1415594,,2,,,,,,,,,,0
1415595,,2,,,,,,,,,,0
1415596,,2,,,,,,,,,,0
1415597,,2,,,,,,,,,,0
1415598,,2,,,,,,,,,,0
1415599,,2,,,,,,,,,,0
1415600,,2,,,,,,,,,,0
1415601,,2,,,,,,,,,,0
1415602,,2,,,,,,,,,,0
1415603,,2,,,,,,,,,,0
1415604,,2,,,,,,,,,,0
1415605,,2,,,,,,,,,,0
1415606,,2,,,,,,,,,,0
1415607,,2,,,,,,,,,,0
1415608,,2,,,,,,,,,,0
1415609,,2,,,,,,,,,,0
1415610,,2,,,,,,,,,,0
1415611,,2,,,,,,,,,,0
1415612,,2,,,,,,,,,,0
1415613,,2,,,,,,,,,,0
1415614,,2,,,,,,,,,,0
1415615,,2,,,,,,,,,,0
1415616,,2,,,,,,,,,,0
1415617,,2,,,,,,,,,,0
1415618,,2,,,,,,,,,,0
1415619,,2,,,,,,,,,,0
1415620,,2,,,,,,,,,,0
1415621,,2,,,,,,,,,,0
1415622,,2,,,,,,,,,,0
1415623,,2,,,,,,,,,,0
1415624,,2,,,,,,,,,,0
1415625,,2,,,,,,,,,,0
1415626,,2,,,,,,,,,,0
1415627,,2,,,,,,,,,,0
1415628,,2,,,,,,,,,,0
1415629,,2,,,,,,,,,,0
1415630,,2,,,,,,,,,,0
1415631,,2,,,,,,,,,,0
1415632,,2,,,,,,,,,,0
1415633,,2,,,,,,,,,,0
1415634,,2,,,,,,,,,,0
1415635,,2,,,,,,,,,,0
1415636,,2,,,,,,,,,,0
1415637,,2,,,,,,,,,,0
1415638,,2,,,,,,,,,,0
1415639,,2,,,,,,,,,,0
1415640,,2,,,,,,,,,,0
1415641,,2,,,,,,,,,,0
1415642,,2,,,,,,,,,,0
1415643,,2,,,,,,,,,,0
1415644,,2,,,,,,,,,,0
1415645,,2,,,,,,,,,,0
1415646,,2,,,,,,,,,,0
1415647,,2,,,,,,,,,,0
1415648,,2,,,,,,,,,,0
1415649,,2,,,,,,,,,,0
1415650,,2,,,,,,,,,,0
1415651,,2,,,,,,,,,,0
1415652,,2,,,,,,,,,,0
1415653,,2,,,,,,,,,,0
1415654,,2,,,,,,,,,,0
1415655,,2,,,,,,,,,,0
1415656,,2,,,,,,,,,,0
1415657,,2,,,,,,,,,,0
1415658,,2,,,,,,,,,,0
1415659,,2,,,,,,,,,,0
1415660,,2,,,,,,,,,,0
1415661,,2,,,,,,,,,,0
1415662,,2,,,,,,,,,,0
1415663,,2,,,,,,,,,,0
1415664,,2,,,,,,,,,,0
1415665,,2,,,,,,,,,,0
1415666,,2,,,,,,,,,,0
1415667,,2,,,,,,,,,,0
1415668,,2,,,,,,,,,,0
1415669,,2,,,,,,,,,,0
1415670,,2,,,,,,,,,,0
1415671,,2,,,,,,,,,,0
1415672,,2,,,,,,,,,,0
1415673,,2,,,,,,,,,,0
1415674,,2,,,,,,,,,,0
1415675,,2,,,,,,,,,,0
1415676,,2,,,,,,,,,,0
1415677,,2,,,,,,,,,,0
1415678,,2,,,,,,,,,,0
1415679,,2,,,,,,,,,,0
1415680,,2,,,,,,,,,,0
1415681,,2,,,,,,,,,,0
1415682,,2,,,,,,,,,,0
1415683,,2,,,,,,,,,,0
1415684,,2,,,,,,,,,,0
1415685,,2,,,,,,,,,,0
1415686,,2,,,,,,,,,,0
1415687,,2,,,,,,,,,,0
1415688,,2,,,,,,,,,,0
1415689,,2,,,,,,,,,,0
1415690,,2,,,,,,,,,,0
1415691,,2,,,,,,,,,,0
1415692,,2,,,,,,,,,,0
1415693,,2,,,,,,,,,,0
1415694,,2,,,,,,,,,,0
1415695,,2,,,,,,,,,,0
1415696,,2,,,,,,,,,,0
1415697,,2,,,,,,,,,,0
1415698,,2,,,,,,,,,,0
1415699,,2,,,,,,,,,,0
1415700,,2,,,,,,,,,,0
1415701,,2,,,,,,,,,,0
1415702,,2,,,,,,,,,,0
1415703,,2,,,,,,,,,,0
1415704,,2,,,,,,,,,,0
1415705,,2,,,,,,,,,,0
1415706,,2,,,,,,,,,,0
1415707,,2,,,,,,,,,,0
1415708,,2,,,,,,,,,,0
1415709,,2,,,,,,,,,,0
1415710,,2,,,,,,,,,,0
1415711,,2,,,,,,,,,,0
1415712,,2,,,,,,,,,,0
1415713,,2,,,,,,,,,,0
1415714,,2,,,,,,,,,,0
1415715,,2,,,,,,,,,,0
1415716,,2,,,,,,,,,,0
1415717,,2,,,,,,,,,,0
1415718,,2,,,,,,,,,,0
1415719,,2,,,,,,,,,,0
1415720,,2,,,,,,,,,,0
1415721,,2,,,,,,,,,,0
1415722,,2,,,,,,,,,,0
1415723,,2,,,,,,,,,,0
1415724,,2,,,,,,,,,,0
1415725,,2,,,,,,,,,,0
1415726,,2,,,,,,,,,,0
1415727,,2,,,,,,,,,,0
1415728,,2,,,,,,,,,,0
1415729,,2,,,,,,,,,,0
1415730,,2,,,,,,,,,,0
1415731,,2,,,,,,,,,,0
1415732,,2,,,,,,,,,,0
1415733,,2,,,,,,,,,,0
1415734,,2,,,,,,,,,,0
1415735,,2,,,,,,,,,,0
1415736,,2,,,,,,,,,,0
1415737,,2,,,,,,,,,,0
1415738,,2,,,,,,,,,,0
1415739,,2,,,,,,,,,,0
1415740,,2,,,,,,,,,,0
1415741,,2,,,,,,,,,,0
1415742,,2,,,,,,,,,,0
1415743,,2,,,,,,,,,,0
1415744,,2,,,,,,,,,,0
1415745,,2,,,,,,,,,,0
1415746,,2,,,,,,,,,,0
1415747,,2,,,,,,,,,,0
1415748,,2,,,,,,,,,,0
1415749,,2,,,,,,,,,,0
1415750,,2,,,,,,,,,,0
1415751,,2,,,,,,,,,,0
1415752,,2,,,,,,,,,,0
1415753,,2,,,,,,,,,,0
1415754,,2,,,,,,,,,,0
1415755,,2,,,,,,,,,,0
1415756,,2,,,,,,,,,,0
1415757,,2,,,,,,,,,,0
1415758,,2,,,,,,,,,,0
1415759,,2,,,,,,,,,,0
1415760,,2,,,,,,,,,,0
1415761,,2,,,,,,,,,,0
1415762,,2,,,,,,,,,,0
1415763,,2,,,,,,,,,,0
1415764,,2,,,,,,,,,,0
1415765,,2,,,,,,,,,,0
1415766,,2,,,,,,,,,,0
1415767,,2,,,,,,,,,,0
1415768,,2,,,,,,,,,,0
1415769,,2,,,,,,,,,,0
1415770,,2,,,,,,,,,,0
1415771,,2,,,,,,,,,,0
1415772,,2,,,,,,,,,,0
1415773,,2,,,,,,,,,,0
1415774,,2,,,,,,,,,,0
1415775,,2,,,,,,,,,,0
1415776,,2,,,,,,,,,,0
1415777,,2,,,,,,,,,,0
1415778,,2,,,,,,,,,,0
1415779,,2,,,,,,,,,,0
1415780,,2,,,,,,,,,,0
1415781,,2,,,,,,,,,,0
1415782,,2,,,,,,,,,,0
1415783,,2,,,,,,,,,,0
1415784,,2,,,,,,,,,,0
1415785,,2,,,,,,,,,,0
1415786,,2,,,,,,,,,,0
1415787,,2,,,,,,,,,,0
1415788,,2,,,,,,,,,,0
1415789,,2,,,,,,,,,,0
1415790,,2,,,,,,,,,,0
1415791,,2,,,,,,,,,,0
1415792,,2,,,,,,,,,,0
1415793,,2,,,,,,,,,,0
1415794,,2,,,,,,,,,,0
1415795,,2,,,,,,,,,,0
1415796,,2,,,,,,,,,,0
1415797,,2,,,,,,,,,,0
1415798,,2,,,,,,,,,,0
1415799,,2,,,,,,,,,,0
1415800,,2,,,,,,,,,,0
1415801,,2,,,,,,,,,,0
1415802,,2,,,,,,,,,,0
1415803,,2,,,,,,,,,,0
1415804,,2,,,,,,,,,,0
1415805,,2,,,,,,,,,,0
1415806,,2,,,,,,,,,,0
1415807,,2,,,,,,,,,,0
1415808,,2,,,,,,,,,,0
1415809,,2,,,,,,,,,,0
1415810,,2,,,,,,,,,,0
1415811,,2,,,,,,,,,,0
1415812,,2,,,,,,,,,,0
1415813,,2,,,,,,,,,,0
1415814,,2,,,,,,,,,,0
1415815,,2,,,,,,,,,,0
1415816,,2,,,,,,,,,,0
1415817,,2,,,,,,,,,,0
1415818,,2,,,,,,,,,,0
1415819,,2,,,,,,,,,,0
1415820,,2,,,,,,,,,,0
1415821,,2,,,,,,,,,,0
1415822,,2,,,,,,,,,,0
1415823,,2,,,,,,,,,,0
1415824,,2,,,,,,,,,,0
1415825,,2,,,,,,,,,,0
1415826,,2,,,,,,,,,,0
1415827,,2,,,,,,,,,,0
1415828,,2,,,,,,,,,,0
1415829,,2,,,,,,,,,,0
1415830,,2,,,,,,,,,,0
1415831,,2,,,,,,,,,,0
1415832,,2,,,,,,,,,,0
1415833,,2,,,,,,,,,,0
1415834,,2,,,,,,,,,,0
1415835,,2,,,,,,,,,,0
1415836,,2,,,,,,,,,,0
1415837,,2,,,,,,,,,,0
1415838,,2,,,,,,,,,,0
1415839,,2,,,,,,,,,,0
1415840,,2,,,,,,,,,,0
1415841,,2,,,,,,,,,,0
1415842,,2,,,,,,,,,,0
1415843,,2,,,,,,,,,,0
1415844,,2,,,,,,,,,,0
1415845,,2,,,,,,,,,,0
1415846,,2,,,,,,,,,,0
1415847,,2,,,,,,,,,,0
1415848,,2,,,,,,,,,,0
1415849,,2,,,,,,,,,,0
1415850,,2,,,,,,,,,,0
1415851,,2,,,,,,,,,,0
1415852,,2,,,,,,,,,,0
1415853,,2,,,,,,,,,,0
1415854,,2,,,,,,,,,,0
1415855,,2,,,,,,,,,,0
1415856,,2,,,,,,,,,,0
1415857,,2,,,,,,,,,,0
1415858,,2,,,,,,,,,,0
1415859,,2,,,,,,,,,,0
1415860,,2,,,,,,,,,,0
1415861,,2,,,,,,,,,,0
1415862,,2,,,,,,,,,,0
1415863,,2,,,,,,,,,,0
1415864,,2,,,,,,,,,,0
1415865,,2,,,,,,,,,,0
1415866,,2,,,,,,,,,,0
1415867,,2,,,,,,,,,,0
1415868,,2,,,,,,,,,,0
1415869,,2,,,,,,,,,,0
1415870,,2,,,,,,,,,,0
1415871,,2,,,,,,,,,,0
1415872,,2,,,,,,,,,,0
1415873,,2,,,,,,,,,,0
1415874,,2,,,,,,,,,,0
1415875,,2,,,,,,,,,,0
1415876,,2,,,,,,,,,,0
1415877,,2,,,,,,,,,,0
1415878,,2,,,,,,,,,,0
1415879,,2,,,,,,,,,,0
1415880,,2,,,,,,,,,,0
1415881,,2,,,,,,,,,,0
1415882,,2,,,,,,,,,,0
1415883,,2,,,,,,,,,,0
1415884,,2,,,,,,,,,,0
1415885,,2,,,,,,,,,,0
1415886,,2,,,,,,,,,,0
1415887,,2,,,,,,,,,,0
1415888,,2,,,,,,,,,,0
1415889,,2,,,,,,,,,,0
1415890,,2,,,,,,,,,,0
1415891,,2,,,,,,,,,,0
1415892,,2,,,,,,,,,,0
1415893,,2,,,,,,,,,,0
1415894,,2,,,,,,,,,,0
1415895,,2,,,,,,,,,,0
1415896,,2,,,,,,,,,,0
1415897,,2,,,,,,,,,,0
1415898,,2,,,,,,,,,,0
1415899,,2,,,,,,,,,,0
1415900,,2,,,,,,,,,,0
1415901,,2,,,,,,,,,,0
1415902,,2,,,,,,,,,,0
1415903,,2,,,,,,,,,,0
1415904,,2,,,,,,,,,,0
1415905,,2,,,,,,,,,,0
1415906,,2,,,,,,,,,,0
1415907,,2,,,,,,,,,,0
1415908,,2,,,,,,,,,,0
1415909,,2,,,,,,,,,,0
1415910,,2,,,,,,,,,,0
1415911,,2,,,,,,,,,,0
1415912,,2,,,,,,,,,,0
1415913,,2,,,,,,,,,,0
1415914,,2,,,,,,,,,,0
1415915,,2,,,,,,,,,,0
1415916,,2,,,,,,,,,,0
1415917,,2,,,,,,,,,,0
1415918,,2,,,,,,,,,,0
1415919,,2,,,,,,,,,,0
1415920,,2,,,,,,,,,,0
1415921,,2,,,,,,,,,,0
1415922,,2,,,,,,,,,,0
1415923,,2,,,,,,,,,,0
1415924,,2,,,,,,,,,,0
1415925,,2,,,,,,,,,,0
1415926,,2,,,,,,,,,,0
1415927,,2,,,,,,,,,,0
1415928,,2,,,,,,,,,,0
1415929,,2,,,,,,,,,,0
1415930,,2,,,,,,,,,,0
1415931,,2,,,,,,,,,,0
1415932,,2,,,,,,,,,,0
1415933,,2,,,,,,,,,,0
1415934,,2,,,,,,,,,,0
1415935,,2,,,,,,,,,,0
1415936,,2,,,,,,,,,,0
1415937,,2,,,,,,,,,,0
1415938,,2,,,,,,,,,,0
1415939,,2,,,,,,,,,,0
1415940,,2,,,,,,,,,,0
1415941,,2,,,,,,,,,,0
1415942,,2,,,,,,,,,,0
1415943,,2,,,,,,,,,,0
1415944,,2,,,,,,,,,,0
1415945,,2,,,,,,,,,,0
1415946,,2,,,,,,,,,,0
1415947,,2,,,,,,,,,,0
1415948,,2,,,,,,,,,,0
1415949,,2,,,,,,,,,,0
1415950,,2,,,,,,,,,,0
1415951,,2,,,,,,,,,,0
1415952,,2,,,,,,,,,,0
1415953,,2,,,,,,,,,,0
1415954,,2,,,,,,,,,,0
1415955,,2,,,,,,,,,,0
1415956,,2,,,,,,,,,,0
1415957,,2,,,,,,,,,,0
1415958,,2,,,,,,,,,,0
1415959,,2,,,,,,,,,,0
1415960,,2,,,,,,,,,,0
1415961,,2,,,,,,,,,,0
1415962,,2,,,,,,,,,,0
1415963,,2,,,,,,,,,,0
1415964,,2,,,,,,,,,,0
1415965,,2,,,,,,,,,,0
1415966,,2,,,,,,,,,,0
1415967,,2,,,,,,,,,,0
1415968,,2,,,,,,,,,,0
1415969,,2,,,,,,,,,,0
1415970,,2,,,,,,,,,,0
1415971,,2,,,,,,,,,,0
1415972,,2,,,,,,,,,,0
1415973,,2,,,,,,,,,,0
9225988,,1,,,,,,,,,,0
9225989,,1,,,,,,,,,,0
9225990,,1,,,,,,,,,,0
9225991,,1,,,,,,,,,,0
9225992,,1,,,,,,,,,,0
9225993,,1,,,,,,,,,,0
9225994,,1,,,,,,,,,,0
9225995,,1,,,,,,,,,,0
9225996,,1,,,,,,,,,,0
9225997,,1,,,,,,,,,,0
9225998,,1,,,,,,,,,,0
9225999,,1,,,,,,,,,,0
9226000,,1,,,,,,,,,,0
9226001,,1,,,,,,,,,,0
9226002,,1,,,,,,,,,,0
9226003,,1,,,,,,,,,,0
9226004,,1,,,,,,,,,,0
9226005,,1,,,,,,,,,,0
9226006,,1,,,,,,,,,,0
9226007,,1,,,,,,,,,,0
9226008,,1,,,,,,,,,,0
9226009,,1,,,,,,,,,,0
9226010,,1,,,,,,,,,,0
9226011,,1,,,,,,,,,,0
9226012,,1,,,,,,,,,,0
9226013,,1,,,,,,,,,,0
9226014,,1,,,,,,,,,,0
9226015,,1,,,,,,,,,,0
9226016,,1,,,,,,,,,,0
9226017,,1,,,,,,,,,,0
9226018,,1,,,,,,,,,,0
9226019,,1,,,,,,,,,,0
9226020,,1,,,,,,,,,,0
9226021,,1,,,,,,,,,,0
9226022,,1,,,,,,,,,,0
9226023,,1,,,,,,,,,,0
9226024,,1,,,,,,,,,,0
9226025,,1,,,,,,,,,,0
9226026,,1,,,,,,,,,,0
9226027,,1,,,,,,,,,,0
9226028,,1,,,,,,,,,,0
9226029,,1,,,,,,,,,,0
9226030,,1,,,,,,,,,,0
9226031,,1,,,,,,,,,,0
9226032,,1,,,,,,,,,,0
9226033,,1,,,,,,,,,,0
9226034,,1,,,,,,,,,,0
9226035,,1,,,,,,,,,,0
9226036,,1,,,,,,,,,,0
9226037,,1,,,,,,,,,,0
9226038,,1,,,,,,,,,,0
9226039,,1,,,,,,,,,,0
9226040,,1,,,,,,,,,,0
9226041,,1,,,,,,,,,,0
9226042,,1,,,,,,,,,,0
9226043,,1,,,,,,,,,,0
9226044,,1,,,,,,,,,,0
9226045,,1,,,,,,,,,,0
9226046,,1,,,,,,,,,,0
9226047,,1,,,,,,,,,,0
9226048,,1,,,,,,,,,,0
9226049,,1,,,,,,,,,,0
9226050,,1,,,,,,,,,,0
9226051,,1,,,,,,,,,,0
9226052,,1,,,,,,,,,,0
9226053,,1,,,,,,,,,,0
9226054,,1,,,,,,,,,,0
9226055,,1,,,,,,,,,,0
9226056,,1,,,,,,,,,,0
9226057,,1,,,,,,,,,,0
9226058,,1,,,,,,,,,,0
9226059,,1,,,,,,,,,,0
9226060,,1,,,,,,,,,,0
9226061,,1,,,,,,,,,,0
9226062,,1,,,,,,,,,,0
9226063,,1,,,,,,,,,,0
9226064,,1,,,,,,,,,,0
9226065,,1,,,,,,,,,,0
9226066,,1,,,,,,,,,,0
9226067,,1,,,,,,,,,,0
9226068,,1,,,,,,,,,,0
9226069,,1,,,,,,,,,,0
9226070,,1,,,,,,,,,,0
9226071,,1,,,,,,,,,,0
9226072,,1,,,,,,,,,,0
9226073,,1,,,,,,,,,,0
9226074,,1,,,,,,,,,,0
9226075,,1,,,,,,,,,,0
9226076,,1,,,,,,,,,,0
9226077,,1,,,,,,,,,,0
9226078,,1,,,,,,,,,,0
9226079,,1,,,,,,,,,,0
9226080,,1,,,,,,,,,,0
9226081,,1,,,,,,,,,,0
9226082,,1,,,,,,,,,,0
9226083,,1,,,,,,,,,,0
9226084,,1,,,,,,,,,,0
9226085,,1,,,,,,,,,,0
9226086,,1,,,,,,,,,,0
9226087,,1,,,,,,,,,,0
9226088,,1,,,,,,,,,,0
9226089,,1,,,,,,,,,,0
9226090,,1,,,,,,,,,,0
9226091,,1,,,,,,,,,,0
9226092,,1,,,,,,,,,,0
9226093,,1,,,,,,,,,,0
9226094,,1,,,,,,,,,,0
9226095,,1,,,,,,,,,,0
9226096,,1,,,,,,,,,,0
9226097,,1,,,,,,,,,,0
9226098,,1,,,,,,,,,,0
9226099,,1,,,,,,,,,,0
9226100,,1,,,,,,,,,,0
9226101,,1,,,,,,,,,,0
9226102,,1,,,,,,,,,,0
9226103,,1,,,,,,,,,,0
9226104,,1,,,,,,,,,,0
9226105,,1,,,,,,,,,,0
9226106,,1,,,,,,,,,,0
9226107,,1,,,,,,,,,,0
9226108,,1,,,,,,,,,,0
9226109,,1,,,,,,,,,,0
9226110,,1,,,,,,,,,,0
9226111,,1,,,,,,,,,,0
9226112,,1,,,,,,,,,,0
9226113,,1,,,,,,,,,,0
9226114,,1,,,,,,,,,,0
9226115,,1,,,,,,,,,,0
9226116,,1,,,,,,,,,,0
9226117,,1,,,,,,,,,,0
9226118,,1,,,,,,,,,,0
9226119,,1,,,,,,,,,,0
9226120,,1,,,,,,,,,,0
9226121,,1,,,,,,,,,,0
9226122,,1,,,,,,,,,,0
9226123,,1,,,,,,,,,,0
9226124,,1,,,,,,,,,,0
9226125,,1,,,,,,,,,,0
9226126,,1,,,,,,,,,,0
9226127,,1,,,,,,,,,,0
9226128,,1,,,,,,,,,,0
9226129,,1,,,,,,,,,,0
9226130,,1,,,,,,,,,,0
9226131,,1,,,,,,,,,,0
9226132,,1,,,,,,,,,,0
9226133,,1,,,,,,,,,,0
9226134,,1,,,,,,,,,,0
9226135,,1,,,,,,,,,,0
9226136,,1,,,,,,,,,,0
9226137,,1,,,,,,,,,,0
9226138,,1,,,,,,,,,,0
9226139,,1,,,,,,,,,,0
9226140,,1,,,,,,,,,,0
9226141,,1,,,,,,,,,,0
9226142,,1,,,,,,,,,,0
9226143,,1,,,,,,,,,,0
9226144,,1,,,,,,,,,,0
9226145,,1,,,,,,,,,,0
9226146,,1,,,,,,,,,,0
9226147,,1,,,,,,,,,,0
9226148,,1,,,,,,,,,,0
9226149,,1,,,,,,,,,,0
9226150,,1,,,,,,,,,,0
9226151,,1,,,,,,,,,,0
9226152,,1,,,,,,,,,,0
9226153,,1,,,,,,,,,,0
9226154,,1,,,,,,,,,,0
9226155,,1,,,,,,,,,,0
9226156,,1,,,,,,,,,,0
9226157,,1,,,,,,,,,,0
9226158,,1,,,,,,,,,,0
9226159,,1,,,,,,,,,,0
9226160,,1,,,,,,,,,,0
9226161,,1,,,,,,,,,,0
9226162,,1,,,,,,,,,,0
9226163,,1,,,,,,,,,,0
9226164,,1,,,,,,,,,,0
9226165,,1,,,,,,,,,,0
9226166,,1,,,,,,,,,,0
9226167,,1,,,,,,,,,,0
9226168,,1,,,,,,,,,,0
9226169,,1,,,,,,,,,,0
9226170,,1,,,,,,,,,,0
9226171,,1,,,,,,,,,,0
9226172,,1,,,,,,,,,,0
9226173,,1,,,,,,,,,,0
9226174,,1,,,,,,,,,,0
9226175,,1,,,,,,,,,,0
9226176,,1,,,,,,,,,,0
9226177,,1,,,,,,,,,,0
9226178,,1,,,,,,,,,,0
9226179,,1,,,,,,,,,,0
9226180,,1,,,,,,,,,,0
9226181,,1,,,,,,,,,,0
9226182,,1,,,,,,,,,,0
9226183,,1,,,,,,,,,,0
9226184,,1,,,,,,,,,,0
9226185,,1,,,,,,,,,,0
9226186,,1,,,,,,,,,,0
9226187,,1,,,,,,,,,,0
9226188,,1,,,,,,,,,,0
9226189,,1,,,,,,,,,,0
9226190,,1,,,,,,,,,,0
9226191,,1,,,,,,,,,,0
9226192,,1,,,,,,,,,,0
9226193,,1,,,,,,,,,,0
9226194,,1,,,,,,,,,,0
9226195,,1,,,,,,,,,,0
9226196,,1,,,,,,,,,,0
9226197,,1,,,,,,,,,,0
9226198,,1,,,,,,,,,,0
9226199,,1,,,,,,,,,,0
9226200,,1,,,,,,,,,,0
9226201,,1,,,,,,,,,,0
9226202,,1,,,,,,,,,,0
9226203,,1,,,,,,,,,,0
9226204,,1,,,,,,,,,,0
9226205,,1,,,,,,,,,,0
9226206,,1,,,,,,,,,,0
9226207,,1,,,,,,,,,,0
9226208,,1,,,,,,,,,,0
9226209,,1,,,,,,,,,,0
9226210,,1,,,,,,,,,,0
9226211,,1,,,,,,,,,,0
9226212,,1,,,,,,,,,,0
9226213,,1,,,,,,,,,,0
9226214,,1,,,,,,,,,,0
9226215,,1,,,,,,,,,,0
9226216,,1,,,,,,,,,,0
9226217,,1,,,,,,,,,,0
9226218,,1,,,,,,,,,,0
9226219,,1,,,,,,,,,,0
9226220,,1,,,,,,,,,,0
9226221,,1,,,,,,,,,,0
9226222,,1,,,,,,,,,,0
9226223,,1,,,,,,,,,,0
9226224,,1,,,,,,,,,,0
9226225,,1,,,,,,,,,,0
9226226,,1,,,,,,,,,,0
9226227,,1,,,,,,,,,,0
9226228,,1,,,,,,,,,,0
9226229,,1,,,,,,,,,,0
9226230,,1,,,,,,,,,,0
9226231,,1,,,,,,,,,,0
9226232,,1,,,,,,,,,,0
9226233,,1,,,,,,,,,,0
9226234,,1,,,,,,,,,,0
9226235,,1,,,,,,,,,,0
9226236,,1,,,,,,,,,,0
9226237,,1,,,,,,,,,,0
9226238,,1,,,,,,,,,,0
9226239,,1,,,,,,,,,,0
9226240,,1,,,,,,,,,,0
9226241,,1,,,,,,,,,,0
9226242,,1,,,,,,,,,,0
9226243,,1,,,,,,,,,,0
9226244,,1,,,,,,,,,,0
9226245,,1,,,,,,,,,,0
9226246,,1,,,,,,,,,,0
9226247,,1,,,,,,,,,,0
9226248,,1,,,,,,,,,,0
9226249,,1,,,,,,,,,,0
9226250,,1,,,,,,,,,,0
9226251,,1,,,,,,,,,,0
9226252,,1,,,,,,,,,,0
9226253,,1,,,,,,,,,,0
9226254,,1,,,,,,,,,,0
9226255,,1,,,,,,,,,,0
9226256,,1,,,,,,,,,,0
9226257,,1,,,,,,,,,,0
9226258,,1,,,,,,,,,,0
9226259,,1,,,,,,,,,,0
9226260,,1,,,,,,,,,,0
9226261,,1,,,,,,,,,,0
9226262,,1,,,,,,,,,,0
9226263,,1,,,,,,,,,,0
9226264,,1,,,,,,,,,,0
9226265,,1,,,,,,,,,,0
9226266,,1,,,,,,,,,,0
9226267,,1,,,,,,,,,,0
9226268,,1,,,,,,,,,,0
9226269,,1,,,,,,,,,,0
9226270,,1,,,,,,,,,,0
9226271,,1,,,,,,,,,,0
9226272,,1,,,,,,,,,,0
9226273,,1,,,,,,,,,,0
9226274,,1,,,,,,,,,,0
9226275,,1,,,,,,,,,,0
9226276,,1,,,,,,,,,,0
9226277,,1,,,,,,,,,,0
9226278,,1,,,,,,,,,,0
9226279,,1,,,,,,,,,,0
9226280,,1,,,,,,,,,,0
9226281,,1,,,,,,,,,,0
9226282,,1,,,,,,,,,,0
9226283,,1,,,,,,,,,,0
9226284,,1,,,,,,,,,,0
9226285,,1,,,,,,,,,,0
9226286,,1,,,,,,,,,,0
9226287,,1,,,,,,,,,,0
9226288,,1,,,,,,,,,,0
9226289,,1,,,,,,,,,,0
9226290,,1,,,,,,,,,,0
9226291,,1,,,,,,,,,,0
9226292,,1,,,,,,,,,,0
9226293,,1,,,,,,,,,,0
9226294,,1,,,,,,,,,,0
9226295,,1,,,,,,,,,,0
9226296,,1,,,,,,,,,,0
9226297,,1,,,,,,,,,,0
9226298,,1,,,,,,,,,,0
9226299,,1,,,,,,,,,,0
9226300,,1,,,,,,,,,,0
9226301,,1,,,,,,,,,,0
9226302,,1,,,,,,,,,,0
9226303,,1,,,,,,,,,,0
9226304,,1,,,,,,,,,,0
9226305,,1,,,,,,,,,,0
9226306,,1,,,,,,,,,,0
9226307,,1,,,,,,,,,,0
9226308,,1,,,,,,,,,,0
9226309,,1,,,,,,,,,,0
9226310,,1,,,,,,,,,,0
9226311,,1,,,,,,,,,,0
9226312,,1,,,,,,,,,,0
9226313,,1,,,,,,,,,,0
9226314,,1,,,,,,,,,,0
9226315,,1,,,,,,,,,,0
9226316,,1,,,,,,,,,,0
9226317,,1,,,,,,,,,,0
9226318,,1,,,,,,,,,,0
9226319,,1,,,,,,,,,,0
9226320,,1,,,,,,,,,,0
9226321,,1,,,,,,,,,,0
9226322,,1,,,,,,,,,,0
9226323,,1,,,,,,,,,,0
9226324,,1,,,,,,,,,,0
9226325,,1,,,,,,,,,,0
9226326,,1,,,,,,,,,,0
9226327,,1,,,,,,,,,,0
9226328,,1,,,,,,,,,,0
9226329,,1,,,,,,,,,,0
9226330,,1,,,,,,,,,,0
9226331,,1,,,,,,,,,,0
9226332,,1,,,,,,,,,,0
9226333,,1,,,,,,,,,,0
9226334,,1,,,,,,,,,,0
9226335,,1,,,,,,,,,,0
9226336,,1,,,,,,,,,,0
9226337,,1,,,,,,,,,,0
9226338,,1,,,,,,,,,,0
9226339,,1,,,,,,,,,,0
9226340,,1,,,,,,,,,,0
9226341,,1,,,,,,,,,,0
9226342,,1,,,,,,,,,,0
9226343,,1,,,,,,,,,,0
9226344,,1,,,,,,,,,,0
9226345,,1,,,,,,,,,,0
9226346,,1,,,,,,,,,,0
9226347,,1,,,,,,,,,,0
9226348,,1,,,,,,,,,,0
9226349,,1,,,,,,,,,,0
9226350,,1,,,,,,,,,,0
9226351,,1,,,,,,,,,,0
9226352,,1,,,,,,,,,,0
9226353,,1,,,,,,,,,,0
9226354,,1,,,,,,,,,,0
9226355,,1,,,,,,,,,,0
9226356,,1,,,,,,,,,,0
9226357,,1,,,,,,,,,,0
9226358,,1,,,,,,,,,,0
9226359,,1,,,,,,,,,,0
9226360,,1,,,,,,,,,,0
9226361,,1,,,,,,,,,,0
9226362,,1,,,,,,,,,,0
9226363,,1,,,,,,,,,,0
9226364,,1,,,,,,,,,,0
9226365,,1,,,,,,,,,,0
9226366,,1,,,,,,,,,,0
9226367,,1,,,,,,,,,,0
9226368,,1,,,,,,,,,,0
9226369,,1,,,,,,,,,,0
9226370,,1,,,,,,,,,,0
9226371,,1,,,,,,,,,,0
9226372,,1,,,,,,,,,,0
9226373,,1,,,,,,,,,,0
9226374,,1,,,,,,,,,,0
9226375,,1,,,,,,,,,,0
9226376,,1,,,,,,,,,,0
9226377,,1,,,,,,,,,,0
9226378,,1,,,,,,,,,,0
9226379,,1,,,,,,,,,,0
9226380,,1,,,,,,,,,,0
9226381,,1,,,,,,,,,,0
9226382,,1,,,,,,,,,,0
9226383,,1,,,,,,,,,,0
9226384,,1,,,,,,,,,,0
9226385,,1,,,,,,,,,,0
9226386,,1,,,,,,,,,,0
9226387,,1,,,,,,,,,,0
9226388,,1,,,,,,,,,,0
9226389,,1,,,,,,,,,,0
9226390,,1,,,,,,,,,,0
9226391,,1,,,,,,,,,,0
9226392,,1,,,,,,,,,,0
9226393,,1,,,,,,,,,,0
9226394,,1,,,,,,,,,,0
9226395,,1,,,,,,,,,,0
9226396,,1,,,,,,,,,,0
9226397,,1,,,,,,,,,,0
9226398,,1,,,,,,,,,,0
9226399,,1,,,,,,,,,,0
9226400,,1,,,,,,,,,,0
9226401,,1,,,,,,,,,,0
9226402,,1,,,,,,,,,,0
9226403,,1,,,,,,,,,,0
9226404,,1,,,,,,,,,,0
9226405,,1,,,,,,,,,,0
9226406,,1,,,,,,,,,,0
9226407,,1,,,,,,,,,,0
9226408,,1,,,,,,,,,,0
9226409,,1,,,,,,,,,,0
9226410,,1,,,,,,,,,,0
9226411,,1,,,,,,,,,,0
9226412,,1,,,,,,,,,,0
9226413,,1,,,,,,,,,,0
9226414,,1,,,,,,,,,,0
9226415,,1,,,,,,,,,,0
9226416,,1,,,,,,,,,,0
9226417,,1,,,,,,,,,,0
9226418,,1,,,,,,,,,,0
9226419,,1,,,,,,,,,,0
9226420,,1,,,,,,,,,,0
9226421,,1,,,,,,,,,,0
9226422,,1,,,,,,,,,,0
9226423,,1,,,,,,,,,,0
9226424,,1,,,,,,,,,,0
9226425,,1,,,,,,,,,,0
9226426,,1,,,,,,,,,,0
9226427,,1,,,,,,,,,,0
9226428,,1,,,,,,,,,,0
9226429,,1,,,,,,,,,,0
9226430,,1,,,,,,,,,,0
9226431,,1,,,,,,,,,,0
9226432,,1,,,,,,,,,,0
9226433,,1,,,,,,,,,,0
9226434,,1,,,,,,,,,,0
9226435,,1,,,,,,,,,,0
9226436,,1,,,,,,,,,,0
9226437,,1,,,,,,,,,,0
9226438,,1,,,,,,,,,,0
9226439,,1,,,,,,,,,,0
9226440,,1,,,,,,,,,,0
9226441,,1,,,,,,,,,,0
9226442,,1,,,,,,,,,,0
9226443,,1,,,,,,,,,,0
9226444,,1,,,,,,,,,,0
9226445,,1,,,,,,,,,,0
9226446,,1,,,,,,,,,,0
9226447,,1,,,,,,,,,,0
9226448,,1,,,,,,,,,,0
9226449,,1,,,,,,,,,,0
9226450,,1,,,,,,,,,,0
9226451,,1,,,,,,,,,,0
9226452,,1,,,,,,,,,,0
9226453,,1,,,,,,,,,,0
9226454,,1,,,,,,,,,,0
9226455,,1,,,,,,,,,,0
9226456,,1,,,,,,,,,,0
9226457,,1,,,,,,,,,,0
9226458,,1,,,,,,,,,,0
9226459,,1,,,,,,,,,,0
9226460,,1,,,,,,,,,,0
9226461,,1,,,,,,,,,,0
9226462,,1,,,,,,,,,,0
9226463,,1,,,,,,,,,,0
9226464,,1,,,,,,,,,,0
9226465,,1,,,,,,,,,,0
9226466,,1,,,,,,,,,,0
9226467,,1,,,,,,,,,,0
9226468,,1,,,,,,,,,,0
9226469,,1,,,,,,,,,,0
9226470,,1,,,,,,,,,,0
9226471,,1,,,,,,,,,,0
9226472,,1,,,,,,,,,,0
9226473,,1,,,,,,,,,,0
9226474,,1,,,,,,,,,,0
9226475,,1,,,,,,,,,,0
9226476,,1,,,,,,,,,,0
9226477,,1,,,,,,,,,,0
9226478,,1,,,,,,,,,,0
9226479,,1,,,,,,,,,,0
9226480,,1,,,,,,,,,,0
9226481,,1,,,,,,,,,,0
9226482,,1,,,,,,,,,,0
9226483,,1,,,,,,,,,,0
9226484,,1,,,,,,,,,,0
9226485,,1,,,,,,,,,,0
9226486,,1,,,,,,,,,,0
9226487,,1,,,,,,,,,,0
1415974,,2,,,,,,,,,,0
1415975,,2,,,,,,,,,,0
1415976,,2,,,,,,,,,,0
1415977,,2,,,,,,,,,,0
1415978,,2,,,,,,,,,,0
1415979,,2,,,,,,,,,,0
1415980,,2,,,,,,,,,,0
1415981,,2,,,,,,,,,,0
1415982,,2,,,,,,,,,,0
1415983,,2,,,,,,,,,,0
1415984,,2,,,,,,,,,,0
1415985,,2,,,,,,,,,,0
1415986,,2,,,,,,,,,,0
1415987,,2,,,,,,,,,,0
1415988,,2,,,,,,,,,,0
1415989,,2,,,,,,,,,,0
1415990,,2,,,,,,,,,,0
1415991,,2,,,,,,,,,,0
1415992,,2,,,,,,,,,,0
1415993,,2,,,,,,,,,,0
1415994,,2,,,,,,,,,,0
1415995,,2,,,,,,,,,,0
1415996,,2,,,,,,,,,,0
1415997,,2,,,,,,,,,,0
1415998,,2,,,,,,,,,,0
1415999,,2,,,,,,,,,,0
1416000,,2,,,,,,,,,,0
1416001,,2,,,,,,,,,,0
1416002,,2,,,,,,,,,,0
1416003,,2,,,,,,,,,,0
1416004,,2,,,,,,,,,,0
1416005,,2,,,,,,,,,,0
1416006,,2,,,,,,,,,,0
1416007,,2,,,,,,,,,,0
1416008,,2,,,,,,,,,,0
1416009,,2,,,,,,,,,,0
1416010,,2,,,,,,,,,,0
1416011,,2,,,,,,,,,,0
1416012,,2,,,,,,,,,,0
1416013,,2,,,,,,,,,,0
1416014,,2,,,,,,,,,,0
1416015,,2,,,,,,,,,,0
1416016,,2,,,,,,,,,,0
1416017,,2,,,,,,,,,,0
1416018,,2,,,,,,,,,,0
1416019,,2,,,,,,,,,,0
1416020,,2,,,,,,,,,,0
1416021,,2,,,,,,,,,,0
1416022,,2,,,,,,,,,,0
1416023,,2,,,,,,,,,,0
1416024,,2,,,,,,,,,,0
1416025,,2,,,,,,,,,,0
1416026,,2,,,,,,,,,,0
1416027,,2,,,,,,,,,,0
1416028,,2,,,,,,,,,,0
1416029,,2,,,,,,,,,,0
1416030,,2,,,,,,,,,,0
1416031,,2,,,,,,,,,,0
1416032,,2,,,,,,,,,,0
1416033,,2,,,,,,,,,,0
1416034,,2,,,,,,,,,,0
1416035,,2,,,,,,,,,,0
1416036,,2,,,,,,,,,,0
1416037,,2,,,,,,,,,,0
1416038,,2,,,,,,,,,,0
1416039,,2,,,,,,,,,,0
1416040,,2,,,,,,,,,,0
1416041,,2,,,,,,,,,,0
1416042,,2,,,,,,,,,,0
1416043,,2,,,,,,,,,,0
1416044,,2,,,,,,,,,,0
1416045,,2,,,,,,,,,,0
1416046,,2,,,,,,,,,,0
1416047,,2,,,,,,,,,,0
1416048,,2,,,,,,,,,,0
1416049,,2,,,,,,,,,,0
1416050,,2,,,,,,,,,,0
1416051,,2,,,,,,,,,,0
1416052,,2,,,,,,,,,,0
1416053,,2,,,,,,,,,,0
1416054,,2,,,,,,,,,,0
1416055,,2,,,,,,,,,,0
1416056,,2,,,,,,,,,,0
1416057,,2,,,,,,,,,,0
1416058,,2,,,,,,,,,,0
1416059,,2,,,,,,,,,,0
1416060,,2,,,,,,,,,,0
1416061,,2,,,,,,,,,,0
1416062,,2,,,,,,,,,,0
1416063,,2,,,,,,,,,,0
1416064,,2,,,,,,,,,,0
1416065,,2,,,,,,,,,,0
1416066,,2,,,,,,,,,,0
1416067,,2,,,,,,,,,,0
1416068,,2,,,,,,,,,,0
1416069,,2,,,,,,,,,,0
1416070,,2,,,,,,,,,,0
1416071,,2,,,,,,,,,,0
1416072,,2,,,,,,,,,,0
1416073,,2,,,,,,,,,,0
1416074,,2,,,,,,,,,,0
1416075,,2,,,,,,,,,,0
1416076,,2,,,,,,,,,,0
1416077,,2,,,,,,,,,,0
1416078,,2,,,,,,,,,,0
1416079,,2,,,,,,,,,,0
1416080,,2,,,,,,,,,,0
1416081,,2,,,,,,,,,,0
1416082,,2,,,,,,,,,,0
1416083,,2,,,,,,,,,,0
1416084,,2,,,,,,,,,,0
1416085,,2,,,,,,,,,,0
1416086,,2,,,,,,,,,,0
1416087,,2,,,,,,,,,,0
1416088,,2,,,,,,,,,,0
1416089,,2,,,,,,,,,,0
1416090,,2,,,,,,,,,,0
1416091,,2,,,,,,,,,,0
1416092,,2,,,,,,,,,,0
1416093,,2,,,,,,,,,,0
1416094,,2,,,,,,,,,,0
1416095,,2,,,,,,,,,,0
1416096,,2,,,,,,,,,,0
1416097,,2,,,,,,,,,,0
1416098,,2,,,,,,,,,,0
1416099,,2,,,,,,,,,,0
1416100,,2,,,,,,,,,,0
1416101,,2,,,,,,,,,,0
1416102,,2,,,,,,,,,,0
1416103,,2,,,,,,,,,,0
1416104,,2,,,,,,,,,,0
1416105,,2,,,,,,,,,,0
1416106,,2,,,,,,,,,,0
1416107,,2,,,,,,,,,,0
1416108,,2,,,,,,,,,,0
1416109,,2,,,,,,,,,,0
1416110,,2,,,,,,,,,,0
1416111,,2,,,,,,,,,,0
1416112,,2,,,,,,,,,,0
1416113,,2,,,,,,,,,,0
1416114,,2,,,,,,,,,,0
1416115,,2,,,,,,,,,,0
1416116,,2,,,,,,,,,,0
1416117,,2,,,,,,,,,,0
1416118,,2,,,,,,,,,,0
1416119,,2,,,,,,,,,,0
1416120,,2,,,,,,,,,,0
1416121,,2,,,,,,,,,,0
1416122,,2,,,,,,,,,,0
1416123,,2,,,,,,,,,,0
1416124,,2,,,,,,,,,,0
1416125,,2,,,,,,,,,,0
1416126,,2,,,,,,,,,,0
1416127,,2,,,,,,,,,,0
1416128,,2,,,,,,,,,,0
1416129,,2,,,,,,,,,,0
1416130,,2,,,,,,,,,,0
1416131,,2,,,,,,,,,,0
1416132,,2,,,,,,,,,,0
1416133,,2,,,,,,,,,,0
1416134,,2,,,,,,,,,,0
1416135,,2,,,,,,,,,,0
1416136,,2,,,,,,,,,,0
1416137,,2,,,,,,,,,,0
1416138,,2,,,,,,,,,,0
1416139,,2,,,,,,,,,,0
1416140,,2,,,,,,,,,,0
1416141,,2,,,,,,,,,,0
1416142,,2,,,,,,,,,,0
1416143,,2,,,,,,,,,,0
1416144,,2,,,,,,,,,,0
1416145,,2,,,,,,,,,,0
1416146,,2,,,,,,,,,,0
1416147,,2,,,,,,,,,,0
1416148,,2,,,,,,,,,,0
1416149,,2,,,,,,,,,,0
1416150,,2,,,,,,,,,,0
1416151,,2,,,,,,,,,,0
1416152,,2,,,,,,,,,,0
1416153,,2,,,,,,,,,,0
1416154,,2,,,,,,,,,,0
1416155,,2,,,,,,,,,,0
1416156,,2,,,,,,,,,,0
1416157,,2,,,,,,,,,,0
1416158,,2,,,,,,,,,,0
1416159,,2,,,,,,,,,,0
1416160,,2,,,,,,,,,,0
1416161,,2,,,,,,,,,,0
1416162,,2,,,,,,,,,,0
1416163,,2,,,,,,,,,,0
1416164,,2,,,,,,,,,,0
1416165,,2,,,,,,,,,,0
1416166,,2,,,,,,,,,,0
1416167,,2,,,,,,,,,,0
1416168,,2,,,,,,,,,,0
1416169,,2,,,,,,,,,,0
1416170,,2,,,,,,,,,,0
1416171,,2,,,,,,,,,,0
1416172,,2,,,,,,,,,,0
1416173,,2,,,,,,,,,,0
1416174,,2,,,,,,,,,,0
1416175,,2,,,,,,,,,,0
1416176,,2,,,,,,,,,,0
1416177,,2,,,,,,,,,,0
1416178,,2,,,,,,,,,,0
1416179,,2,,,,,,,,,,0
1416180,,2,,,,,,,,,,0
1416181,,2,,,,,,,,,,0
1416182,,2,,,,,,,,,,0
1416183,,2,,,,,,,,,,0
1416184,,2,,,,,,,,,,0
1416185,,2,,,,,,,,,,0
1416186,,2,,,,,,,,,,0
1416187,,2,,,,,,,,,,0
1416188,,2,,,,,,,,,,0
1416189,,2,,,,,,,,,,0
1416190,,2,,,,,,,,,,0
1416191,,2,,,,,,,,,,0
1416192,,2,,,,,,,,,,0
1416193,,2,,,,,,,,,,0
1416194,,2,,,,,,,,,,0
1416195,,2,,,,,,,,,,0
1416196,,2,,,,,,,,,,0
1416197,,2,,,,,,,,,,0
1416198,,2,,,,,,,,,,0
1416199,,2,,,,,,,,,,0
1416200,,2,,,,,,,,,,0
1416201,,2,,,,,,,,,,0
1416202,,2,,,,,,,,,,0
1416203,,2,,,,,,,,,,0
1416204,,2,,,,,,,,,,0
1416205,,2,,,,,,,,,,0
1416206,,2,,,,,,,,,,0
1416207,,2,,,,,,,,,,0
1416208,,2,,,,,,,,,,0
1416209,,2,,,,,,,,,,0
1416210,,2,,,,,,,,,,0
1416211,,2,,,,,,,,,,0
1416212,,2,,,,,,,,,,0
1416213,,2,,,,,,,,,,0
1416214,,2,,,,,,,,,,0
1416215,,2,,,,,,,,,,0
1416216,,2,,,,,,,,,,0
1416217,,2,,,,,,,,,,0
1416218,,2,,,,,,,,,,0
1416219,,2,,,,,,,,,,0
1416220,,2,,,,,,,,,,0
1416221,,2,,,,,,,,,,0
1416222,,2,,,,,,,,,,0
1416223,,2,,,,,,,,,,0
1416224,,2,,,,,,,,,,0
1416225,,2,,,,,,,,,,0
1416226,,2,,,,,,,,,,0
1416227,,2,,,,,,,,,,0
1416228,,2,,,,,,,,,,0
1416229,,2,,,,,,,,,,0
1416230,,2,,,,,,,,,,0
1416231,,2,,,,,,,,,,0
1416232,,2,,,,,,,,,,0
1416233,,2,,,,,,,,,,0
1416234,,2,,,,,,,,,,0
1416235,,2,,,,,,,,,,0
1416236,,2,,,,,,,,,,0
1416237,,2,,,,,,,,,,0
1416238,,2,,,,,,,,,,0
1416239,,2,,,,,,,,,,0
1416240,,2,,,,,,,,,,0
1416241,,2,,,,,,,,,,0
1416242,,2,,,,,,,,,,0
1416243,,2,,,,,,,,,,0
1416244,,2,,,,,,,,,,0
1416245,,2,,,,,,,,,,0
1416246,,2,,,,,,,,,,0
1416247,,2,,,,,,,,,,0
1416248,,2,,,,,,,,,,0
1416249,,2,,,,,,,,,,0
1416250,,2,,,,,,,,,,0
1416251,,2,,,,,,,,,,0
1416252,,2,,,,,,,,,,0
1416253,,2,,,,,,,,,,0
1416254,,2,,,,,,,,,,0
1416255,,2,,,,,,,,,,0
1416256,,2,,,,,,,,,,0
1416257,,2,,,,,,,,,,0
1416258,,2,,,,,,,,,,0
1416259,,2,,,,,,,,,,0
1416260,,2,,,,,,,,,,0
1416261,,2,,,,,,,,,,0
1416262,,2,,,,,,,,,,0
1416263,,2,,,,,,,,,,0
1416264,,2,,,,,,,,,,0
1416265,,2,,,,,,,,,,0
1416266,,2,,,,,,,,,,0
1416267,,2,,,,,,,,,,0
1416268,,2,,,,,,,,,,0
1416269,,2,,,,,,,,,,0
1416270,,2,,,,,,,,,,0
1416271,,2,,,,,,,,,,0
1416272,,2,,,,,,,,,,0
1416273,,2,,,,,,,,,,0
1416274,,2,,,,,,,,,,0
1416275,,2,,,,,,,,,,0
1416276,,2,,,,,,,,,,0
1416277,,2,,,,,,,,,,0
1416278,,2,,,,,,,,,,0
1416279,,2,,,,,,,,,,0
1416280,,2,,,,,,,,,,0
1416281,,2,,,,,,,,,,0
1416282,,2,,,,,,,,,,0
1416283,,2,,,,,,,,,,0
1416284,,2,,,,,,,,,,0
1416285,,2,,,,,,,,,,0
1416286,,2,,,,,,,,,,0
1416287,,2,,,,,,,,,,0
1416288,,2,,,,,,,,,,0
1416289,,2,,,,,,,,,,0
1416290,,2,,,,,,,,,,0
1416291,,2,,,,,,,,,,0
1416292,,2,,,,,,,,,,0
1416293,,2,,,,,,,,,,0
1416294,,2,,,,,,,,,,0
1416295,,2,,,,,,,,,,0
1416296,,2,,,,,,,,,,0
1416297,,2,,,,,,,,,,0
1416298,,2,,,,,,,,,,0
1416299,,2,,,,,,,,,,0
1416300,,2,,,,,,,,,,0
1416301,,2,,,,,,,,,,0
1416302,,2,,,,,,,,,,0
1416303,,2,,,,,,,,,,0
1416304,,2,,,,,,,,,,0
1416305,,2,,,,,,,,,,0
1416306,,2,,,,,,,,,,0
1416307,,2,,,,,,,,,,0
1416308,,2,,,,,,,,,,0
1416309,,2,,,,,,,,,,0
1416310,,2,,,,,,,,,,0
1416311,,2,,,,,,,,,,0
1416312,,2,,,,,,,,,,0
1416313,,2,,,,,,,,,,0
1416314,,2,,,,,,,,,,0
1416315,,2,,,,,,,,,,0
1416316,,2,,,,,,,,,,0
1416317,,2,,,,,,,,,,0
1416318,,2,,,,,,,,,,0
1416319,,2,,,,,,,,,,0
1416320,,2,,,,,,,,,,0
1416321,,2,,,,,,,,,,0
1416322,,2,,,,,,,,,,0
1416323,,2,,,,,,,,,,0
1416324,,2,,,,,,,,,,0
1416325,,2,,,,,,,,,,0
1416326,,2,,,,,,,,,,0
1416327,,2,,,,,,,,,,0
1416328,,2,,,,,,,,,,0
1416329,,2,,,,,,,,,,0
1416330,,2,,,,,,,,,,0
1416331,,2,,,,,,,,,,0
1416332,,2,,,,,,,,,,0
1416333,,2,,,,,,,,,,0
1416334,,2,,,,,,,,,,0
1416335,,2,,,,,,,,,,0
1416336,,2,,,,,,,,,,0
1416337,,2,,,,,,,,,,0
1416338,,2,,,,,,,,,,0
1416339,,2,,,,,,,,,,0
1416340,,2,,,,,,,,,,0
1416341,,2,,,,,,,,,,0
1416342,,2,,,,,,,,,,0
1416343,,2,,,,,,,,,,0
1416344,,2,,,,,,,,,,0
1416345,,2,,,,,,,,,,0
1416346,,2,,,,,,,,,,0
1416347,,2,,,,,,,,,,0
1416348,,2,,,,,,,,,,0
1416349,,2,,,,,,,,,,0
1416350,,2,,,,,,,,,,0
1416351,,2,,,,,,,,,,0
1416352,,2,,,,,,,,,,0
1416353,,2,,,,,,,,,,0
1416354,,2,,,,,,,,,,0
1416355,,2,,,,,,,,,,0
1416356,,2,,,,,,,,,,0
1416357,,2,,,,,,,,,,0
1416358,,2,,,,,,,,,,0
1416359,,2,,,,,,,,,,0
1416360,,2,,,,,,,,,,0
1416361,,2,,,,,,,,,,0
1416362,,2,,,,,,,,,,0
1416363,,2,,,,,,,,,,0
1416364,,2,,,,,,,,,,0
1416365,,2,,,,,,,,,,0
1416366,,2,,,,,,,,,,0
1416367,,2,,,,,,,,,,0
1416368,,2,,,,,,,,,,0
1416369,,2,,,,,,,,,,0
1416370,,2,,,,,,,,,,0
1416371,,2,,,,,,,,,,0
1416372,,2,,,,,,,,,,0
1416373,,2,,,,,,,,,,0
1416374,,2,,,,,,,,,,0
1416375,,2,,,,,,,,,,0
1416376,,2,,,,,,,,,,0
1416377,,2,,,,,,,,,,0
1416378,,2,,,,,,,,,,0
1416379,,2,,,,,,,,,,0
1416380,,2,,,,,,,,,,0
1416381,,2,,,,,,,,,,0
1416382,,2,,,,,,,,,,0
1416383,,2,,,,,,,,,,0
1416384,,2,,,,,,,,,,0
1416385,,2,,,,,,,,,,0
1416386,,2,,,,,,,,,,0
1416387,,2,,,,,,,,,,0
1416388,,2,,,,,,,,,,0
1416389,,2,,,,,,,,,,0
1416390,,2,,,,,,,,,,0
1416391,,2,,,,,,,,,,0
1416392,,2,,,,,,,,,,0
1416393,,2,,,,,,,,,,0
1416394,,2,,,,,,,,,,0
1416395,,2,,,,,,,,,,0
1416396,,2,,,,,,,,,,0
1416397,,2,,,,,,,,,,0
1416398,,2,,,,,,,,,,0
1416399,,2,,,,,,,,,,0
1416400,,2,,,,,,,,,,0
1416401,,2,,,,,,,,,,0
1416402,,2,,,,,,,,,,0
1416403,,2,,,,,,,,,,0
1416404,,2,,,,,,,,,,0
1416405,,2,,,,,,,,,,0
1416406,,2,,,,,,,,,,0
1416407,,2,,,,,,,,,,0
1416408,,2,,,,,,,,,,0
1416409,,2,,,,,,,,,,0
1416410,,2,,,,,,,,,,0
1416411,,2,,,,,,,,,,0
1416412,,2,,,,,,,,,,0
1416413,,2,,,,,,,,,,0
1416414,,2,,,,,,,,,,0
1416415,,2,,,,,,,,,,0
1416416,,2,,,,,,,,,,0
1416417,,2,,,,,,,,,,0
1416418,,2,,,,,,,,,,0
1416419,,2,,,,,,,,,,0
1416420,,2,,,,,,,,,,0
1416421,,2,,,,,,,,,,0
1416422,,2,,,,,,,,,,0
1416423,,2,,,,,,,,,,0
1416424,,2,,,,,,,,,,0
1416425,,2,,,,,,,,,,0
1416426,,2,,,,,,,,,,0
1416427,,2,,,,,,,,,,0
1416428,,2,,,,,,,,,,0
1416429,,2,,,,,,,,,,0
1416430,,2,,,,,,,,,,0
1416431,,2,,,,,,,,,,0
1416432,,2,,,,,,,,,,0
1416433,,2,,,,,,,,,,0
1416434,,2,,,,,,,,,,0
1416435,,2,,,,,,,,,,0
1416436,,2,,,,,,,,,,0
1416437,,2,,,,,,,,,,0
1416438,,2,,,,,,,,,,0
1416439,,2,,,,,,,,,,0
1416440,,2,,,,,,,,,,0
1416441,,2,,,,,,,,,,0
1416442,,2,,,,,,,,,,0
1416443,,2,,,,,,,,,,0
1416444,,2,,,,,,,,,,0
1416445,,2,,,,,,,,,,0
1416446,,2,,,,,,,,,,0
1416447,,2,,,,,,,,,,0
1416448,,2,,,,,,,,,,0
1416449,,2,,,,,,,,,,0
1416450,,2,,,,,,,,,,0
1416451,,2,,,,,,,,,,0
1416452,,2,,,,,,,,,,0
1416453,,2,,,,,,,,,,0
1416454,,2,,,,,,,,,,0
1416455,,2,,,,,,,,,,0
1416456,,2,,,,,,,,,,0
1416457,,2,,,,,,,,,,0
1416458,,2,,,,,,,,,,0
1416459,,2,,,,,,,,,,0
1416460,,2,,,,,,,,,,0
1416461,,2,,,,,,,,,,0
1416462,,2,,,,,,,,,,0
1416463,,2,,,,,,,,,,0
1416464,,2,,,,,,,,,,0
1416465,,2,,,,,,,,,,0
1416466,,2,,,,,,,,,,0
1416467,,2,,,,,,,,,,0
1416468,,2,,,,,,,,,,0
1416469,,2,,,,,,,,,,0
1416470,,2,,,,,,,,,,0
1416471,,2,,,,,,,,,,0
1416472,,2,,,,,,,,,,0
1416473,,2,,,,,,,,,,0
9226488,,1,,,,,,,,,,0
9226489,,1,,,,,,,,,,0
9226490,,1,,,,,,,,,,0
9226491,,1,,,,,,,,,,0
9226492,,1,,,,,,,,,,0
9226493,,1,,,,,,,,,,0
9226494,,1,,,,,,,,,,0
9226495,,1,,,,,,,,,,0
9226496,,1,,,,,,,,,,0
9226497,,1,,,,,,,,,,0
9226498,,1,,,,,,,,,,0
9226499,,1,,,,,,,,,,0
9226500,,1,,,,,,,,,,0
9226501,,1,,,,,,,,,,0
9226502,,1,,,,,,,,,,0
9226503,,1,,,,,,,,,,0
9226504,,1,,,,,,,,,,0
9226505,,1,,,,,,,,,,0
9226506,,1,,,,,,,,,,0
9226507,,1,,,,,,,,,,0
9226508,,1,,,,,,,,,,0
9226509,,1,,,,,,,,,,0
9226510,,1,,,,,,,,,,0
9226511,,1,,,,,,,,,,0
9226512,,1,,,,,,,,,,0
9226513,,1,,,,,,,,,,0
9226514,,1,,,,,,,,,,0
9226515,,1,,,,,,,,,,0
9226516,,1,,,,,,,,,,0
9226517,,1,,,,,,,,,,0
9226518,,1,,,,,,,,,,0
9226519,,1,,,,,,,,,,0
9226520,,1,,,,,,,,,,0
9226521,,1,,,,,,,,,,0
9226522,,1,,,,,,,,,,0
9226523,,1,,,,,,,,,,0
9226524,,1,,,,,,,,,,0
9226525,,1,,,,,,,,,,0
9226526,,1,,,,,,,,,,0
9226527,,1,,,,,,,,,,0
9226528,,1,,,,,,,,,,0
9226529,,1,,,,,,,,,,0
9226530,,1,,,,,,,,,,0
9226531,,1,,,,,,,,,,0
9226532,,1,,,,,,,,,,0
9226533,,1,,,,,,,,,,0
9226534,,1,,,,,,,,,,0
9226535,,1,,,,,,,,,,0
9226536,,1,,,,,,,,,,0
9226537,,1,,,,,,,,,,0
9226538,,1,,,,,,,,,,0
9226539,,1,,,,,,,,,,0
9226540,,1,,,,,,,,,,0
9226541,,1,,,,,,,,,,0
9226542,,1,,,,,,,,,,0
9226543,,1,,,,,,,,,,0
9226544,,1,,,,,,,,,,0
9226545,,1,,,,,,,,,,0
9226546,,1,,,,,,,,,,0
9226547,,1,,,,,,,,,,0
9226548,,1,,,,,,,,,,0
9226549,,1,,,,,,,,,,0
9226550,,1,,,,,,,,,,0
9226551,,1,,,,,,,,,,0
9226552,,1,,,,,,,,,,0
9226553,,1,,,,,,,,,,0
9226554,,1,,,,,,,,,,0
9226555,,1,,,,,,,,,,0
9226556,,1,,,,,,,,,,0
9226557,,1,,,,,,,,,,0
9226558,,1,,,,,,,,,,0
9226559,,1,,,,,,,,,,0
9226560,,1,,,,,,,,,,0
9226561,,1,,,,,,,,,,0
9226562,,1,,,,,,,,,,0
9226563,,1,,,,,,,,,,0
9226564,,1,,,,,,,,,,0
9226565,,1,,,,,,,,,,0
9226566,,1,,,,,,,,,,0
9226567,,1,,,,,,,,,,0
9226568,,1,,,,,,,,,,0
9226569,,1,,,,,,,,,,0
9226570,,1,,,,,,,,,,0
9226571,,1,,,,,,,,,,0
9226572,,1,,,,,,,,,,0
9226573,,1,,,,,,,,,,0
9226574,,1,,,,,,,,,,0
9226575,,1,,,,,,,,,,0
9226576,,1,,,,,,,,,,0
9226577,,1,,,,,,,,,,0
9226578,,1,,,,,,,,,,0
9226579,,1,,,,,,,,,,0
9226580,,1,,,,,,,,,,0
9226581,,1,,,,,,,,,,0
9226582,,1,,,,,,,,,,0
9226583,,1,,,,,,,,,,0
9226584,,1,,,,,,,,,,0
9226585,,1,,,,,,,,,,0
9226586,,1,,,,,,,,,,0
9226587,,1,,,,,,,,,,0
9226588,,1,,,,,,,,,,0
9226589,,1,,,,,,,,,,0
9226590,,1,,,,,,,,,,0
9226591,,1,,,,,,,,,,0
9226592,,1,,,,,,,,,,0
9226593,,1,,,,,,,,,,0
9226594,,1,,,,,,,,,,0
9226595,,1,,,,,,,,,,0
9226596,,1,,,,,,,,,,0
9226597,,1,,,,,,,,,,0
9226598,,1,,,,,,,,,,0
9226599,,1,,,,,,,,,,0
9226600,,1,,,,,,,,,,0
9226601,,1,,,,,,,,,,0
9226602,,1,,,,,,,,,,0
9226603,,1,,,,,,,,,,0
9226604,,1,,,,,,,,,,0
9226605,,1,,,,,,,,,,0
9226606,,1,,,,,,,,,,0
9226607,,1,,,,,,,,,,0
9226608,,1,,,,,,,,,,0
9226609,,1,,,,,,,,,,0
9226610,,1,,,,,,,,,,0
9226611,,1,,,,,,,,,,0
9226612,,1,,,,,,,,,,0
9226613,,1,,,,,,,,,,0
9226614,,1,,,,,,,,,,0
9226615,,1,,,,,,,,,,0
9226616,,1,,,,,,,,,,0
9226617,,1,,,,,,,,,,0
9226618,,1,,,,,,,,,,0
9226619,,1,,,,,,,,,,0
9226620,,1,,,,,,,,,,0
9226621,,1,,,,,,,,,,0
9226622,,1,,,,,,,,,,0
9226623,,1,,,,,,,,,,0
9226624,,1,,,,,,,,,,0
9226625,,1,,,,,,,,,,0
9226626,,1,,,,,,,,,,0
9226627,,1,,,,,,,,,,0
9226628,,1,,,,,,,,,,0
9226629,,1,,,,,,,,,,0
9226630,,1,,,,,,,,,,0
9226631,,1,,,,,,,,,,0
9226632,,1,,,,,,,,,,0
9226633,,1,,,,,,,,,,0
9226634,,1,,,,,,,,,,0
9226635,,1,,,,,,,,,,0
9226636,,1,,,,,,,,,,0
9226637,,1,,,,,,,,,,0
9226638,,1,,,,,,,,,,0
9226639,,1,,,,,,,,,,0
9226640,,1,,,,,,,,,,0
9226641,,1,,,,,,,,,,0
9226642,,1,,,,,,,,,,0
9226643,,1,,,,,,,,,,0
9226644,,1,,,,,,,,,,0
9226645,,1,,,,,,,,,,0
9226646,,1,,,,,,,,,,0
9226647,,1,,,,,,,,,,0
9226648,,1,,,,,,,,,,0
9226649,,1,,,,,,,,,,0
9226650,,1,,,,,,,,,,0
9226651,,1,,,,,,,,,,0
9226652,,1,,,,,,,,,,0
9226653,,1,,,,,,,,,,0
9226654,,1,,,,,,,,,,0
9226655,,1,,,,,,,,,,0
9226656,,1,,,,,,,,,,0
9226657,,1,,,,,,,,,,0
9226658,,1,,,,,,,,,,0
9226659,,1,,,,,,,,,,0
9226660,,1,,,,,,,,,,0
9226661,,1,,,,,,,,,,0
9226662,,1,,,,,,,,,,0
9226663,,1,,,,,,,,,,0
9226664,,1,,,,,,,,,,0
9226665,,1,,,,,,,,,,0
9226666,,1,,,,,,,,,,0
9226667,,1,,,,,,,,,,0
9226668,,1,,,,,,,,,,0
9226669,,1,,,,,,,,,,0
9226670,,1,,,,,,,,,,0
9226671,,1,,,,,,,,,,0
9226672,,1,,,,,,,,,,0
9226673,,1,,,,,,,,,,0
9226674,,1,,,,,,,,,,0
9226675,,1,,,,,,,,,,0
9226676,,1,,,,,,,,,,0
9226677,,1,,,,,,,,,,0
9226678,,1,,,,,,,,,,0
9226679,,1,,,,,,,,,,0
9226680,,1,,,,,,,,,,0
9226681,,1,,,,,,,,,,0
9226682,,1,,,,,,,,,,0
9226683,,1,,,,,,,,,,0
9226684,,1,,,,,,,,,,0
9226685,,1,,,,,,,,,,0
9226686,,1,,,,,,,,,,0
9226687,,1,,,,,,,,,,0
9226688,,1,,,,,,,,,,0
9226689,,1,,,,,,,,,,0
9226690,,1,,,,,,,,,,0
9226691,,1,,,,,,,,,,0
9226692,,1,,,,,,,,,,0
9226693,,1,,,,,,,,,,0
9226694,,1,,,,,,,,,,0
9226695,,1,,,,,,,,,,0
9226696,,1,,,,,,,,,,0
9226697,,1,,,,,,,,,,0
9226698,,1,,,,,,,,,,0
9226699,,1,,,,,,,,,,0
9226700,,1,,,,,,,,,,0
9226701,,1,,,,,,,,,,0
9226702,,1,,,,,,,,,,0
9226703,,1,,,,,,,,,,0
9226704,,1,,,,,,,,,,0
9226705,,1,,,,,,,,,,0
9226706,,1,,,,,,,,,,0
9226707,,1,,,,,,,,,,0
9226708,,1,,,,,,,,,,0
9226709,,1,,,,,,,,,,0
9226710,,1,,,,,,,,,,0
9226711,,1,,,,,,,,,,0
9226712,,1,,,,,,,,,,0
9226713,,1,,,,,,,,,,0
9226714,,1,,,,,,,,,,0
9226715,,1,,,,,,,,,,0
9226716,,1,,,,,,,,,,0
9226717,,1,,,,,,,,,,0
9226718,,1,,,,,,,,,,0
9226719,,1,,,,,,,,,,0
9226720,,1,,,,,,,,,,0
9226721,,1,,,,,,,,,,0
9226722,,1,,,,,,,,,,0
9226723,,1,,,,,,,,,,0
9226724,,1,,,,,,,,,,0
9226725,,1,,,,,,,,,,0
9226726,,1,,,,,,,,,,0
9226727,,1,,,,,,,,,,0
9226728,,1,,,,,,,,,,0
9226729,,1,,,,,,,,,,0
9226730,,1,,,,,,,,,,0
9226731,,1,,,,,,,,,,0
9226732,,1,,,,,,,,,,0
9226733,,1,,,,,,,,,,0
9226734,,1,,,,,,,,,,0
9226735,,1,,,,,,,,,,0
9226736,,1,,,,,,,,,,0
9226737,,1,,,,,,,,,,0
9226738,,1,,,,,,,,,,0
9226739,,1,,,,,,,,,,0
9226740,,1,,,,,,,,,,0
9226741,,1,,,,,,,,,,0
9226742,,1,,,,,,,,,,0
9226743,,1,,,,,,,,,,0
9226744,,1,,,,,,,,,,0
9226745,,1,,,,,,,,,,0
9226746,,1,,,,,,,,,,0
9226747,,1,,,,,,,,,,0
9226748,,1,,,,,,,,,,0
9226749,,1,,,,,,,,,,0
9226750,,1,,,,,,,,,,0
9226751,,1,,,,,,,,,,0
9226752,,1,,,,,,,,,,0
9226753,,1,,,,,,,,,,0
9226754,,1,,,,,,,,,,0
9226755,,1,,,,,,,,,,0
9226756,,1,,,,,,,,,,0
9226757,,1,,,,,,,,,,0
9226758,,1,,,,,,,,,,0
9226759,,1,,,,,,,,,,0
9226760,,1,,,,,,,,,,0
9226761,,1,,,,,,,,,,0
9226762,,1,,,,,,,,,,0
9226763,,1,,,,,,,,,,0
9226764,,1,,,,,,,,,,0
9226765,,1,,,,,,,,,,0
9226766,,1,,,,,,,,,,0
9226767,,1,,,,,,,,,,0
9226768,,1,,,,,,,,,,0
9226769,,1,,,,,,,,,,0
9226770,,1,,,,,,,,,,0
9226771,,1,,,,,,,,,,0
9226772,,1,,,,,,,,,,0
9226773,,1,,,,,,,,,,0
9226774,,1,,,,,,,,,,0
9226775,,1,,,,,,,,,,0
9226776,,1,,,,,,,,,,0
9226777,,1,,,,,,,,,,0
9226778,,1,,,,,,,,,,0
9226779,,1,,,,,,,,,,0
9226780,,1,,,,,,,,,,0
9226781,,1,,,,,,,,,,0
9226782,,1,,,,,,,,,,0
9226783,,1,,,,,,,,,,0
9226784,,1,,,,,,,,,,0
9226785,,1,,,,,,,,,,0
9226786,,1,,,,,,,,,,0
9226787,,1,,,,,,,,,,0
9226788,,1,,,,,,,,,,0
9226789,,1,,,,,,,,,,0
9226790,,1,,,,,,,,,,0
9226791,,1,,,,,,,,,,0
9226792,,1,,,,,,,,,,0
9226793,,1,,,,,,,,,,0
9226794,,1,,,,,,,,,,0
9226795,,1,,,,,,,,,,0
9226796,,1,,,,,,,,,,0
9226797,,1,,,,,,,,,,0
9226798,,1,,,,,,,,,,0
9226799,,1,,,,,,,,,,0
9226800,,1,,,,,,,,,,0
9226801,,1,,,,,,,,,,0
9226802,,1,,,,,,,,,,0
9226803,,1,,,,,,,,,,0
9226804,,1,,,,,,,,,,0
9226805,,1,,,,,,,,,,0
9226806,,1,,,,,,,,,,0
9226807,,1,,,,,,,,,,0
9226808,,1,,,,,,,,,,0
9226809,,1,,,,,,,,,,0
9226810,,1,,,,,,,,,,0
9226811,,1,,,,,,,,,,0
9226812,,1,,,,,,,,,,0
9226813,,1,,,,,,,,,,0
9226814,,1,,,,,,,,,,0
9226815,,1,,,,,,,,,,0
9226816,,1,,,,,,,,,,0
9226817,,1,,,,,,,,,,0
9226818,,1,,,,,,,,,,0
9226819,,1,,,,,,,,,,0
9226820,,1,,,,,,,,,,0
9226821,,1,,,,,,,,,,0
9226822,,1,,,,,,,,,,0
9226823,,1,,,,,,,,,,0
9226824,,1,,,,,,,,,,0
9226825,,1,,,,,,,,,,0
9226826,,1,,,,,,,,,,0
9226827,,1,,,,,,,,,,0
9226828,,1,,,,,,,,,,0
9226829,,1,,,,,,,,,,0
9226830,,1,,,,,,,,,,0
9226831,,1,,,,,,,,,,0
9226832,,1,,,,,,,,,,0
9226833,,1,,,,,,,,,,0
9226834,,1,,,,,,,,,,0
9226835,,1,,,,,,,,,,0
9226836,,1,,,,,,,,,,0
9226837,,1,,,,,,,,,,0
9226838,,1,,,,,,,,,,0
9226839,,1,,,,,,,,,,0
9226840,,1,,,,,,,,,,0
9226841,,1,,,,,,,,,,0
9226842,,1,,,,,,,,,,0
9226843,,1,,,,,,,,,,0
9226844,,1,,,,,,,,,,0
9226845,,1,,,,,,,,,,0
9226846,,1,,,,,,,,,,0
9226847,,1,,,,,,,,,,0
9226848,,1,,,,,,,,,,0
9226849,,1,,,,,,,,,,0
9226850,,1,,,,,,,,,,0
9226851,,1,,,,,,,,,,0
9226852,,1,,,,,,,,,,0
9226853,,1,,,,,,,,,,0
9226854,,1,,,,,,,,,,0
9226855,,1,,,,,,,,,,0
9226856,,1,,,,,,,,,,0
9226857,,1,,,,,,,,,,0
9226858,,1,,,,,,,,,,0
9226859,,1,,,,,,,,,,0
9226860,,1,,,,,,,,,,0
9226861,,1,,,,,,,,,,0
9226862,,1,,,,,,,,,,0
9226863,,1,,,,,,,,,,0
9226864,,1,,,,,,,,,,0
9226865,,1,,,,,,,,,,0
9226866,,1,,,,,,,,,,0
9226867,,1,,,,,,,,,,0
9226868,,1,,,,,,,,,,0
9226869,,1,,,,,,,,,,0
9226870,,1,,,,,,,,,,0
9226871,,1,,,,,,,,,,0
9226872,,1,,,,,,,,,,0
9226873,,1,,,,,,,,,,0
9226874,,1,,,,,,,,,,0
9226875,,1,,,,,,,,,,0
9226876,,1,,,,,,,,,,0
9226877,,1,,,,,,,,,,0
9226878,,1,,,,,,,,,,0
9226879,,1,,,,,,,,,,0
9226880,,1,,,,,,,,,,0
9226881,,1,,,,,,,,,,0
9226882,,1,,,,,,,,,,0
9226883,,1,,,,,,,,,,0
9226884,,1,,,,,,,,,,0
9226885,,1,,,,,,,,,,0
9226886,,1,,,,,,,,,,0
9226887,,1,,,,,,,,,,0
9226888,,1,,,,,,,,,,0
9226889,,1,,,,,,,,,,0
9226890,,1,,,,,,,,,,0
9226891,,1,,,,,,,,,,0
9226892,,1,,,,,,,,,,0
9226893,,1,,,,,,,,,,0
9226894,,1,,,,,,,,,,0
9226895,,1,,,,,,,,,,0
9226896,,1,,,,,,,,,,0
9226897,,1,,,,,,,,,,0
9226898,,1,,,,,,,,,,0
9226899,,1,,,,,,,,,,0
9226900,,1,,,,,,,,,,0
9226901,,1,,,,,,,,,,0
9226902,,1,,,,,,,,,,0
9226903,,1,,,,,,,,,,0
9226904,,1,,,,,,,,,,0
9226905,,1,,,,,,,,,,0
9226906,,1,,,,,,,,,,0
9226907,,1,,,,,,,,,,0
9226908,,1,,,,,,,,,,0
9226909,,1,,,,,,,,,,0
9226910,,1,,,,,,,,,,0
9226911,,1,,,,,,,,,,0
9226912,,1,,,,,,,,,,0
9226913,,1,,,,,,,,,,0
9226914,,1,,,,,,,,,,0
9226915,,1,,,,,,,,,,0
9226916,,1,,,,,,,,,,0
9226917,,1,,,,,,,,,,0
9226918,,1,,,,,,,,,,0
9226919,,1,,,,,,,,,,0
9226920,,1,,,,,,,,,,0
9226921,,1,,,,,,,,,,0
9226922,,1,,,,,,,,,,0
9226923,,1,,,,,,,,,,0
9226924,,1,,,,,,,,,,0
9226925,,1,,,,,,,,,,0
9226926,,1,,,,,,,,,,0
9226927,,1,,,,,,,,,,0
9226928,,1,,,,,,,,,,0
9226929,,1,,,,,,,,,,0
9226930,,1,,,,,,,,,,0
9226931,,1,,,,,,,,,,0
9226932,,1,,,,,,,,,,0
9226933,,1,,,,,,,,,,0
9226934,,1,,,,,,,,,,0
9226935,,1,,,,,,,,,,0
9226936,,1,,,,,,,,,,0
9226937,,1,,,,,,,,,,0
9226938,,1,,,,,,,,,,0
9226939,,1,,,,,,,,,,0
9226940,,1,,,,,,,,,,0
9226941,,1,,,,,,,,,,0
9226942,,1,,,,,,,,,,0
9226943,,1,,,,,,,,,,0
9226944,,1,,,,,,,,,,0
9226945,,1,,,,,,,,,,0
9226946,,1,,,,,,,,,,0
9226947,,1,,,,,,,,,,0
9226948,,1,,,,,,,,,,0
9226949,,1,,,,,,,,,,0
9226950,,1,,,,,,,,,,0
9226951,,1,,,,,,,,,,0
9226952,,1,,,,,,,,,,0
9226953,,1,,,,,,,,,,0
9226954,,1,,,,,,,,,,0
9226955,,1,,,,,,,,,,0
9226956,,1,,,,,,,,,,0
9226957,,1,,,,,,,,,,0
9226958,,1,,,,,,,,,,0
9226959,,1,,,,,,,,,,0
9226960,,1,,,,,,,,,,0
9226961,,1,,,,,,,,,,0
9226962,,1,,,,,,,,,,0
9226963,,1,,,,,,,,,,0
9226964,,1,,,,,,,,,,0
9226965,,1,,,,,,,,,,0
9226966,,1,,,,,,,,,,0
9226967,,1,,,,,,,,,,0
9226968,,1,,,,,,,,,,0
9226969,,1,,,,,,,,,,0
9226970,,1,,,,,,,,,,0
9226971,,1,,,,,,,,,,0
9226972,,1,,,,,,,,,,0
9226973,,1,,,,,,,,,,0
9226974,,1,,,,,,,,,,0
9226975,,1,,,,,,,,,,0
9226976,,1,,,,,,,,,,0
9226977,,1,,,,,,,,,,0
9226978,,1,,,,,,,,,,0
9226979,,1,,,,,,,,,,0
9226980,,1,,,,,,,,,,0
9226981,,1,,,,,,,,,,0
9226982,,1,,,,,,,,,,0
9226983,,1,,,,,,,,,,0
9226984,,1,,,,,,,,,,0
9226985,,1,,,,,,,,,,0
9226986,,1,,,,,,,,,,0
9226987,,1,,,,,,,,,,0
1416474,,2,,,,,,,,,,0
1416475,,2,,,,,,,,,,0
1416476,,2,,,,,,,,,,0
1416477,,2,,,,,,,,,,0
1416478,,2,,,,,,,,,,0
1416479,,2,,,,,,,,,,0
1416480,,2,,,,,,,,,,0
1416481,,2,,,,,,,,,,0
1416482,,2,,,,,,,,,,0
1416483,,2,,,,,,,,,,0
1416484,,2,,,,,,,,,,0
1416485,,2,,,,,,,,,,0
1416486,,2,,,,,,,,,,0
1416487,,2,,,,,,,,,,0
1416488,,2,,,,,,,,,,0
1416489,,2,,,,,,,,,,0
1416490,,2,,,,,,,,,,0
1416491,,2,,,,,,,,,,0
1416492,,2,,,,,,,,,,0
1416493,,2,,,,,,,,,,0
1416494,,2,,,,,,,,,,0
1416495,,2,,,,,,,,,,0
1416496,,2,,,,,,,,,,0
1416497,,2,,,,,,,,,,0
1416498,,2,,,,,,,,,,0
1416499,,2,,,,,,,,,,0
1416500,,2,,,,,,,,,,0
1416501,,2,,,,,,,,,,0
1416502,,2,,,,,,,,,,0
1416503,,2,,,,,,,,,,0
1416504,,2,,,,,,,,,,0
1416505,,2,,,,,,,,,,0
1416506,,2,,,,,,,,,,0
1416507,,2,,,,,,,,,,0
1416508,,2,,,,,,,,,,0
1416509,,2,,,,,,,,,,0
1416510,,2,,,,,,,,,,0
1416511,,2,,,,,,,,,,0
1416512,,2,,,,,,,,,,0
1416513,,2,,,,,,,,,,0
1416514,,2,,,,,,,,,,0
1416515,,2,,,,,,,,,,0
1416516,,2,,,,,,,,,,0
1416517,,2,,,,,,,,,,0
1416518,,2,,,,,,,,,,0
1416519,,2,,,,,,,,,,0
1416520,,2,,,,,,,,,,0
1416521,,2,,,,,,,,,,0
1416522,,2,,,,,,,,,,0
1416523,,2,,,,,,,,,,0
1416524,,2,,,,,,,,,,0
1416525,,2,,,,,,,,,,0
1416526,,2,,,,,,,,,,0
1416527,,2,,,,,,,,,,0
1416528,,2,,,,,,,,,,0
1416529,,2,,,,,,,,,,0
1416530,,2,,,,,,,,,,0
1416531,,2,,,,,,,,,,0
1416532,,2,,,,,,,,,,0
1416533,,2,,,,,,,,,,0
1416534,,2,,,,,,,,,,0
1416535,,2,,,,,,,,,,0
1416536,,2,,,,,,,,,,0
1416537,,2,,,,,,,,,,0
1416538,,2,,,,,,,,,,0
1416539,,2,,,,,,,,,,0
1416540,,2,,,,,,,,,,0
1416541,,2,,,,,,,,,,0
1416542,,2,,,,,,,,,,0
1416543,,2,,,,,,,,,,0
1416544,,2,,,,,,,,,,0
1416545,,2,,,,,,,,,,0
1416546,,2,,,,,,,,,,0
1416547,,2,,,,,,,,,,0
1416548,,2,,,,,,,,,,0
1416549,,2,,,,,,,,,,0
1416550,,2,,,,,,,,,,0
1416551,,2,,,,,,,,,,0
1416552,,2,,,,,,,,,,0
1416553,,2,,,,,,,,,,0
1416554,,2,,,,,,,,,,0
1416555,,2,,,,,,,,,,0
1416556,,2,,,,,,,,,,0
1416557,,2,,,,,,,,,,0
1416558,,2,,,,,,,,,,0
1416559,,2,,,,,,,,,,0
1416560,,2,,,,,,,,,,0
1416561,,2,,,,,,,,,,0
1416562,,2,,,,,,,,,,0
1416563,,2,,,,,,,,,,0
1416564,,2,,,,,,,,,,0
1416565,,2,,,,,,,,,,0
1416566,,2,,,,,,,,,,0
1416567,,2,,,,,,,,,,0
1416568,,2,,,,,,,,,,0
1416569,,2,,,,,,,,,,0
1416570,,2,,,,,,,,,,0
1416571,,2,,,,,,,,,,0
1416572,,2,,,,,,,,,,0
1416573,,2,,,,,,,,,,0
1416574,,2,,,,,,,,,,0
1416575,,2,,,,,,,,,,0
1416576,,2,,,,,,,,,,0
1416577,,2,,,,,,,,,,0
1416578,,2,,,,,,,,,,0
1416579,,2,,,,,,,,,,0
1416580,,2,,,,,,,,,,0
1416581,,2,,,,,,,,,,0
1416582,,2,,,,,,,,,,0
1416583,,2,,,,,,,,,,0
1416584,,2,,,,,,,,,,0
1416585,,2,,,,,,,,,,0
1416586,,2,,,,,,,,,,0
1416587,,2,,,,,,,,,,0
1416588,,2,,,,,,,,,,0
1416589,,2,,,,,,,,,,0
1416590,,2,,,,,,,,,,0
1416591,,2,,,,,,,,,,0
1416592,,2,,,,,,,,,,0
1416593,,2,,,,,,,,,,0
1416594,,2,,,,,,,,,,0
1416595,,2,,,,,,,,,,0
1416596,,2,,,,,,,,,,0
1416597,,2,,,,,,,,,,0
1416598,,2,,,,,,,,,,0
1416599,,2,,,,,,,,,,0
1416600,,2,,,,,,,,,,0
1416601,,2,,,,,,,,,,0
1416602,,2,,,,,,,,,,0
1416603,,2,,,,,,,,,,0
1416604,,2,,,,,,,,,,0
1416605,,2,,,,,,,,,,0
1416606,,2,,,,,,,,,,0
1416607,,2,,,,,,,,,,0
1416608,,2,,,,,,,,,,0
1416609,,2,,,,,,,,,,0
1416610,,2,,,,,,,,,,0
1416611,,2,,,,,,,,,,0
1416612,,2,,,,,,,,,,0
1416613,,2,,,,,,,,,,0
1416614,,2,,,,,,,,,,0
1416615,,2,,,,,,,,,,0
1416616,,2,,,,,,,,,,0
1416617,,2,,,,,,,,,,0
1416618,,2,,,,,,,,,,0
1416619,,2,,,,,,,,,,0
1416620,,2,,,,,,,,,,0
1416621,,2,,,,,,,,,,0
1416622,,2,,,,,,,,,,0
1416623,,2,,,,,,,,,,0
1416624,,2,,,,,,,,,,0
1416625,,2,,,,,,,,,,0
1416626,,2,,,,,,,,,,0
1416627,,2,,,,,,,,,,0
1416628,,2,,,,,,,,,,0
1416629,,2,,,,,,,,,,0
1416630,,2,,,,,,,,,,0
1416631,,2,,,,,,,,,,0
1416632,,2,,,,,,,,,,0
1416633,,2,,,,,,,,,,0
1416634,,2,,,,,,,,,,0
1416635,,2,,,,,,,,,,0
1416636,,2,,,,,,,,,,0
1416637,,2,,,,,,,,,,0
1416638,,2,,,,,,,,,,0
1416639,,2,,,,,,,,,,0
1416640,,2,,,,,,,,,,0
1416641,,2,,,,,,,,,,0
1416642,,2,,,,,,,,,,0
1416643,,2,,,,,,,,,,0
1416644,,2,,,,,,,,,,0
1416645,,2,,,,,,,,,,0
1416646,,2,,,,,,,,,,0
1416647,,2,,,,,,,,,,0
1416648,,2,,,,,,,,,,0
1416649,,2,,,,,,,,,,0
1416650,,2,,,,,,,,,,0
1416651,,2,,,,,,,,,,0
1416652,,2,,,,,,,,,,0
1416653,,2,,,,,,,,,,0
1416654,,2,,,,,,,,,,0
1416655,,2,,,,,,,,,,0
1416656,,2,,,,,,,,,,0
1416657,,2,,,,,,,,,,0
1416658,,2,,,,,,,,,,0
1416659,,2,,,,,,,,,,0
1416660,,2,,,,,,,,,,0
1416661,,2,,,,,,,,,,0
1416662,,2,,,,,,,,,,0
1416663,,2,,,,,,,,,,0
1416664,,2,,,,,,,,,,0
1416665,,2,,,,,,,,,,0
1416666,,2,,,,,,,,,,0
1416667,,2,,,,,,,,,,0
1416668,,2,,,,,,,,,,0
1416669,,2,,,,,,,,,,0
1416670,,2,,,,,,,,,,0
1416671,,2,,,,,,,,,,0
1416672,,2,,,,,,,,,,0
1416673,,2,,,,,,,,,,0
1416674,,2,,,,,,,,,,0
1416675,,2,,,,,,,,,,0
1416676,,2,,,,,,,,,,0
1416677,,2,,,,,,,,,,0
1416678,,2,,,,,,,,,,0
1416679,,2,,,,,,,,,,0
1416680,,2,,,,,,,,,,0
1416681,,2,,,,,,,,,,0
1416682,,2,,,,,,,,,,0
1416683,,2,,,,,,,,,,0
1416684,,2,,,,,,,,,,0
1416685,,2,,,,,,,,,,0
1416686,,2,,,,,,,,,,0
1416687,,2,,,,,,,,,,0
1416688,,2,,,,,,,,,,0
1416689,,2,,,,,,,,,,0
1416690,,2,,,,,,,,,,0
1416691,,2,,,,,,,,,,0
1416692,,2,,,,,,,,,,0
1416693,,2,,,,,,,,,,0
1416694,,2,,,,,,,,,,0
1416695,,2,,,,,,,,,,0
1416696,,2,,,,,,,,,,0
1416697,,2,,,,,,,,,,0
1416698,,2,,,,,,,,,,0
1416699,,2,,,,,,,,,,0
1416700,,2,,,,,,,,,,0
1416701,,2,,,,,,,,,,0
1416702,,2,,,,,,,,,,0
1416703,,2,,,,,,,,,,0
1416704,,2,,,,,,,,,,0
1416705,,2,,,,,,,,,,0
1416706,,2,,,,,,,,,,0
1416707,,2,,,,,,,,,,0
1416708,,2,,,,,,,,,,0
1416709,,2,,,,,,,,,,0
1416710,,2,,,,,,,,,,0
1416711,,2,,,,,,,,,,0
1416712,,2,,,,,,,,,,0
1416713,,2,,,,,,,,,,0
1416714,,2,,,,,,,,,,0
1416715,,2,,,,,,,,,,0
1416716,,2,,,,,,,,,,0
1416717,,2,,,,,,,,,,0
1416718,,2,,,,,,,,,,0
1416719,,2,,,,,,,,,,0
1416720,,2,,,,,,,,,,0
1416721,,2,,,,,,,,,,0
1416722,,2,,,,,,,,,,0
1416723,,2,,,,,,,,,,0
1416724,,2,,,,,,,,,,0
1416725,,2,,,,,,,,,,0
1416726,,2,,,,,,,,,,0
1416727,,2,,,,,,,,,,0
1416728,,2,,,,,,,,,,0
1416729,,2,,,,,,,,,,0
1416730,,2,,,,,,,,,,0
1416731,,2,,,,,,,,,,0
1416732,,2,,,,,,,,,,0
1416733,,2,,,,,,,,,,0
1416734,,2,,,,,,,,,,0
1416735,,2,,,,,,,,,,0
1416736,,2,,,,,,,,,,0
1416737,,2,,,,,,,,,,0
1416738,,2,,,,,,,,,,0
1416739,,2,,,,,,,,,,0
1416740,,2,,,,,,,,,,0
1416741,,2,,,,,,,,,,0
1416742,,2,,,,,,,,,,0
1416743,,2,,,,,,,,,,0
1416744,,2,,,,,,,,,,0
1416745,,2,,,,,,,,,,0
1416746,,2,,,,,,,,,,0
1416747,,2,,,,,,,,,,0
1416748,,2,,,,,,,,,,0
1416749,,2,,,,,,,,,,0
1416750,,2,,,,,,,,,,0
1416751,,2,,,,,,,,,,0
1416752,,2,,,,,,,,,,0
1416753,,2,,,,,,,,,,0
1416754,,2,,,,,,,,,,0
1416755,,2,,,,,,,,,,0
1416756,,2,,,,,,,,,,0
1416757,,2,,,,,,,,,,0
1416758,,2,,,,,,,,,,0
1416759,,2,,,,,,,,,,0
1416760,,2,,,,,,,,,,0
1416761,,2,,,,,,,,,,0
1416762,,2,,,,,,,,,,0
1416763,,2,,,,,,,,,,0
1416764,,2,,,,,,,,,,0
1416765,,2,,,,,,,,,,0
1416766,,2,,,,,,,,,,0
1416767,,2,,,,,,,,,,0
1416768,,2,,,,,,,,,,0
1416769,,2,,,,,,,,,,0
1416770,,2,,,,,,,,,,0
1416771,,2,,,,,,,,,,0
1416772,,2,,,,,,,,,,0
1416773,,2,,,,,,,,,,0
1416774,,2,,,,,,,,,,0
1416775,,2,,,,,,,,,,0
1416776,,2,,,,,,,,,,0
1416777,,2,,,,,,,,,,0
1416778,,2,,,,,,,,,,0
1416779,,2,,,,,,,,,,0
1416780,,2,,,,,,,,,,0
1416781,,2,,,,,,,,,,0
1416782,,2,,,,,,,,,,0
1416783,,2,,,,,,,,,,0
1416784,,2,,,,,,,,,,0
1416785,,2,,,,,,,,,,0
1416786,,2,,,,,,,,,,0
1416787,,2,,,,,,,,,,0
1416788,,2,,,,,,,,,,0
1416789,,2,,,,,,,,,,0
1416790,,2,,,,,,,,,,0
1416791,,2,,,,,,,,,,0
1416792,,2,,,,,,,,,,0
1416793,,2,,,,,,,,,,0
1416794,,2,,,,,,,,,,0
1416795,,2,,,,,,,,,,0
1416796,,2,,,,,,,,,,0
1416797,,2,,,,,,,,,,0
1416798,,2,,,,,,,,,,0
1416799,,2,,,,,,,,,,0
1416800,,2,,,,,,,,,,0
1416801,,2,,,,,,,,,,0
1416802,,2,,,,,,,,,,0
1416803,,2,,,,,,,,,,0
1416804,,2,,,,,,,,,,0
1416805,,2,,,,,,,,,,0
1416806,,2,,,,,,,,,,0
1416807,,2,,,,,,,,,,0
1416808,,2,,,,,,,,,,0
1416809,,2,,,,,,,,,,0
1416810,,2,,,,,,,,,,0
1416811,,2,,,,,,,,,,0
1416812,,2,,,,,,,,,,0
1416813,,2,,,,,,,,,,0
1416814,,2,,,,,,,,,,0
1416815,,2,,,,,,,,,,0
1416816,,2,,,,,,,,,,0
1416817,,2,,,,,,,,,,0
1416818,,2,,,,,,,,,,0
1416819,,2,,,,,,,,,,0
1416820,,2,,,,,,,,,,0
1416821,,2,,,,,,,,,,0
1416822,,2,,,,,,,,,,0
1416823,,2,,,,,,,,,,0
1416824,,2,,,,,,,,,,0
1416825,,2,,,,,,,,,,0
1416826,,2,,,,,,,,,,0
1416827,,2,,,,,,,,,,0
1416828,,2,,,,,,,,,,0
1416829,,2,,,,,,,,,,0
1416830,,2,,,,,,,,,,0
1416831,,2,,,,,,,,,,0
1416832,,2,,,,,,,,,,0
1416833,,2,,,,,,,,,,0
1416834,,2,,,,,,,,,,0
1416835,,2,,,,,,,,,,0
1416836,,2,,,,,,,,,,0
1416837,,2,,,,,,,,,,0
1416838,,2,,,,,,,,,,0
1416839,,2,,,,,,,,,,0
1416840,,2,,,,,,,,,,0
1416841,,2,,,,,,,,,,0
1416842,,2,,,,,,,,,,0
1416843,,2,,,,,,,,,,0
1416844,,2,,,,,,,,,,0
1416845,,2,,,,,,,,,,0
1416846,,2,,,,,,,,,,0
1416847,,2,,,,,,,,,,0
1416848,,2,,,,,,,,,,0
1416849,,2,,,,,,,,,,0
1416850,,2,,,,,,,,,,0
1416851,,2,,,,,,,,,,0
1416852,,2,,,,,,,,,,0
1416853,,2,,,,,,,,,,0
1416854,,2,,,,,,,,,,0
1416855,,2,,,,,,,,,,0
1416856,,2,,,,,,,,,,0
1416857,,2,,,,,,,,,,0
1416858,,2,,,,,,,,,,0
1416859,,2,,,,,,,,,,0
1416860,,2,,,,,,,,,,0
1416861,,2,,,,,,,,,,0
1416862,,2,,,,,,,,,,0
1416863,,2,,,,,,,,,,0
1416864,,2,,,,,,,,,,0
1416865,,2,,,,,,,,,,0
1416866,,2,,,,,,,,,,0
1416867,,2,,,,,,,,,,0
1416868,,2,,,,,,,,,,0
1416869,,2,,,,,,,,,,0
1416870,,2,,,,,,,,,,0
1416871,,2,,,,,,,,,,0
1416872,,2,,,,,,,,,,0
1416873,,2,,,,,,,,,,0
1416874,,2,,,,,,,,,,0
1416875,,2,,,,,,,,,,0
1416876,,2,,,,,,,,,,0
1416877,,2,,,,,,,,,,0
1416878,,2,,,,,,,,,,0
1416879,,2,,,,,,,,,,0
1416880,,2,,,,,,,,,,0
1416881,,2,,,,,,,,,,0
1416882,,2,,,,,,,,,,0
1416883,,2,,,,,,,,,,0
1416884,,2,,,,,,,,,,0
1416885,,2,,,,,,,,,,0
1416886,,2,,,,,,,,,,0
1416887,,2,,,,,,,,,,0
1416888,,2,,,,,,,,,,0
1416889,,2,,,,,,,,,,0
1416890,,2,,,,,,,,,,0
1416891,,2,,,,,,,,,,0
1416892,,2,,,,,,,,,,0
1416893,,2,,,,,,,,,,0
1416894,,2,,,,,,,,,,0
1416895,,2,,,,,,,,,,0
1416896,,2,,,,,,,,,,0
1416897,,2,,,,,,,,,,0
1416898,,2,,,,,,,,,,0
1416899,,2,,,,,,,,,,0
1416900,,2,,,,,,,,,,0
1416901,,2,,,,,,,,,,0
1416902,,2,,,,,,,,,,0
1416903,,2,,,,,,,,,,0
1416904,,2,,,,,,,,,,0
1416905,,2,,,,,,,,,,0
1416906,,2,,,,,,,,,,0
1416907,,2,,,,,,,,,,0
1416908,,2,,,,,,,,,,0
1416909,,2,,,,,,,,,,0
1416910,,2,,,,,,,,,,0
1416911,,2,,,,,,,,,,0
1416912,,2,,,,,,,,,,0
1416913,,2,,,,,,,,,,0
1416914,,2,,,,,,,,,,0
1416915,,2,,,,,,,,,,0
1416916,,2,,,,,,,,,,0
1416917,,2,,,,,,,,,,0
1416918,,2,,,,,,,,,,0
1416919,,2,,,,,,,,,,0
1416920,,2,,,,,,,,,,0
1416921,,2,,,,,,,,,,0
1416922,,2,,,,,,,,,,0
1416923,,2,,,,,,,,,,0
1416924,,2,,,,,,,,,,0
1416925,,2,,,,,,,,,,0
1416926,,2,,,,,,,,,,0
1416927,,2,,,,,,,,,,0
1416928,,2,,,,,,,,,,0
1416929,,2,,,,,,,,,,0
1416930,,2,,,,,,,,,,0
1416931,,2,,,,,,,,,,0
1416932,,2,,,,,,,,,,0
1416933,,2,,,,,,,,,,0
1416934,,2,,,,,,,,,,0
1416935,,2,,,,,,,,,,0
1416936,,2,,,,,,,,,,0
1416937,,2,,,,,,,,,,0
1416938,,2,,,,,,,,,,0
1416939,,2,,,,,,,,,,0
1416940,,2,,,,,,,,,,0
1416941,,2,,,,,,,,,,0
1416942,,2,,,,,,,,,,0
1416943,,2,,,,,,,,,,0
1416944,,2,,,,,,,,,,0
1416945,,2,,,,,,,,,,0
1416946,,2,,,,,,,,,,0
1416947,,2,,,,,,,,,,0
1416948,,2,,,,,,,,,,0
1416949,,2,,,,,,,,,,0
1416950,,2,,,,,,,,,,0
1416951,,2,,,,,,,,,,0
1416952,,2,,,,,,,,,,0
1416953,,2,,,,,,,,,,0
1416954,,2,,,,,,,,,,0
1416955,,2,,,,,,,,,,0
1416956,,2,,,,,,,,,,0
1416957,,2,,,,,,,,,,0
1416958,,2,,,,,,,,,,0
1416959,,2,,,,,,,,,,0
1416960,,2,,,,,,,,,,0
1416961,,2,,,,,,,,,,0
1416962,,2,,,,,,,,,,0
1416963,,2,,,,,,,,,,0
1416964,,2,,,,,,,,,,0
1416965,,2,,,,,,,,,,0
1416966,,2,,,,,,,,,,0
1416967,,2,,,,,,,,,,0
1416968,,2,,,,,,,,,,0
1416969,,2,,,,,,,,,,0
1416970,,2,,,,,,,,,,0
1416971,,2,,,,,,,,,,0
1416972,,2,,,,,,,,,,0
1416973,,2,,,,,,,,,,0
9226988,,1,,,,,,,,,,0
9226989,,1,,,,,,,,,,0
9226990,,1,,,,,,,,,,0
9226991,,1,,,,,,,,,,0
9226992,,1,,,,,,,,,,0
9226993,,1,,,,,,,,,,0
9226994,,1,,,,,,,,,,0
9226995,,1,,,,,,,,,,0
9226996,,1,,,,,,,,,,0
9226997,,1,,,,,,,,,,0
9226998,,1,,,,,,,,,,0
9226999,,1,,,,,,,,,,0
9227000,,1,,,,,,,,,,0
9227001,,1,,,,,,,,,,0
9227002,,1,,,,,,,,,,0
9227003,,1,,,,,,,,,,0
9227004,,1,,,,,,,,,,0
9227005,,1,,,,,,,,,,0
9227006,,1,,,,,,,,,,0
9227007,,1,,,,,,,,,,0
9227008,,1,,,,,,,,,,0
9227009,,1,,,,,,,,,,0
9227010,,1,,,,,,,,,,0
9227011,,1,,,,,,,,,,0
9227012,,1,,,,,,,,,,0
9227013,,1,,,,,,,,,,0
9227014,,1,,,,,,,,,,0
9227015,,1,,,,,,,,,,0
9227016,,1,,,,,,,,,,0
9227017,,1,,,,,,,,,,0
9227018,,1,,,,,,,,,,0
9227019,,1,,,,,,,,,,0
9227020,,1,,,,,,,,,,0
9227021,,1,,,,,,,,,,0
9227022,,1,,,,,,,,,,0
9227023,,1,,,,,,,,,,0
9227024,,1,,,,,,,,,,0
9227025,,1,,,,,,,,,,0
9227026,,1,,,,,,,,,,0
9227027,,1,,,,,,,,,,0
9227028,,1,,,,,,,,,,0
9227029,,1,,,,,,,,,,0
9227030,,1,,,,,,,,,,0
9227031,,1,,,,,,,,,,0
9227032,,1,,,,,,,,,,0
9227033,,1,,,,,,,,,,0
9227034,,1,,,,,,,,,,0
9227035,,1,,,,,,,,,,0
9227036,,1,,,,,,,,,,0
9227037,,1,,,,,,,,,,0
9227038,,1,,,,,,,,,,0
9227039,,1,,,,,,,,,,0
9227040,,1,,,,,,,,,,0
9227041,,1,,,,,,,,,,0
9227042,,1,,,,,,,,,,0
9227043,,1,,,,,,,,,,0
9227044,,1,,,,,,,,,,0
9227045,,1,,,,,,,,,,0
9227046,,1,,,,,,,,,,0
9227047,,1,,,,,,,,,,0
9227048,,1,,,,,,,,,,0
9227049,,1,,,,,,,,,,0
9227050,,1,,,,,,,,,,0
9227051,,1,,,,,,,,,,0
9227052,,1,,,,,,,,,,0
9227053,,1,,,,,,,,,,0
9227054,,1,,,,,,,,,,0
9227055,,1,,,,,,,,,,0
9227056,,1,,,,,,,,,,0
9227057,,1,,,,,,,,,,0
9227058,,1,,,,,,,,,,0
9227059,,1,,,,,,,,,,0
9227060,,1,,,,,,,,,,0
9227061,,1,,,,,,,,,,0
9227062,,1,,,,,,,,,,0
9227063,,1,,,,,,,,,,0
9227064,,1,,,,,,,,,,0
9227065,,1,,,,,,,,,,0
9227066,,1,,,,,,,,,,0
9227067,,1,,,,,,,,,,0
9227068,,1,,,,,,,,,,0
9227069,,1,,,,,,,,,,0
9227070,,1,,,,,,,,,,0
9227071,,1,,,,,,,,,,0
9227072,,1,,,,,,,,,,0
9227073,,1,,,,,,,,,,0
9227074,,1,,,,,,,,,,0
9227075,,1,,,,,,,,,,0
9227076,,1,,,,,,,,,,0
9227077,,1,,,,,,,,,,0
9227078,,1,,,,,,,,,,0
9227079,,1,,,,,,,,,,0
9227080,,1,,,,,,,,,,0
9227081,,1,,,,,,,,,,0
9227082,,1,,,,,,,,,,0
9227083,,1,,,,,,,,,,0
9227084,,1,,,,,,,,,,0
9227085,,1,,,,,,,,,,0
9227086,,1,,,,,,,,,,0
9227087,,1,,,,,,,,,,0
9227088,,1,,,,,,,,,,0
9227089,,1,,,,,,,,,,0
9227090,,1,,,,,,,,,,0
9227091,,1,,,,,,,,,,0
9227092,,1,,,,,,,,,,0
9227093,,1,,,,,,,,,,0
9227094,,1,,,,,,,,,,0
9227095,,1,,,,,,,,,,0
9227096,,1,,,,,,,,,,0
9227097,,1,,,,,,,,,,0
9227098,,1,,,,,,,,,,0
9227099,,1,,,,,,,,,,0
9227100,,1,,,,,,,,,,0
9227101,,1,,,,,,,,,,0
9227102,,1,,,,,,,,,,0
9227103,,1,,,,,,,,,,0
9227104,,1,,,,,,,,,,0
9227105,,1,,,,,,,,,,0
9227106,,1,,,,,,,,,,0
9227107,,1,,,,,,,,,,0
9227108,,1,,,,,,,,,,0
9227109,,1,,,,,,,,,,0
9227110,,1,,,,,,,,,,0
9227111,,1,,,,,,,,,,0
9227112,,1,,,,,,,,,,0
9227113,,1,,,,,,,,,,0
9227114,,1,,,,,,,,,,0
9227115,,1,,,,,,,,,,0
9227116,,1,,,,,,,,,,0
9227117,,1,,,,,,,,,,0
9227118,,1,,,,,,,,,,0
9227119,,1,,,,,,,,,,0
9227120,,1,,,,,,,,,,0
9227121,,1,,,,,,,,,,0
9227122,,1,,,,,,,,,,0
9227123,,1,,,,,,,,,,0
9227124,,1,,,,,,,,,,0
9227125,,1,,,,,,,,,,0
9227126,,1,,,,,,,,,,0
9227127,,1,,,,,,,,,,0
9227128,,1,,,,,,,,,,0
9227129,,1,,,,,,,,,,0
9227130,,1,,,,,,,,,,0
9227131,,1,,,,,,,,,,0
9227132,,1,,,,,,,,,,0
9227133,,1,,,,,,,,,,0
9227134,,1,,,,,,,,,,0
9227135,,1,,,,,,,,,,0
9227136,,1,,,,,,,,,,0
9227137,,1,,,,,,,,,,0
9227138,,1,,,,,,,,,,0
9227139,,1,,,,,,,,,,0
9227140,,1,,,,,,,,,,0
9227141,,1,,,,,,,,,,0
9227142,,1,,,,,,,,,,0
9227143,,1,,,,,,,,,,0
9227144,,1,,,,,,,,,,0
9227145,,1,,,,,,,,,,0
9227146,,1,,,,,,,,,,0
9227147,,1,,,,,,,,,,0
9227148,,1,,,,,,,,,,0
9227149,,1,,,,,,,,,,0
9227150,,1,,,,,,,,,,0
9227151,,1,,,,,,,,,,0
9227152,,1,,,,,,,,,,0
9227153,,1,,,,,,,,,,0
9227154,,1,,,,,,,,,,0
9227155,,1,,,,,,,,,,0
9227156,,1,,,,,,,,,,0
9227157,,1,,,,,,,,,,0
9227158,,1,,,,,,,,,,0
9227159,,1,,,,,,,,,,0
9227160,,1,,,,,,,,,,0
9227161,,1,,,,,,,,,,0
9227162,,1,,,,,,,,,,0
9227163,,1,,,,,,,,,,0
9227164,,1,,,,,,,,,,0
9227165,,1,,,,,,,,,,0
9227166,,1,,,,,,,,,,0
9227167,,1,,,,,,,,,,0
9227168,,1,,,,,,,,,,0
9227169,,1,,,,,,,,,,0
9227170,,1,,,,,,,,,,0
9227171,,1,,,,,,,,,,0
9227172,,1,,,,,,,,,,0
9227173,,1,,,,,,,,,,0
9227174,,1,,,,,,,,,,0
9227175,,1,,,,,,,,,,0
9227176,,1,,,,,,,,,,0
9227177,,1,,,,,,,,,,0
9227178,,1,,,,,,,,,,0
9227179,,1,,,,,,,,,,0
9227180,,1,,,,,,,,,,0
9227181,,1,,,,,,,,,,0
9227182,,1,,,,,,,,,,0
9227183,,1,,,,,,,,,,0
9227184,,1,,,,,,,,,,0
9227185,,1,,,,,,,,,,0
9227186,,1,,,,,,,,,,0
9227187,,1,,,,,,,,,,0
9227188,,1,,,,,,,,,,0
9227189,,1,,,,,,,,,,0
9227190,,1,,,,,,,,,,0
9227191,,1,,,,,,,,,,0
9227192,,1,,,,,,,,,,0
9227193,,1,,,,,,,,,,0
9227194,,1,,,,,,,,,,0
9227195,,1,,,,,,,,,,0
9227196,,1,,,,,,,,,,0
9227197,,1,,,,,,,,,,0
9227198,,1,,,,,,,,,,0
9227199,,1,,,,,,,,,,0
9227200,,1,,,,,,,,,,0
9227201,,1,,,,,,,,,,0
9227202,,1,,,,,,,,,,0
9227203,,1,,,,,,,,,,0
9227204,,1,,,,,,,,,,0
9227205,,1,,,,,,,,,,0
9227206,,1,,,,,,,,,,0
9227207,,1,,,,,,,,,,0
9227208,,1,,,,,,,,,,0
9227209,,1,,,,,,,,,,0
9227210,,1,,,,,,,,,,0
9227211,,1,,,,,,,,,,0
9227212,,1,,,,,,,,,,0
9227213,,1,,,,,,,,,,0
9227214,,1,,,,,,,,,,0
9227215,,1,,,,,,,,,,0
9227216,,1,,,,,,,,,,0
9227217,,1,,,,,,,,,,0
9227218,,1,,,,,,,,,,0
9227219,,1,,,,,,,,,,0
9227220,,1,,,,,,,,,,0
9227221,,1,,,,,,,,,,0
9227222,,1,,,,,,,,,,0
9227223,,1,,,,,,,,,,0
9227224,,1,,,,,,,,,,0
9227225,,1,,,,,,,,,,0
9227226,,1,,,,,,,,,,0
9227227,,1,,,,,,,,,,0
9227228,,1,,,,,,,,,,0
9227229,,1,,,,,,,,,,0
9227230,,1,,,,,,,,,,0
9227231,,1,,,,,,,,,,0
9227232,,1,,,,,,,,,,0
9227233,,1,,,,,,,,,,0
9227234,,1,,,,,,,,,,0
9227235,,1,,,,,,,,,,0
9227236,,1,,,,,,,,,,0
9227237,,1,,,,,,,,,,0
9227238,,1,,,,,,,,,,0
9227239,,1,,,,,,,,,,0
9227240,,1,,,,,,,,,,0
9227241,,1,,,,,,,,,,0
9227242,,1,,,,,,,,,,0
9227243,,1,,,,,,,,,,0
9227244,,1,,,,,,,,,,0
9227245,,1,,,,,,,,,,0
9227246,,1,,,,,,,,,,0
9227247,,1,,,,,,,,,,0
9227248,,1,,,,,,,,,,0
9227249,,1,,,,,,,,,,0
9227250,,1,,,,,,,,,,0
9227251,,1,,,,,,,,,,0
9227252,,1,,,,,,,,,,0
9227253,,1,,,,,,,,,,0
9227254,,1,,,,,,,,,,0
9227255,,1,,,,,,,,,,0
9227256,,1,,,,,,,,,,0
9227257,,1,,,,,,,,,,0
9227258,,1,,,,,,,,,,0
9227259,,1,,,,,,,,,,0
9227260,,1,,,,,,,,,,0
9227261,,1,,,,,,,,,,0
9227262,,1,,,,,,,,,,0
9227263,,1,,,,,,,,,,0
9227264,,1,,,,,,,,,,0
9227265,,1,,,,,,,,,,0
9227266,,1,,,,,,,,,,0
9227267,,1,,,,,,,,,,0
9227268,,1,,,,,,,,,,0
9227269,,1,,,,,,,,,,0
9227270,,1,,,,,,,,,,0
9227271,,1,,,,,,,,,,0
9227272,,1,,,,,,,,,,0
9227273,,1,,,,,,,,,,0
9227274,,1,,,,,,,,,,0
9227275,,1,,,,,,,,,,0
9227276,,1,,,,,,,,,,0
9227277,,1,,,,,,,,,,0
9227278,,1,,,,,,,,,,0
9227279,,1,,,,,,,,,,0
9227280,,1,,,,,,,,,,0
9227281,,1,,,,,,,,,,0
9227282,,1,,,,,,,,,,0
9227283,,1,,,,,,,,,,0
9227284,,1,,,,,,,,,,0
9227285,,1,,,,,,,,,,0
9227286,,1,,,,,,,,,,0
9227287,,1,,,,,,,,,,0
9227288,,1,,,,,,,,,,0
9227289,,1,,,,,,,,,,0
9227290,,1,,,,,,,,,,0
9227291,,1,,,,,,,,,,0
9227292,,1,,,,,,,,,,0
9227293,,1,,,,,,,,,,0
9227294,,1,,,,,,,,,,0
9227295,,1,,,,,,,,,,0
9227296,,1,,,,,,,,,,0
9227297,,1,,,,,,,,,,0
9227298,,1,,,,,,,,,,0
9227299,,1,,,,,,,,,,0
9227300,,1,,,,,,,,,,0
9227301,,1,,,,,,,,,,0
9227302,,1,,,,,,,,,,0
9227303,,1,,,,,,,,,,0
9227304,,1,,,,,,,,,,0
9227305,,1,,,,,,,,,,0
9227306,,1,,,,,,,,,,0
9227307,,1,,,,,,,,,,0
9227308,,1,,,,,,,,,,0
9227309,,1,,,,,,,,,,0
9227310,,1,,,,,,,,,,0
9227311,,1,,,,,,,,,,0
9227312,,1,,,,,,,,,,0
9227313,,1,,,,,,,,,,0
9227314,,1,,,,,,,,,,0
9227315,,1,,,,,,,,,,0
9227316,,1,,,,,,,,,,0
9227317,,1,,,,,,,,,,0
9227318,,1,,,,,,,,,,0
9227319,,1,,,,,,,,,,0
9227320,,1,,,,,,,,,,0
9227321,,1,,,,,,,,,,0
9227322,,1,,,,,,,,,,0
9227323,,1,,,,,,,,,,0
9227324,,1,,,,,,,,,,0
9227325,,1,,,,,,,,,,0
9227326,,1,,,,,,,,,,0
9227327,,1,,,,,,,,,,0
9227328,,1,,,,,,,,,,0
9227329,,1,,,,,,,,,,0
9227330,,1,,,,,,,,,,0
9227331,,1,,,,,,,,,,0
9227332,,1,,,,,,,,,,0
9227333,,1,,,,,,,,,,0
9227334,,1,,,,,,,,,,0
9227335,,1,,,,,,,,,,0
9227336,,1,,,,,,,,,,0
9227337,,1,,,,,,,,,,0
9227338,,1,,,,,,,,,,0
9227339,,1,,,,,,,,,,0
9227340,,1,,,,,,,,,,0
9227341,,1,,,,,,,,,,0
9227342,,1,,,,,,,,,,0
9227343,,1,,,,,,,,,,0
9227344,,1,,,,,,,,,,0
9227345,,1,,,,,,,,,,0
9227346,,1,,,,,,,,,,0
9227347,,1,,,,,,,,,,0
9227348,,1,,,,,,,,,,0
9227349,,1,,,,,,,,,,0
9227350,,1,,,,,,,,,,0
9227351,,1,,,,,,,,,,0
9227352,,1,,,,,,,,,,0
9227353,,1,,,,,,,,,,0
9227354,,1,,,,,,,,,,0
9227355,,1,,,,,,,,,,0
9227356,,1,,,,,,,,,,0
9227357,,1,,,,,,,,,,0
9227358,,1,,,,,,,,,,0
9227359,,1,,,,,,,,,,0
9227360,,1,,,,,,,,,,0
9227361,,1,,,,,,,,,,0
9227362,,1,,,,,,,,,,0
9227363,,1,,,,,,,,,,0
9227364,,1,,,,,,,,,,0
9227365,,1,,,,,,,,,,0
9227366,,1,,,,,,,,,,0
9227367,,1,,,,,,,,,,0
9227368,,1,,,,,,,,,,0
9227369,,1,,,,,,,,,,0
9227370,,1,,,,,,,,,,0
9227371,,1,,,,,,,,,,0
9227372,,1,,,,,,,,,,0
9227373,,1,,,,,,,,,,0
9227374,,1,,,,,,,,,,0
9227375,,1,,,,,,,,,,0
9227376,,1,,,,,,,,,,0
9227377,,1,,,,,,,,,,0
9227378,,1,,,,,,,,,,0
9227379,,1,,,,,,,,,,0
9227380,,1,,,,,,,,,,0
9227381,,1,,,,,,,,,,0
9227382,,1,,,,,,,,,,0
9227383,,1,,,,,,,,,,0
9227384,,1,,,,,,,,,,0
9227385,,1,,,,,,,,,,0
9227386,,1,,,,,,,,,,0
9227387,,1,,,,,,,,,,0
9227388,,1,,,,,,,,,,0
9227389,,1,,,,,,,,,,0
9227390,,1,,,,,,,,,,0
9227391,,1,,,,,,,,,,0
9227392,,1,,,,,,,,,,0
9227393,,1,,,,,,,,,,0
9227394,,1,,,,,,,,,,0
9227395,,1,,,,,,,,,,0
9227396,,1,,,,,,,,,,0
9227397,,1,,,,,,,,,,0
9227398,,1,,,,,,,,,,0
9227399,,1,,,,,,,,,,0
9227400,,1,,,,,,,,,,0
9227401,,1,,,,,,,,,,0
9227402,,1,,,,,,,,,,0
9227403,,1,,,,,,,,,,0
9227404,,1,,,,,,,,,,0
9227405,,1,,,,,,,,,,0
9227406,,1,,,,,,,,,,0
9227407,,1,,,,,,,,,,0
9227408,,1,,,,,,,,,,0
9227409,,1,,,,,,,,,,0
9227410,,1,,,,,,,,,,0
9227411,,1,,,,,,,,,,0
9227412,,1,,,,,,,,,,0
9227413,,1,,,,,,,,,,0
9227414,,1,,,,,,,,,,0
9227415,,1,,,,,,,,,,0
9227416,,1,,,,,,,,,,0
9227417,,1,,,,,,,,,,0
9227418,,1,,,,,,,,,,0
9227419,,1,,,,,,,,,,0
9227420,,1,,,,,,,,,,0
9227421,,1,,,,,,,,,,0
9227422,,1,,,,,,,,,,0
9227423,,1,,,,,,,,,,0
9227424,,1,,,,,,,,,,0
9227425,,1,,,,,,,,,,0
9227426,,1,,,,,,,,,,0
9227427,,1,,,,,,,,,,0
9227428,,1,,,,,,,,,,0
9227429,,1,,,,,,,,,,0
9227430,,1,,,,,,,,,,0
9227431,,1,,,,,,,,,,0
9227432,,1,,,,,,,,,,0
9227433,,1,,,,,,,,,,0
9227434,,1,,,,,,,,,,0
9227435,,1,,,,,,,,,,0
9227436,,1,,,,,,,,,,0
9227437,,1,,,,,,,,,,0
9227438,,1,,,,,,,,,,0
9227439,,1,,,,,,,,,,0
9227440,,1,,,,,,,,,,0
9227441,,1,,,,,,,,,,0
9227442,,1,,,,,,,,,,0
9227443,,1,,,,,,,,,,0
9227444,,1,,,,,,,,,,0
9227445,,1,,,,,,,,,,0
9227446,,1,,,,,,,,,,0
9227447,,1,,,,,,,,,,0
9227448,,1,,,,,,,,,,0
9227449,,1,,,,,,,,,,0
9227450,,1,,,,,,,,,,0
9227451,,1,,,,,,,,,,0
9227452,,1,,,,,,,,,,0
9227453,,1,,,,,,,,,,0
9227454,,1,,,,,,,,,,0
9227455,,1,,,,,,,,,,0
9227456,,1,,,,,,,,,,0
9227457,,1,,,,,,,,,,0
9227458,,1,,,,,,,,,,0
9227459,,1,,,,,,,,,,0
9227460,,1,,,,,,,,,,0
9227461,,1,,,,,,,,,,0
9227462,,1,,,,,,,,,,0
9227463,,1,,,,,,,,,,0
9227464,,1,,,,,,,,,,0
9227465,,1,,,,,,,,,,0
9227466,,1,,,,,,,,,,0
9227467,,1,,,,,,,,,,0
9227468,,1,,,,,,,,,,0
9227469,,1,,,,,,,,,,0
9227470,,1,,,,,,,,,,0
9227471,,1,,,,,,,,,,0
9227472,,1,,,,,,,,,,0
9227473,,1,,,,,,,,,,0
9227474,,1,,,,,,,,,,0
9227475,,1,,,,,,,,,,0
9227476,,1,,,,,,,,,,0
9227477,,1,,,,,,,,,,0
9227478,,1,,,,,,,,,,0
9227479,,1,,,,,,,,,,0
9227480,,1,,,,,,,,,,0
9227481,,1,,,,,,,,,,0
9227482,,1,,,,,,,,,,0
9227483,,1,,,,,,,,,,0
9227484,,1,,,,,,,,,,0
9227485,,1,,,,,,,,,,0
9227486,,1,,,,,,,,,,0
9227487,,1,,,,,,,,,,0
1416974,,2,,,,,,,,,,0
1416975,,2,,,,,,,,,,0
1416976,,2,,,,,,,,,,0
1416977,,2,,,,,,,,,,0
1416978,,2,,,,,,,,,,0
1416979,,2,,,,,,,,,,0
1416980,,2,,,,,,,,,,0
1416981,,2,,,,,,,,,,0
1416982,,2,,,,,,,,,,0
1416983,,2,,,,,,,,,,0
1416984,,2,,,,,,,,,,0
1416985,,2,,,,,,,,,,0
1416986,,2,,,,,,,,,,0
1416987,,2,,,,,,,,,,0
1416988,,2,,,,,,,,,,0
1416989,,2,,,,,,,,,,0
1416990,,2,,,,,,,,,,0
1416991,,2,,,,,,,,,,0
1416992,,2,,,,,,,,,,0
1416993,,2,,,,,,,,,,0
1416994,,2,,,,,,,,,,0
1416995,,2,,,,,,,,,,0
1416996,,2,,,,,,,,,,0
1416997,,2,,,,,,,,,,0
1416998,,2,,,,,,,,,,0
1416999,,2,,,,,,,,,,0
1417000,,2,,,,,,,,,,0
1417001,,2,,,,,,,,,,0
1417002,,2,,,,,,,,,,0
1417003,,2,,,,,,,,,,0
1417004,,2,,,,,,,,,,0
1417005,,2,,,,,,,,,,0
1417006,,2,,,,,,,,,,0
1417007,,2,,,,,,,,,,0
1417008,,2,,,,,,,,,,0
1417009,,2,,,,,,,,,,0
1417010,,2,,,,,,,,,,0
1417011,,2,,,,,,,,,,0
1417012,,2,,,,,,,,,,0
1417013,,2,,,,,,,,,,0
1417014,,2,,,,,,,,,,0
1417015,,2,,,,,,,,,,0
1417016,,2,,,,,,,,,,0
1417017,,2,,,,,,,,,,0
1417018,,2,,,,,,,,,,0
1417019,,2,,,,,,,,,,0
1417020,,2,,,,,,,,,,0
1417021,,2,,,,,,,,,,0
1417022,,2,,,,,,,,,,0
1417023,,2,,,,,,,,,,0
1417024,,2,,,,,,,,,,0
1417025,,2,,,,,,,,,,0
1417026,,2,,,,,,,,,,0
1417027,,2,,,,,,,,,,0
1417028,,2,,,,,,,,,,0
1417029,,2,,,,,,,,,,0
1417030,,2,,,,,,,,,,0
1417031,,2,,,,,,,,,,0
1417032,,2,,,,,,,,,,0
1417033,,2,,,,,,,,,,0
1417034,,2,,,,,,,,,,0
1417035,,2,,,,,,,,,,0
1417036,,2,,,,,,,,,,0
1417037,,2,,,,,,,,,,0
1417038,,2,,,,,,,,,,0
1417039,,2,,,,,,,,,,0
1417040,,2,,,,,,,,,,0
1417041,,2,,,,,,,,,,0
1417042,,2,,,,,,,,,,0
1417043,,2,,,,,,,,,,0
1417044,,2,,,,,,,,,,0
1417045,,2,,,,,,,,,,0
1417046,,2,,,,,,,,,,0
1417047,,2,,,,,,,,,,0
1417048,,2,,,,,,,,,,0
1417049,,2,,,,,,,,,,0
1417050,,2,,,,,,,,,,0
1417051,,2,,,,,,,,,,0
1417052,,2,,,,,,,,,,0
1417053,,2,,,,,,,,,,0
1417054,,2,,,,,,,,,,0
1417055,,2,,,,,,,,,,0
1417056,,2,,,,,,,,,,0
1417057,,2,,,,,,,,,,0
1417058,,2,,,,,,,,,,0
1417059,,2,,,,,,,,,,0
1417060,,2,,,,,,,,,,0
1417061,,2,,,,,,,,,,0
1417062,,2,,,,,,,,,,0
1417063,,2,,,,,,,,,,0
1417064,,2,,,,,,,,,,0
1417065,,2,,,,,,,,,,0
1417066,,2,,,,,,,,,,0
1417067,,2,,,,,,,,,,0
1417068,,2,,,,,,,,,,0
1417069,,2,,,,,,,,,,0
1417070,,2,,,,,,,,,,0
1417071,,2,,,,,,,,,,0
1417072,,2,,,,,,,,,,0
1417073,,2,,,,,,,,,,0
1417074,,2,,,,,,,,,,0
1417075,,2,,,,,,,,,,0
1417076,,2,,,,,,,,,,0
1417077,,2,,,,,,,,,,0
1417078,,2,,,,,,,,,,0
1417079,,2,,,,,,,,,,0
1417080,,2,,,,,,,,,,0
1417081,,2,,,,,,,,,,0
1417082,,2,,,,,,,,,,0
1417083,,2,,,,,,,,,,0
1417084,,2,,,,,,,,,,0
1417085,,2,,,,,,,,,,0
1417086,,2,,,,,,,,,,0
1417087,,2,,,,,,,,,,0
1417088,,2,,,,,,,,,,0
1417089,,2,,,,,,,,,,0
1417090,,2,,,,,,,,,,0
1417091,,2,,,,,,,,,,0
1417092,,2,,,,,,,,,,0
1417093,,2,,,,,,,,,,0
1417094,,2,,,,,,,,,,0
1417095,,2,,,,,,,,,,0
1417096,,2,,,,,,,,,,0
1417097,,2,,,,,,,,,,0
1417098,,2,,,,,,,,,,0
1417099,,2,,,,,,,,,,0
1417100,,2,,,,,,,,,,0
1417101,,2,,,,,,,,,,0
1417102,,2,,,,,,,,,,0
1417103,,2,,,,,,,,,,0
1417104,,2,,,,,,,,,,0
1417105,,2,,,,,,,,,,0
1417106,,2,,,,,,,,,,0
1417107,,2,,,,,,,,,,0
1417108,,2,,,,,,,,,,0
1417109,,2,,,,,,,,,,0
1417110,,2,,,,,,,,,,0
1417111,,2,,,,,,,,,,0
1417112,,2,,,,,,,,,,0
1417113,,2,,,,,,,,,,0
1417114,,2,,,,,,,,,,0
1417115,,2,,,,,,,,,,0
1417116,,2,,,,,,,,,,0
1417117,,2,,,,,,,,,,0
1417118,,2,,,,,,,,,,0
1417119,,2,,,,,,,,,,0
1417120,,2,,,,,,,,,,0
1417121,,2,,,,,,,,,,0
1417122,,2,,,,,,,,,,0
1417123,,2,,,,,,,,,,0
1417124,,2,,,,,,,,,,0
1417125,,2,,,,,,,,,,0
1417126,,2,,,,,,,,,,0
1417127,,2,,,,,,,,,,0
1417128,,2,,,,,,,,,,0
1417129,,2,,,,,,,,,,0
1417130,,2,,,,,,,,,,0
1417131,,2,,,,,,,,,,0
1417132,,2,,,,,,,,,,0
1417133,,2,,,,,,,,,,0
1417134,,2,,,,,,,,,,0
1417135,,2,,,,,,,,,,0
1417136,,2,,,,,,,,,,0
1417137,,2,,,,,,,,,,0
1417138,,2,,,,,,,,,,0
1417139,,2,,,,,,,,,,0
1417140,,2,,,,,,,,,,0
1417141,,2,,,,,,,,,,0
1417142,,2,,,,,,,,,,0
1417143,,2,,,,,,,,,,0
1417144,,2,,,,,,,,,,0
1417145,,2,,,,,,,,,,0
1417146,,2,,,,,,,,,,0
1417147,,2,,,,,,,,,,0
1417148,,2,,,,,,,,,,0
1417149,,2,,,,,,,,,,0
1417150,,2,,,,,,,,,,0
1417151,,2,,,,,,,,,,0
1417152,,2,,,,,,,,,,0
1417153,,2,,,,,,,,,,0
1417154,,2,,,,,,,,,,0
1417155,,2,,,,,,,,,,0
1417156,,2,,,,,,,,,,0
1417157,,2,,,,,,,,,,0
1417158,,2,,,,,,,,,,0
1417159,,2,,,,,,,,,,0
1417160,,2,,,,,,,,,,0
1417161,,2,,,,,,,,,,0
1417162,,2,,,,,,,,,,0
1417163,,2,,,,,,,,,,0
1417164,,2,,,,,,,,,,0
1417165,,2,,,,,,,,,,0
1417166,,2,,,,,,,,,,0
1417167,,2,,,,,,,,,,0
1417168,,2,,,,,,,,,,0
1417169,,2,,,,,,,,,,0
1417170,,2,,,,,,,,,,0
1417171,,2,,,,,,,,,,0
1417172,,2,,,,,,,,,,0
1417173,,2,,,,,,,,,,0
1417174,,2,,,,,,,,,,0
1417175,,2,,,,,,,,,,0
1417176,,2,,,,,,,,,,0
1417177,,2,,,,,,,,,,0
1417178,,2,,,,,,,,,,0
1417179,,2,,,,,,,,,,0
1417180,,2,,,,,,,,,,0
1417181,,2,,,,,,,,,,0
1417182,,2,,,,,,,,,,0
1417183,,2,,,,,,,,,,0
1417184,,2,,,,,,,,,,0
1417185,,2,,,,,,,,,,0
1417186,,2,,,,,,,,,,0
1417187,,2,,,,,,,,,,0
1417188,,2,,,,,,,,,,0
1417189,,2,,,,,,,,,,0
1417190,,2,,,,,,,,,,0
1417191,,2,,,,,,,,,,0
1417192,,2,,,,,,,,,,0
1417193,,2,,,,,,,,,,0
1417194,,2,,,,,,,,,,0
1417195,,2,,,,,,,,,,0
1417196,,2,,,,,,,,,,0
1417197,,2,,,,,,,,,,0
1417198,,2,,,,,,,,,,0
1417199,,2,,,,,,,,,,0
1417200,,2,,,,,,,,,,0
1417201,,2,,,,,,,,,,0
1417202,,2,,,,,,,,,,0
1417203,,2,,,,,,,,,,0
1417204,,2,,,,,,,,,,0
1417205,,2,,,,,,,,,,0
1417206,,2,,,,,,,,,,0
1417207,,2,,,,,,,,,,0
1417208,,2,,,,,,,,,,0
1417209,,2,,,,,,,,,,0
1417210,,2,,,,,,,,,,0
1417211,,2,,,,,,,,,,0
1417212,,2,,,,,,,,,,0
1417213,,2,,,,,,,,,,0
1417214,,2,,,,,,,,,,0
1417215,,2,,,,,,,,,,0
1417216,,2,,,,,,,,,,0
1417217,,2,,,,,,,,,,0
1417218,,2,,,,,,,,,,0
1417219,,2,,,,,,,,,,0
1417220,,2,,,,,,,,,,0
1417221,,2,,,,,,,,,,0
1417222,,2,,,,,,,,,,0
1417223,,2,,,,,,,,,,0
1417224,,2,,,,,,,,,,0
1417225,,2,,,,,,,,,,0
1417226,,2,,,,,,,,,,0
1417227,,2,,,,,,,,,,0
1417228,,2,,,,,,,,,,0
1417229,,2,,,,,,,,,,0
1417230,,2,,,,,,,,,,0
1417231,,2,,,,,,,,,,0
1417232,,2,,,,,,,,,,0
1417233,,2,,,,,,,,,,0
1417234,,2,,,,,,,,,,0
1417235,,2,,,,,,,,,,0
1417236,,2,,,,,,,,,,0
1417237,,2,,,,,,,,,,0
1417238,,2,,,,,,,,,,0
1417239,,2,,,,,,,,,,0
1417240,,2,,,,,,,,,,0
1417241,,2,,,,,,,,,,0
1417242,,2,,,,,,,,,,0
1417243,,2,,,,,,,,,,0
1417244,,2,,,,,,,,,,0
1417245,,2,,,,,,,,,,0
1417246,,2,,,,,,,,,,0
1417247,,2,,,,,,,,,,0
1417248,,2,,,,,,,,,,0
1417249,,2,,,,,,,,,,0
1417250,,2,,,,,,,,,,0
1417251,,2,,,,,,,,,,0
1417252,,2,,,,,,,,,,0
1417253,,2,,,,,,,,,,0
1417254,,2,,,,,,,,,,0
1417255,,2,,,,,,,,,,0
1417256,,2,,,,,,,,,,0
1417257,,2,,,,,,,,,,0
1417258,,2,,,,,,,,,,0
1417259,,2,,,,,,,,,,0
1417260,,2,,,,,,,,,,0
1417261,,2,,,,,,,,,,0
1417262,,2,,,,,,,,,,0
1417263,,2,,,,,,,,,,0
1417264,,2,,,,,,,,,,0
1417265,,2,,,,,,,,,,0
1417266,,2,,,,,,,,,,0
1417267,,2,,,,,,,,,,0
1417268,,2,,,,,,,,,,0
1417269,,2,,,,,,,,,,0
1417270,,2,,,,,,,,,,0
1417271,,2,,,,,,,,,,0
1417272,,2,,,,,,,,,,0
1417273,,2,,,,,,,,,,0
1417274,,2,,,,,,,,,,0
1417275,,2,,,,,,,,,,0
1417276,,2,,,,,,,,,,0
1417277,,2,,,,,,,,,,0
1417278,,2,,,,,,,,,,0
1417279,,2,,,,,,,,,,0
1417280,,2,,,,,,,,,,0
1417281,,2,,,,,,,,,,0
1417282,,2,,,,,,,,,,0
1417283,,2,,,,,,,,,,0
1417284,,2,,,,,,,,,,0
1417285,,2,,,,,,,,,,0
1417286,,2,,,,,,,,,,0
1417287,,2,,,,,,,,,,0
1417288,,2,,,,,,,,,,0
1417289,,2,,,,,,,,,,0
1417290,,2,,,,,,,,,,0
1417291,,2,,,,,,,,,,0
1417292,,2,,,,,,,,,,0
1417293,,2,,,,,,,,,,0
1417294,,2,,,,,,,,,,0
1417295,,2,,,,,,,,,,0
1417296,,2,,,,,,,,,,0
1417297,,2,,,,,,,,,,0
1417298,,2,,,,,,,,,,0
1417299,,2,,,,,,,,,,0
1417300,,2,,,,,,,,,,0
1417301,,2,,,,,,,,,,0
1417302,,2,,,,,,,,,,0
1417303,,2,,,,,,,,,,0
1417304,,2,,,,,,,,,,0
1417305,,2,,,,,,,,,,0
1417306,,2,,,,,,,,,,0
1417307,,2,,,,,,,,,,0
1417308,,2,,,,,,,,,,0
1417309,,2,,,,,,,,,,0
1417310,,2,,,,,,,,,,0
1417311,,2,,,,,,,,,,0
1417312,,2,,,,,,,,,,0
1417313,,2,,,,,,,,,,0
1417314,,2,,,,,,,,,,0
1417315,,2,,,,,,,,,,0
1417316,,2,,,,,,,,,,0
1417317,,2,,,,,,,,,,0
1417318,,2,,,,,,,,,,0
1417319,,2,,,,,,,,,,0
1417320,,2,,,,,,,,,,0
1417321,,2,,,,,,,,,,0
1417322,,2,,,,,,,,,,0
1417323,,2,,,,,,,,,,0
1417324,,2,,,,,,,,,,0
1417325,,2,,,,,,,,,,0
1417326,,2,,,,,,,,,,0
1417327,,2,,,,,,,,,,0
1417328,,2,,,,,,,,,,0
1417329,,2,,,,,,,,,,0
1417330,,2,,,,,,,,,,0
1417331,,2,,,,,,,,,,0
1417332,,2,,,,,,,,,,0
1417333,,2,,,,,,,,,,0
1417334,,2,,,,,,,,,,0
1417335,,2,,,,,,,,,,0
1417336,,2,,,,,,,,,,0
1417337,,2,,,,,,,,,,0
1417338,,2,,,,,,,,,,0
1417339,,2,,,,,,,,,,0
1417340,,2,,,,,,,,,,0
1417341,,2,,,,,,,,,,0
1417342,,2,,,,,,,,,,0
1417343,,2,,,,,,,,,,0
1417344,,2,,,,,,,,,,0
1417345,,2,,,,,,,,,,0
1417346,,2,,,,,,,,,,0
1417347,,2,,,,,,,,,,0
1417348,,2,,,,,,,,,,0
1417349,,2,,,,,,,,,,0
1417350,,2,,,,,,,,,,0
1417351,,2,,,,,,,,,,0
1417352,,2,,,,,,,,,,0
1417353,,2,,,,,,,,,,0
1417354,,2,,,,,,,,,,0
1417355,,2,,,,,,,,,,0
1417356,,2,,,,,,,,,,0
1417357,,2,,,,,,,,,,0
1417358,,2,,,,,,,,,,0
1417359,,2,,,,,,,,,,0
1417360,,2,,,,,,,,,,0
1417361,,2,,,,,,,,,,0
1417362,,2,,,,,,,,,,0
1417363,,2,,,,,,,,,,0
1417364,,2,,,,,,,,,,0
1417365,,2,,,,,,,,,,0
1417366,,2,,,,,,,,,,0
1417367,,2,,,,,,,,,,0
1417368,,2,,,,,,,,,,0
1417369,,2,,,,,,,,,,0
1417370,,2,,,,,,,,,,0
1417371,,2,,,,,,,,,,0
1417372,,2,,,,,,,,,,0
1417373,,2,,,,,,,,,,0
1417374,,2,,,,,,,,,,0
1417375,,2,,,,,,,,,,0
1417376,,2,,,,,,,,,,0
1417377,,2,,,,,,,,,,0
1417378,,2,,,,,,,,,,0
1417379,,2,,,,,,,,,,0
1417380,,2,,,,,,,,,,0
1417381,,2,,,,,,,,,,0
1417382,,2,,,,,,,,,,0
1417383,,2,,,,,,,,,,0
1417384,,2,,,,,,,,,,0
1417385,,2,,,,,,,,,,0
1417386,,2,,,,,,,,,,0
1417387,,2,,,,,,,,,,0
1417388,,2,,,,,,,,,,0
1417389,,2,,,,,,,,,,0
1417390,,2,,,,,,,,,,0
1417391,,2,,,,,,,,,,0
1417392,,2,,,,,,,,,,0
1417393,,2,,,,,,,,,,0
1417394,,2,,,,,,,,,,0
1417395,,2,,,,,,,,,,0
1417396,,2,,,,,,,,,,0
1417397,,2,,,,,,,,,,0
1417398,,2,,,,,,,,,,0
1417399,,2,,,,,,,,,,0
1417400,,2,,,,,,,,,,0
1417401,,2,,,,,,,,,,0
1417402,,2,,,,,,,,,,0
1417403,,2,,,,,,,,,,0
1417404,,2,,,,,,,,,,0
1417405,,2,,,,,,,,,,0
1417406,,2,,,,,,,,,,0
1417407,,2,,,,,,,,,,0
1417408,,2,,,,,,,,,,0
1417409,,2,,,,,,,,,,0
1417410,,2,,,,,,,,,,0
1417411,,2,,,,,,,,,,0
1417412,,2,,,,,,,,,,0
1417413,,2,,,,,,,,,,0
1417414,,2,,,,,,,,,,0
1417415,,2,,,,,,,,,,0
1417416,,2,,,,,,,,,,0
1417417,,2,,,,,,,,,,0
1417418,,2,,,,,,,,,,0
1417419,,2,,,,,,,,,,0
1417420,,2,,,,,,,,,,0
1417421,,2,,,,,,,,,,0
1417422,,2,,,,,,,,,,0
1417423,,2,,,,,,,,,,0
1417424,,2,,,,,,,,,,0
1417425,,2,,,,,,,,,,0
1417426,,2,,,,,,,,,,0
1417427,,2,,,,,,,,,,0
1417428,,2,,,,,,,,,,0
1417429,,2,,,,,,,,,,0
1417430,,2,,,,,,,,,,0
1417431,,2,,,,,,,,,,0
1417432,,2,,,,,,,,,,0
1417433,,2,,,,,,,,,,0
1417434,,2,,,,,,,,,,0
1417435,,2,,,,,,,,,,0
1417436,,2,,,,,,,,,,0
1417437,,2,,,,,,,,,,0
1417438,,2,,,,,,,,,,0
1417439,,2,,,,,,,,,,0
1417440,,2,,,,,,,,,,0
1417441,,2,,,,,,,,,,0
1417442,,2,,,,,,,,,,0
1417443,,2,,,,,,,,,,0
1417444,,2,,,,,,,,,,0
1417445,,2,,,,,,,,,,0
1417446,,2,,,,,,,,,,0
1417447,,2,,,,,,,,,,0
1417448,,2,,,,,,,,,,0
1417449,,2,,,,,,,,,,0
1417450,,2,,,,,,,,,,0
1417451,,2,,,,,,,,,,0
1417452,,2,,,,,,,,,,0
1417453,,2,,,,,,,,,,0
1417454,,2,,,,,,,,,,0
1417455,,2,,,,,,,,,,0
1417456,,2,,,,,,,,,,0
1417457,,2,,,,,,,,,,0
1417458,,2,,,,,,,,,,0
1417459,,2,,,,,,,,,,0
1417460,,2,,,,,,,,,,0
1417461,,2,,,,,,,,,,0
1417462,,2,,,,,,,,,,0
1417463,,2,,,,,,,,,,0
1417464,,2,,,,,,,,,,0
1417465,,2,,,,,,,,,,0
1417466,,2,,,,,,,,,,0
1417467,,2,,,,,,,,,,0
1417468,,2,,,,,,,,,,0
1417469,,2,,,,,,,,,,0
1417470,,2,,,,,,,,,,0
1417471,,2,,,,,,,,,,0
1417472,,2,,,,,,,,,,0
1417473,,2,,,,,,,,,,0
